mim_number,in_omim
-,True
138670,True
618199,True
103950,True
610627,True
619850,True
607922,True
616709,True
605378,True
614364,True
600338,True
611754,True
614888,True
616405,True
620474,True
603488,True
600950,True
617365,True
621042,True
601065,True
612035,True
613212,True
614365,True
607756,True
605113,True
608463,True
137150,True
600046,True
612508,True
607800,True
607807,True
600047,True
601615,True
601691,True
612503,True
612504,True
605414,True
612505,True
612507,True
171050,True
605454,True
603201,True
171060,True
611785,True
605452,True
300135,True
605464,True
605453,True
158343,True
612509,True
607040,True
607041,True
601107,True
604323,True
605250,True
605251,True
603234,True
600509,True
601439,True
300371,True
601081,True
170995,True
603214,True
601213,True
603429,True
612510,True
618967,True
603076,True
603756,True
607784,True
605459,True
605460,True
612195,True
618756,True
621050,True
612545,True
613599,True
621039,True
618771,True
621040,True
619894,True
142620,True
620190,True
617942,True
617943,True
617944,True
612196,True
612197,True
619728,True
604780,True
616966,True
621036,True
603050,True
606442,True
606363,True
606279,True
620392,True
189980,True
164690,True
602330,True
612544,True
611305,True
110300,True
600365,True
609747,True
621425,True
611143,True
611144,True
618750,True
608308,True
621014,True
621028,True
604054,True
604770,True
200350,True
601557,True
611181,True
614288,True
604773,True
611103,True
609576,True
607008,True
606885,True
600301,True
609575,True
155760,True
607763,True
607766,True
621640,True
607809,True
100678,True
606809,True
619968,True
616618,True
616352,True
608405,True
609377,True
106180,True
300335,True
613491,True
613492,True
617036,True
100740,True
604562,True
613665,True
602648,True
610376,True
606065,True
605307,True
108728,True
608889,True
100880,True
100850,True
615275,True
614313,True
606803,True
614315,True
615652,True
609972,True
614314,True
614267,True
602587,True
608123,True
300862,True
609751,True
601641,True
603402,True
621406,True
171500,True
171650,True
171790,True
606362,True
171640,True
611471,True
610490,True
102480,True
608352,True
102525,True
614362,True
614363,True
610465,True
614245,True
152425,True
602371,True
300157,True
605677,True
604443,True
614357,True
614358,True
614359,True
145505,True
614360,True
614361,True
614355,True
605832,True
614356,True
102610,True
102620,True
621651,True
102630,True
614835,True
102540,True
102560,True
102545,True
604958,True
612458,True
604303,True
604304,True
621132,True
619251,True
620093,True
102575,True
102573,True
102574,True
604638,True
619731,True
605143,True
605144,True
604221,True
604222,True
621668,True
621669,True
619730,True
619729,True
619716,True
300487,True
608535,True
608534,True
102576,True
601300,True
608981,True
102581,True
602730,True
601284,True
104620,True
614413,True
600875,True
102595,True
608958,True
607575,True
614130,True
619532,True
602192,True
155120,True
602714,True
605548,True
603639,True
619495,True
603640,True
601533,True
603712,True
603713,True
603709,True
603710,True
606188,True
604778,True
604779,True
618602,True
607114,True
607310,True
602267,True
602713,True
606393,True
605174,True
608990,True
606184,True
604134,True
607506,True
607509,True
607510,True
607511,True
607512,True
607513,True
604539,True
611681,True
605011,True
603876,True
605007,True
605008,True
605009,True
605175,True
605421,True
609198,True
612277,True
609199,True
610113,True
621470,True
608114,True
608635,True
146920,True
601218,True
602065,True
604230,True
615388,True
615302,True
620399,True
621162,True
621165,True
103072,True
605205,True
103071,True
600291,True
600292,True
600293,True
600294,True
600385,True
103070,True
603302,True
102980,True
102981,True
102680,True
102681,True
601568,True
614630,True
612302,True
606823,True
612303,True
602682,True
602683,True
602684,True
613639,True
620837,True
600493,True
606100,True
606101,True
601211,True
617430,True
620872,True
620873,True
614268,True
620874,True
604110,True
300572,True
618441,True
301085,True
616965,True
612243,True
612307,True
616416,True
607018,True
616417,True
616419,True
602851,True
103700,True
103720,True
103730,True
103740,True
103710,True
103735,True
600086,True
611083,True
613400,True
611396,True
605441,True
607945,True
607946,True
621163,True
620373,True
102750,True
103275,True
608682,True
621171,True
611386,True
617422,True
611392,True
102775,True
102776,True
600446,True
600445,True
611861,True
603081,True
610620,True
621211,True
610624,True
104221,True
104220,True
104219,True
104210,True
104260,True
104250,True
109630,True
109690,True
109691,True
610650,True
608222,True
612498,True
103060,True
614348,True
602981,True
617934,True
610177,True
608252,True
619779,True
614410,True
612420,True
159559,True
159557,True
300806,True
601464,True
604417,True
617469,True
613940,True
619578,True
604581,True
104145,True
621151,True
104150,True
619628,True
613228,True
608651,True
621159,True
605476,True
616813,True
621155,True
621156,True
621157,True
621158,True
615496,True
617345,True
617346,True
616476,True
615900,True
600214,True
600862,True
604019,True
608464,True
610345,True
610860,True
617887,True
613738,True
606228,True
606229,True
607355,True
607356,True
603099,True
603100,True
614794,True
614795,True
614796,True
603051,True
606358,True
609482,True
103320,True
602311,True
106150,True
606830,True
106165,True
300034,True
608729,True
604285,True
612471,True
610853,True
180960,True
607826,True
616520,True
615790,True
608894,True
103390,True
608570,True
600253,True
606517,True
608466,True
138680,True
605821,True
605257,True
612375,True
601833,True
621223,True
300169,True
605159,True
617298,True
608514,True
604578,True
603605,True
600859,True
605555,True
604392,True
607358,True
614799,True
604893,True
610972,True
621476,True
609066,True
103000,True
103020,True
609290,True
103030,True
608009,True
619357,True
615364,True
615365,True
615358,True
616427,True
602449,True
604694,True
604696,True
604698,True
604686,True
300462,True
312095,True
465000,True
615117,True
604689,True
300185,True
604688,True
604691,True
604693,True
604692,True
609475,True
604001,True
609191,True
615164,True
615165,True
605729,True
621318,True
103830,True
103880,True
604707,True
616336,True
600449,True
600450,True
603966,True
600451,True
604741,True
617451,True
603418,True
608477,True
608478,True
164730,True
610221,True
164731,True
611223,True
608483,True
125270,True
125290,True
301300,True
103600,True
601662,True
613358,True
138250,True
100640,True
603687,True
600463,True
100670,True
600249,True
613584,True
100650,True
100660,True
609523,True
600466,True
601917,True
606811,True
610045,True
603178,True
107323,True
606467,True
602733,True
103850,True
612724,True
103870,True
605907,True
618355,True
603313,True
613666,True
607144,True
300776,True
612866,True
607905,True
608750,True
604565,True
604566,True
608103,True
606941,True
105590,True
619670,True
619671,True
605345,True
610602,True
610603,True
613302,True
613303,True
613304,True
613305,True
613306,True
612396,True
606844,True
152391,True
603741,True
152392,True
603697,True
152390,True
603700,True
607206,True
171810,True
171740,True
607347,True
619965,True
617608,True
171760,True
171800,True
606352,True
612402,True
601527,True
606014,True
605420,True
604171,True
604489,True
601259,True
176870,True
611359,True
180980,True
620863,True
620864,True
300391,True
410000,True
300647,True
614659,True
603243,True
600957,True
600956,True
615689,True
615690,True
615691,True
300195,True
605799,True
620564,True
300410,True
614657,True
614658,True
102770,True
102771,True
102772,True
600418,True
238310,True
610912,True
104700,True
104701,True
104702,True
104650,True
104660,True
615168,True
615169,True
608473,True
613745,True
614534,True
614484,True
614717,True
613427,True
606946,True
606947,True
606948,True
606949,True
105850,True
619537,True
619001,True
601667,True
601922,True
603705,True
603874,True
605001,True
604774,True
605910,True
607666,True
609336,True
618517,True
616223,True
612641,True
106410,True
600465,True
609803,True
619920,True
620853,True
607927,True
605145,True
610500,True
620069,True
608774,True
619348,True
616062,True
620842,True
621597,True
605787,True
609599,True
611192,True
610616,True
615123,True
615124,True
615125,True
604372,True
615126,True
618017,True
615929,True
620259,True
618930,True
610734,True
610736,True
620234,True
610855,True
618957,True
611122,True
610856,True
616565,True
618423,True
620857,True
618581,True
621505,True
620262,True
619021,True
619778,True
620861,True
618712,True
619571,True
619856,True
620862,True
617009,True
613383,True
615189,True
610583,True
621326,True
621291,True
610731,True
618605,True
608994,True
607815,True
617310,True
609901,True
615370,True
617541,True
616027,True
610108,True
613726,True
610109,True
610110,True
610111,True
608662,True
608663,True
605096,True
610216,True
619963,True
300836,True
600832,True
619823,True
606877,True
606878,True
609611,True
151530,True
618566,True
606410,True
608041,True
151690,True
608008,True
602572,True
602573,True
151740,True
611296,True
106490,True
106491,True
131230,True
114070,True
186360,True
602396,True
603319,True
102593,True
104610,True
602268,True
603735,True
619600,True
602841,True
610851,True
600157,True
603533,True
603534,True
603535,True
607309,True
603531,True
300629,True
615781,True
601026,True
607242,True
601025,True
601024,True
602242,True
603401,True
602166,True
607246,True
610366,True
610469,True
601507,True
602416,True
607245,True
607244,True
602296,True
607243,True
614367,True
614368,True
614824,True
613653,True
602233,True
602414,True
602712,True
604262,True
602709,True
609036,True
602710,True
602711,True
611731,True
612034,True
607479,True
104770,True
102645,True
615594,True
107748,True
300773,True
607629,True
607630,True
609774,True
612491,True
611035,True
300297,True
600052,True
104775,True
104776,True
615884,True
107680,True
620112,True
107670,True
107690,True
606368,True
107730,True
600130,True
604797,True
607109,True
607110,True
607750,True
609900,True
608993,True
607113,True
610976,True
609908,True
605220,True
107710,True
608083,True
107720,True
600745,True
107740,True
107741,True
107760,True
138700,True
603743,True
607252,True
607253,True
607254,True
607255,True
607256,True
612456,True
606907,True
300753,True
300955,True
104760,True
605324,True
604299,True
606231,True
611429,True
102600,True
616048,True
606350,True
107776,True
606578,True
609914,True
609789,True
107777,True
600170,True
600308,True
600442,True
601383,True
602974,True
603750,True
602914,True
610548,True
313700,True
311010,True
606646,True
606645,True
606647,True
621249,True
612461,True
600820,True
104640,True
615380,True
103180,True
103190,True
601177,True
103188,True
600464,True
608377,True
606908,True
612439,True
604141,True
605371,True
617411,True
605928,True
601638,True
604699,True
608313,True
107830,True
611164,True
614046,True
602732,True
609746,True
610589,True
616310,True
610577,True
610578,True
608293,True
613351,True
611587,True
609568,True
609870,True
610585,True
610590,True
610586,True
610587,True
605370,True
610591,True
610592,True
610496,True
614264,True
610911,True
608541,True
614902,True
605277,True
300937,True
615880,True
300023,True
615936,True
617716,True
601155,True
602680,True
300118,True
609405,True
610576,True
601925,True
602843,True
602844,True
601855,True
608136,True
612494,True
605708,True
604763,True
608504,True
618871,True
617043,True
616432,True
612496,True
607560,True
610215,True
617552,True
612790,True
612115,True
620664,True
619919,True
621172,True
605216,True
610018,True
600888,True
300267,True
605477,True
300429,True
603024,True
614556,True
609539,True
603265,True
612457,True
620868,True
180201,True
609696,True
611583,True
608538,True
605624,True
605615,True
621303,True
603425,True
609351,True
301144,True
608922,True
614439,True
612295,True
619117,True
601175,True
615407,True
604695,True
604786,True
604787,True
600732,True
608960,True
608909,True
608845,True
607669,True
607668,True
605709,True
616495,True
616597,True
616596,True
612405,True
620530,True
618053,True
620385,True
611864,True
620377,True
618424,True
611226,True
615549,True
618521,True
617612,True
300362,True
300363,True
300364,True
301046,True
301047,True
301048,True
620867,True
611313,True
126110,True
606036,True
604220,True
604223,True
604224,True
604225,True
604226,True
604227,True
621450,True
615543,True
605487,True
605488,True
301770,True
107940,True
107941,True
619768,True
621542,True
612464,True
619788,True
620944,True
607574,True
611542,True
300002,True
300003,True
610008,True
300586,True
610009,True
610010,True
610011,True
300180,True
601625,True
603086,True
110600,True
610625,True
603886,True
611647,True
602269,True
300382,True
611806,True
613468,True
611202,True
610987,True
605953,True
603817,True
616594,True
605758,True
615054,True
300626,True
300891,True
615055,True
619757,True
615056,True
619936,True
621134,True
605759,True
605760,True
605761,True
615050,True
615051,True
615052,True
615053,True
300890,True
614215,True
614216,True
614217,True
100790,True
601886,True
609154,True
609155,True
620809,True
619740,True
609189,True
609190,True
108360,True
108361,True
607999,True
621596,True
604782,True
602866,True
601784,True
611741,True
606715,True
616693,True
600201,True
608310,True
300015,True
402500,True
300162,True
400011,True
108370,True
619739,True
608034,True
618472,True
600582,True
605481,True
608135,True
610647,True
611765,True
606236,True
609212,True
603470,True
620693,True
608860,True
600904,True
612856,True
612990,True
612991,True
615115,True
605797,True
614452,True
611941,True
615347,True
612316,True
612317,True
617227,True
609534,True
615556,True
608179,True
607103,True
123803,True
123811,True
603148,True
604064,True
606398,True
605537,True
600984,True
606371,True
613644,True
613645,True
610800,True
615089,True
609608,True
615088,True
613515,True
610767,True
618716,True
616225,True
616226,True
609606,True
300663,True
611338,True
611339,True
611340,True
604261,True
608760,True
612204,True
612205,True
601731,True
606439,True
609368,True
609369,True
607585,True
614693,True
607462,True
601461,True
609875,True
619820,True
620168,True
620169,True
602270,True
605855,True
619791,True
619815,True
605868,True
605869,True
300516,True
182360,True
619118,True
610513,True
610232,True
609556,True
619119,True
182310,True
618305,True
182340,True
182350,True
607321,True
182330,True
182331,True
601867,True
301073,True
619760,True
108730,True
108740,True
601929,True
108731,True
108733,True
300014,True
108732,True
604384,True
613082,True
137216,True
137217,True
164360,True
102910,True
108729,True
603150,True
606153,True
614981,True
603192,True
603193,True
602736,True
601519,True
619792,True
617473,True
604573,True
615204,True
603270,True
618121,True
603152,True
600828,True
300197,True
300556,True
192130,True
611716,True
605239,True
603717,True
108745,True
607028,True
618072,True
603931,True
611019,True
607027,True
192132,True
606939,True
603097,True
618070,True
609398,True
108746,True
617385,True
607160,True
607296,True
606853,True
618071,True
608861,True
300011,True
606882,True
609542,True
605870,True
602397,True
605867,True
605866,True
609123,True
609126,True
614446,True
608917,True
608918,True
618568,True
601215,True
619682,True
606605,True
603130,True
612869,True
300032,True
601556,True
611150,True
614301,True
601517,True
607931,True
607047,True
300920,True
607640,True
619010,True
615579,True
613289,True
603680,True
600529,True
620397,True
602434,True
603072,True
609183,True
604970,True
603495,True
607270,True
605265,True
613397,True
612927,True
192340,True
618537,True
600821,True
600264,True
300538,True
300924,True
300925,True
603816,True
604025,True
109135,True
194460,True
609916,True
607909,True
608353,True
162815,True
109700,True
603094,True
610194,True
603093,True
603018,True
603095,True
604066,True
615291,True
620239,True
151290,True
607497,True
606374,True
610308,True
605581,True
605863,True
605864,True
615333,True
615315,True
615313,True
615357,True
601873,True
111730,True
612220,True
618560,True
137060,True
604013,True
604014,True
604015,True
604016,True
604017,True
604327,True
605517,True
614144,True
611951,True
606602,True
602938,True
612766,True
610497,True
617215,True
604252,True
614263,True
605668,True
602751,True
605394,True
603167,True
601497,True
603882,True
603883,True
603884,True
603885,True
142590,True
617776,True
617777,True
617646,True
613880,True
605475,True
611877,True
617536,True
604009,True
600516,True
604444,True
619589,True
603811,True
610292,True
611564,True
603089,True
601593,True
605211,True
605212,True
603260,True
604823,True
605940,True
612476,True
614983,True
612470,True
600040,True
605680,True
605681,True
605682,True
605683,True
605854,True
613605,True
620496,True
603312,True
209901,True
610148,True
610683,True
606151,True
600374,True
603650,True
607590,True
607968,True
621127,True
612773,True
600347,True
619612,True
300398,True
602941,True
604704,True
613746,True
602968,True
605783,True
607470,True
607471,True
113520,True
113530,True
611883,True
619601,True
177400,True
608348,True
248611,True
614901,True
603517,True
606557,True
606558,True
151430,True
601056,True
600039,True
606910,True
603827,True
610837,True
619822,True
606126,True
619660,True
601931,True
109560,True
109565,True
608992,True
601406,True
605846,True
605847,True
602597,True
609004,True
612588,True
301159,True
605748,True
611740,True
300485,True
300688,True
151410,True
603647,True
606089,True
603063,True
600337,True
113503,True
113505,True
611468,True
607012,True
612051,True
604378,True
615687,True
618597,True
301150,True
616374,True
621197,True
621198,True
621217,True
607854,True
607335,True
607337,True
607336,True
605456,True
615417,True
300690,True
300691,True
300361,True
300692,True
300693,True
619516,True
603307,True
603212,True
112260,True
616308,True
301870,True
608606,True
615416,True
613483,True
609331,True
604256,True
606200,True
602888,True
605932,True
614295,True
602204,True
609797,True
617002,True
617003,True
605690,True
618502,True
601997,True
603392,True
601248,True
605936,True
606396,True
601712,True
601721,True
603352,True
605638,True
605737,True
619006,True
615810,True
615480,True
608450,True
613110,True
608853,True
191305,True
604610,True
602403,True
604515,True
601444,True
609768,True
609762,True
605695,True
607289,True
604310,True
611565,True
610664,True
619570,True
619811,True
109750,True
600941,True
608692,True
602550,True
614517,True
606266,True
164831,True
618553,True
112264,True
608748,True
300247,True
112261,True
617648,True
112263,True
112262,True
112265,True
112266,True
112267,True
620847,True
602284,True
608699,True
601299,True
603248,True
600799,True
611448,True
300101,True
601930,True
608669,True
603291,True
603292,True
603293,True
605368,True
611275,True
608708,True
616745,True
616746,True
605404,True
613181,True
613182,True
613183,True
606165,True
610596,True
610510,True
616598,True
616599,True
616600,True
616601,True
618995,True
613896,True
603156,True
109195,True
607412,True
621166,True
621167,True
621168,True
614108,True
615717,True
615718,True
614110,True
614109,True
604053,True
614010,True
601819,True
400013,True
164757,True
604986,True
614506,True
113705,True
600185,True
300617,True
604589,True
601540,True
601541,True
608749,True
618489,True
602848,True
618465,True
602144,True
604902,True
607013,True
615628,True
615627,True
602865,True
619359,True
618390,True
605882,True
618466,True
611183,True
619276,True
606259,True
618514,True
602410,True
616856,True
300107,True
609235,True
609236,True
617824,True
300553,True
606158,True
617518,True
109480,True
604020,True
606412,True
612213,True
619683,True
600387,True
600534,True
611074,True
605191,True
608530,True
615933,True
621145,True
608531,True
615566,True
610386,True
617945,True
611237,True
600345,True
609019,True
602542,True
109580,True
601597,True
605674,True
605673,True
300300,True
607925,True
601610,True
613590,True
613591,True
613593,True
613594,True
613595,True
606000,True
606192,True
615606,True
620648,True
603482,True
602452,True
602860,True
603719,True
620691,True
615733,True
603477,True
603871,True
619252,True
619275,True
621202,True
620661,True
617735,True
611033,True
610880,True
619625,True
615140,True
619392,True
617307,True
621148,True
621418,True
619979,True
613258,True
614297,True
619711,True
621208,True
620685,True
606997,True
610555,True
300611,True
120550,True
120570,True
601269,True
120575,True
611586,True
614330,True
615227,True
615229,True
610365,True
616593,True
618647,True
612045,True
614911,True
608752,True
614910,True
614147,True
614285,True
614148,True
613785,True
608974,True
120580,True
611680,True
618968,True
621135,True
620582,True
621617,True
618860,True
613927,True
621404,True
619678,True
617581,True
617582,True
615944,True
610343,True
610344,True
610336,True
618044,True
618519,True
619219,True
615536,True
120700,True
605246,True
611956,True
120810,True
120820,True
120830,True
120831,True
621278,True
616210,True
617881,True
120900,True
113995,True
609949,True
620002,True
217050,True
616987,True
620839,True
611401,True
621281,True
621149,True
616642,True
217070,True
120950,True
120960,True
120930,True
616992,True
120940,True
614260,True
619569,True
620761,True
114800,True
604642,True
604644,True
603263,True
611436,True
604832,True
611492,True
114750,True
114760,True
114761,True
300230,True
114780,True
114770,True
114815,True
603179,True
612174,True
612175,True
604251,True
609194,True
618772,True
605563,True
607314,True
608965,True
607315,True
618759,True
618600,True
612135,True
613104,True
620144,True
601011,True
601012,True
114205,True
114206,True
601013,True
300110,True
604065,True
607904,True
608230,True
114208,True
114204,True
607082,True
606399,True
608171,True
114207,True
600003,True
601958,True
601949,True
114209,True
602911,True
606403,True
606404,True
606405,True
606898,True
606899,True
606900,True
618536,True
618764,True
606186,True
114010,True
605686,True
609938,True
609743,True
609744,True
604667,True
609978,True
608304,True
615930,True
114050,True
114051,True
114130,True
114160,True
604587,True
114131,True
114190,True
114213,True
612234,True
612235,True
618263,True
621557,True
617305,True
114180,True
114182,True
114183,True
114184,True
620520,True
605183,True
610171,True
607176,True
109091,True
611414,True
603420,True
604647,True
604998,True
607957,True
614994,True
114078,True
607707,True
607708,True
602123,True
614986,True
608721,True
114080,True
611411,True
615002,True
609559,True
614993,True
601118,True
600474,True
613774,True
613775,True
612685,True
611501,True
611508,True
607727,True
610403,True
613165,True
114217,True
617801,True
618385,True
153615,True
114220,True
605286,True
604822,True
608839,True
610228,True
610229,True
603267,True
114230,True
114240,True
602537,True
300146,True
606400,True
618777,True
606401,True
114170,True
616767,True
601178,True
610375,True
114212,True
607724,True
618799,True
601580,True
601571,True
608722,True
601572,True
607209,True
607210,True
607211,True
615680,True
609490,True
605354,True
617726,True
609986,True
609051,True
607212,True
607586,True
616885,True
603934,True
609593,True
610859,True
614716,True
621305,True
616552,True
613368,True
123859,True
612800,True
602606,True
617704,True
616610,True
617703,True
608598,True
617702,True
606504,True
617701,True
611686,True
300172,True
612184,True
612185,True
147678,True
601762,True
608633,True
605848,True
600639,True
600636,True
602664,True
602665,True
601532,True
601761,True
601763,True
606880,True
602234,True
114250,True
114251,True
601199,True
618888,True
114090,True
617034,True
617033,True
609895,True
115500,True
619387,True
606389,True
607249,True
609120,True
609121,True
611169,True
617490,True
617510,True
613452,True
619776,True
617511,True
601047,True
601048,True
601253,True
603198,True
606728,True
618303,True
617714,True
603672,True
603870,True
121360,True
165360,True
604491,True
608453,True
609342,True
606872,True
600432,True
600433,True
612978,True
615029,True
114830,True
603608,True
619394,True
613381,True
604511,True
602770,True
604477,True
603079,True
604478,True
617438,True
608457,True
617354,True
607757,True
618614,True
620892,True
610055,True
612013,True
612569,True
607359,True
617705,True
619403,True
612753,True
621147,True
613478,True
609488,True
300947,True
613408,True
621286,True
613781,True
621138,True
618788,True
611902,True
614271,True
617147,True
616031,True
619413,True
619829,True
621146,True
621274,True
618740,True
619391,True
621144,True
621599,True
616735,True
621139,True
621137,True
621141,True
620891,True
615955,True
619249,True
621578,True
621611,True
621299,True
300859,True
619100,True
613040,True
615353,True
610162,True
620579,True
618941,True
618525,True
612324,True
621633,True
613798,True
613799,True
618260,True
611051,True
618585,True
619280,True
601985,True
620676,True
613481,True
617969,True
619287,True
616909,True
619288,True
619444,True
612328,True
614666,True
614145,True
608298,True
619870,True
621483,True
605360,True
621283,True
611293,True
621568,True
609736,True
611205,True
611204,True
621504,True
620753,True
617366,True
620553,True
620881,True
617634,True
605310,True
603960,True
118440,True
118444,True
118445,True
182281,True
601156,True
601391,True
601392,True
601393,True
601394,True
601520,True
603757,True
602227,True
158105,True
601960,True
602737,True
602957,True
602494,True
602495,True
602565,True
604697,True
604833,True
605240,True
182283,True
601395,True
609468,True
182284,True
603782,True
610757,True
187011,True
158106,True
602283,True
607929,True
602369,True
121009,True
164958,True
603398,True
603399,True
603400,True
604036,True
123835,True
123836,True
608249,True
602755,True
300456,True
123838,True
168461,True
123833,True
123834,True
607089,True
123837,True
603775,True
600227,True
601578,True
603203,True
601953,True
618783,True
620419,True
620395,True
603544,True
613384,True
613482,True
607752,True
620396,True
300708,True
143055,True
603862,True
612786,True
620559,True
609544,True
611326,True
601159,True
600240,True
601267,True
601268,True
604836,True
601373,True
601835,True
600242,True
601834,True
604738,True
608379,True
603864,True
616762,True
618934,True
619944,True
605139,True
600114,True
605142,True
610150,True
104613,True
610730,True
605140,True
617786,True
620660,True
604516,True
608859,True
158120,True
602243,True
604463,True
605545,True
606079,True
603356,True
162860,True
602226,True
107265,True
188370,True
188360,True
188340,True
188410,True
188411,True
186990,True
155970,True
607546,True
604862,True
604672,True
107266,True
605397,True
600074,True
605554,True
186780,True
606064,True
186711,True
605402,True
605715,True
186760,True
604241,True
604470,True
606790,True
606786,True
609801,True
616560,True
610705,True
616301,True
609807,True
610520,True
612246,True
606475,True
159590,True
142230,True
173510,True
151523,True
107270,True
186790,True
186830,True
186740,True
186940,True
109535,True
300386,True
107269,True
120920,True
601028,True
109530,True
153340,True
114280,True
151525,True
125240,True
153420,True
107271,True
602592,True
186720,True
155740,True
153634,True
107273,True
186820,True
602840,True
107272,True
142790,True
112205,True
147245,True
112203,True
186845,True
600623,True
604534,True
604513,True
601020,True
186910,True
186730,True
143030,True
120577,True
606037,True
313470,True
450000,True
300846,True
123920,True
618997,True
607465,True
617708,True
603504,True
603505,True
603461,True
603618,True
620335,True
603462,True
116947,True
116949,True
157680,True
614533,True
116946,True
116948,True
605065,True
610346,True
605585,True
116952,True
603412,True
614062,True
613991,True
606084,True
606132,True
606133,True
605468,True
609171,True
619456,True
619457,True
603465,True
611028,True
611029,True
602868,True
602627,True
603311,True
607393,True
618785,True
607749,True
612270,True
609374,True
609937,True
609685,True
609977,True
611735,True
612320,True
192090,True
604555,True
600023,True
600562,True
601364,True
114019,True
603118,True
603017,True
603019,True
603016,True
114020,True
605807,True
609920,True
605516,True
618599,True
617685,True
114021,True
603006,True
601120,True
603007,True
605806,True
603008,True
609974,True
609502,True
619713,True
615610,True
606839,True
615626,True
610503,True
605893,True
116940,True
603464,True
116951,True
176873,True
615514,True
603309,True
610679,True
616147,True
311550,True
603440,True
169190,True
614720,True
116953,True
610076,True
602198,True
620061,True
123828,True
123829,True
123831,True
603460,True
603764,True
608200,True
608201,True
608202,True
603368,True
601955,True
603184,True
603251,True
611259,True
603441,True
603442,True
608459,True
300203,True
116899,True
600778,True
600856,True
600160,True
615914,True
600431,True
613149,True
603369,True
600927,True
123832,True
611233,True
603943,True
608707,True
302650,True
117340,True
603548,True
603549,True
602593,True
605525,True
618789,True
600746,True
600297,True
300025,True
400016,True
400018,True
603778,True
618816,True
109770,True
614591,True
621613,True
606691,True
621636,True
618191,True
609142,True
619159,True
114890,True
163980,True
619160,True
615747,True
116897,True
620560,True
189965,True
116898,True
600749,True
138972,True
612828,True
607576,True
114840,True
130120,True
609443,True
609444,True
618693,True
618694,True
601074,True
602538,True
612678,True
612679,True
612680,True
612681,True
604523,True
604265,True
604264,True
608366,True
605835,True
611113,True
620142,True
608213,True
117139,True
117140,True
117141,True
117143,True
600236,True
605607,True
300065,True
611502,True
611503,True
610152,True
611509,True
611504,True
611505,True
611506,True
609130,True
611510,True
611511,True
608139,True
611264,True
615128,True
616690,True
618980,True
613446,True
614634,True
620667,True
613479,True
611423,True
613529,True
610201,True
614848,True
613023,True
620251,True
615586,True
616426,True
617149,True
609689,True
610142,True
617728,True
617870,True
610523,True
605392,True
620217,True
610000,True
607951,True
621412,True
614724,True
616889,True
614310,True
616475,True
620791,True
617110,True
615847,True
618898,True
618865,True
615470,True
615864,True
616751,True
603777,True
616626,True
610307,True
608381,True
617434,True
606919,True
606920,True
615276,True
615334,True
615335,True
615336,True
604677,True
114835,True
605278,True
605279,True
621153,True
618678,True
603187,True
300006,True
602907,True
118470,True
621398,True
618318,True
616119,True
621114,True
621392,True
621378,True
619347,True
617906,True
621376,True
618704,True
618146,True
616070,True
618682,True
615494,True
621388,True
618058,True
603191,True
614477,True
617558,True
617559,True
605152,True
618543,True
301057,True
609804,True
614759,True
621121,True
614259,True
619129,True
620381,True
614270,True
617949,True
618661,True
620187,True
621136,True
609910,True
616047,True
619866,True
138470,True
605194,True
134350,True
608108,True
134370,True
134371,True
600889,True
605336,True
605337,True
608593,True
217030,True
601442,True
601443,True
603599,True
300383,True
602421,True
118850,True
613973,True
608823,True
608824,True
118860,True
608825,True
608826,True
608827,True
603363,True
609473,True
607856,True
606137,True
606138,True
604551,True
614587,True
617446,True
602178,True
616236,True
601246,True
601245,True
616327,True
620993,True
118490,True
608842,True
615903,True
616244,True
613748,True
611077,True
616978,True
615634,True
611238,True
602118,True
613039,True
602119,True
602120,True
603277,True
610771,True
616114,True
608892,True
610528,True
616936,True
603078,True
604373,True
618539,True
605209,True
118910,True
118920,True
601525,True
601526,True
606080,True
300922,True
604332,True
615692,True
600031,True
118491,True
612395,True
607416,True
621174,True
300390,True
118825,True
164010,True
606486,True
610893,True
609512,True
610052,True
610051,True
610897,True
610899,True
610900,True
610901,True
611130,True
118423,True
602857,True
607247,True
604353,True
606988,True
610405,True
608037,True
616747,True
607268,True
603475,True
300350,True
613127,True
609756,True
118510,True
118493,True
118494,True
118495,True
118496,True
100690,True
606372,True
118502,True
118503,True
118504,True
118505,True
606888,True
118511,True
605116,True
100710,True
118507,True
118508,True
118509,True
100720,True
100725,True
100730,True
621027,True
603797,True
606376,True
610128,True
610129,True
610124,True
608429,True
608277,True
603798,True
603799,True
604817,True
605294,True
300375,True
610190,True
610191,True
608183,True
609963,True
613201,True
613202,True
614206,True
600664,True
608577,True
604333,True
618382,True
614778,True
611118,True
608943,True
615782,True
602293,True
605564,True
610645,True
610646,True
617273,True
617274,True
612082,True
604440,True
604441,True
612120,True
600005,True
612325,True
603489,True
612419,True
608356,True
621607,True
621605,True
621603,True
616446,True
614234,True
619277,True
620945,True
613362,True
610643,True
616995,True
602649,True
619703,True
619700,True
605228,True
611932,True
611507,True
611933,True
602441,True
605629,True
300149,True
602937,True
606815,True
611420,True
611569,True
616174,True
618595,True
611142,True
123280,True
616074,True
123310,True
613415,True
123290,True
123295,True
116900,True
116901,True
605852,True
605853,True
618532,True
153310,True
603906,True
604003,True
616857,True
617539,True
607672,True
118425,True
600570,True
600580,True
302910,True
300008,True
602726,True
602727,True
602024,True
602023,True
603718,True
617579,True
601326,True
611232,True
605608,True
615778,True
603959,True
617005,True
609210,True
610036,True
300520,True
620566,True
609203,True
620812,True
602910,True
602909,True
602101,True
615798,True
609131,True
611231,True
615799,True
619677,True
605999,True
604713,True
612088,True
617573,True
616845,True
611303,True
616838,True
616571,True
616572,True
616573,True
606782,True
606783,True
612087,True
603242,True
605659,True
613588,True
187520,True
605306,True
606677,True
609964,True
609962,True
620105,True
616256,True
605872,True
604987,True
613579,True
606264,True
612252,True
607467,True
601858,True
602872,True
300138,True
606533,True
606536,True
607293,True
615321,True
607265,True
179838,True
603432,True
607382,True
601951,True
602989,True
602990,True
607969,True
616988,True
616989,True
611121,True
611693,True
607042,True
608102,True
606725,True
607837,True
611434,True
602158,True
601851,True
608757,True
616254,True
601119,True
120105,True
604783,True
612585,True
615611,True
606397,True
618988,True
620256,True
605434,True
611321,True
611323,True
611324,True
118960,True
118970,True
118955,True
601273,True
300631,True
185430,True
616184,True
616990,True
611292,True
616945,True
619564,True
609686,True
118938,True
603316,True
613379,True
615166,True
301088,True
610112,True
602351,True
600239,True
617636,True
191710,True
611787,True
607884,True
607885,True
607886,True
607887,True
607888,True
607889,True
607890,True
607891,True
616189,True
616190,True
612193,True
116955,True
609064,True
169800,True
616869,True
611764,True
123825,True
300338,True
600053,True
609472,True
600724,True
605080,True
611287,True
611288,True
617483,True
603272,True
300724,True
617476,True
605147,True
600806,True
602373,True
602374,True
607802,True
607803,True
607804,True
607805,True
604917,True
620508,True
620509,True
607104,True
604909,True
604910,True
604911,True
608951,True
618069,True
604913,True
603731,True
612054,True
123830,True
612493,True
605861,True
610774,True
610047,True
114610,True
605051,True
618538,True
613439,True
618166,True
118945,True
118946,True
611870,True
600016,True
190197,True
601325,True
607280,True
607219,True
607220,True
602346,True
604569,True
610517,True
610518,True
610519,True
605496,True
611425,True
614769,True
614775,True
608016,True
613920,True
614772,True
615623,True
616003,True
609855,True
610317,True
610318,True
603196,True
606973,True
606974,True
606975,True
606976,True
606821,True
606977,True
606978,True
606979,True
600272,True
120110,True
120280,True
120290,True
120320,True
120350,True
120324,True
120325,True
120326,True
113811,True
120328,True
120165,True
120150,True
120160,True
619390,True
610002,True
610026,True
610043,True
610025,True
610004,True
608927,True
608461,True
609996,True
120140,True
120180,True
120130,True
120090,True
120070,True
120131,True
303630,True
303631,True
120215,True
120190,True
120216,True
120220,True
120240,True
120250,True
611916,True
616613,True
120120,True
120251,True
120252,True
120210,True
120260,True
120270,True
615693,True
607620,True
612502,True
607621,True
617531,True
617533,True
603033,True
607238,True
616704,True
616699,True
616700,True
616701,True
608216,True
612377,True
616703,True
616656,True
612299,True
600310,True
116790,True
621350,True
608067,True
601924,True
600959,True
606990,True
606942,True
615525,True
604355,True
610581,True
604508,True
604665,True
616008,True
604850,True
614729,True
616009,True
616010,True
616011,True
619349,True
615472,True
615526,True
620736,True
620737,True
609825,True
605196,True
612898,True
616359,True
614647,True
601683,True
606980,True
615567,True
612837,True
605236,True
605000,True
609849,True
605269,True
602159,True
605002,True
621442,True
611668,True
602784,True
606748,True
602125,True
603648,True
614478,True
603646,True
618064,True
604813,True
610428,True
610429,True
614698,True
123864,True
607976,True
603773,True
123866,True
602072,True
602009,True
124089,True
618127,True
124090,True
123995,True
123996,True
605771,True
300885,True
609811,True
603774,True
123870,True
616855,True
603833,True
608409,True
117700,True
114850,True
600688,True
114851,True
607635,True
609561,True
609562,True
608841,True
609279,True
114852,True
603101,True
603102,True
114855,True
607342,True
610605,True
610606,True
610607,True
620637,True
618700,True
614571,True
620487,True
605032,True
605033,True
609585,True
609586,True
114860,True
603103,True
603104,True
604205,True
604206,True
604207,True
604208,True
604209,True
605688,True
605689,True
609563,True
612732,True
615603,True
618754,True
608307,True
621537,True
606027,True
606028,True
606029,True
603052,True
604979,True
621247,True
600528,True
601987,True
608846,True
600650,True
615467,True
609780,True
301055,True
609555,True
617348,True
603105,True
120620,True
605886,True
120650,True
180230,True
180231,True
618327,True
614178,True
614177,True
603454,True
600184,True
604210,True
609720,True
609737,True
609262,True
606121,True
617426,True
123810,True
606443,True
616215,True
608834,True
611998,True
607138,True
618262,True
600140,True
603476,True
617109,True
606444,True
618055,True
618540,True
607170,True
607171,True
123812,True
122560,True
122559,True
122561,True
602034,True
606189,True
123875,True
601183,True
610203,True
604594,True
187395,True
601193,True
187430,True
618062,True
621340,True
612434,True
164762,True
602007,True
604237,True
300357,True
400023,True
614853,True
608188,True
602462,True
615624,True
610952,True
611312,True
615776,True
621300,True
606090,True
123260,True
614631,True
606276,True
612597,True
605497,True
607536,True
608972,True
608986,True
602225,True
601933,True
603732,True
123580,True
123590,True
123610,True
600836,True
123631,True
600929,True
123620,True
123630,True
601797,True
619765,True
620146,True
123660,True
123670,True
123680,True
123690,True
609603,True
123730,True
609877,True
123740,True
123691,True
603920,True
118950,True
616569,True
300944,True
301096,True
301097,True
617689,True
191510,True
601342,True
120420,True
164770,True
138960,True
306250,True
425000,True
138981,True
138970,True
138971,True
616615,True
616616,True
150200,True
118820,True
603515,True
124095,True
617897,True
608397,True
608398,True
608399,True
115450,True
115460,True
601695,True
600505,True
600864,True
600863,True
606274,True
602214,True
604253,True
115440,True
115442,True
115441,True
601172,True
606775,True
611654,True
606458,True
620404,True
620405,True
123876,True
601871,True
600824,True
123855,True
609731,True
123856,True
604312,True
123857,True
123858,True
601891,True
603253,True
608683,True
616543,True
616536,True
184600,True
601145,True
600369,True
300907,True
611968,True
600367,True
620479,True
300648,True
300793,True
300794,True
300796,True
300797,True
300780,True
300789,True
300592,True
300781,True
300782,True
300783,True
300784,True
300785,True
300786,True
300787,True
300788,True
300790,True
301105,True
300625,True
300657,True
300156,True
300396,True
608856,True
608910,True
602618,True
602619,True
600873,True
613129,True
604167,True
607022,True
610684,True
604927,True
605323,True
608711,True
608592,True
618739,True
600435,True
607657,True
610635,True
613178,True
123890,True
116805,True
114025,True
607667,True
604785,True
116806,True
607758,True
611537,True
601045,True
604275,True
606272,True
123860,True
300380,True
609366,True
118890,True
619620,True
601405,True
118888,True
613111,True
116810,True
602365,True
116840,True
116890,True
603539,True
116830,True
116820,True
601105,True
116880,True
600550,True
116845,True
603308,True
602364,True
603169,True
164765,True
609772,True
615100,True
612694,True
617057,True
600135,True
618746,True
602997,True
620552,True
614142,True
603134,True
603135,True
603136,True
603137,True
300304,True
601741,True
609577,True
607489,True
616953,True
610101,True
116896,True
610648,True
616644,True
621501,True
615186,True
621530,True
617170,True
616120,True
618561,True
601880,True
601470,True
602621,True
155730,True
147310,True
604852,True
600835,True
605149,True
604186,True
605398,True
611387,True
139110,True
139111,True
600324,True
138965,True
146930,True
601704,True
146929,True
146928,True
300574,True
162643,True
601613,True
605163,True
609150,True
611645,True
612752,True
301117,True
301160,True
600019,True
618757,True
607068,True
613218,True
611964,True
608341,True
608342,True
613213,True
608343,True
608508,True
300481,True
618334,True
605745,True
123980,True
123970,True
606322,True
606323,True
608759,True
300768,True
604035,True
605018,True
118485,True
610613,True
124080,True
609300,True
107910,True
108330,True
124060,True
601771,True
613815,True
126065,True
602239,True
605207,True
608428,True
606530,True
609506,True
620605,True
608055,True
122720,True
608054,True
123930,True
601131,True
124020,True
601129,True
601130,True
124030,True
124040,True
124070,True
601258,True
608713,True
611529,True
610670,True
615967,True
605994,True
124010,True
606534,True
605325,True
605340,True
604087,True
601310,True
615341,True
124075,True
611517,True
611485,True
604426,True
611495,True
601270,True
611545,True
608614,True
614999,True
618953,True
601637,True
118455,True
603711,True
602172,True
616980,True
621448,True
617978,True
618713,True
300201,True
605666,True
621357,True
621347,True
182115,True
602488,True
605081,True
606514,True
604448,True
607930,True
616020,True
616021,True
609186,True
606626,True
606627,True
603448,True
601236,True
609205,True
603803,True
300608,True
607861,True
608966,True
611112,True
600243,True
128239,True
614015,True
614016,True
618904,True
614625,True
609068,True
301001,True
301004,True
124050,True
607408,True
607415,True
600954,True
602074,True
600831,True
616567,True
603289,True
605768,True
603084,True
610956,True
620279,True
603186,True
400003,True
400026,True
400027,True
400048,True
607430,True
607431,True
601486,True
614865,True
604281,True
611661,True
609312,True
125950,True
126660,True
620388,True
611453,True
610106,True
124097,True
607024,True
248610,True
619830,True
620706,True
617259,True
620295,True
613317,True
620087,True
301167,True
616196,True
620109,True
620524,True
612515,True
616372,True
620421,True
603812,True
610494,True
605973,True
615820,True
301168,True
609710,True
608698,True
120470,True
606634,True
608062,True
605755,True
603057,True
612486,True
125450,True
604742,True
613166,True
613167,True
609682,True
609683,True
605988,True
125255,True
607010,True
609843,True
609844,True
616332,True
610534,True
619860,True
619861,True
605933,True
191275,True
607638,True
601143,True
607376,True
607387,True
614758,True
612962,True
612963,True
615840,True
605905,True
616167,True
612977,True
616522,True
300121,True
608347,True
604743,True
604744,True
600045,True
600811,True
107930,True
614603,True
615003,True
620870,True
620871,True
618045,True
126337,True
607729,True
607730,True
610588,True
124450,True
602202,True
600408,True
191311,True
616177,True
602750,True
601257,True
601235,True
601150,True
608469,True
606355,True
621395,True
605812,True
606168,True
606357,True
612172,True
606181,True
607663,True
616621,True
607618,True
616533,True
619906,True
142560,True
300160,True
400010,True
605281,True
608170,True
613369,True
606286,True
617848,True
615428,True
621419,True
180630,True
610373,True
621408,True
612500,True
301079,True
611665,True
620176,True
608023,True
615464,True
600326,True
613974,True
616725,True
602635,True
222745,True
615839,True
606841,True
617078,True
610094,True
621516,True
125220,True
604522,True
601157,True
600472,True
600471,True
602056,True
606611,True
615243,True
607650,True
615997,True
616075,True
616076,True
620131,True
602215,True
615843,True
610862,True
125264,True
615741,True
604767,True
620122,True
613633,True
613292,True
613634,True
620120,True
140750,True
615111,True
617503,True
600382,True
619843,True
617278,True
617279,True
620561,True
620562,True
604550,True
612002,True
616073,True
614191,True
612294,True
611309,True
612974,True
619668,True
608813,True
610304,True
610305,True
621352,True
125660,True
614637,True
614638,True
608727,True
617148,True
617901,True
601882,True
601883,True
604900,True
606983,True
300926,True
600594,True
618040,True
601279,True
609459,True
609030,True
125855,True
604070,True
601826,True
601440,True
601854,True
604071,True
604072,True
300837,True
601207,True
601441,True
620716,True
601465,True
606418,True
602858,True
608172,True
606377,True
126060,True
616588,True
605423,True
126064,True
600944,True
610410,True
616159,True
616163,True
616157,True
615194,True
612830,True
611596,True
616925,True
615195,True
615196,True
612833,True
616160,True
616161,True
612131,True
301034,True
614984,True
603403,True
603405,True
612720,True
616423,True
607960,True
614405,True
615475,True
621401,True
612767,True
617362,True
605584,True
607570,True
608588,True
600396,True
603115,True
605219,True
602121,True
300108,True
300347,True
614567,True
606241,True
604140,True
612499,True
147892,True
601413,True
601038,True
608523,True
607711,True
611379,True
611380,True
614542,True
614543,True
614544,True
612200,True
300959,True
607862,True
607863,True
605193,True
606423,True
608262,True
607533,True
614183,True
614184,True
605210,True
606271,True
607502,True
607503,True
611251,True
610493,True
300126,True
605189,True
605415,True
605416,True
605417,True
605418,True
608770,True
604258,True
238331,True
604050,True
605765,True
605766,True
618634,True
601014,True
603583,True
300189,True
602887,True
604090,True
605445,True
605438,True
611413,True
616191,True
617859,True
176290,True
621120,True
606582,True
602768,True
605185,True
126063,True
600029,True
126255,True
600525,True
601911,True
600028,True
600030,True
617261,True
617262,True
618579,True
605077,True
601969,True
607410,True
602721,True
300377,True
605849,True
617211,True
600980,True
605377,True
602424,True
604935,True
614754,True
614803,True
614804,True
614805,True
300878,True
614806,True
608491,True
125305,True
609857,True
605671,True
612186,True
601810,True
613190,True
610729,True
614930,True
614677,True
612517,True
614566,True
608706,True
614864,True
300933,True
614146,True
603332,True
605884,True
603339,True
603340,True
603341,True
610063,True
603333,True
603334,True
603335,True
603336,True
610061,True
603337,True
603330,True
604366,True
605483,True
617968,True
619156,True
616906,True
602837,True
611322,True
608382,True
604572,True
611341,True
608376,True
610263,True
617487,True
604139,True
611327,True
611328,True
611332,True
611336,True
611337,True
602634,True
611207,True
607987,True
614827,True
606060,True
614334,True
606092,True
615339,True
619973,True
616844,True
621108,True
608977,True
605502,True
617048,True
611072,True
621389,True
613527,True
601184,True
618202,True
604189,True
611203,True
613945,True
613946,True
608375,True
601964,True
611206,True
610062,True
610565,True
602135,True
125505,True
300081,True
602622,True
602244,True
126350,True
608057,True
609385,True
607299,True
617277,True
620797,True
602377,True
603850,True
602378,True
611445,True
611282,True
126375,True
602769,True
602900,True
606588,True
611367,True
618762,True
187410,True
611388,True
611199,True
604567,True
604568,True
601403,True
611518,True
300681,True
603122,True
603123,True
607679,True
616904,True
614194,True
615730,True
611432,True
607325,True
611262,True
602919,True
604997,True
611435,True
608333,True
608334,True
611402,True
610285,True
610746,True
614516,True
611428,True
616823,True
604803,True
607375,True
191350,True
616467,True
179780,True
609925,True
609926,True
601670,True
601671,True
601672,True
603527,True
603456,True
608959,True
611075,True
618391,True
613210,True
603503,True
603564,True
605951,True
608209,True
606818,True
102720,True
126141,True
610537,True
606819,True
608258,True
614445,True
608408,True
614125,True
611111,True
611165,True
125597,True
613892,True
613893,True
613894,True
613895,True
612032,True
612779,True
613326,True
602463,True
601168,True
608407,True
608383,True
620580,True
601482,True
616387,True
610776,True
613360,True
602289,True
612682,True
615288,True
611088,True
618758,True
605178,True
186975,True
618769,True
619617,True
612477,True
126449,True
126450,True
126451,True
126452,True
126453,True
603952,True
602986,True
606701,True
608828,True
300052,True
125643,True
125645,True
600271,True
602523,True
611782,True
613203,True
604829,True
613396,True
605942,True
611125,True
125670,True
125671,True
169615,True
607892,True
609175,True
125647,True
125485,True
113810,True
609114,True
612666,True
610996,True
616979,True
610617,True
601239,True
602415,True
607145,True
621116,True
621117,True
602582,True
613141,True
613142,True
613143,True
616110,True
188345,True
616619,True
606758,True
606759,True
612771,True
612772,True
621087,True
609707,True
621104,True
600714,True
608867,True
603092,True
604835,True
613191,True
606618,True
616776,True
607175,True
611446,True
611437,True
603068,True
300678,True
616778,True
618361,True
618368,True
618574,True
600183,True
602747,True
603069,True
602748,True
602749,True
602038,True
300134,True
601266,True
606009,True
611168,True
618698,True
601365,True
602151,True
601368,True
605996,True
615154,True
607461,True
619421,True
600112,True
603772,True
603331,True
615890,True
611406,True
603297,True
615462,True
613363,True
617083,True
601562,True
608942,True
607167,True
607168,True
601554,True
186977,True
617353,True
300302,True
611713,True
619994,True
600855,True
604556,True
603496,True
603497,True
609181,True
603009,True
618510,True
620905,True
608671,True
617570,True
608672,True
189971,True
600426,True
600427,True
600659,True
600967,True
602944,True
612046,True
612047,True
603022,True
608315,True
607659,True
609486,True
612799,True
605772,True
164343,True
609934,True
607407,True
609935,True
605816,True
613249,True
613250,True
614443,True
300205,True
617335,True
616464,True
600423,True
610145,True
605896,True
600696,True
612136,True
620724,True
620756,True
602292,True
600305,True
608024,True
602201,True
603479,True
616694,True
611752,True
615736,True
608388,True
600586,True
300451,True
300276,True
604095,True
606603,True
609842,True
606030,True
611580,True
611582,True
607673,True
610302,True
610214,True
605107,True
606018,True
131240,True
131241,True
131242,True
131243,True
131244,True
620463,True
605070,True
605984,True
130590,True
602959,True
617793,True
617794,True
615258,True
600655,True
130592,True
609206,True
130593,True
130610,True
606968,True
615263,True
607695,True
610891,True
617192,True
619559,True
619567,True
619664,True
617632,True
618520,True
601548,True
604633,True
608815,True
300817,True
611617,True
616450,True
617538,True
191164,True
602756,True
601381,True
601380,True
601535,True
300035,True
600527,True
602297,True
611798,True
616797,True
609906,True
603892,True
131530,True
300239,True
608582,True
609897,True
617683,True
131550,True
606425,True
606424,True
606426,True
611662,True
128990,True
129010,True
602419,True
128992,True
609922,True
619583,True
605888,True
605890,True
605891,True
605892,True
605439,True
607037,True
607001,True
604599,True
605170,True
605894,True
609773,True
617355,True
612986,True
619901,True
618473,True
300186,True
400014,True
609234,True
613635,True
176871,True
604032,True
609280,True
606686,True
606454,True
606273,True
606687,True
603945,True
613709,True
603907,True
603908,True
300161,True
602039,True
603917,True
603916,True
603915,True
602210,True
603914,True
603913,True
603912,True
603911,True
603910,True
609596,True
619197,True
609641,True
602641,True
601102,True
608546,True
603928,True
133440,True
605895,True
609896,True
602223,True
602224,True
603483,True
607445,True
600495,True
602325,True
603929,True
603431,True
601710,True
600187,True
605782,True
606086,True
602912,True
608998,True
608079,True
605367,True
130130,True
611298,True
614048,True
603466,True
601673,True
603458,True
168360,True
618217,True
189973,True
619798,True
602191,True
300775,True
605169,True
614964,True
620223,True
311040,True
600247,True
600246,True
600284,True
601874,True
609885,True
606420,True
606421,True
606422,True
615456,True
610196,True
615427,True
130160,True
600786,True
609522,True
600787,True
600788,True
619818,True
611813,True
611814,True
611815,True
605512,True
611805,True
611546,True
614451,True
603722,True
616054,True
612722,True
606985,True
615019,True
615020,True
607443,True
615669,True
616846,True
614545,True
607722,True
620273,True
616245,True
620261,True
620631,True
604886,True
621496,True
608350,True
300384,True
610885,True
610886,True
611531,True
608926,True
130660,True
608928,True
608929,True
602033,True
617494,True
618118,True
607442,True
618119,True
621084,True
602333,True
602334,True
602335,True
618575,True
608574,True
600034,True
600035,True
607637,True
131290,True
131310,True
609061,True
606585,True
605173,True
619568,True
600440,True
606720,True
619821,True
131195,True
611898,True
618556,True
621119,True
611025,True
172430,True
131360,True
131370,True
131375,True
607427,True
610914,True
300282,True
138297,True
173335,True
601060,True
602182,True
617000,True
617001,True
616983,True
616997,True
603061,True
601752,True
602012,True
603161,True
607577,True
603162,True
603160,True
616753,True
616748,True
618289,True
607710,True
620052,True
619447,True
619015,True
614789,True
300954,True
604615,True
602700,True
606265,True
603349,True
130500,True
602879,True
603237,True
605331,True
612141,True
610340,True
611730,True
177070,True
610999,True
611000,True
185535,True
621445,True
619734,True
615068,True
618717,True
179610,True
611123,True
176946,True
179611,True
602188,True
600004,True
600066,True
602190,True
176945,True
600600,True
600997,True
601839,True
600011,True
602757,True
132810,True
132811,True
617400,True
617401,True
607566,True
607911,True
607262,True
607263,True
607264,True
133170,True
617795,True
133171,True
609031,True
607553,True
138295,True
600051,True
616826,True
600206,True
614987,True
614988,True
614989,True
607441,True
131399,True
601657,True
617653,True
607435,True
606832,True
609497,True
300437,True
164870,True
190151,True
600543,True
606944,True
607127,True
617250,True
126380,True
126340,True
133510,True
133520,True
133530,True
609413,True
300687,True
615667,True
609412,True
602061,True
611888,True
615099,True
165080,True
604576,True
617946,True
612236,True
616971,True
601191,True
608739,True
609917,True
621290,True
620858,True
620866,True
620895,True
611229,True
611604,True
611605,True
620531,True
609017,True
615532,True
610072,True
611156,True
604033,True
604034,True
615435,True
615437,True
610642,True
602287,True
609170,True
608069,True
131170,True
610524,True
604659,True
614281,True
609674,True
609353,True
133280,True
618765,True
601521,True
604143,True
606351,True
619974,True
133430,True
601663,True
611473,True
612959,True
612960,True
601998,True
602167,True
602969,True
601755,True
300154,True
616670,True
616691,True
616692,True
613196,True
600285,True
608053,True
130410,True
615256,True
231675,True
608451,True
609858,True
609859,True
614682,True
164720,True
164740,True
600541,True
609358,True
164873,True
621105,True
600711,True
601600,True
600618,True
605255,True
618990,True
604831,True
607261,True
158380,True
158381,True
602942,True
616912,True
601590,True
142996,True
142991,True
616492,True
133450,True
616940,True
620859,True
606063,True
618601,True
607879,True
615329,True
608186,True
614117,True
616927,True
621085,True
608185,True
604469,True
609672,True
607880,True
608163,True
615283,True
604051,True
606493,True
605960,True
602238,True
606489,True
606491,True
606492,True
606490,True
606488,True
606019,True
606180,True
612878,True
608177,True
608210,True
601738,True
602411,True
605744,True
601653,True
601654,True
601655,True
603550,True
612424,True
601674,True
601573,True
301036,True
123900,True
613872,True
264900,True
605721,True
610619,True
134570,True
134580,True
176930,True
187930,True
600933,True
601919,True
602779,True
134390,True
612309,True
613878,True
300841,True
305423,True
300746,True
611026,True
602935,True
300654,True
611301,True
615183,True
610884,True
134650,True
618923,True
134640,True
134651,True
600434,True
605168,True
600422,True
602965,True
620856,True
602457,True
606148,True
606149,True
606150,True
620577,True
604460,True
616935,True
613871,True
616320,True
621513,True
621514,True
617535,True
604306,True
616092,True
608295,True
611393,True
611394,True
611395,True
621327,True
615292,True
615584,True
612265,True
612266,True
300741,True
618403,True
619282,True
621534,True
613299,True
613300,True
609371,True
618413,True
613596,True
608017,True
611727,True
610085,True
616316,True
620078,True
615769,True
618401,True
621213,True
620309,True
621536,True
619181,True
619945,True
620037,True
615813,True
619992,True
611062,True
611063,True
611061,True
621598,True
621663,True
616628,True
617838,True
616623,True
614554,True
300492,True
608617,True
608618,True
608619,True
301067,True
300453,True
614686,True
617229,True
617289,True
609372,True
621329,True
616122,True
616123,True
616124,True
616128,True
618409,True
613041,True
613047,True
613048,True
613049,True
613050,True
613051,True
613052,True
613053,True
613054,True
613042,True
613043,True
613044,True
613045,True
613046,True
300477,True
300478,True
300479,True
613534,True
607139,True
300515,True
613899,True
613984,True
621082,True
613976,True
613897,True
602956,True
611360,True
608111,True
609644,True
611640,True
600403,True
616107,True
616156,True
602654,True
617586,True
611592,True
602918,True
609690,True
134637,True
134638,True
600212,True
606965,True
617529,True
612322,True
617530,True
614272,True
600976,True
604269,True
612483,True
612411,True
300450,True
134690,True
619853,True
616807,True
607222,True
134795,True
607747,True
135820,True
135821,True
604580,True
611551,True
134797,True
612570,True
608529,True
611570,True
603027,True
608601,True
620123,True
609079,True
609080,True
609081,True
610287,True
609082,True
609083,True
609084,True
609085,True
605652,True
609086,True
609088,True
605653,True
605654,True
605655,True
609076,True
605656,True
609077,True
609092,True
607871,True
609093,True
608519,True
609094,True
607112,True
609095,True
609096,True
609097,True
609098,True
609099,True
609100,True
609089,True
609101,True
609102,True
606604,True
609103,True
609104,True
609105,True
608533,True
609106,True
609090,True
609107,True
609108,True
609109,True
609110,True
609111,True
609112,True
609117,True
609498,True
620549,True
606013,True
605647,True
605648,True
605649,True
609091,True
611679,True
604596,True
605651,True
609075,True
609071,True
608071,True
609072,True
606278,True
609073,True
609074,True
605484,True
147045,True
147140,True
147139,True
151445,True
617553,True
146760,True
146790,True
604590,True
612169,True
146740,True
610665,True
601437,True
613437,True
613438,True
617555,True
617556,True
606015,True
601252,True
601624,True
604973,True
606508,True
606509,True
606510,True
605876,True
605877,True
613562,True
606891,True
609251,True
608675,True
607241,True
184420,True
134629,True
103260,True
614585,True
103270,True
612386,True
613538,True
613539,True
608767,True
600393,True
614975,True
176942,True
620883,True
620884,True
617578,True
607900,True
607746,True
607901,True
616082,True
190030,True
605954,True
607150,True
604825,True
604826,True
613301,True
607414,True
603820,True
603823,True
603821,True
609044,True
134820,True
134830,True
300546,True
605091,True
617554,True
611104,True
614788,True
613520,True
131220,True
602115,True
601514,True
601513,True
300070,True
301087,True
601515,True
300827,True
603725,True
603726,True
603891,True
134920,True
605558,True
609436,True
605831,True
605380,True
164950,True
164980,True
165190,True
134921,True
148180,True
600483,True
600921,True
607737,True
607713,True
620879,True
136350,True
608858,True
176943,True
134934,True
134935,True
605830,True
134850,True
611370,True
605776,True
605351,True
164940,True
136850,True
620889,True
620268,True
620229,True
617312,True
620230,True
601153,True
300163,True
602633,True
602790,True
605126,True
606881,True
609691,True
613357,True
617085,True
608296,True
620875,True
609390,True
608697,True
605295,True
615383,True
620503,True
607307,True
612993,True
621322,True
618911,True
607686,True
300999,True
621430,True
609003,True
612028,True
612029,True
609133,True
612206,True
607063,True
610571,True
614505,True
617398,True
186945,True
600620,True
186946,True
186947,True
600611,True
602623,True
604839,True
607062,True
604840,True
616257,True
617076,True
606596,True
607440,True
619796,True
610595,True
607273,True
135940,True
616284,True
193067,True
600362,True
605160,True
300017,True
603381,True
102565,True
606998,True
131560,True
604806,True
604807,True
604808,True
165070,True
136351,True
600007,True
136352,True
609144,True
610864,True
610865,True
620431,True
620766,True
136535,True
606373,True
604656,True
616285,True
616288,True
136130,True
603955,True
136132,True
136131,True
603957,True
600245,True
309550,True
300805,True
135600,True
608425,True
611683,True
606191,True
608848,True
615265,True
609991,True
615794,True
611909,True
611905,True
611906,True
621579,True
610594,True
612768,True
134635,True
134636,True
614606,True
600934,True
609020,True
136430,True
136425,True
602469,True
164810,True
164772,True
136515,True
601575,True
602294,True
600288,True
602295,True
619961,True
619962,True
601090,True
602402,True
615976,True
601091,True
602211,True
611539,True
601092,True
611084,True
611086,True
611085,True
602617,True
601094,True
601089,True
603250,True
164874,True
603621,True
601093,True
617202,True
612351,True
602291,True
619162,True
616035,True
616302,True
147685,True
603252,True
605597,True
602341,True
600838,True
143089,True
602628,True
609429,True
136533,True
602681,True
620471,True
300033,True
611457,True
605515,True
605317,True
300292,True
608924,True
612788,True
615755,True
300949,True
613622,True
613777,True
602939,True
136510,True
603609,True
136537,True
136538,True
136539,True
136620,True
608866,True
600651,True
136580,True
607830,True
602503,True
605006,True
608944,True
608945,True
608946,True
601278,True
609032,True
606573,True
607619,True
616305,True
617467,True
616309,True
614555,True
300628,True
618337,True
616919,True
613323,True
301005,True
300838,True
611578,True
604574,True
607743,True
607744,True
614818,True
620798,True
605083,True
616306,True
611779,True
602689,True
607643,True
615800,True
609828,True
609829,True
136530,True
136435,True
615795,True
615796,True
136470,True
605547,True
605343,True
620128,True
606806,True
614308,True
134770,True
300308,True
134790,True
608847,True
610966,True
300499,True
618411,True
300936,True
603444,True
603536,True
612280,True
136820,True
300871,True
301042,True
617725,True
136950,True
137070,True
211100,True
182100,True
111100,True
104230,True
136835,True
136836,True
602030,True
602589,True
606865,True
610622,True
606829,True
600819,True
605339,True
602359,True
601814,True
604996,True
616926,True
606669,True
606683,True
606684,True
602731,True
618478,True
607182,True
137025,True
616933,True
603408,True
606147,True
600667,True
606143,True
604579,True
601723,True
603409,True
603410,True
606146,True
601766,True
603619,True
614447,True
611299,True
608431,True
620020,True
613742,True
608058,True
611045,True
305900,True
606800,True
604439,True
606203,True
300482,True
605125,True
607420,True
607452,True
603540,True
607340,True
600609,True
600610,True
621284,True
137160,True
137140,True
305660,True
137141,True
137142,True
137143,True
137190,True
600232,True
137192,True
137163,True
300093,True
137166,True
137164,True
600233,True
602729,True
300349,True
137161,True
137162,True
618668,True
616131,True
616132,True
605363,True
138275,True
126335,True
604948,True
604949,True
605162,True
615601,True
300594,True
300737,True
300727,True
300728,True
300729,True
300730,True
300731,True
300732,True
300637,True
300733,True
300734,True
300720,True
300726,True
300595,True
300735,True
300736,True
300638,True
602052,True
137035,True
602300,True
608237,True
608234,True
608235,True
606890,True
606953,True
604313,True
137028,True
137030,True
612222,True
602273,True
608043,True
615130,True
610290,True
608369,True
608225,True
615131,True
615132,True
615137,True
615136,True
602274,True
601756,True
603565,True
615129,True
605148,True
605005,True
606250,True
606251,True
615133,True
615138,True
611178,True
600377,True
603691,True
603692,True
606999,True
601240,True
605379,True
104160,True
104180,True
162060,True
138400,True
609169,True
620440,True
611714,True
606468,True
617998,True
617999,True
619904,True
619905,True
619898,True
619883,True
619852,True
619890,True
621103,True
619335,True
600287,True
138440,True
139185,True
602835,True
602128,True
611398,True
617224,True
608280,True
600441,True
603127,True
605179,True
620413,True
137250,True
305371,True
137295,True
621229,True
131320,True
600576,True
611496,True
601656,True
614518,True
614997,True
614998,True
603645,True
617210,True
621361,True
601659,True
602360,True
606463,True
609471,True
606619,True
607839,True
603698,True
606074,True
600411,True
600412,True
600413,True
612466,True
611467,True
612467,True
612468,True
603354,True
601135,True
139200,True
607030,True
607422,True
607418,True
612711,True
608801,True
189901,True
138030,True
138033,True
600225,True
602437,True
138079,True
600842,True
606857,True
601176,True
603715,True
603716,True
605614,True
300369,True
600391,True
600429,True
606836,True
616782,True
607792,True
238330,True
139260,True
606598,True
618128,True
605943,True
602880,True
601361,True
603936,True
605312,True
605120,True
606522,True
601146,True
601147,True
604651,True
601918,True
300104,True
600767,True
600837,True
616317,True
300940,True
616318,True
609632,True
619240,True
600164,True
602595,True
606969,True
607005,True
607006,True
607419,True
300962,True
612449,True
602915,True
601913,True
612056,True
137780,True
600924,True
600871,True
604383,True
606639,True
606544,True
619932,True
619933,True
138292,True
603865,True
601496,True
601956,True
605710,True
618679,True
617837,True
137020,True
618696,True
606004,True
606005,True
606006,True
613378,True
137170,True
137167,True
601509,True
609966,True
612275,True
606982,True
612346,True
137181,True
137168,True
612341,True
612342,True
104175,True
612338,True
612339,True
612340,True
139250,True
139240,True
608587,True
619888,True
619205,True
600946,True
139190,True
139191,True
605353,True
618445,True
601898,True
617699,True
611625,True
612064,True
612003,True
608084,True
608085,True
608087,True
608086,True
616960,True
616961,True
616962,True
621508,True
610608,True
610609,True
610610,True
610611,True
137240,True
605072,True
619089,True
608792,True
137241,True
621353,True
608434,True
608564,True
121014,True
611924,True
121015,True
121012,True
121013,True
600897,True
611923,True
304040,True
121011,True
603324,True
605425,True
604493,True
604418,True
611921,True
608655,True
608803,True
611925,True
607058,True
607425,True
611922,True
300474,True
600148,True
600149,True
620801,True
611356,True
606402,True
618589,True
300644,True
611458,True
614283,True
612134,True
238300,True
608603,True
603371,True
600753,True
165220,True
165230,True
165240,True
165280,True
621292,True
602692,True
610395,True
610394,True
607141,True
610378,True
608539,True
610192,True
601749,True
619958,True
138750,True
620650,True
301112,True
138032,True
603659,True
138491,True
305990,True
600421,True
138492,True
600443,True
606820,True
612754,True
609588,True
138280,True
606365,True
613699,True
618399,True
621592,True
608949,True
620824,True
138130,True
300144,True
138290,True
607424,True
614761,True
614762,True
614763,True
610516,True
610660,True
613109,True
618627,True
618629,True
602884,True
604409,True
607451,True
601713,True
604104,True
609694,True
602370,True
614448,True
602842,True
615495,True
615320,True
139265,True
610781,True
600358,True
139313,True
604394,True
604406,True
604397,True
139314,True
139310,True
139360,True
139370,True
139312,True
139311,True
600998,True
139320,True
610540,True
139330,True
139340,True
139395,True
139160,True
139380,True
610778,True
139390,True
139130,True
610863,True
604447,True
603824,True
604389,True
604390,True
615405,True
615406,True
607298,True
606981,True
608941,True
604388,True
600874,True
604430,True
189970,True
139391,True
143024,True
609365,True
608011,True
300873,True
188855,True
606628,True
602744,True
601798,True
613222,True
616510,True
607840,True
607838,True
152760,True
602352,True
138850,True
607664,True
602502,True
602580,True
602581,True
602509,True
606918,True
610288,True
609453,True
614189,True
616180,True
609619,True
602500,True
606805,True
606804,True
612207,True
612208,True
620633,True
615078,True
610393,True
617436,True
606845,True
607983,True
606867,True
608693,True
604026,True
604027,True
138180,True
138150,True
606672,True
138720,True
602977,True
173511,True
605546,True
173515,True
602171,True
603048,True
602395,True
142610,True
616431,True
610958,True
608143,True
621554,True
621183,True
616836,True
617486,True
614396,True
610147,True
608412,True
600395,True
618446,True
300037,True
300168,True
602446,True
604404,True
614124,True
138420,True
611778,True
138430,True
601805,True
609651,True
609652,True
603930,True
612821,True
612806,True
172400,True
612757,True
301003,True
602515,True
601275,True
300051,True
611479,True
621544,True
621545,True
604368,True
300393,True
618490,True
618491,True
300513,True
600752,True
606167,True
607970,True
604658,True
618448,True
609045,True
609046,True
300808,True
621173,True
601166,True
618487,True
614269,True
620855,True
610464,True
620860,True
614573,True
617775,True
621509,True
612250,True
603071,True
618925,True
300253,True
300903,True
612183,True
614515,True
602042,True
607787,True
605741,True
602927,True
601908,True
601909,True
601910,True
602174,True
604847,True
605187,True
600241,True
602043,True
603195,True
610118,True
300241,True
602646,True
602583,True
617630,True
602886,True
600551,True
603822,True
604838,True
300207,True
604106,True
604107,True
600553,True
606916,True
606917,True
606915,True
604620,True
601404,True
606704,True
606921,True
300748,True
605569,True
606383,True
605188,True
606379,True
607468,True
300417,True
300969,True
300921,True
604138,True
605948,True
605949,True
607437,True
613572,True
611239,True
611240,True
611241,True
601934,True
601935,True
609491,True
609245,True
618558,True
138200,True
138210,True
138320,True
138319,True
138321,True
138322,True
603435,True
607913,True
615784,True
617172,True
620178,True
620179,True
620180,True
620181,True
620182,True
613691,True
604330,True
604518,True
601523,True
601524,True
108355,True
601522,True
611736,True
617782,True
603054,True
608832,True
621298,True
609786,True
608576,True
608317,True
604296,True
138248,True
138247,True
305915,True
138246,True
610659,True
602368,True
610639,True
619187,True
138245,True
138244,True
138243,True
600282,True
600283,True
138249,True
138253,True
138252,True
138254,True
602717,True
606650,True
606651,True
138251,True
604597,True
621438,True
300408,True
180381,True
109635,True
109636,True
137026,True
600870,True
600869,True
606987,True
604473,True
604099,True
601115,True
604100,True
604102,True
604096,True
604101,True
601116,True
138945,True
137260,True
606173,True
618545,True
305670,True
604851,True
620890,True
610597,True
613283,True
615762,True
613552,True
138890,True
601845,True
611218,True
611221,True
608384,True
617042,True
608798,True
616886,True
617161,True
606784,True
605004,True
616605,True
137350,True
139259,True
300418,True
138300,True
601002,True
138359,True
138360,True
605449,True
605450,True
607605,True
615912,True
602321,True
138350,True
138380,True
138390,True
138333,True
138385,True
605482,True
612314,True
134660,True
600436,True
600437,True
603758,True
616542,True
616253,True
600520,True
605358,True
600519,True
189963,True
189962,True
189964,True
189968,True
189969,True
189972,True
601748,True
601750,True
601760,True
608780,True
601679,True
604318,True
608899,True
608900,True
600860,True
603246,True
604883,True
604888,True
604892,True
604890,True
611784,True
602245,True
610920,True
607434,True
608536,True
619169,True
300124,True
621553,True
607477,True
617484,True
600364,True
602275,True
605128,True
139392,True
601271,True
619171,True
139396,True
601244,True
139397,True
601330,True
600179,True
300041,True
617064,True
139270,True
608165,True
611499,True
613321,True
613322,True
603942,True
300198,True
617922,True
617923,True
110750,True
138590,True
138570,True
138571,True
613842,True
140050,True
123910,True
116831,True
600784,True
600311,True
142708,True
142709,True
602785,True
142710,True
142210,True
142220,True
142711,True
142712,True
618565,True
103280,True
616186,True
301037,True
301038,True
300445,True
613499,True
615012,True
615013,True
602787,True
602791,True
602788,True
602793,True
602796,True
142720,True
602797,True
615014,True
615015,True
602795,True
602794,True
602792,True
602786,True
601772,True
142763,True
620008,True
609904,True
602807,True
615044,True
615045,True
602800,True
602802,True
602801,True
602808,True
601831,True
615046,True
602803,True
602847,True
602799,True
602805,True
602804,True
602798,True
602806,True
300507,True
601128,True
601058,True
602820,True
616134,True
602810,True
602818,True
602814,True
602817,True
142780,True
602819,True
602812,True
602811,True
602813,True
602816,True
602815,True
602822,True
602826,True
602825,True
602831,True
142750,True
615069,True
602829,True
602827,True
602823,True
602830,True
602824,True
602832,True
602828,True
602833,True
138090,True
604521,True
603924,True
617369,True
610467,True
615939,True
615940,True
615941,True
610876,True
604300,True
605770,True
601609,True
600890,True
143450,True
138760,True
618209,True
609457,True
606464,True
602406,True
602407,True
617240,True
605023,True
605176,True
600947,True
115435,True
619726,True
619710,True
621638,True
301145,True
610556,True
610557,True
615086,True
142810,True
600783,True
601463,True
601636,True
614353,True
602428,True
609240,True
603053,True
608775,True
613429,True
613430,True
613431,True
613432,True
613433,True
300540,True
613434,True
606518,True
606652,True
605998,True
141800,True
141850,True
141900,True
152424,True
142000,True
142100,True
126150,True
142200,True
142250,True
609639,True
616714,True
142240,True
612450,True
142310,True
606923,True
609163,True
606039,True
615613,True
300056,True
300019,True
618818,True
607926,True
613918,True
615797,True
142370,True
601306,True
602780,True
602781,True
609973,True
605206,True
604676,True
602358,True
602392,True
602393,True
604089,True
601241,True
608544,True
607226,True
605164,True
605166,True
605314,True
605315,True
300272,True
606542,True
300269,True
606543,True
142704,True
621497,True
600339,True
617884,True
616643,True
142695,True
300994,True
620390,True
614951,True
619627,True
605826,True
605825,True
607977,True
618649,True
620876,True
618638,True
620209,True
610384,True
617245,True
614182,True
618615,True
614539,True
603946,True
606769,True
617546,True
606699,True
611265,True
610715,True
618609,True
614553,True
612178,True
611642,True
614133,True
300167,True
618455,True
611641,True
605109,True
605837,True
605200,True
609248,True
608242,True
609249,True
608070,True
620829,True
139605,True
609970,True
609971,True
608060,True
607348,True
610331,True
608059,True
601802,True
606869,True
606873,True
616864,True
607328,True
615695,True
602953,True
604674,True
609034,True
613609,True
615684,True
607474,True
142409,True
604552,True
620684,True
604375,True
610453,True
605743,True
608116,True
604420,True
606178,True
620214,True
604109,True
604371,True
608475,True
610690,True
603825,True
607712,True
605752,True
603348,True
614528,True
614529,True
606615,True
609976,True
618623,True
620420,True
620803,True
620788,True
614908,True
617905,True
607099,True
601314,True
609997,True
609998,True
601767,True
605613,True
608003,True
606868,True
604424,True
611712,True
600237,True
603365,True
194540,True
143054,True
606649,True
612667,True
608374,True
142600,True
601125,True
142570,True
617221,True
142800,True
142830,True
142840,True
142855,True
142856,True
142930,True
600629,True
142880,True
142858,True
146880,True
613503,True
604305,True
615161,True
142860,True
142857,True
604776,True
143010,True
143110,True
142871,True
609018,True
142385,True
603257,True
142995,True
607106,True
618610,True
609806,True
618288,True
608548,True
621107,True
605534,True
605535,True
600701,True
600698,True
163905,True
163906,True
300193,True
617285,True
613898,True
619050,True
142910,True
142940,True
600234,True
163920,True
163910,True
604502,True
300385,True
619800,True
604702,True
609961,True
600936,True
141250,True
141251,True
612086,True
142992,True
600647,True
613380,True
142410,True
189907,True
600281,True
605966,True
605238,True
609409,True
164017,True
600124,True
605372,True
602688,True
164020,True
601324,True
607137,True
601037,True
601035,True
300610,True
602324,True
600712,True
603083,True
611208,True
160994,True
607201,True
602869,True
605800,True
613597,True
604798,True
604799,True
604800,True
608119,True
607820,True
607824,True
607825,True
607275,True
609824,True
618842,True
611400,True
614060,True
616068,True
618706,True
142955,True
142957,True
142958,True
607530,True
142959,True
604685,True
142954,True
142953,True
142952,True
142951,True
142950,True
142956,True
618066,True
142968,True
604607,True
142967,True
142966,True
142965,True
142960,True
142961,True
142962,True
142963,True
142964,True
605560,True
605559,True
142975,True
142976,True
142974,True
142973,True
142972,True
142970,True
142971,True
142987,True
142984,True
142986,True
142988,True
142989,True
142980,True
142981,True
142985,True
142982,True
140100,True
616072,True
616837,True
142622,True
600207,True
619211,True
609695,True
618994,True
616614,True
601688,True
602598,True
142440,True
140210,True
308000,True
604982,True
606118,True
606682,True
607521,True
607522,True
604724,True
613469,True
142290,True
602302,True
190020,True
142705,True
621339,True
142640,True
600167,True
142703,True
604525,True
606792,True
603447,True
616293,True
618611,True
619257,True
609359,True
604844,True
603244,True
604056,True
604057,True
604058,True
604059,True
609407,True
619210,True
604846,True
300545,True
609401,True
621316,True
604553,True
608142,True
600713,True
614232,True
109684,True
300256,True
612831,True
609574,True
612127,True
612832,True
109685,True
605573,True
601860,True
606623,True
606756,True
601417,True
109715,True
613890,True
607764,True
619067,True
140580,True
140581,True
604554,True
602438,True
620843,True
301151,True
400029,True
400053,True
608349,True
140571,True
140572,True
191175,True
610701,True
610702,True
601100,True
610369,True
140550,True
603012,True
140559,True
140560,True
601113,True
619077,True
138120,True
140555,True
600816,True
600548,True
602195,True
602179,True
604624,True
610695,True
610692,True
608014,True
608344,True
608263,True
612939,True
118190,True
600141,True
142461,True
610703,True
605628,True
300346,True
620769,True
142701,True
142702,True
109760,True
182131,True
182133,True
182132,True
182134,True
182135,True
601122,True
312861,True
182139,True
604654,True
610121,True
610122,True
610123,True
602164,True
601305,True
601109,True
182137,True
602194,True
606441,True
608785,True
610700,True
613004,True
612210,True
606532,True
603760,True
609713,True
300697,True
611227,True
607071,True
603551,True
604038,True
604510,True
610531,True
610812,True
619128,True
614681,True
610693,True
606546,True
601746,True
612784,True
147940,True
600709,True
612801,True
615316,True
147563,True
606457,True
147625,True
621083,True
147840,True
146630,True
146631,True
614088,True
601852,True
617958,True
610835,True
605851,True
604558,True
605717,True
600349,True
600386,True
600277,True
600581,True
146680,True
147700,True
147650,True
601149,True
604526,True
300089,True
604055,True
615389,True
615391,True
611343,True
147435,True
612129,True
300823,True
252800,True
620036,True
602996,True
609382,True
607177,True
610495,True
147586,True
600009,True
611320,True
611319,True
604664,True
600735,True
610468,True
613975,True
147572,True
606951,True
147690,True
147040,True
604650,True
616135,True
604456,True
618293,True
605578,True
605579,True
614757,True
147660,True
147577,True
147578,True
147579,True
147580,True
147583,True
147562,True
147584,True
147564,True
147565,True
147566,True
147567,True
147568,True
107450,True
602376,True
147640,True
615223,True
147570,True
107470,True
147569,True
615326,True
607403,True
607401,True
607402,True
615090,True
607404,True
147553,True
603502,True
602725,True
606045,True
614620,True
607386,True
614394,True
620505,True
620841,True
615870,True
616787,True
614068,True
620506,True
617094,True
607380,True
617453,True
606621,True
620741,True
620742,True
608040,True
611177,True
605489,True
600595,True
619270,True
300139,True
604184,True
616810,True
147440,True
147370,True
147470,True
610146,True
608288,True
608289,True
608259,True
147280,True
601489,True
146730,True
146731,True
146732,True
146733,True
146734,True
146735,True
602867,True
610413,True
610544,True
610545,True
610546,True
610547,True
614143,True
617309,True
146910,True
147010,True
147070,True
146900,True
147000,True
147170,True
611937,True
147180,True
147100,True
147110,True
147120,True
147130,True
147020,True
600502,True
611939,True
147200,True
146780,True
147220,True
146770,True
618861,True
300137,True
617351,True
608351,True
603491,True
610638,True
606222,True
606644,True
609738,True
613773,True
600726,True
619190,True
600549,True
609861,True
603258,True
605048,True
300248,True
603023,True
606234,True
606221,True
606239,True
606238,True
124092,True
146933,True
123889,True
147681,True
600939,True
161560,True
161561,True
601604,True
601642,True
147683,True
300119,True
300130,True
600554,True
601070,True
603035,True
603149,True
604627,True
604628,True
607587,True
606496,True
605461,True
605458,True
610925,True
606807,True
614995,True
613414,True
600953,True
604113,True
604494,True
604509,True
605687,True
147760,True
147720,True
615296,True
147810,True
147811,True
602626,True
300206,True
300277,True
601203,True
604512,True
147679,True
147680,True
605619,True
605620,True
605621,True
605384,True
605383,True
605330,True
605457,True
606648,True
605580,True
607562,True
604136,True
605658,True
605679,True
608273,True
605350,True
147730,True
146710,True
308380,True
147740,True
609509,True
609510,True
606001,True
608678,True
612081,True
605509,True
605508,True
605542,True
605507,True
605510,True
308385,True
430000,True
147780,True
609742,True
147781,True
147850,True
147851,True
147620,True
147880,True
600694,True
146660,True
146661,True
146931,True
300007,True
609739,True
618081,True
603181,True
603182,True
602366,True
618909,True
612217,True
612323,True
605977,True
600378,True
612980,True
612981,True
602064,True
605922,True
615319,True
146690,True
146691,True
602870,True
607056,True
605338,True
618051,True
617374,True
604411,True
300164,True
300165,True
610982,True
601566,True
604215,True
607493,True
608524,True
608525,True
147380,True
147290,True
147390,True
601233,True
612031,True
613273,True
620426,True
620403,True
604854,True
610169,True
616456,True
619207,True
147263,True
600916,True
607494,True
600106,True
147264,True
601582,True
613037,True
609389,True
606481,True
607875,True
600829,True
176730,True
610668,True
602055,True
608660,True
146738,True
600910,True
606413,True
606414,True
600010,True
614027,True
147670,True
147671,True
617128,True
617129,True
611345,True
611353,True
611354,True
611355,True
615079,True
620878,True
621239,True
611346,True
611347,True
611348,True
611349,True
604331,True
611350,True
611351,True
611352,True
610621,True
243305,True
606991,True
606992,True
606993,True
619948,True
609851,True
610889,True
610411,True
602008,True
605586,True
605600,True
620893,True
147485,True
619043,True
601491,True
618942,True
609237,True
617631,True
621131,True
612523,True
611622,True
620160,True
603379,True
605401,True
621092,True
610166,True
300522,True
612118,True
620557,True
604673,True
602003,True
619212,True
300283,True
615375,True
603304,True
604459,True
606883,True
147582,True
147575,True
147576,True
615331,True
615332,True
611720,True
603734,True
601900,True
607218,True
607199,True
605047,True
601565,True
147574,True
620634,True
608212,True
621081,True
147545,True
600797,True
300904,True
606197,True
606198,True
610522,True
612985,True
606199,True
606195,True
606196,True
611006,True
615317,True
611911,True
147571,True
604533,True
611930,True
600366,True
609481,True
602059,True
614179,True
615793,True
612684,True
620805,True
612928,True
616434,True
612019,True
612764,True
611670,True
606409,True
611803,True
617421,True
192968,True
604042,True
604789,True
192974,True
607759,True
605025,True
192975,True
135620,True
147556,True
600536,True
604063,True
603963,True
602453,True
604682,True
153370,True
120980,True
193210,True
151510,True
135630,True
607153,True
300332,True
600065,True
173470,True
605494,True
147557,True
147561,True
147558,True
147559,True
604160,True
604234,True
147270,True
146640,True
146650,True
600564,True
609783,True
186973,True
609873,True
609874,True
300222,True
603904,True
609554,True
147520,True
601838,True
147521,True
147522,True
606476,True
147265,True
600144,True
147267,True
118990,True
620205,True
620821,True
621465,True
602442,True
604464,True
607036,True
147360,True
609209,True
612025,True
609278,True
615737,True
618895,True
618896,True
618897,True
610514,True
610515,True
300618,True
601920,True
602570,True
616012,True
147795,True
147796,True
600173,True
611195,True
611197,True
611198,True
606870,True
606871,True
609770,True
601594,True
606246,True
614398,True
147790,True
608657,True
617594,True
611176,True
604503,True
620928,True
604914,True
621306,True
604279,True
615323,True
615324,True
605266,True
605267,True
605268,True
619863,True
619242,True
619241,True
300832,True
603210,True
603211,True
608743,True
604671,True
165160,True
165161,True
165162,True
173325,True
608211,True
604605,True
607704,True
614610,True
614611,True
614612,True
612452,True
613833,True
615488,True
617742,True
301019,True
601421,True
618125,True
617501,True
602301,True
602303,True
601409,True
601408,True
605880,True
609880,True
609912,True
606696,True
614764,True
614697,True
602703,True
616235,True
616650,True
609208,True
618301,True
618794,True
613727,True
619393,True
617645,True
617738,True
617739,True
616607,True
614719,True
176260,True
602420,True
176262,True
176263,True
176266,True
176267,True
176257,True
176268,True
601141,True
601142,True
604111,True
600397,True
607738,True
176258,True
176256,True
176264,True
176265,True
300281,True
605410,True
605411,True
176261,True
603796,True
604433,True
607775,True
300328,True
603787,True
603788,True
605696,True
606767,True
607603,True
603305,True
152427,True
604527,True
604528,True
605716,True
608168,True
608169,True
608260,True
604660,True
604661,True
604662,True
608182,True
600359,True
602208,True
600937,True
602323,True
603208,True
603953,True
602106,True
605722,True
613236,True
600681,True
601534,True
600504,True
600734,True
600877,True
600935,True
600932,True
601745,True
605873,True
607366,True
607367,True
607368,True
607369,True
607370,True
613655,True
603219,True
603220,True
605720,True
603493,True
603939,True
603940,True
605874,True
600150,True
603951,True
605214,True
605222,True
605223,True
602982,True
605879,True
602983,True
602754,True
607542,True
610980,True
604115,True
602235,True
602232,True
603537,True
607357,True
607947,True
602905,True
602906,True
603888,True
608167,True
610044,True
615215,True
608164,True
607604,True
609344,True
613420,True
613421,True
609848,True
610521,True
608947,True
615240,True
613423,True
616386,True
619943,True
613422,True
615932,True
618790,True
613272,True
620638,True
611285,True
618791,True
611725,True
618442,True
617265,True
131235,True
609024,True
619900,True
616758,True
609132,True
613081,True
605657,True
609078,True
611512,True
609373,True
609764,True
609765,True
605469,True
609766,True
616581,True
180202,True
605393,True
314690,True
426000,True
300128,True
611577,True
619640,True
611917,True
191306,True
136440,True
606016,True
613883,True
603288,True
611996,True
611688,True
611687,True
619370,True
602489,True
610487,True
610421,True
614058,True
619579,True
603445,True
616696,True
621321,True
619237,True
609269,True
613535,True
619236,True
611675,True
610178,True
617112,True
617266,True
619709,True
621573,True
300995,True
617367,True
616480,True
613344,True
612297,True
617390,True
617420,True
615759,True
148760,True
611278,True
605433,True
607350,True
611279,True
617569,True
618171,True
605037,True
611271,True
614570,True
619610,True
601255,True
605995,True
603060,True
605664,True
605498,True
608283,True
608322,True
603213,True
605064,True
613747,True
603815,True
613231,True
614026,True
611253,True
602591,True
615142,True
604538,True
604683,True
603754,True
602845,True
300521,True
609184,True
602821,True
602809,True
604593,True
613919,True
611254,True
607910,True
601836,True
609367,True
603763,True
615216,True
604535,True
601720,True
604936,True
604938,True
604945,True
604955,True
604946,True
604947,True
610095,True
607428,True
607762,True
607761,True
603286,True
604161,True
164920,True
184745,True
615757,True
604824,True
611135,True
600025,True
611729,True
601334,True
620909,True
600599,True
601878,True
603301,True
607531,True
605328,True
609393,True
606465,True
606139,True
609602,True
621009,True
602016,True
609392,True
602253,True
602903,True
602053,True
604865,True
300286,True
602902,True
611281,True
615152,True
611280,True
611248,True
620518,True
620521,True
614503,True
613169,True
617375,True
605332,True
608778,True
619078,True
614522,True
300655,True
613772,True
300980,True
619262,True
619926,True
605774,True
617679,True
616262,True
618020,True
611295,True
619893,True
605775,True
610749,True
300348,True
615340,True
607701,True
618919,True
608064,True
614214,True
611119,True
611967,True
611201,True
147910,True
602673,True
604434,True
605539,True
605505,True
606135,True
610601,True
147960,True
176820,True
603767,True
605643,True
602652,True
604438,True
605644,True
605504,True
229000,True
612105,True
602890,True
161555,True
602891,True
602892,True
602893,True
602894,True
605029,True
618814,True
604874,True
611817,True
603538,True
159555,True
606834,True
606833,True
602113,True
608444,True
607240,True
610881,True
613198,True
611455,True
616237,True
612358,True
609173,True
621293,True
614718,True
607363,True
600686,True
600685,True
601892,True
602970,True
604545,True
610563,True
614107,True
602738,True
613260,True
615620,True
620920,True
300585,True
190070,True
621175,True
609898,True
609899,True
621355,True
604214,True
612817,True
139350,True
148080,True
601687,True
148065,True
148066,True
148030,True
148067,True
148069,True
148070,True
148020,True
600194,True
608218,True
606194,True
607742,True
616646,True
616675,True
616676,True
616677,True
148043,True
601077,True
602760,True
602761,True
602762,True
602763,True
602764,True
604540,True
604541,True
604542,True
616678,True
123940,True
616679,True
148040,True
148041,True
148042,True
612315,True
148059,True
608245,True
608246,True
608247,True
608248,True
609025,True
616671,True
611158,True
611159,True
611160,True
148060,True
611161,True
602153,True
601078,True
602765,True
602766,True
602767,True
601928,True
607606,True
608819,True
608820,True
608821,True
608822,True
600064,True
608718,True
618927,True
148022,True
148021,True
619029,True
619261,True
617212,True
601132,True
610737,True
600381,True
615178,True
605739,True
600547,True
610656,True
605197,True
308840,True
621222,True
609584,True
614811,True
608802,True
611865,True
618844,True
617135,True
613409,True
607360,True
608440,True
618921,True
602314,True
153337,True
300060,True
602992,True
602993,True
149750,True
150320,True
156225,True
600805,True
600133,True
601033,True
150240,True
150325,True
150310,True
616380,True
150290,True
150292,True
604349,True
153330,True
309060,True
605883,True
614641,True
613510,True
610389,True
603296,True
618834,True
608521,True
604155,True
612919,True
170250,True
618837,True
613296,True
601476,True
603590,True
609709,True
612059,True
620467,True
618657,True
616513,True
611300,True
612026,True
151350,True
604544,True
300964,True
602920,True
617544,True
618938,True
602354,True
605719,True
603473,True
604861,True
619622,True
618843,True
611763,True
621589,True
151990,True
600024,True
604255,True
607164,True
611408,True
606967,True
612603,True
612604,True
612605,True
612606,True
612607,True
612608,True
612609,True
612610,True
612611,True
612612,True
612613,True
612614,True
612615,True
612616,True
612617,True
612618,True
612619,True
153390,True
614241,True
610286,True
611246,True
151675,True
612904,True
612905,True
600181,True
609379,True
612902,True
612903,True
607698,True
611799,True
153430,True
601603,True
603202,True
617060,True
611304,True
613570,True
603451,True
603450,True
605906,True
150000,True
618928,True
150100,True
150150,True
607490,True
606945,True
617986,True
606571,True
605747,True
300402,True
611373,True
602882,True
153245,True
603037,True
601877,True
621590,True
613536,True
611042,True
610480,True
616312,True
607844,True
607377,True
616575,True
610507,True
164160,True
601007,True
613461,True
607338,True
604407,True
620380,True
619070,True
621297,True
618701,True
602576,True
150570,True
606096,True
608717,True
607260,True
150571,True
153619,True
600626,True
602518,True
600615,True
617139,True
606099,True
601879,True
617902,True
604619,True
608301,True
608302,True
608303,True
602620,True
606666,True
606667,True
606653,True
611470,True
152780,True
152790,True
300566,True
609718,True
609719,True
610240,True
609427,True
606710,True
617231,True
601999,True
603759,True
600577,True
602146,True
605992,True
608215,True
604425,True
606066,True
607031,True
159540,True
151443,True
126391,True
600940,True
601837,True
604810,True
604812,True
604818,True
607517,True
606047,True
604811,True
604815,True
604820,True
604821,True
604814,True
154045,True
608364,True
617750,True
604543,True
621443,True
609809,True
601329,True
601988,True
602567,True
607908,True
611043,True
611044,True
621287,True
621288,True
613367,True
603380,True
612331,True
612332,True
609375,True
618212,True
615173,True
611723,True
610259,True
614992,True
618518,True
609543,True
612296,True
617489,True
610485,True
620079,True
620059,True
620533,True
614635,True
619008,True
301147,True
617117,True
617079,True
621609,True
300892,True
620799,True
618335,True
620053,True
621279,True
621228,True
616385,True
615230,True
614977,True
614978,True
621647,True
618214,True
618208,True
617097,True
617038,True
617696,True
301143,True
618259,True
620525,True
620723,True
621189,True
617697,True
617979,True
614933,True
609791,True
609793,True
609792,True
609794,True
610350,True
613497,True
151670,True
151750,True
601980,True
603684,True
607365,True
609252,True
613921,True
613922,True
613923,True
613924,True
610284,True
617659,True
603795,True
610466,True
621464,True
600966,True
618483,True
616998,True
601567,True
609548,True
609551,True
609552,True
605522,True
610007,True
612625,True
619490,True
604859,True
611761,True
609380,True
150330,True
150340,True
150341,True
617254,True
186921,True
180385,True
180386,True
603129,True
604362,True
602715,True
608006,True
616112,True
605276,True
610989,True
619624,True
600298,True
602575,True
616328,True
151300,True
610236,True
609732,True
609733,True
615171,True
618507,True
616842,True
605490,True
617774,True
621631,True
621632,True
152445,True
153455,True
613072,True
153456,True
616800,True
606663,True
607163,True
607318,True
152200,True
602282,True
605110,True
605106,True
300086,True
606926,True
609239,True
610472,True
612040,True
611950,True
612039,True
610473,True
605518,True
605519,True
605520,True
609708,True
150205,True
600700,True
605390,True
604863,True
611234,True
609483,True
606453,True
610368,True
620165,True
612807,True
612808,True
612809,True
612810,True
612811,True
611289,True
616478,True
615354,True
608868,True
608869,True
608870,True
616103,True
615004,True
614537,True
107770,True
609921,True
618299,True
608766,True
600073,True
619020,True
603159,True
604270,True
603506,True
603507,True
602600,True
104225,True
607544,True
609193,True
608195,True
610846,True
619368,True
619327,True
618749,True
619002,True
619068,True
607180,True
620708,True
620672,True
607518,True
613505,True
617620,True
620925,True
137207,True
619037,True
616555,True
616556,True
616557,True
616558,True
615212,True
621503,True
618996,True
610486,True
618753,True
620896,True
621312,True
620927,True
619154,True
620497,True
608817,True
615218,True
615213,True
618227,True
614854,True
614453,True
608360,True
612888,True
612889,True
612890,True
612891,True
617791,True
603256,True
614043,True
620922,True
617957,True
610986,True
609007,True
619623,True
605492,True
619748,True
619706,True
610867,True
610868,True
610869,True
610870,True
610933,True
621359,True
612414,True
615167,True
603241,True
610780,True
615764,True
607281,True
617909,True
617910,True
611793,True
610677,True
620689,True
607282,True
607283,True
607284,True
607285,True
607286,True
607287,True
607288,True
621358,True
153432,True
616582,True
600909,True
109170,True
153440,True
151570,True
617428,True
600978,True
601531,True
605773,True
150390,True
602091,True
602090,True
604710,True
600979,True
246530,True
150210,True
151520,True
613083,True
607224,True
620074,True
618172,True
607782,True
613056,True
609434,True
618190,True
600616,True
616129,True
616130,True
601422,True
608178,True
300616,True
611050,True
610046,True
609305,True
606204,True
601384,True
610433,True
610434,True
610435,True
606038,True
611404,True
603625,True
615093,True
604524,True
605241,True
600684,True
605243,True
617684,True
621066,True
616547,True
151440,True
165120,True
606110,True
610450,True
609484,True
619618,True
613359,True
617067,True
605599,True
616143,True
616548,True
614709,True
621575,True
613311,True
615831,True
619332,True
606897,True
605702,True
153450,True
612748,True
612750,True
612751,True
610458,True
606568,True
600574,True
606551,True
610454,True
610484,True
619098,True
154540,True
601280,True
604357,True
612646,True
608271,True
616608,True
610301,True
610400,True
611567,True
610054,True
616141,True
602686,True
601467,True
618136,True
604094,True
102670,True
603584,True
606801,True
611368,True
177075,True
610210,True
610303,True
608968,True
604877,True
602020,True
600197,True
616264,True
159460,True
300016,True
300343,True
300344,True
300177,True
300173,True
300549,True
300174,True
300175,True
300176,True
300341,True
300342,True
300764,True
300097,True
300761,True
300762,True
300763,True
301064,True
300098,True
300152,True
300153,True
300466,True
300467,True
300223,True
300468,True
300469,True
300224,True
300470,True
300702,True
300765,True
300759,True
300760,True
609267,True
300548,True
605283,True
602625,True
606382,True
615943,True
602603,True
619552,True
300715,True
617267,True
617130,True
154235,True
188860,True
609684,True
607924,True
602022,True
617715,True
614624,True
604860,True
612879,True
617208,True
605424,True
607537,True
608991,True
300120,True
610349,True
604344,True
604345,True
604346,True
616772,True
154582,True
600988,True
609458,True
618899,True
154580,True
609489,True
612327,True
620919,True
601916,True
309850,True
309860,True
618551,True
600178,True
157129,True
601242,True
609604,True
620673,True
609605,True
607573,True
157130,True
176872,True
601263,True
602315,True
601335,True
602520,True
601254,True
603014,True
600982,True
600137,True
600050,True
600447,True
604915,True
604655,True
300820,True
609487,True
609479,True
614793,True
602539,True
602425,True
602448,True
604468,True
602614,True
611110,True
191195,True
600136,True
157132,True
601983,True
603166,True
604921,True
604666,True
604923,True
601783,True
610593,True
604108,True
621363,True
301121,True
300930,True
610070,True
619346,True
176948,True
602897,True
602898,True
602399,True
602899,True
600289,True
618616,True
617226,True
601795,True
176949,True
602904,True
602521,True
601158,True
604641,True
607755,True
605431,True
602896,True
610558,True
602006,True
602130,True
606723,True
616786,True
603108,True
605789,True
605788,True
157140,True
613331,True
613337,True
613338,True
613332,True
613333,True
608208,True
610637,True
613297,True
621661,True
613334,True
613335,True
613336,True
177061,True
602940,True
604870,True
614593,True
606511,True
600526,True
602678,True
606495,True
156560,True
609728,True
616970,True
610572,True
614094,True
165180,True
607235,True
600521,True
605102,True
612256,True
612257,True
612258,True
618002,True
608221,True
610550,True
601468,True
605527,True
619978,True
619896,True
600038,True
115437,True
602108,True
602109,True
603897,True
164015,True
614560,True
609676,True
154950,True
600999,True
160000,True
620914,True
156535,True
603547,True
603573,True
607963,True
607964,True
603574,True
611472,True
619458,True
609431,True
154545,True
620906,True
620907,True
606516,True
607327,True
300413,True
611732,True
611949,True
611940,True
606048,True
159430,True
618705,True
603355,True
300294,True
155555,True
607397,True
155540,True
155541,True
600042,True
155735,True
614479,True
159350,True
609010,True
609014,True
609624,True
608419,True
609565,True
311030,True
609499,True
619946,True
607788,True
601751,True
606111,True
614086,True
159552,True
609357,True
116945,True
602693,True
603294,True
602638,True
602696,True
601806,True
600592,True
608187,True
610098,True
610909,True
617545,True
605248,True
607399,True
607400,True
607117,True
616514,True
609504,True
616296,True
616297,True
300587,True
620406,True
614197,True
620702,True
616952,True
607593,True
604971,True
614511,True
609626,True
611128,True
154200,True
154100,True
162096,True
164785,True
602704,True
618200,True
621484,True
607305,True
154250,True
154270,True
604626,True
143170,True
611001,True
619331,True
165215,True
300005,True
608205,True
604311,True
612382,True
612383,True
300188,True
611318,True
603808,True
608771,True
300182,True
607372,True
604062,True
603810,True
612384,True
612385,True
612915,True
603800,True
185641,True
605042,True
607000,True
610197,True
605043,True
605044,True
610311,True
612914,True
610237,True
620492,True
605718,True
602984,True
605045,True
607956,True
609878,True
600660,True
600661,True
600662,True
600663,True
608107,True
605636,True
613648,True
612453,True
612454,True
604266,True
604267,True
604268,True
608797,True
618417,True
614174,True
616232,True
617670,True
616934,True
621203,True
601739,True
601740,True
619443,True
607025,True
155750,True
611786,True
613733,True
600147,True
600535,True
600388,True
600389,True
611478,True
605912,True
604705,True
607783,True
608689,True
605195,True
601029,True
607794,True
164860,True
610151,True
610267,True
601870,True
610998,True
616241,True
604466,True
617987,True
616504,True
618711,True
616091,True
615255,True
615257,True
615259,True
615261,True
615262,True
612546,True
618902,True
607846,True
612472,True
619626,True
618628,True
618903,True
609525,True
609388,True
611007,True
611008,True
611005,True
611009,True
600215,True
156790,True
600491,True
616523,True
600596,True
601103,True
614785,True
602281,True
605352,True
608506,True
608507,True
602577,True
606227,True
619976,True
620346,True
617745,True
614397,True
617845,True
613476,True
611124,True
616061,True
154360,True
619684,True
160995,True
602616,True
604621,True
604623,True
604561,True
607385,True
610310,True
601774,True
612441,True
609699,True
615076,True
156569,True
154870,True
607559,True
138330,True
601733,True
604564,True
616096,True
601340,True
602132,True
613455,True
611082,True
608677,True
611141,True
600169,True
607129,True
608881,True
608882,True
612355,True
619563,True
620912,True
602436,True
616574,True
616658,True
605084,True
610632,True
610633,True
300552,True
300961,True
300204,True
621074,True
606700,True
615497,True
615498,True
611802,True
616848,True
620092,True
620100,True
153620,True
612072,True
616773,True
616774,True
608772,True
621176,True
617975,True
618722,True
620407,True
618054,True
620215,True
618407,True
618408,True
611649,True
621315,True
609426,True
605391,True
615359,True
606774,True
154050,True
602241,True
606850,True
609326,True
610252,True
613186,True
615965,True
612511,True
612512,True
613187,True
613188,True
300811,True
300812,True
300792,True
612983,True
613189,True
610173,True
611576,True
620899,True
609582,True
611620,True
611621,True
617040,True
609327,True
614488,True
611191,True
610104,True
610105,True
611767,True
615372,True
611709,True
611774,True
611769,True
620644,True
620645,True
621204,True
621205,True
614155,True
610175,True
613682,True
610016,True
620643,True
610254,True
610255,True
610946,True
610164,True
619560,True
611710,True
614304,True
613394,True
613395,True
615017,True
611894,True
612093,True
615657,True
612117,True
612070,True
611795,True
610566,True
610567,True
613786,True
613787,True
615209,True
611114,True
620127,True
613788,True
609337,True
609703,True
619572,True
609704,True
609416,True
609415,True
612742,True
612743,True
612744,True
612745,True
612746,True
611607,True
611608,True
613146,True
615576,True
612698,True
609417,True
615201,True
615845,True
615150,True
615202,True
610939,True
614733,True
614734,True
610940,True
610941,True
610718,True
608632,True
609687,True
609688,True
611189,True
610719,True
610720,True
614791,True
609418,True
609419,True
300722,True
612090,True
612091,True
612092,True
611899,True
610942,True
613147,True
611599,True
611116,True
613613,True
609420,True
300950,True
611020,True
612982,True
613753,True
613487,True
610721,True
610943,True
610944,True
615096,True
616770,True
616771,True
611500,True
612077,True
300568,True
300569,True
300694,True
300769,True
607962,True
610723,True
609705,True
610724,True
612150,True
612151,True
613057,True
612152,True
612153,True
610636,True
612154,True
613405,True
610945,True
615520,True
614914,True
610782,True
610783,True
619035,True
610784,True
615675,True
614596,True
614597,True
614598,True
614599,True
612329,True
619018,True
615151,True
619019,True
619105,True
612155,True
614722,True
616356,True
609355,True
614112,True
613755,True
613701,True
611768,True
620408,True
614059,True
615977,True
612156,True
613486,True
611190,True
611172,True
611374,True
611375,True
614735,True
614600,True
611794,True
612553,True
612043,True
612044,True
611954,True
611173,True
610959,True
610960,True
610961,True
610983,True
611957,True
616358,True
613654,True
621364,True
614057,True
615036,True
300682,True
617176,True
616274,True
612094,True
611708,True
611711,True
617144,True
614627,True
300686,True
613131,True
613132,True
612071,True
615385,True
615037,True
614523,True
616972,True
614384,True
616036,True
615149,True
621334,True
615672,True
620584,True
613614,True
300893,True
300865,True
301053,True
300877,True
300874,True
300875,True
300876,True
300866,True
620571,True
620572,True
620574,True
620586,True
620626,True
620627,True
620619,True
620614,True
620600,True
620613,True
620621,True
620617,True
620620,True
620596,True
620598,True
620618,True
620616,True
620594,True
620624,True
620628,True
620591,True
620587,True
614247,True
620575,True
620588,True
620595,True
615908,True
620612,True
620573,True
620585,True
616272,True
614755,True
620622,True
620611,True
620623,True
620593,True
620599,True
620592,True
620597,True
620615,True
620589,True
620625,True
301023,True
615148,True
616473,True
614538,True
615469,True
615070,True
612330,True
614489,True
621190,True
616205,True
615379,True
616376,True
613556,True
613716,True
615245,True
615509,True
615239,True
620898,True
620733,True
300929,True
301062,True
616090,True
616137,True
619450,True
611619,True
620117,True
611186,True
618747,True
611187,True
616611,True
611188,True
609422,True
301092,True
612984,True
301138,True
621479,True
613185,True
611606,True
300810,True
614509,True
615964,True
614510,True
605386,True
612142,True
612143,True
611249,True
618216,True
612144,True
612145,True
611250,True
612146,True
300721,True
612102,True
612148,True
609178,True
618137,True
618139,True
620764,True
619654,True
615289,True
621486,True
156845,True
620713,True
609852,True
176741,True
604896,True
605623,True
606724,True
605069,True
607754,True
608426,True
603856,True
609883,True
601332,True
605513,True
605908,True
620760,True
613802,True
601402,True
601401,True
120436,True
604395,True
614106,True
615153,True
159556,True
602409,True
604684,True
159558,True
600328,True
158270,True
602885,True
606526,True
612190,True
602976,True
608090,True
605678,True
606761,True
607481,True
607568,True
609831,True
611935,True
604467,True
614581,True
120520,True
618104,True
301098,True
120353,True
185260,True
185261,True
601046,True
600108,True
600754,True
602261,True
602262,True
602285,True
601807,True
120360,True
604629,True
608416,True
603321,True
604871,True
608482,True
605470,True
618101,True
608417,True
185250,True
178990,True
120355,True
120361,True
601456,True
608925,True
614777,True
615614,True
609058,True
156100,True
602659,True
611422,True
159553,True
621437,True
610766,True
603039,True
142994,True
609485,True
609281,True
609282,True
611969,True
620929,True
617652,True
620804,True
609361,True
600948,True
613274,True
603707,True
603708,True
609277,True
159465,True
610268,True
610270,True
610184,True
601336,True
605762,True
611464,True
608954,True
616822,True
603205,True
616661,True
610078,True
300970,True
607303,True
300409,True
617736,True
619837,True
190060,True
300674,True
301086,True
609125,True
610742,True
605794,True
609000,True
614738,True
301103,True
614737,True
604041,True
603785,True
610390,True
156565,True
605503,True
605500,True
611626,True
605501,True
154550,True
606520,True
159530,True
609188,True
621665,True
606989,True
305360,True
600723,True
601114,True
606575,True
610973,True
611900,True
602112,True
600911,True
612935,True
602496,True
137960,True
618100,True
616133,True
159440,True
604376,True
604873,True
611707,True
600764,True
609196,True
615410,True
608435,True
153618,True
612264,True
600814,True
609207,True
616905,True
611157,True
607231,True
607232,True
607233,True
607234,True
607227,True
607228,True
607229,True
607230,True
615105,True
616246,True
618099,True
606906,True
612600,True
617154,True
608080,True
620930,True
611821,True
611825,True
611826,True
602375,True
610200,True
611827,True
611828,True
611829,True
611830,True
611831,True
611832,True
611822,True
611833,True
611834,True
611835,True
600789,True
611836,True
611837,True
604853,True
607118,True
611838,True
611839,True
610059,True
611840,True
611841,True
611842,True
611843,True
611844,True
611845,True
611823,True
605089,True
611846,True
611847,True
611848,True
611849,True
611850,True
611851,True
611852,True
611853,True
606866,True
611854,True
611855,True
611856,True
611857,True
611858,True
611859,True
611997,True
603000,True
611824,True
611976,True
611977,True
603021,True
611978,True
611979,True
609204,True
611980,True
611981,True
611982,True
611983,True
611971,True
611984,True
605810,True
611985,True
611986,True
611987,True
611988,True
611989,True
611990,True
611991,True
611992,True
611993,True
611994,True
611995,True
611972,True
611973,True
611974,True
611975,True
604602,True
619307,True
606078,True
609463,True
620476,True
112210,True
608403,True
606550,True
147138,True
606498,True
606547,True
608401,True
606499,True
606548,True
608402,True
606502,True
606549,True
603628,True
612209,True
609309,True
600887,True
602105,True
603382,True
600678,True
603328,True
607897,True
614801,True
614802,True
300609,True
601051,True
157145,True
607545,True
612191,True
309845,True
153622,True
601250,True
606216,True
613782,True
613719,True
614773,True
142408,True
600168,True
601788,True
617619,True
142983,True
123101,True
516060,True
516070,True
516030,True
516040,True
516050,True
516020,True
516000,True
516001,True
516002,True
516003,True
516004,True
516005,True
516006,True
561000,True
561010,True
590000,True
590020,True
590015,True
590025,True
590070,True
590035,True
590040,True
590045,True
590060,True
590050,True
590055,True
590065,True
590010,True
590075,True
590030,True
590005,True
590080,True
590085,True
590090,True
590105,True
590095,True
590100,True
156350,True
156349,True
156351,True
156352,True
156353,True
156354,True
156357,True
156359,True
156360,True
139255,True
606206,True
603526,True
603947,True
609050,True
156540,True
614126,True
614127,True
605927,True
610449,True
613221,True
615766,True
620225,True
300116,True
610323,True
602318,True
616929,True
616930,True
615393,True
600172,True
609882,True
611766,True
610235,True
619414,True
620765,True
610919,True
172460,True
611427,True
604887,True
614047,True
607093,True
604197,True
616820,True
603766,True
619554,True
620770,True
300415,True
300171,True
606501,True
611089,True
603557,True
603558,True
603559,True
603561,True
603562,True
301061,True
606260,True
620717,True
600665,True
600804,True
614667,True
601231,True
613669,True
606484,True
156570,True
618583,True
618122,True
604601,True
613542,True
613541,True
616985,True
602568,True
608486,True
616951,True
157147,True
620491,True
609589,True
619358,True
600605,True
608555,True
619336,True
158340,True
604609,True
612181,True
608566,True
606154,True
608424,True
612170,True
158370,True
610360,True
616991,True
613917,True
158371,True
158372,True
158373,True
600770,True
158374,True
158375,True
601932,True
610857,True
613928,True
612037,True
606591,True
601296,True
617195,True
604933,True
621453,True
621454,True
603236,True
251170,True
605088,True
147150,True
147890,True
600021,True
609450,True
620016,True
600020,True
300938,True
617293,True
609959,True
189990,True
604885,True
159405,True
601415,True
160794,True
160793,True
600958,True
160795,True
619807,True
190080,True
606535,True
610392,True
609835,True
164850,True
164840,True
605374,True
615968,True
616805,True
602170,True
606746,True
619395,True
605625,True
159990,True
159991,True
611366,True
160730,True
160776,True
160745,True
603487,True
608568,True
609929,True
608580,True
160740,True
160720,True
160742,True
160710,True
160760,True
609928,True
160741,True
160775,True
160780,True
617177,True
617378,True
609211,True
160781,True
160790,True
160770,True
160782,True
609931,True
609930,True
613993,True
609905,True
610082,True
600922,True
606566,True
612147,True
621008,True
615345,True
619912,True
606042,True
601481,True
602666,True
620915,True
615479,True
609517,True
610067,True
607295,True
617379,True
601478,True
606537,True
606538,True
606539,True
601479,True
601480,True
600642,True
614636,True
606808,True
610040,True
160777,True
606540,True
610022,True
600970,True
276903,True
606541,True
604875,True
602129,True
601652,True
606127,True
159970,True
604603,True
159980,True
603508,True
603509,True
616832,True
618255,True
618976,True
604103,True
605603,True
605602,True
610735,True
608517,True
617861,True
608329,True
611790,True
612176,True
600379,True
613084,True
614071,True
609447,True
194550,True
613448,True
613449,True
613450,True
619138,True
619139,True
621053,True
615788,True
619140,True
300013,True
619432,True
608000,True
619497,True
610833,True
612755,True
617989,True
619438,True
617990,True
619999,True
610834,True
614246,True
607073,True
607469,True
611636,True
602640,True
608806,True
600800,True
602381,True
612103,True
612104,True
601234,True
609274,True
619419,True
610672,True
615786,True
611616,True
615787,True
608285,True
603385,True
617868,True
104170,True
606828,True
609701,True
607985,True
608300,True
610673,True
600355,True
611549,True
619899,True
620412,True
608764,True
607937,True
620692,True
621215,True
608226,True
608228,True
608229,True
610763,True
605202,True
164060,True
300026,True
300117,True
601651,True
612203,True
603215,True
611270,True
612334,True
603216,True
611552,True
605631,True
605349,True
108410,True
612803,True
603185,True
108345,True
609221,True
615783,True
612182,True
606716,True
608190,True
620913,True
611628,True
607026,True
611629,True
615910,True
608862,True
608025,True
616206,True
300992,True
604889,True
609816,True
614169,True
600613,True
602667,True
610501,True
614000,True
614001,True
608607,True
614003,True
610414,True
614006,True
614007,True
612992,True
613994,True
613996,True
613998,True
613999,True
166945,True
618708,True
606722,True
116930,True
602040,True
600826,True
615638,True
609276,True
606280,True
608532,True
602332,True
611230,True
600469,True
605133,True
621467,True
616624,True
615901,True
608458,True
613234,True
608512,True
608515,True
601488,True
600508,True
604930,True
604891,True
141180,True
608789,True
615104,True
606671,True
609156,True
602691,True
601993,True
601937,True
601984,True
616825,True
605299,True
609752,True
600849,True
600848,True
604530,True
604531,True
611550,True
613714,True
603315,True
605254,True
610115,True
607272,True
609449,True
607538,True
612050,True
610041,True
602117,True
616506,True
606073,True
300658,True
605262,True
605272,True
605273,True
614463,True
600853,True
603268,True
603950,True
615039,True
300078,True
603835,True
612638,True
614530,True
609435,True
602137,True
603832,True
601677,True
602138,True
602139,True
603359,True
603834,True
603836,True
606934,True
609653,True
612911,True
611776,True
612360,True
612392,True
615898,True
618461,True
603837,True
603843,True
300403,True
603838,True
603839,True
603840,True
603841,True
603322,True
603842,True
602140,True
601445,True
603844,True
603845,True
157655,True
602985,True
603846,True
602694,True
603847,True
603848,True
601825,True
602141,True
161015,True
600532,True
602184,True
612769,True
161650,True
605491,True
621427,True
618130,True
612478,True
611623,True
611624,True
600644,True
600798,True
607147,True
609607,True
600372,True
602278,True
606384,True
603171,True
602265,True
162230,True
162280,True
162250,True
613173,True
608844,True
608933,True
608934,True
604588,True
618726,True
609779,True
604043,True
604044,True
601959,True
616731,True
604884,True
606848,True
609799,True
609798,True
606026,True
611180,True
605297,True
154040,True
602319,True
602320,True
608378,True
616496,True
616497,True
611874,True
601907,True
600915,True
606450,True
607973,True
607974,True
608272,True
605528,True
604617,True
608527,True
603804,True
615893,True
608597,True
617206,True
615865,True
601724,True
601725,True
611635,True
611513,True
601726,True
606624,True
604882,True
300524,True
613121,True
618370,True
613113,True
607379,True
608740,True
609145,True
604708,True
600489,True
600490,True
614525,True
602698,True
602699,True
601490,True
163260,True
600492,True
604135,True
612133,True
600727,True
600728,True
600729,True
605327,True
164005,True
164011,True
164012,True
164008,True
604495,True
618887,True
604548,True
601022,True
608004,True
164013,True
603485,True
608100,True
603255,True
620488,True
189903,True
189904,True
605344,True
605304,True
610777,True
605991,True
162030,True
162010,True
610661,True
616718,True
611290,True
604990,True
606553,True
607146,True
162360,True
162361,True
608072,True
618277,True
606470,True
300457,True
620171,True
301093,True
619294,True
614045,True
609967,True
611516,True
614690,True
131390,True
605399,True
605778,True
611970,True
621616,True
608684,True
602062,True
607297,True
609580,True
619204,True
608145,True
608146,True
620340,True
620034,True
609383,True
608667,True
603249,True
603004,True
608871,True
608872,True
615507,True
604618,True
616769,True
612871,True
609758,True
612872,True
612873,True
300766,True
607851,True
607852,True
606008,True
621181,True
604496,True
604497,True
300440,True
161565,True
617869,True
621058,True
600635,True
604612,True
606727,True
607808,True
600584,True
611770,True
603245,True
602041,True
602183,True
602563,True
605955,True
610772,True
620924,True
600568,True
606479,True
300336,True
300427,True
400028,True
609476,True
611530,True
615648,True
606831,True
613537,True
606636,True
609662,True
609664,True
609648,True
609660,True
609665,True
609364,True
606416,True
609645,True
609658,True
609650,True
609661,True
609659,True
609663,True
611947,True
162340,True
162341,True
611021,True
156490,True
156491,True
601817,True
601818,True
603575,True
608294,True
613465,True
607421,True
618584,True
603525,True
608700,True
608701,True
608702,True
620004,True
608704,True
608705,True
619337,True
160993,True
603801,True
605103,True
604153,True
605108,True
603106,True
600008,True
607878,True
614919,True
609550,True
613586,True
610934,True
610770,True
610769,True
612819,True
608468,True
605980,True
605956,True
601265,True
602991,True
616197,True
615366,True
621385,True
605235,True
603577,True
618893,True
611532,True
611533,True
611534,True
620304,True
602394,True
611269,True
609157,True
609158,True
609159,True
300084,True
606471,True
611526,True
612861,True
164031,True
605691,True
614154,True
616742,True
618308,True
617037,True
163731,True
605551,True
163730,True
163729,True
616759,True
607496,True
190198,True
600275,True
618023,True
618024,True
618025,True
600276,True
164951,True
620695,True
609847,True
602157,True
601991,True
300225,True
607105,True
605261,True
606572,True
611255,True
611256,True
610922,True
603346,True
603347,True
609430,True
608554,True
601448,True
607996,True
600730,True
600731,True
607623,True
608010,True
601015,True
605798,True
606793,True
604643,True
607448,True
607449,True
607100,True
608002,True
607215,True
602716,True
604766,True
606406,True
619984,True
611412,True
606590,True
164040,True
608073,True
606456,True
610306,True
108780,True
600295,True
600296,True
108960,True
108961,True
108962,True
607072,True
600928,True
609513,True
608595,True
608596,True
612820,True
615176,True
602367,True
600750,True
609474,True
616984,True
607997,True
162640,True
162641,True
162642,True
601790,True
602001,True
125860,True
160998,True
300473,True
604630,True
602408,True
602304,True
600380,True
602423,True
603826,True
603065,True
603881,True
601529,True
601426,True
608719,True
603849,True
604485,True
132890,True
107773,True
132880,True
138040,True
600983,True
139139,True
601828,True
600542,True
184757,True
604453,True
602778,True
602873,True
619987,True
164790,True
616207,True
616477,True
606010,True
615563,True
601581,True
602651,True
618631,True
607332,True
600879,True
142445,True
603818,True
605533,True
610894,True
602350,True
602490,True
621054,True
613125,True
620418,True
300791,True
162080,True
620017,True
607409,True
609618,True
602069,True
602070,True
615322,True
616630,True
610666,True
602018,True
600565,True
600566,True
600567,True
612497,True
606681,True
602952,True
607083,True
300275,True
601633,True
606610,True
607645,True
616752,True
609174,True
603043,True
617263,True
617246,True
608243,True
612987,True
608137,True
616173,True
610916,True
617491,True
615394,True
615732,True
617199,True
617185,True
191720,True
610525,True
610526,True
600417,True
606224,True
620041,True
621076,True
621077,True
611076,True
129190,True
605292,True
615367,True
620846,True
162660,True
162662,True
602656,True
607938,True
613560,True
601614,True
602349,True
610401,True
608818,True
618689,True
191315,True
600456,True
191316,True
162650,True
162651,True
605538,True
608130,True
608131,True
607981,True
600280,True
610779,True
613621,True
601323,True
608020,True
611912,True
164035,True
610325,True
606109,True
620136,True
610296,True
600312,True
300527,True
300528,True
609232,True
609233,True
609219,True
615792,True
617381,True
617338,True
615791,True
621403,True
602852,True
604978,True
621416,True
609228,True
609229,True
609230,True
606261,True
609231,True
606022,True
611772,True
604354,True
609356,True
619088,True
164009,True
603728,True
604018,True
607617,True
607613,True
603948,True
606694,True
607614,True
615587,True
614352,True
607703,True
621033,True
114350,True
608140,True
609264,True
619998,True
608141,True
604646,True
607607,True
607615,True
605815,True
170285,True
602552,True
614351,True
601021,True
614812,True
610463,True
612818,True
605813,True
608963,True
618639,True
602426,True
616250,True
620172,True
602647,True
300315,True
300316,True
300319,True
612895,True
608791,True
615299,True
618133,True
604639,True
604635,True
604636,True
604637,True
605811,True
300320,True
615477,True
615478,True
620129,True
300278,True
621070,True
614393,True
164350,True
603350,True
603351,True
603281,True
613349,True
601579,True
604152,True
605138,True
615906,True
164320,True
604606,True
608616,True
610991,True
601658,True
611409,True
619596,True
619633,True
604301,True
602876,True
164795,True
620522,True
300535,True
620432,True
615038,True
615408,True
615956,True
617095,True
614843,True
614829,True
165640,True
182878,True
602015,True
620130,True
610097,True
609335,True
614287,True
300170,True
604039,True
613022,True
617513,True
615857,True
606459,True
621133,True
601982,True
602383,True
300255,True
606020,True
621612,True
609330,True
611175,True
621227,True
605366,True
617492,True
607567,True
614061,True
621541,True
615899,True
621540,True
610088,True
606385,True
606386,True
609323,True
616240,True
602601,True
617081,True
618926,True
164345,True
164340,True
604164,True
604894,True
611294,True
611689,True
621111,True
620263,True
621112,True
605290,True
606580,True
617200,True
600632,True
300127,True
614243,True
300822,True
300821,True
613522,True
606695,True
606665,True
609042,True
165195,True
165196,True
602548,True
600018,True
608936,True
300824,True
605127,True
602432,True
608493,True
619546,True
611677,True
618516,True
618046,True
618047,True
164342,True
603232,True
608494,True
608497,True
600578,True
615016,True
618509,True
616729,True
614273,True
619939,True
621187,True
611267,True
611268,True
615702,True
608492,True
608496,True
608495,True
611538,True
620828,True
610277,True
610929,True
610930,True
601902,True
601182,True
604972,True
603056,True
602331,True
607213,True
138600,True
138610,True
610073,True
610074,True
610075,True
609677,True
167040,True
606729,True
606738,True
606739,True
606730,True
606731,True
606732,True
606733,True
606734,True
606735,True
606736,True
606737,True
606862,True
608854,True
621330,True
610107,True
619634,True
607975,True
604598,True
165095,True
601743,True
608891,True
611297,True
618932,True
619023,True
610180,True
607649,True
610280,True
300461,True
607038,True
603681,True
604487,True
614925,True
621480,True
607806,True
607827,True
607828,True
606067,True
607877,True
604529,True
608337,True
608338,True
612022,True
611758,True
611744,True
300713,True
300714,True
612021,True
612024,True
611748,True
615712,True
621472,True
600036,True
600037,True
607896,True
621069,True
618962,True
603578,True
602313,True
616441,True
616442,True
601066,True
601424,True
610289,True
620064,True
606922,True
620581,True
605609,True
610324,True
604046,True
167050,True
167055,True
600845,True
600844,True
600843,True
600846,True
602836,True
608077,True
602566,True
601167,True
300529,True
602697,True
600515,True
606380,True
610116,True
600041,True
300038,True
602451,True
300525,True
610339,True
610341,True
610342,True
617419,True
176710,True
600608,True
608987,True
176790,True
614584,True
602145,True
619772,True
617249,True
604679,True
621055,True
604680,True
603407,True
300407,True
602279,True
621397,True
618427,True
617650,True
608427,True
607492,True
610423,True
606512,True
604960,True
606513,True
607934,True
607935,True
606755,True
605347,True
610363,True
173310,True
610506,True
601545,True
602508,True
603074,True
602344,True
605767,True
300288,True
300738,True
300739,True
300287,True
301009,True
612033,True
612349,True
172439,True
605184,True
605604,True
611018,True
602590,True
607811,True
605022,True
300142,True
605451,True
608038,True
608110,True
610355,True
614656,True
608092,True
608134,True
604582,True
621051,True
610182,True
606958,True
606959,True
170270,True
614336,True
617447,True
617448,True
617286,True
617179,True
606160,True
606157,True
606161,True
606162,True
620541,True
618169,True
608420,True
608421,True
608422,True
615853,True
617785,True
605553,True
607436,True
616865,True
176385,True
610689,True
619485,True
603262,True
603005,True
614577,True
614578,True
607781,True
614579,True
607779,True
607780,True
614580,True
606745,True
619353,True
607484,True
608975,True
608976,True
603501,True
602533,True
607858,True
617688,True
604212,True
173870,True
609564,True
616706,True
612481,True
610028,True
612066,True
620391,True
607725,True
607726,True
607519,True
619439,True
612065,True
613687,True
612036,True
604991,True
616350,True
608120,True
608121,True
608122,True
300993,True
607505,True
606861,True
603199,True
614660,True
614661,True
605165,True
601936,True
167411,True
167409,True
606597,True
167413,True
167414,True
607108,True
167410,True
167415,True
167416,True
617621,True
608254,True
616315,True
611210,True
612189,True
605669,True
606083,True
176310,True
176311,True
176312,True
608127,True
618819,True
608786,True
604845,True
613425,True
616043,True
617647,True
618192,True
617678,True
616273,True
609717,True
126090,True
609836,True
601209,True
601210,True
608502,True
608503,True
232000,True
232050,True
603626,True
608286,True
300246,True
400022,True
605622,True
605514,True
611760,True
608287,True
300460,True
614449,True
602988,True
603580,True
603581,True
606307,True
606316,True
606317,True
606318,True
606319,True
606308,True
606309,True
606310,True
606311,True
606312,True
606313,True
606314,True
606315,True
604966,True
606320,True
606321,True
606327,True
606336,True
606337,True
606338,True
606339,True
606340,True
606341,True
606345,True
606328,True
606329,True
606330,True
606331,True
606332,True
606333,True
606334,True
606335,True
604967,True
604968,True
606288,True
606297,True
606298,True
603059,True
606289,True
606290,True
606291,True
606292,True
606293,True
606294,True
606295,True
606296,True
606299,True
606300,True
606301,True
603058,True
606302,True
606303,True
606304,True
603627,True
606305,True
606306,True
608876,True
605443,True
610231,True
600346,True
617543,True
617407,True
607816,True
613713,True
618626,True
614168,True
614095,True
610696,True
604918,True
600299,True
176851,True
620091,True
620077,True
176740,True
615210,True
605925,True
617655,True
617656,True
617657,True
600270,True
607064,True
617122,True
619344,True
601629,True
162150,True
300399,True
162151,True
600487,True
600488,True
167405,True
604872,True
607786,True
606055,True
610995,True
621338,True
123695,True
300948,True
602679,True
607075,True
171490,True
600244,True
609118,True
612333,True
605723,True
600866,True
615661,True
608610,True
604583,True
601057,True
608074,True
608138,True
604421,True
611676,True
611678,True
610652,True
604961,True
616519,True
171890,True
171891,True
602987,True
602658,True
123805,True
602047,True
600126,True
600127,True
600128,True
600129,True
608117,True
603310,True
180071,True
180072,True
600827,True
602676,True
180073,True
601190,True
171885,True
604645,True
602972,True
603390,True
602973,True
618720,True
173430,True
190040,True
608452,True
609673,True
173490,True
173410,True
604584,True
300502,True
179061,True
179060,True
608769,True
608012,True
602046,True
620018,True
616942,True
611099,True
610785,True
618588,True
602524,True
602525,True
300906,True
602527,True
605900,True
609722,True
605889,True
603422,True
605904,True
605903,True
605993,True
615499,True
605213,True
608863,True
617835,True
610789,True
613200,True
605333,True
607429,True
610564,True
600733,True
614244,True
179020,True
609246,True
131340,True
300632,True
610697,True
300634,True
612971,True
614235,True
603831,True
607178,True
609729,True
609730,True
603434,True
614248,True
618526,True
610278,True
604591,True
612473,True
173445,True
605843,True
610994,True
610033,True
609810,True
601483,True
621216,True
614797,True
614798,True
609827,True
605757,True
609455,True
602391,True
131330,True
613230,True
602260,True
603426,True
603427,True
618656,True
615921,True
609301,True
605819,True
614770,True
614771,True
602136,True
602859,True
603866,True
603867,True
607583,True
601758,True
601789,True
601791,True
603360,True
600279,True
170993,True
608666,True
603164,True
621410,True
600414,True
611058,True
601498,True
601757,True
173460,True
173461,True
602133,True
604897,True
613466,True
604898,True
604899,True
605660,True
311790,True
171835,True
605319,True
605320,True
171860,True
610681,True
171840,True
176610,True
176590,True
612812,True
620046,True
169710,True
169720,True
169730,True
172250,True
612931,True
300567,True
614939,True
611655,True
615187,True
611801,True
620264,True
619342,True
621244,True
621245,True
616791,True
169740,True
172200,True
601121,True
617032,True
602031,True
311800,True
172270,True
604951,True
604963,True
608199,True
608197,True
608198,True
171900,True
172000,True
611610,True
172100,True
600981,True
172280,True
610694,True
607311,True
300435,True
607735,True
614942,True
608723,True
608724,True
608725,True
608726,True
604924,True
176705,True
610704,True
602978,True
602979,True
620031,True
614239,True
614240,True
300550,True
602881,True
613069,True
607796,True
618645,True
620054,True
619907,True
609740,True
604351,True
610335,True
620050,True
608325,True
616727,True
612910,True
619928,True
607789,True
617846,True
300414,True
620057,True
300560,True
606879,True
621319,True
612870,True
311870,True
300798,True
172490,True
172470,True
172471,True
605335,True
602131,True
607054,True
612834,True
610298,True
621041,True
609396,True
611066,True
602753,True
603851,True
610167,True
611780,True
604950,True
616785,True
602026,True
620042,True
608511,True
614683,True
607076,True
182257,True
609763,True
612101,True
600286,True
602758,True
616065,True
603566,True
603567,True
605987,True
605989,True
607532,True
603025,True
605926,True
617191,True
612930,True
605247,True
614502,True
619669,True
611184,True
613629,True
610953,True
311770,True
604122,True
618809,True
601730,True
600153,True
616918,True
600154,True
605087,True
605947,True
610273,True
606097,True
614730,True
605938,True
605754,True
173880,True
610271,True
610272,True
608528,True
610274,True
610275,True
610276,True
610662,True
611671,True
611480,True
607942,True
603601,True
602838,True
609001,True
602609,True
171834,True
602925,True
602839,True
601232,True
619158,True
171833,True
603157,True
606076,True
602610,True
611317,True
611462,True
609414,True
605341,True
605342,True
164960,True
300295,True
610580,True
617611,True
601052,True
300252,True
608309,True
621413,True
606505,True
176720,True
603140,True
603261,True
617104,True
609865,True
609864,True
603275,True
602745,True
606102,True
612865,True
616713,True
300931,True
621210,True
612068,True
612770,True
618784,True
600174,True
606876,True
605134,True
608794,True
608920,True
608921,True
618211,True
602149,True
601542,True
602669,True
605571,True
610312,True
610314,True
610315,True
300420,True
619341,True
610219,True
601313,True
609721,True
607894,True
607895,True
173910,True
604532,True
604669,True
614150,True
604670,True
606702,True
607843,True
606059,True
606914,True
604932,True
609712,True
179050,True
602474,True
601032,True
602549,True
610714,True
602100,True
613066,True
601975,True
602861,True
605561,True
604276,True
607460,True
603603,True
611652,True
611653,True
609362,True
172410,True
172411,True
605630,True
618320,True
616793,True
611651,True
600522,True
606088,True
603602,True
612864,True
620649,True
601192,True
603604,True
601690,True
604939,True
603873,True
606487,True
613866,True
613867,True
605092,True
611474,True
300296,True
613770,True
607515,True
612857,True
603026,True
603044,True
604866,True
173370,True
191840,True
173391,True
610179,True
618486,True
620097,True
607120,True
604114,True
600230,True
600810,True
602142,True
608795,True
605939,True
608414,True
172420,True
600220,True
612835,True
612836,True
600597,True
614276,True
300974,True
617015,True
617016,True
608075,True
602382,True
602384,True
615698,True
618488,True
614960,True
601282,True
173570,True
608007,True
607772,True
607773,True
607774,True
607769,True
607770,True
607771,True
612686,True
608639,True
607651,True
618452,True
615200,True
615208,True
620134,True
611893,True
617940,True
609526,True
620665,True
611101,True
611743,True
612723,True
617834,True
611466,True
609613,True
619186,True
621052,True
608335,True
611904,True
173350,True
173340,True
618444,True
170290,True
103195,True
602702,True
613247,True
613248,True
602098,True
607023,True
602913,True
605031,True
621048,True
600340,True
172405,True
153454,True
601865,True
603066,True
300401,True
300112,True
604436,True
607124,True
607126,True
607125,True
610626,True
611666,True
618743,True
619590,True
619591,True
610391,True
607813,True
617287,True
605961,True
602734,True
300131,True
604170,True
607610,True
607611,True
607612,True
172425,True
621241,True
607647,True
606826,True
606827,True
601055,True
601054,True
300022,True
604280,True
601053,True
604293,True
300214,True
604259,True
604282,True
617124,True
615913,True
604959,True
176795,True
155550,True
606564,True
609176,True
618085,True
102578,True
601786,True
601785,True
170715,True
601097,True
613036,True
603131,True
600258,True
600259,True
607622,True
300680,True
616653,True
609023,True
605610,True
619529,True
246600,True
604422,True
604423,True
604010,True
603970,True
300675,True
300916,True
300917,True
620933,True
620159,True
620934,True
171190,True
603154,True
618710,True
601459,True
164050,True
612121,True
609059,True
609567,True
300102,True
611589,True
603197,True
612122,True
612123,True
603287,True
610316,True
606714,True
611882,True
614783,True
614784,True
617880,True
608661,True
621043,True
602632,True
616627,True
300603,True
607491,True
610249,True
616931,True
616932,True
620039,True
615618,True
611613,True
618503,True
614787,True
312040,True
620063,True
174760,True
174761,True
600815,True
611415,True
611525,True
611519,True
611520,True
174762,True
602670,True
607267,True
607269,True
174763,True
604983,True
620759,True
603968,True
605252,True
605650,True
606343,True
606344,True
610887,True
604419,True
616404,True
602000,True
610060,True
613715,True
621031,True
608312,True
107325,True
607525,True
180660,True
180661,True
180663,True
606017,True
180664,True
604414,True
602013,True
606023,True
180662,True
604150,True
609881,True
606033,True
601189,True
606485,True
614258,True
614366,True
617454,True
187280,True
617815,True
617455,True
617456,True
617457,True
619801,True
606007,True
601778,True
615753,True
615754,True
176830,True
606822,True
614828,True
615247,True
613386,True
607423,True
607439,True
600587,True
168820,True
602447,True
602720,True
602486,True
606114,True
609992,True
606113,True
604577,True
605823,True
605824,True
124015,True
300651,True
608777,True
606478,True
608915,True
608912,True
607549,True
608914,True
608916,True
608913,True
173110,True
601206,True
620671,True
615694,True
164175,True
164176,True
607394,True
602479,True
600494,True
602480,True
300039,True
601632,True
113725,True
602460,True
164177,True
615739,True
618043,True
609062,True
621037,True
179030,True
609988,True
607793,True
170998,True
600409,True
601487,True
604517,True
608886,True
172450,True
121010,True
609854,True
609853,True
300109,True
602256,True
611054,True
603143,True
603144,True
603145,True
603141,True
603142,True
608150,True
123840,True
608608,True
123841,True
123842,True
601753,True
602435,True
604486,True
606093,True
606095,True
601301,True
607588,True
615811,True
607609,True
610979,True
611648,True
602871,True
606108,True
603770,True
605100,True
619308,True
619309,True
605119,True
616016,True
609957,True
611065,True
611931,True
608979,True
611117,True
600923,True
176875,True
600590,True
176914,True
603771,True
606670,True
602021,True
603768,True
613245,True
606455,True
620544,True
607463,True
608153,True
601140,True
613242,True
613256,True
611048,True
613257,True
609172,True
613275,True
604088,True
610990,True
613246,True
604399,True
613240,True
601792,True
618159,True
614056,True
301017,True
618937,True
619923,True
600917,True
610541,True
602999,True
603326,True
619540,True
301104,True
619541,True
617720,True
602877,True
602636,True
602468,True
603325,True
176915,True
176916,True
605983,True
603113,True
604941,True
604325,True
605997,True
613992,True
604944,True
300339,True
615902,True
601643,True
601644,True
601645,True
601646,True
601647,True
114105,True
114106,True
114107,True
601302,True
613821,True
602035,True
604908,True
613822,True
610351,True
610352,True
616790,True
600658,True
612725,True
610875,True
610877,True
610879,True
617462,True
600722,True
603298,True
609668,True
618274,True
167780,True
300463,True
609819,True
610787,True
619674,True
300840,True
617344,True
606466,True
606021,True
621623,True
621664,True
619085,True
609776,True
180989,True
168810,True
168840,True
180990,True
603484,True
179755,True
610598,True
176785,True
603423,True
618319,True
616347,True
616458,True
616741,True
611781,True
617692,True
605557,True
601196,True
605780,True
614161,True
616982,True
609759,True
616639,True
609760,True
176763,True
600538,True
604769,True
300927,True
606583,True
602316,True
606395,True
605733,True
620750,True
616545,True
620754,True
601914,True
600400,True
609557,True
606905,True
612139,True
170280,True
605157,True
605601,True
606814,True
604283,True
168730,True
168790,True
608500,True
608501,True
300111,True
611389,True
176635,True
176636,True
613851,True
615421,True
602739,True
600497,True
602740,True
602741,True
601639,True
176892,True
176893,True
602742,True
602743,True
604976,True
188830,True
176911,True
176910,True
176912,True
176960,True
176970,True
176977,True
176975,True
176980,True
605437,True
600539,True
600448,True
177060,True
176982,True
605435,True
607074,True
607077,True
600899,True
176894,True
601591,True
602544,True
603424,True
617458,True
300083,True
176760,True
602663,True
600895,True
176761,True
182880,True
182890,True
602950,True
601961,True
621142,True
603190,True
604045,True
608274,True
610087,True
610086,True
616125,True
615452,True
604263,True
176640,True
612283,True
617376,True
600646,True
606810,True
616377,True
606233,True
607002,True
607122,True
607123,True
604365,True
617160,True
601538,True
609947,True
400052,True
176880,True
620773,True
601546,True
615094,True
176895,True
602338,True
604993,True
608330,True
607301,True
606419,True
617031,True
614907,True
607795,True
612941,True
621019,True
613979,True
607300,True
170710,True
179605,True
311850,True
611566,True
311860,True
601249,True
603762,True
615920,True
616633,True
610459,True
617423,True
621035,True
618344,True
615931,True
621177,True
621365,True
605359,True
609406,True
611728,True
618306,True
621301,True
142580,True
619544,True
617373,True
300935,True
604429,True
300685,True
611690,True
618297,True
614386,True
619993,True
619106,True
167420,True
604675,True
276000,True
606709,True
607169,True
601564,True
608159,True
609343,True
618376,True
608018,True
613578,True
613797,True
610560,True
607950,True
610561,True
615144,True
613858,True
621351,True
600823,True
610751,True
613261,True
177020,True
617413,True
610691,True
605725,True
617165,True
621349,True
400019,True
400041,True
176801,True
610936,True
602470,True
602327,True
620656,True
614440,True
614442,True
104311,True
600759,True
607632,True
176390,True
176401,True
176391,True
176392,True
176393,True
176394,True
176395,True
176396,True
176397,True
176398,True
603620,True
177015,True
620394,True
602854,True
176842,True
176843,True
176846,True
176844,True
602855,True
606607,True
617841,True
602017,True
176847,True
611137,True
602175,True
602176,True
602177,True
600306,True
600307,True
604030,True
177046,True
177045,True
602706,True
154365,True
186852,True
608665,True
602707,True
601681,True
602708,True
617842,True
300880,True
604449,True
604450,True
603481,True
607173,True
606223,True
617676,True
601648,True
604452,True
617857,True
157970,True
617844,True
603146,True
600654,True
602161,True
605129,True
617766,True
607705,True
617858,True
605296,True
609702,True
617528,True
617550,True
613525,True
613526,True
618690,True
612408,True
172480,True
602921,True
613126,True
611310,True
606347,True
616046,True
173393,True
621024,True
600693,True
608449,True
607527,True
614774,True
615484,True
614918,True
601309,True
603673,True
300828,True
301140,True
611791,True
616908,True
606817,True
617440,True
614821,True
612792,True
612793,True
601728,True
604446,True
607194,True
604687,True
604837,True
176803,True
176802,True
176804,True
176806,True
601586,True
605172,True
608152,True
607061,True
600563,True
601204,True
600022,True
601699,True
601274,True
608642,True
620604,True
176805,True
600262,True
168450,True
168468,True
608386,True
601469,True
168470,True
600758,True
601212,True
602004,True
601890,True
188390,True
168440,True
162095,True
610195,True
601585,True
601584,True
606449,True
600756,True
609538,True
176885,True
176876,True
600079,True
600267,True
603155,True
606587,True
176887,True
610630,True
603271,True
600716,True
606584,True
176877,True
176878,True
176879,True
176883,True
176889,True
600768,True
176884,True
176882,True
151460,True
601577,True
601598,True
600926,True
179590,True
176886,True
602510,True
600925,True
602545,True
176888,True
601773,True
601698,True
600579,True
603317,True
602853,True
601576,True
608712,True
602454,True
176891,True
621047,True
608625,True
617342,True
612719,True
604147,True
603784,True
604231,True
602492,True
613442,True
306480,True
604819,True
607204,True
607205,True
609960,True
600473,True
608887,True
618041,True
621594,True
608109,True
612787,True
616283,True
616261,True
621658,True
621659,True
168890,True
173850,True
617012,True
165140,True
600161,True
600162,True
620055,True
601475,True
611215,True
611217,True
617823,True
621586,True
605158,True
615904,True
611450,True
617399,True
616397,True
602505,True
619732,True
606838,True
179035,True
616406,True
616408,True
615700,True
615701,True
138550,True
613741,True
608455,True
606902,True
606903,True
612677,True
619753,True
617220,True
617889,True
619956,True
600781,True
176420,True
603727,True
612676,True
609590,True
611342,True
607065,True
621526,True
606248,True
609795,True
606925,True
617387,True
618304,True
617209,True
619440,True
603120,True
612860,True
615337,True
610165,True
609615,True
619474,True
619886,True
612672,True
605570,True
604198,True
608737,True
608599,True
608738,True
611999,True
605536,True
616448,True
602672,True
612673,True
619547,True
602206,True
602207,True
179508,True
612565,True
612398,True
612966,True
606144,True
612415,True
612942,True
605455,True
603868,True
603869,True
612994,True
603949,True
179509,True
607466,True
605693,True
605694,True
612906,True
300333,True
605950,True
610917,True
604199,True
605662,True
609956,True
606281,True
619558,True
300774,True
179490,True
179510,True
612829,True
604350,True
602536,True
609275,True
621025,True
608686,True
301065,True
300405,True
619550,True
619551,True
179511,True
612945,True
179512,True
179514,True
604037,True
619960,True
179513,True
615852,True
612909,True
602298,True
621670,True
165040,True
613532,True
300284,True
300285,True
604925,True
603616,True
611869,True
605962,True
615882,True
609238,True
609700,True
601905,True
179080,True
603417,True
605412,True
605413,True
618542,True
610615,True
602048,True
602049,True
602050,True
604980,True
176981,True
603153,True
603139,True
605256,True
606462,True
619533,True
600061,True
600062,True
604040,True
179617,True
603070,True
602948,True
602774,True
602954,True
600392,True
604289,True
603615,True
620006,True
603761,True
608368,True
611491,True
301146,True
603343,True
609243,True
609244,True
611047,True
164760,True
179615,True
179616,True
607642,True
606586,True
300217,True
179550,True
179551,True
605801,True
608884,True
618836,True
618833,True
601619,True
614444,True
617819,True
614663,True
614648,True
614547,True
605153,True
605154,True
605155,True
601179,True
601180,True
614031,True
606141,True
601181,True
603327,True
616391,True
603854,True
602362,True
607954,True
179520,True
179530,True
600278,True
618714,True
179502,True
179540,True
179541,True
301016,True
600303,True
609530,True
606057,True
606058,True
609527,True
610499,True
609035,True
601592,True
180240,True
180220,True
180190,True
605090,True
601973,True
107820,True
611524,True
139150,True
601589,True
605182,True
607943,True
604118,True
606136,True
616561,True
605550,True
612842,True
611344,True
614531,True
614532,True
606600,True
606614,True
603962,True
605577,True
609531,True
607320,True
609623,True
602220,True
612128,True
612403,True
612404,True
605082,True
614713,True
609492,True
607019,True
610559,True
607020,True
612620,True
143023,True
608231,True
610383,True
609950,True
609953,True
601881,True
610362,True
614041,True
606837,True
608191,True
602923,True
600697,True
600938,True
300825,True
604124,True
602908,True
610924,True
620768,True
605104,True
612149,True
616999,True
611132,True
116957,True
180203,True
300080,True
617937,True
607179,True
612409,True
606077,True
612602,True
606935,True
616444,True
613171,True
612430,True
621023,True
617603,True
612427,True
620081,True
620082,True
612074,True
300027,True
620833,True
619915,True
612428,True
604739,True
602571,True
301165,True
613232,True
621038,True
608888,True
620147,True
619104,True
621015,True
621045,True
606884,True
606886,True
612413,True
605313,True
602310,True
602387,True
605786,True
300199,True
301162,True
605444,True
301136,True
400006,True
180260,True
180280,True
180290,True
180250,True
611866,True
608604,True
147183,True
616104,True
601558,True
619034,True
609511,True
603814,True
609424,True
615231,True
602917,True
604876,True
605860,True
607867,True
603524,True
179710,True
620739,True
609587,True
617997,True
605385,True
607680,True
611405,True
602735,True
602584,True
619032,True
607675,True
616019,True
620464,True
610579,True
179618,True
180040,True
607599,True
607849,True
608830,True
616796,True
620043,True
601617,True
608575,True
612896,True
179410,True
618421,True
608193,True
605227,True
600537,True
603780,True
603781,True
620495,True
609139,True
609347,True
609348,True
609349,True
125265,True
609346,True
167770,True
167771,True
167805,True
609933,True
609846,True
164910,True
164014,True
604758,True
618001,True
611212,True
611213,True
600514,True
611211,True
610388,True
616955,True
179820,True
312420,True
610848,True
619039,True
614825,True
300317,True
620048,True
605226,True
612664,True
615621,True
612721,True
600571,True
164761,True
605565,True
605645,True
613114,True
621473,True
616498,True
617597,True
606134,True
602776,True
621538,True
609614,True
607149,True
602930,True
102579,True
600404,True
600405,True
102577,True
600407,True
609735,True
613010,True
615927,True
615928,True
602578,True
605968,True
605972,True
605969,True
605970,True
605971,True
612601,True
611908,True
618210,True
618215,True
614151,True
600006,True
142765,True
601337,True
603958,True
601863,True
612659,True
612660,True
603200,True
601861,True
610077,True
605667,True
602306,True
616743,True
612214,True
607362,True
612687,True
300212,True
615742,True
612704,True
612705,True
612706,True
612707,True
612708,True
612709,True
602752,True
600342,True
600323,True
602856,True
603895,True
602512,True
607190,True
602513,True
602514,True
607191,True
607192,True
605071,True
600861,True
607193,True
612407,True
615650,True
602189,True
602516,True
603276,True
603894,True
602517,True
610890,True
607189,True
604067,True
607814,True
611012,True
180297,True
617515,True
615203,True
614403,True
614404,True
603264,True
608962,True
619017,True
607079,True
111700,True
605381,True
111680,True
601293,True
618956,True
616088,True
614085,True
180380,True
165390,True
165370,True
607351,True
607352,True
607353,True
165380,True
605781,True
618867,True
179505,True
602037,True
607653,True
605857,True
613888,True
613889,True
606366,True
620101,True
300446,True
300447,True
601031,True
617932,True
621115,True
610354,True
610509,True
609146,True
609147,True
609022,True
602487,True
608952,True
609631,True
607848,True
614092,True
614093,True
611602,True
612699,True
612700,True
612701,True
618949,True
614054,True
620266,True
606629,True
606630,True
611600,True
611601,True
605965,True
610222,True
610223,True
602045,True
620678,True
610089,True
617753,True
617754,True
603579,True
611919,True
612049,True
603453,True
603455,True
605817,True
605706,True
619842,True
611410,True
300575,True
609891,True
609892,True
609591,True
609592,True
620696,True
180090,True
180610,True
300379,True
179730,True
179740,True
606855,True
620267,True
611871,True
611872,True
611873,True
610404,True
612426,True
614917,True
618964,True
621218,True
617089,True
157660,True
607045,True
606515,True
612177,True
612179,True
612180,True
180440,True
621046,True
131410,True
131398,True
601030,True
601981,True
612484,True
612485,True
614014,True
604123,True
606034,True
610326,True
610330,True
617098,True
180435,True
612944,True
609038,True
601555,True
602924,True
615998,True
602507,True
612598,True
605840,True
601237,True
300951,True
612451,True
619535,True
620529,True
620523,True
614472,True
610432,True
615177,True
300439,True
609247,True
619163,True
620556,True
611358,True
616319,True
603046,True
605675,True
616641,True
619454,True
618869,True
620640,True
612137,True
621648,True
621628,True
616512,True
621044,True
617178,True
610431,True
612688,True
618650,True
605793,True
614649,True
616015,True
612490,True
621026,True
621029,True
620096,True
617163,True
613754,True
607119,True
610872,True
608985,True
607699,True
616923,True
618993,True
612041,True
621020,True
613768,True
621641,True
621652,True
609948,True
618592,True
602532,True
616136,True
612489,True
616014,True
606130,True
612487,True
610241,True
610242,True
608299,True
612488,True
607524,True
602850,True
607700,True
620051,True
612482,True
619283,True
602677,True
604242,True
603863,True
611685,True
615172,True
620254,True
603512,True
173320,True
609360,True
603514,True
618016,True
602675,True
605287,True
606447,True
180450,True
180680,True
620204,True
180690,True
621238,True
620822,True
620823,True
601428,True
180691,True
621090,True
620361,True
620362,True
620363,True
180692,True
621491,True
621492,True
621493,True
621494,True
601429,True
617876,True
601821,True
601822,True
601823,True
601824,True
600063,True
602430,True
602431,True
608630,True
607528,True
601702,True
604002,True
614574,True
180721,True
618894,True
611757,True
611756,True
602336,True
602337,True
600825,True
601972,True
602943,True
165020,True
603937,True
608581,True
300757,True
607331,True
179835,True
179836,True
179837,True
300767,True
617299,True
611475,True
611476,True
611477,True
180480,True
180069,True
618471,True
312610,True
605446,True
610937,True
612159,True
604881,True
180430,True
312173,True
615660,True
619655,True
604175,True
180475,True
113703,True
619225,True
617414,True
604174,True
603661,True
604179,True
604178,True
180466,True
603636,True
180474,True
603662,True
602326,True
604180,True
603704,True
607526,True
603637,True
603638,True
601832,True
604163,True
180467,True
617415,True
616862,True
618315,True
180468,True
617893,True
300902,True
180469,True
604181,True
613314,True
604182,True
300899,True
607547,True
617416,True
180479,True
613315,True
603634,True
603703,True
604166,True
185640,True
617417,True
604177,True
603686,True
180510,True
180520,True
180530,True
180470,True
180490,True
606112,True
612524,True
619235,True
606115,True
606116,True
606117,True
608513,True
610347,True
614694,True
614695,True
612171,True
603632,True
180471,True
603660,True
180476,True
130620,True
180535,True
603674,True
603675,True
180472,True
180473,True
603474,True
610225,True
603624,True
603682,True
180477,True
603683,True
602412,True
180465,True
603701,True
603702,True
191343,True
612055,True
603685,True
603633,True
600454,True
180478,True
312760,True
470000,True
400030,True
603630,True
180460,True
601684,True
601685,True
300075,True
603606,True
603607,True
300303,True
608938,True
608939,True
617517,True
603658,True
600357,True
603631,True
150370,True
613259,True
607130,True
621660,True
617759,True
617488,True
179503,True
612194,True
300725,True
608267,True
608268,True
165090,True
600098,True
601418,True
602209,True
605224,True
180410,True
180390,True
604712,True
605121,True
610653,True
617723,True
611193,True
610654,True
613475,True
619449,True
615818,True
620013,True
618311,True
300839,True
620590,True
607810,True
615858,True
601966,True
608522,True
615874,True
613262,True
609314,True
605663,True
615876,True
612647,True
607548,True
612648,True
609595,True
610575,True
610574,True
610573,True
616585,True
613352,True
619996,True
620030,True
179555,True
609553,True
611286,True
613901,True
608833,True
611633,True
621498,True
602288,True
618450,True
611896,True
620751,True
301130,True
301131,True
301135,True
621006,True
300213,True
300965,True
600865,True
603183,True
604249,True
604475,True
610502,True
605566,True
610461,True
610462,True
609137,True
609138,True
607181,True
609350,True
610858,True
610436,True
613516,True
620175,True
610327,True
610328,True
611194,True
620994,True
614710,True
614711,True
616853,True
614712,True
619250,True
605448,True
617295,True
151385,True
133435,True
600211,True
600210,True
617318,True
611053,True
603449,True
604788,True
620844,True
621461,True
617843,True
615875,True
606654,True
606655,True
609445,True
609043,True
180245,True
180246,True
180247,True
605862,True
607535,True
600524,True
180901,True
180902,True
180903,True
176940,True
114085,True
603114,True
603112,True
601989,True
607986,True
617437,True
176993,True
176992,True
114210,True
176991,True
114110,True
600353,True
617427,True
123885,True
123886,True
176990,True
302020,True
600614,True
611889,True
610103,True
601974,True
605111,True
601965,True
603751,True
605146,True
104750,True
104751,True
104752,True
618796,True
621022,True
621519,True
621520,True
618380,True
621521,True
621522,True
615886,True
611927,True
606569,True
604490,True
613294,True
602895,True
608066,True
181031,True
300359,True
602218,True
602219,True
605079,True
607343,True
620206,True
616765,True
618073,True
620800,True
619233,True
620516,True
610747,True
619231,True
620517,True
620493,True
611575,True
610456,True
611170,True
606754,True
612058,True
616895,True
607978,True
617855,True
620213,True
609697,True
602949,True
619230,True
603378,True
610218,True
610398,True
612057,True
607691,True
607690,True
614768,True
604455,True
607732,True
610049,True
607529,True
612804,True
605941,True
611684,True
607955,True
300441,True
609321,True
313020,True
611463,True
602075,True
608148,True
301129,True
607203,True
616292,True
621602,True
621610,True
619047,True
621604,True
613813,True
621576,True
607444,True
603560,True
607697,True
620212,True
620414,True
621618,True
614274,True
615729,True
609969,True
621005,True
602286,True
614481,True
617264,True
603668,True
616023,True
616024,True
619222,True
606911,True
606912,True
606913,True
613764,True
613766,True
610416,True
615254,True
601510,True
611611,True
602728,True
611306,True
601040,True
602257,True
607873,True
613619,True
620811,True
615639,True
615642,True
612675,True
615645,True
611329,True
615640,True
615641,True
615644,True
615646,True
620831,True
604031,True
608370,True
604112,True
618207,True
118930,True
611796,True
173120,True
192020,True
610176,True
615060,True
615061,True
615062,True
604398,True
605562,True
615063,True
606500,True
606531,True
609202,True
619206,True
615568,True
614406,True
613416,True
611399,True
611056,True
616396,True
300227,True
300208,True
604427,True
604385,True
182389,True
600235,True
182390,True
601327,True
182391,True
608214,True
603967,True
608256,True
600163,True
182392,True
600702,True
603415,True
608095,True
600228,True
600760,True
601328,True
600761,True
603644,True
604272,True
184755,True
619723,True
621324,True
603163,True
607733,True
614965,True
614966,True
614967,True
605858,True
182099,True
182098,True
611746,True
611747,True
614708,True
609067,True
607982,True
616365,True
608192,True
186355,True
142460,True
186357,True
600017,True
602217,True
617358,True
613524,True
620743,True
602934,True
607551,True
614282,True
600857,True
612848,True
613019,True
615773,True
619198,True
185470,True
602413,True
602690,True
621593,True
607216,True
607217,True
608989,True
616162,True
616164,True
609769,True
182128,True
620735,True
610975,True
618258,True
600152,True
601504,True
607558,True
612824,True
612825,True
619412,True
612854,True
612855,True
612442,True
604028,True
610511,True
610512,True
617852,True
607183,True
607184,True
607185,True
607186,True
610257,True
610258,True
609213,True
618271,True
609214,True
609215,True
602173,True
608648,True
607693,True
615756,True
602602,True
609263,True
602329,True
614289,True
619914,True
131210,True
604188,True
606254,True
607914,True
607915,True
607916,True
610918,True
606210,True
607917,True
601484,True
607918,True
607912,True
607919,True
603235,True
153240,True
173610,True
600738,True
601285,True
603961,True
601281,True
602645,True
609907,True
608166,True
601124,True
620997,True
607292,True
617029,True
604462,True
601866,True
603706,True
618991,True
609297,True
609298,True
605885,True
608873,True
609294,True
609295,True
607961,True
182140,True
182141,True
615815,True
612157,True
608261,True
612844,True
612845,True
605003,True
612846,True
608659,True
600902,True
606218,True
613009,True
612897,True
611737,True
612887,True
611562,True
612140,True
601506,True
608314,True
603696,True
602724,True
300683,True
603151,True
608418,True
604061,True
614725,True
607378,True
603011,True
605054,True
606051,True
619045,True
614548,True
614549,True
607165,True
614550,True
614551,True
617674,True
107400,True
605271,True
619619,True
617471,True
107410,True
107280,True
147935,True
601841,True
122500,True
314200,True
615677,True
130135,True
602058,True
615682,True
615662,True
604445,True
173390,True
600517,True
600518,True
154790,True
173321,True
603357,True
601697,True
601799,True
107300,True
142360,True
173360,True
177010,True
620989,True
172860,True
613168,True
606860,True
600943,True
602445,True
605587,True
617850,True
617851,True
612125,True
606103,True
607767,True
607768,True
621011,True
600960,True
611060,True
611052,True
611055,True
612778,True
615671,True
620995,True
615743,True
616424,True
606594,True
604396,True
607865,True
609834,True
608465,True
616666,True
607021,True
616667,True
601516,True
605595,True
600796,True
605596,True
605590,True
605591,True
605592,True
605593,True
617847,True
607835,True
612765,True
607319,True
615392,True
601290,True
605199,True
616527,True
604156,True
604157,True
606570,True
604158,True
601945,True
617860,True
178630,True
178642,True
178640,True
178620,True
178635,True
615569,True
615570,True
615571,True
615564,True
615572,True
600119,True
600900,True
601411,True
604149,True
608896,True
608113,True
613374,True
611540,True
602958,True
607589,True
607591,True
611573,True
611574,True
609168,True
612425,True
603729,True
612826,True
612827,True
605270,True
611417,True
611418,True
610440,True
603419,True
620526,True
608937,True
605300,True
605093,True
300490,True
608510,True
604514,True
604721,True
604722,True
614968,True
602230,True
300190,True
615678,True
615679,True
617368,True
602104,True
605611,True
605612,True
620652,True
608674,True
601768,True
604465,True
603362,True
609287,True
609288,True
300374,True
619455,True
613293,True
618642,True
613377,True
618933,True
608206,True
617314,True
604999,True
603290,True
606230,True
611885,True
600314,True
182205,True
600560,True
605217,True
605263,True
617372,True
611027,True
619514,True
610481,True
610482,True
617313,True
616808,True
600725,True
617324,True
617325,True
617326,True
607290,True
617327,True
617328,True
617329,True
613346,True
620220,True
620218,True
620219,True
617322,True
618028,True
618029,True
618030,True
182144,True
138450,True
618038,True
602775,True
312865,True
400020,True
602504,True
605060,True
608048,True
613663,True
611179,True
300103,True
604570,True
300579,True
611171,True
609845,True
610079,True
602212,True
602213,True
615609,True
606816,True
617551,True
605478,True
600751,True
606091,True
607157,True
606094,True
618132,True
618105,True
604200,True
604405,True
604410,True
605639,True
605640,True
601978,True
605705,True
608973,True
614776,True
611656,True
608005,True
603128,True
600892,True
618102,True
607776,True
607777,True
615027,True
602180,True
617504,True
611609,True
616655,True
616587,True
621549,True
602461,True
603889,True
621323,True
621320,True
605466,True
604479,True
604480,True
604481,True
604482,True
604483,True
606211,True
606212,True
604964,True
605567,True
601205,True
604994,True
603714,True
606342,True
600963,True
606326,True
616673,True
616674,True
619247,True
604969,True
605215,True
164780,True
600478,True
614589,True
609540,True
165340,True
611273,True
617138,True
601434,True
601436,True
601099,True
606577,True
610491,True
610492,True
603492,True
606446,True
606625,True
606620,True
608589,True
602422,True
182396,True
601295,True
312090,True
618563,True
618582,True
613366,True
611459,True
600266,True
600523,True
600839,True
600840,True
600968,True
604119,True
606726,True
604878,True
604879,True
611316,True
616861,True
606193,True
604148,True
606411,True
604309,True
608305,True
613868,True
601611,True
600544,True
602339,True
610408,True
615806,True
620324,True
600682,True
607550,True
615765,True
611910,True
300095,True
603877,True
603878,True
603879,True
603880,True
603654,True
610409,True
614242,True
182308,True
611049,True
611034,True
604216,True
604322,True
607563,True
605208,True
607557,True
612107,True
193002,True
193001,True
600336,True
613361,True
600424,True
603941,True
606152,True
133550,True
600300,True
600111,True
600229,True
109190,True
600637,True
604471,True
137570,True
158378,True
602607,True
607580,True
607097,True
607096,True
604047,True
604048,True
608275,True
608276,True
611461,True
602608,True
611697,True
611698,True
610792,True
604842,True
604190,True
603377,True
607582,True
604995,True
607581,True
607579,True
603790,True
603791,True
620339,True
603617,True
609838,True
609839,True
609840,True
609802,True
190315,True
606794,True
604165,True
603667,True
603859,True
300242,True
603861,True
139080,True
606795,True
609303,True
606521,True
608157,True
613698,True
607571,True
609302,True
608746,True
608744,True
608745,True
611037,True
613725,True
609767,True
615064,True
600370,True
610793,True
610796,True
138480,True
610816,True
610817,True
610818,True
616149,True
610387,True
610819,True
610820,True
103220,True
610821,True
610822,True
610823,True
300641,True
610824,True
610825,True
610826,True
609911,True
616150,True
300150,True
619153,True
616153,True
300941,True
300151,True
403000,True
610130,True
610117,True
606718,True
126650,True
605646,True
604943,True
610068,True
608479,True
608480,True
608481,True
600691,True
603247,True
604193,True
604194,True
603314,True
604196,True
606207,True
606208,True
608269,True
602193,True
602110,True
612373,True
609149,True
138140,True
606145,True
610367,True
610372,True
611036,True
611039,True
138160,True
138170,True
138190,True
609493,True
138230,True
606813,True
610371,True
605245,True
606142,True
609521,True
611146,True
609617,True
602878,True
602095,True
607819,True
611148,True
611149,True
611145,True
604604,True
603085,True
603088,True
616440,True
603690,True
620308,True
182309,True
604217,True
609826,True
605634,True
314375,True
605632,True
620297,True
620298,True
610790,True
610788,True
610845,True
610923,True
605881,True
610804,True
609182,True
612519,True
615430,True
620337,True
619315,True
620355,True
620349,True
620350,True
619997,True
619667,True
617167,True
617812,True
621478,True
615199,True
619530,True
606561,True
608331,True
608332,True
613760,True
608094,True
619136,True
619137,True
602671,True
608490,True
616525,True
616526,True
605180,True
604437,True
608065,True
300649,True
616518,True
614236,True
615585,True
616203,True
604740,True
608733,True
616508,True
608734,True
608735,True
608736,True
612166,True
612168,True
607059,True
608730,True
608731,True
601416,True
608732,True
619116,True
104614,True
158070,True
604653,True
610801,True
610802,True
610803,True
603733,True
610791,True
618034,True
606105,True
606106,True
620328,True
606107,True
620329,True
605763,True
606202,True
605097,True
619581,True
611672,True
608956,True
616764,True
609832,True
609833,True
612187,True
620318,True
602773,True
109270,True
605556,True
610206,True
602655,True
109280,True
106195,True
603345,True
606757,True
603353,True
605024,True
610207,True
613683,True
612084,True
612085,True
607883,True
607882,True
613350,True
182380,True
618636,True
610238,True
612455,True
182381,True
600444,True
618633,True
601843,True
604024,True
608761,True
608044,True
620216,True
620299,True
617331,True
620345,True
614760,True
602631,True
603240,True
620301,True
620255,True
137165,True
607952,True
603080,True
615097,True
300444,True
607971,True
607972,True
610299,True
610300,True
608893,True
163970,True
605616,True
126455,True
182138,True
604159,True
186854,True
606205,True
300036,True
601019,True
620347,True
620348,True
610977,True
104615,True
607959,True
607933,True
617256,True
615720,True
601872,True
300443,True
603752,True
600182,True
605641,True
619192,True
603593,True
604235,True
604144,True
182305,True
601901,True
607991,True
609841,True
107310,True
600530,True
182307,True
600531,True
600477,True
300231,True
300368,True
612730,True
608396,True
611527,True
611789,True
612738,True
620338,True
617134,True
602883,True
604843,True
605495,True
613389,True
601460,True
604988,True
612435,True
612436,True
609013,True
613543,True
613365,True
618467,True
610348,True
614953,True
614955,True
614956,True
614957,True
614958,True
614952,True
610211,True
603742,True
603746,True
603745,True
609678,True
300561,True
609679,True
300562,True
609680,True
609681,True
616563,True
602701,True
602203,True
107285,True
620992,True
605974,True
606119,True
615822,True
615823,True
613278,True
615958,True
601595,True
601366,True
603109,True
600993,True
603110,True
620035,True
602931,True
602932,True
603295,True
621255,True
611372,True
616916,True
300012,True
600014,True
603254,True
603375,True
612761,True
606622,True
601607,True
601732,True
601734,True
601735,True
601736,True
601737,True
603111,True
300040,True
608685,True
605576,True
606062,True
605575,True
609386,True
609387,True
614982,True
609477,True
601148,True
617074,True
615588,True
607032,True
610962,True
610963,True
610964,True
613175,True
613176,True
615242,True
617465,True
621621,True
611419,True
608324,True
621362,True
600354,True
601627,True
603519,True
601500,True
608488,True
607223,True
615854,True
607608,True
603498,True
605777,True
610457,True
610728,True
617737,True
300226,True
618340,True
611593,True
300105,True
602127,True
613664,True
617811,True
607753,True
605568,True
605532,True
606846,True
610663,True
608783,True
619134,True
619114,True
604238,True
602150,True
612741,True
602534,True
600322,True
604202,True
619659,True
607923,True
600591,True
605076,True
602348,True
602777,True
605979,True
607007,True
163890,True
603779,True
602569,True
602998,True
602181,True
616634,True
610904,True
603222,True
619494,True
621451,True
616259,True
620808,True
620555,True
603238,True
605447,True
621088,True
613263,True
612215,True
608241,True
603032,True
300662,True
611330,True
614626,True
615487,True
619378,True
611333,True
611335,True
180646,True
180647,True
180645,True
603239,True
621089,True
611331,True
611334,True
620882,True
613649,True
613650,True
613651,True
609837,True
605436,True
616663,True
616664,True
611069,True
600455,True
604012,True
603635,True
603223,True
603224,True
603225,True
603226,True
603227,True
603228,True
603229,True
603230,True
180710,True
611068,True
613117,True
613264,True
603568,True
618943,True
611133,True
611070,True
611071,True
612216,True
620810,True
604942,True
612760,True
601664,True
619629,True
619631,True
607797,True
180740,True
182285,True
603521,True
182282,True
603520,True
603522,True
601063,True
601061,True
601062,True
128260,True
603541,True
603542,True
182279,True
601017,True
600026,True
600027,True
608714,True
608715,True
617832,True
601304,True
607902,True
603055,True
601272,True
614780,True
614906,True
300883,True
606589,True
616105,True
605964,True
614903,True
605963,True
621000,True
605929,True
613281,True
619200,True
620961,True
611541,True
605930,True
620955,True
619839,True
621073,True
619107,True
605931,True
605937,True
606098,True
614904,True
614905,True
605952,True
102642,True
601311,True
613667,True
603597,True
605117,True
617269,True
604176,True
616337,True
607094,True
605118,True
608788,True
147450,True
147460,True
185490,True
618946,True
610224,True
616066,True
182465,True
605264,True
616349,True
610795,True
606283,True
606284,True
606285,True
182500,True
602005,True
602458,True
182530,True
601247,True
605740,True
609675,True
602148,True
602229,True
600898,True
601947,True
604748,True
604747,True
601297,True
610928,True
601618,True
184429,True
616338,True
604974,True
313430,True
606698,True
184430,True
604975,True
607257,True
612202,True
605923,True
608160,True
189906,True
604585,True
604457,True
608602,True
617747,True
601801,True
601804,True
600540,True
609391,True
608613,True
606633,True
608306,True
621003,True
608621,True
617627,True
612739,True
612749,True
609932,True
300593,True
618945,True
618552,True
619782,True
603395,True
606560,True
612173,True
616554,True
603038,True
615562,True
605730,True
610056,True
605731,True
605430,True
600930,True
300305,True
300493,True
300669,True
300330,True
300670,True
300664,True
300665,True
300666,True
300667,True
300668,True
182120,True
606041,True
607111,True
604277,True
609869,True
613324,True
609856,True
611032,True
612814,True
609805,True
607662,True
613939,True
617673,True
621086,True
618936,True
619857,True
621335,True
616584,True
621441,True
615409,True
609879,True
617257,True
613947,True
609868,True
613948,True
608039,True
610874,True
612412,True
621396,True
611667,True
613817,True
609394,True
609395,True
610358,True
619411,True
618854,True
608144,True
616401,True
614029,True
614030,True
617623,True
617624,True
617625,True
617628,True
608793,True
614140,True
610674,True
610172,True
615950,True
615116,True
613484,True
609399,True
610844,True
608181,True
602783,True
603730,True
607092,True
611646,True
165170,True
606802,True
612568,True
613447,True
615384,True
609936,True
300621,True
300517,True
301113,True
621257,True
167790,True
615205,True
605753,True
613929,True
605010,True
615868,True
617288,True
613511,True
605123,True
605124,True
613941,True
619430,True
609216,True
609217,True
609503,True
616071,True
619502,True
610264,True
619676,True
182160,True
612583,True
612584,True
611701,True
605114,True
619038,True
602264,True
607988,True
607989,True
604989,True
605918,True
602650,True
617614,True
166490,True
602637,True
608238,True
608239,True
608284,True
608240,True
182125,True
609291,True
609292,True
609293,True
610447,True
182265,True
182266,True
182267,True
182268,True
617587,True
617588,True
617589,True
617590,True
182271,True
616363,True
621317,True
616086,True
602465,True
602466,True
300531,True
607984,True
617617,True
607866,True
611657,True
611658,True
611659,True
611660,True
182860,True
182810,True
182870,True
182790,True
604985,True
606214,True
605916,True
605712,True
605713,True
611120,True
613540,True
610412,True
621282,True
619246,True
618068,True
602019,True
617658,True
601530,True
603819,True
619448,True
190090,True
611421,True
610786,True
184753,True
607306,True
611715,True
184756,True
600481,True
609268,True
600589,True
610479,True
606523,True
606524,True
614703,True
614704,True
606525,True
177040,True
182520,True
604992,True
182891,True
617797,True
600708,True
182175,True
604857,True
604858,True
602122,True
600707,True
601939,True
602980,True
301002,True
182180,True
616883,True
300187,True
300642,True
606477,True
602254,True
605975,True
606032,True
621383,True
613103,True
614469,True
600812,True
605221,True
602010,True
600813,True
603364,True
601940,True
600914,True
601944,True
600572,True
603269,True
601943,True
617583,True
480000,True
600192,True
606472,True
606473,True
109090,True
600439,True
607389,True
607390,True
607391,True
607639,True
618194,True
606778,True
606779,True
606780,True
621366,True
610882,True
601599,True
600868,True
600867,True
606213,True
300090,True
604328,True
182450,True
182451,True
182452,True
182453,True
182454,True
182455,True
617680,True
617479,True
312820,True
300192,True
608690,True
300325,True
300326,True
300327,True
300542,True
606796,True
606797,True
617155,True
607187,True
607188,True
606494,True
104240,True
604402,True
607156,True
109675,True
608472,True
610138,True
610137,True
610133,True
606378,True
610134,True
610135,True
600833,True
617640,True
601123,True
602546,True
609478,True
602547,True
607162,True
610139,True
608560,True
608561,True
602317,True
621356,True
615521,True
604358,True
300826,True
608489,True
601899,True
606244,True
606247,True
612352,True
604298,True
607881,True
600617,True
617382,True
609866,True
607048,True
611759,True
607049,True
607050,True
607051,True
616712,True
300689,True
614642,True
600555,True
600556,True
102582,True
600558,True
601511,True
604260,True
601512,True
184470,True
601716,True
605920,True
607406,True
601185,True
603665,True
604415,True
605094,True
609671,True
611098,True
301012,True
607067,True
181590,True
605921,True
610841,True
617189,True
612374,True
605063,True
603919,True
602216,True
607172,True
604719,True
604726,True
604727,True
604984,True
602255,True
300547,True
605030,True
605790,True
621310,True
621309,True
621308,True
607670,True
609370,True
607652,True
606964,True
615836,True
607648,True
604965,True
609437,True
618530,True
151442,True
600621,True
608362,True
620740,True
618755,True
613128,True
133090,True
608326,True
608292,True
608327,True
605357,True
608467,True
609397,True
617359,True
615826,True
610745,True
609987,True
608626,True
607333,True
605986,True
611138,True
606440,True
617918,True
617919,True
616891,True
614765,True
614766,True
614767,True
620900,True
300747,True
601134,True
608605,True
607207,True
603765,True
605014,True
606892,True
603666,True
604204,True
606046,True
621221,True
186590,True
601485,True
132350,True
600876,True
186591,True
603189,True
603944,True
603217,True
604203,True
602926,True
601717,True
608339,True
610415,True
604586,True
609381,True
607958,True
611433,True
615814,True
616695,True
621374,True
600503,True
603921,True
611224,True
603922,True
606381,True
619434,True
608250,True
607035,True
609187,True
607992,True
607993,True
604098,True
610012,True
610013,True
171150,True
601292,True
600641,True
615819,True
608436,True
602385,True
617151,True
608357,True
600043,True
125263,True
604125,True
608359,True
617152,True
607939,True
607940,True
601912,True
603042,True
602231,True
608829,True
607723,True
613569,True
618984,True
613942,True
606887,True
605012,True
613417,True
602947,True
603555,True
602102,True
601333,True
612762,True
605122,True
185620,True
185630,True
185660,True
185642,True
615825,True
616429,True
615827,True
619917,True
616761,True
300254,True
606503,True
606245,True
185860,True
185861,True
610291,True
617853,True
611691,True
604126,True
620965,True
611699,True
611700,True
604762,True
616528,True
614536,True
619513,True
301161,True
611568,True
611486,True
619954,True
611487,True
615775,True
620140,True
602162,True
604105,True
616799,True
604759,True
617377,True
620834,True
607090,True
600085,True
602388,True
313440,True
600755,True
602705,True
611750,True
616686,True
614311,True
609999,True
608441,True
608442,True
610861,True
615535,True
603384,True
603925,True
603926,True
603927,True
608373,True
604297,True
609410,True
609411,True
606087,True
608155,True
620941,True
621429,True
607291,True
313475,True
616665,True
612979,True
185605,True
608741,True
606436,True
607716,True
610949,True
608081,True
610950,True
621518,True
600104,True
600327,True
600103,True
600782,True
607718,True
604146,True
607719,True
613528,True
608042,True
612880,True
620973,True
300723,True
301126,True
608046,True
620682,True
615463,True
609333,True
604849,True
607405,True
608923,True
606927,True
608282,True
602615,True
605101,True
300480,True
162320,True
162330,True
607833,True
605301,True
605302,True
605303,True
612958,True
162323,True
162321,True
162332,True
137290,True
612763,True
602276,True
608790,True
602945,True
313650,True
600475,True
600772,True
600773,True
600774,True
601574,True
604903,True
604904,True
604905,True
612823,True
607798,True
604912,True
606576,True
601796,True
601689,True
601787,True
602955,True
602946,True
600573,True
300314,True
609514,True
600822,True
300754,True
617495,True
617496,True
617497,True
617498,True
617499,True
300394,True
609667,True
600818,True
604634,True
607953,True
187040,True
186855,True
602063,True
612027,True
614948,True
611397,True
615047,True
616830,True
620188,True
603893,True
610266,True
613199,True
616711,True
170260,True
170261,True
601962,True
607081,True
612758,True
605052,True
605053,True
605078,True
616058,True
616802,True
609642,True
187790,True
612805,True
621662,True
606225,True
606226,True
605865,True
604796,True
604791,True
604792,True
604790,True
604867,True
613961,True
613962,True
604868,True
613963,True
612669,True
607751,True
604869,True
613964,True
613965,True
613966,True
612668,True
612774,True
605062,True
609627,True
613968,True
604793,True
604794,True
604795,True
301049,True
616493,True
621243,True
608270,True
613018,True
619364,True
619330,True
621462,True
605326,True
616484,True
612640,True
609850,True
610020,True
613620,True
610831,True
620003,True
616218,True
614855,True
612662,True
616637,True
616659,True
609871,True
611663,True
620387,True
616879,True
616880,True
617687,True
613577,True
311240,True
619152,True
607741,True
615077,True
621444,True
615867,True
610144,True
610806,True
610807,True
610808,True
610809,True
610810,True
610811,True
612465,True
615740,True
612655,True
301027,True
618035,True
618039,True
610058,True
601303,True
602971,True
619848,True
604649,True
604934,True
610451,True
616899,True
604834,True
608476,True
300196,True
608628,True
400033,True
605842,True
605915,True
600075,True
605521,True
608964,True
604616,True
610614,True
611325,True
602054,True
604648,True
604127,True
604613,True
604614,True
600747,True
606061,True
604895,True
300307,True
601621,True
601719,True
601620,True
602427,True
188070,True
274180,True
601397,True
619305,True
616251,True
616252,True
620787,True
604488,True
601425,True
604784,True
604128,True
300237,True
301152,True
301153,True
301154,True
301155,True
301156,True
300771,True
301157,True
301158,True
301084,True
605409,True
620498,True
600480,True
601010,True
600912,True
603107,True
603306,True
609635,True
612326,True
147141,True
602272,True
189908,True
604652,True
602228,True
604745,True
190370,True
612654,True
607702,True
604592,True
186960,True
603769,True
604412,True
189905,True
613441,True
606847,True
186980,True
608365,True
186982,True
619889,True
600690,True
609863,True
613846,True
613847,True
601423,True
191070,True
607198,True
605764,True
605796,True
621615,True
614392,True
617748,True
611200,True
611258,True
617963,True
615676,True
609501,True
619049,True
189967,True
601729,True
603170,True
601714,True
600583,True
614781,True
615000,True
610057,True
617242,True
602574,True
602653,True
620288,True
188595,True
616422,True
600221,True
609002,True
608953,True
612683,True
618686,True
621606,True
611140,True
613130,True
300588,True
610119,True
610083,True
610084,True
614121,True
605198,True
605540,True
611357,True
619069,True
613952,True
300976,True
601686,True
617332,True
617131,True
602322,True
600951,True
602027,True
605061,True
187270,True
606085,True
611585,True
601782,True
604746,True
604374,True
615664,True
607790,True
612839,True
613555,True
616717,True
612665,True
300311,True
605791,True
300312,True
300313,True
301123,True
301124,True
605792,True
605795,True
615647,True
619929,True
618562,True
620608,True
300092,True
621126,True
621346,True
620935,True
190000,True
600438,True
107580,True
617136,True
601601,True
601602,True
610161,True
614428,True
600743,True
607033,True
607055,True
189889,True
609785,True
189902,True
602160,True
300772,True
314310,True
600744,True
604732,True
113710,True
182590,True
600633,True
602498,True
612747,True
152310,True
600033,True
609519,True
604720,True
190010,True
188450,True
616146,True
190170,True
190180,True
602353,True
190220,True
190230,True
601692,True
190181,True
190182,True
600742,True
606237,True
602630,True
607294,True
300411,True
400025,True
190195,True
190196,True
600238,True
600585,True
603805,True
613900,True
606776,True
603062,True
606461,True
191290,True
611800,True
609520,True
612538,True
609119,True
607374,True
612531,True
612532,True
612533,True
612534,True
612535,True
609518,True
612536,True
612537,True
188040,True
188060,True
188061,True
188062,True
600715,True
606388,True
615653,True
613607,True
617856,True
618802,True
611260,True
611261,True
606930,True
300395,True
606929,True
612733,True
615403,True
611965,True
601117,True
619296,True
600044,True
190120,True
603809,True
190160,True
615622,True
601926,True
616821,True
614476,True
612249,True
611612,True
616662,True
611751,True
621532,True
188230,True
613739,True
603518,True
603413,True
600687,True
604709,True
607601,True
608321,True
613298,True
600222,True
609028,True
612663,True
610775,True
612972,True
612973,True
619084,True
612969,True
612859,True
616275,True
610096,True
603887,True
602251,True
607388,True
607383,True
605057,True
300249,True
615180,True
607251,True
605034,True
620758,True
617380,True
605058,True
607381,True
300356,True
606659,True
607384,True
615534,True
305370,True
188825,True
188826,True
601915,True
606749,True
616064,True
615241,True
604319,True
612480,True
615869,True
612112,True
616438,True
610716,True
611807,True
606252,True
612658,True
601009,True
607709,True
612689,True
188300,True
188250,True
615844,True
606781,True
300044,True
620966,True
620967,True
611627,True
615175,True
600189,True
601041,True
600190,True
605132,True
600188,True
612399,True
608438,True
608439,True
606742,True
606743,True
186745,True
607349,True
615466,True
601194,True
606270,True
603028,True
603029,True
603030,True
603031,True
605403,True
300365,True
300366,True
605474,True
186770,True
612734,True
604240,True
604640,True
610080,True
610081,True
610014,True
191155,True
620845,True
615404,True
606567,True
604657,True
606562,True
606563,True
603414,True
605181,True
618965,True
604678,True
616872,True
617727,True
615808,True
610364,True
616874,True
600748,True
606706,True
606707,True
617196,True
617181,True
617197,True
605828,True
617198,True
605829,True
616242,True
619429,True
617459,True
614123,True
621569,True
621555,True
621571,True
621572,True
605395,True
605406,True
619642,True
620437,True
612038,True
616876,True
619990,True
620436,True
603421,True
605734,True
616334,True
613936,True
613413,True
616183,True
617361,True
619168,True
618817,True
611579,True
607069,True
618989,True
616550,True
616551,True
606356,True
612988,True
615533,True
613403,True
615975,True
615659,True
616243,True
617363,True
620260,True
611257,True
616178,True
616360,True
614459,True
616524,True
621577,True
620325,True
621527,True
613585,True
616870,True
619865,True
615318,True
616757,True
617291,True
617292,True
620108,True
620257,True
620258,True
618966,True
621178,True
618978,True
301169,True
614726,True
620000,True
621529,True
614950,True
620630,True
614909,True
616660,True
610334,True
610385,True
620752,True
621219,True
613220,True
613209,True
621626,True
621411,True
613937,True
300031,True
620433,True
300059,True
620677,True
616499,True
611002,True
613771,True
614786,True
620781,True
615301,True
613277,True
621459,True
619285,True
620290,True
619469,True
620434,True
619022,True
617019,True
614949,True
620143,True
618296,True
620289,True
620272,True
614423,True
616101,True
620721,True
616993,True
620252,True
613934,True
617779,True
617615,True
611011,True
617803,True
617449,True
618691,True
612547,True
301102,True
618515,True
618831,True
611235,True
611236,True
621550,True
621551,True
620271,True
612048,True
616928,True
621075,True
300698,True
605348,True
617894,True
619722,True
617084,True
617096,True
618685,True
619952,True
619953,True
620429,True
616609,True
609884,True
621380,True
612418,True
620287,True
613935,True
615531,True
620248,True
617806,True
621342,True
617203,True
617813,True
616888,True
616877,True
618294,True
619604,True
618163,True
617814,True
612912,True
615949,True
620293,True
601126,True
607237,True
621206,True
614715,True
621207,True
300777,True
190930,True
602928,True
605112,True
605834,True
188380,True
611704,True
605369,True
610399,True
610050,True
606635,True
602060,True
605511,True
606565,True
606751,True
609862,True
610477,True
188399,True
300939,True
301011,True
300159,True
400017,True
618338,True
615855,True
615856,True
617218,True
618203,True
614792,True
610527,True
616715,True
616102,True
616766,True
187380,True
191160,True
191161,True
603300,True
191163,True
600410,True
612111,True
603611,True
603612,True
603613,True
603614,True
603499,True
602643,True
605914,True
604907,True
606269,True
602746,True
109545,True
603905,True
606122,True
191190,True
191191,True
605732,True
603366,True
600315,True
603361,True
153243,True
602250,True
603598,True
602642,True
602695,True
604472,True
603969,True
604520,True
604052,True
603898,True
603594,True
603875,True
606182,True
610005,True
607714,True
610669,True
608019,True
608076,True
606994,True
603303,True
607128,True
300459,True
617472,True
191040,True
191039,True
191042,True
191043,True
191044,True
613932,True
191041,True
191045,True
600692,True
190231,True
190232,True
602901,True
603002,True
610032,True
601995,True
620902,True
610739,True
610740,True
610741,True
600076,True
607717,True
606825,True
608385,True
600985,True
605523,True
607396,True
613931,True
617618,True
620949,True
606277,True
604700,True
604701,True
615519,True
601848,True
607046,True
616049,True
608061,True
616169,True
616168,True
607980,True
606081,True
604546,True
126420,True
606387,True
126430,True
126431,True
601243,True
603582,True
616109,True
614412,True
607760,True
609507,True
605204,True
614512,True
614513,True
608050,True
608052,True
607555,True
621477,True
606863,True
611163,True
611416,True
614032,True
191170,True
605426,True
605230,True
602143,True
617867,True
605171,True
606185,True
617549,True
608679,True
616403,True
617482,True
617316,True
603273,True
601990,True
190920,True
609666,True
612163,True
604068,True
604069,True
603747,True
617567,True
620709,True
620710,True
191060,True
607478,True
190450,True
606370,True
191010,True
190990,True
191030,True
600317,True
187680,True
606765,True
607998,True
190470,True
608773,True
616956,True
616957,True
189940,True
608336,True
611460,True
608680,True
613354,True
611166,True
620360,True
191080,True
191081,True
609272,True
609341,True
603125,True
603126,True
600763,True
604336,True
606791,True
605917,True
601431,True
602718,True
602719,True
621246,True
614912,True
614913,True
186880,True
603500,True
601711,True
601895,True
601896,True
607043,True
608255,True
602464,True
602356,True
602355,True
606692,True
613197,True
605958,True
608112,True
607334,True
605190,True
617505,True
608485,True
619316,True
606219,True
610969,True
602103,True
614138,True
614139,True
621423,True
618350,True
300202,True
620472,True
610970,True
610955,True
614137,True
610971,True
610396,True
610397,True
614136,True
611966,True
612211,True
604962,True
186930,True
615445,True
615447,True
615448,True
186810,True
602478,True
603283,True
180640,True
275360,True
605085,True
605086,True
609714,True
609715,True
614664,True
610322,True
606609,True
300370,True
189911,True
610407,True
615303,True
186970,True
615450,True
613879,True
606950,True
188545,True
614943,True
609461,True
609462,True
607898,True
613356,True
605701,True
607868,True
605661,True
606556,True
609505,True
606123,True
614141,True
109092,True
606559,True
601747,True
603406,True
600453,True
600830,True
602165,True
601742,True
610658,True
605493,True
609316,True
602290,True
605769,True
605684,True
617007,True
609317,True
605073,True
605700,True
616976,True
610530,True
620334,True
612298,True
609318,True
600986,True
611041,True
606124,True
608487,True
612548,True
619265,True
619266,True
606474,True
606469,True
616996,True
620527,True
616148,True
607564,True
619416,True
619417,True
616755,True
606131,True
619408,True
612000,True
610584,True
613184,True
616017,True
609315,True
618570,True
613288,True
612549,True
612550,True
606125,True
606555,True
620979,True
620480,True
601893,True
609761,True
604504,True
604505,True
604506,True
604507,True
604501,True
602933,True
621422,True
617840,True
612996,True
189918,True
189932,True
189920,True
611669,True
616013,True
620957,True
615423,True
621531,True
618630,True
611673,True
611151,True
301128,True
614309,True
611023,True
620886,True
620885,True
619404,True
615666,True
610230,True
189880,True
619597,True
616824,True
612907,True
300132,True
603872,True
189930,True
189931,True
189912,True
604775,True
602343,True
602345,True
603651,True
608430,True
300334,True
603652,True
603576,True
603749,True
608961,True
606936,True
604600,True
607009,True
605692,True
606678,True
604386,True
610470,True
602076,True
606676,True
607066,True
605427,True
606679,True
606680,True
189919,True
189923,True
615305,True
601432,True
610406,True
603015,True
189910,True
606171,True
606172,True
615309,True
189933,True
189913,True
165060,True
610726,True
610727,True
615310,True
189921,True
615308,True
615307,True
612995,True
615306,True
615304,True
180621,True
180620,True
619679,True
618151,True
605284,True
191092,True
607715,True
617724,True
300506,True
611914,True
608756,True
608753,True
608754,True
608755,True
604723,True
601387,True
607166,True
188540,True
603372,True
614427,True
614118,True
614119,True
300181,True
608253,True
608015,True
615891,True
620904,True
616142,True
607003,True
600575,True
620986,True
602964,True
607720,True
613170,True
621013,True
613138,True
613139,True
613140,True
617580,True
620446,True
619399,True
613133,True
613134,True
181035,True
603853,True
610120,True
602644,True
613136,True
300191,True
300096,True
600769,True
613137,True
612920,True
109610,True
619409,True
610764,True
480100,True
604714,True
300564,True
619586,True
614721,True
611214,True
300945,True
617058,True
603852,True
610709,True
610710,True
607660,True
610711,True
610712,True
180370,True
616041,True
619415,True
611695,True
601963,True
610732,True
619388,True
613814,True
611430,True
612014,True
621546,True
616344,True
621574,True
615098,True
618735,True
602259,True
620701,True
619885,True
613574,True
606753,True
619014,True
620954,True
609332,True
620060,True
608132,True
610488,True
600777,True
604718,True
614425,True
614426,True
604092,True
608291,True
608955,True
620694,True
619410,True
620485,True
619195,True
618738,True
612268,True
610849,True
618813,True
619193,True
619838,True
188840,True
600415,True
621341,True
176300,True
400051,True
400040,True
400036,True
400037,True
400038,True
400039,True
605784,True
608855,True
608919,True
601197,True
602529,True
602530,True
621161,True
602528,True
617878,True
619918,True
191110,True
605742,True
620835,True
191130,True
612901,True
615101,True
612850,True
602661,True
602662,True
602660,True
615103,True
616768,True
607344,True
607345,True
191135,True
605785,True
617817,True
617818,True
609610,True
608147,True
610053,True
602389,True
600087,True
614971,True
602280,True
602309,True
604730,True
619442,True
615719,True
610529,True
607052,True
601385,True
616057,True
610641,True
613692,True
613467,True
610932,True
607433,True
601622,True
607556,True
606075,True
605049,True
600058,True
608676,True
611438,True
300677,True
187700,True
609063,True
617792,True
609448,True
617778,True
616179,True
616967,True
617790,True
616412,True
617789,True
612564,True
606599,True
603049,True
611595,True
617722,True
601112,True
606448,True
606235,True
176941,True
131222,True
188350,True
606933,True
600341,True
604142,True
115501,True
611017,True
611243,True
611244,True
611245,True
619882,True
191317,True
601080,True
191318,True
617849,True
612516,True
602862,True
314370,True
613295,True
603172,True
610552,True
191321,True
611361,True
191325,True
608129,True
621399,True
609787,True
621543,True
616472,True
605736,True
609201,True
191339,True
191340,True
606050,True
312180,True
179095,True
605574,True
602961,True
602962,True
602963,True
621515,True
602916,True
602163,True
604151,True
617700,True
601569,True
603124,True
601082,True
601661,True
616175,True
619756,True
602846,True
603721,True
603890,True
603173,True
603679,True
617649,True
617429,True
612501,True
615832,True
612506,True
610309,True
610538,True
621653,True
602995,True
603001,True
614277,True
611362,True
601623,True
608047,True
614454,True
612495,True
603753,True
613565,True
621059,True
611632,True
604711,True
312070,True
611127,True
606849,True
609748,True
609867,True
609771,True
613841,True
619675,True
609784,True
605046,True
300264,True
605473,True
605440,True
621625,True
605981,True
609134,True
613831,True
609890,True
608413,True
613816,True
616388,True
610174,True
600673,True
613696,True
616378,True
616783,True
609151,True
621646,True
610686,True
611216,True
611946,True
616379,True
602155,True
617500,True
191342,True
614991,True
603090,True
610667,True
609328,True
609329,True
610866,True
600945,True
605902,True
605901,True
113730,True
601693,True
602044,True
610985,True
610554,True
601754,True
613372,True
610553,True
611481,True
611482,True
602874,True
603370,True
605897,True
605898,True
191760,True
191740,True
606435,True
606428,True
606429,True
606430,True
606431,True
606432,True
606433,True
606434,True
604716,True
619809,True
616382,True
600070,True
603064,True
600069,True
601903,True
606497,True
600067,True
600068,True
616383,True
616384,True
601291,True
608849,True
607990,True
615211,True
609433,True
605697,True
605698,True
605699,True
603168,True
608650,True
613472,True
617010,True
191845,True
613859,True
613891,True
604011,True
620513,True
609894,True
605836,True
614568,True
608897,True
611219,True
611220,True
617826,True
607869,True
607870,True
603610,True
617464,True
616466,True
616884,True
612636,True
607995,True
608204,True
191525,True
616375,True
617463,True
606673,True
601430,True
605529,True
605530,True
300298,True
611557,True
602380,True
611558,True
611559,True
611887,True
191730,True
617340,True
300656,True
611797,True
614461,True
616097,True
620578,True
620435,True
618812,True
610843,True
609711,True
191330,True
191328,True
191329,True
191327,True
613844,True
612080,True
615804,True
608865,True
619372,True
610337,True
603494,True
612693,True
613012,True
613521,True
606938,True
613276,True
610675,True
191523,True
600390,True
617568,True
605242,True
607696,True
608400,True
611810,True
603344,True
603478,True
609818,True
300050,True
603091,True
603591,True
607274,True
604731,True
604735,True
610186,True
607057,True
614471,True
604725,True
615143,True
604729,True
612116,True
610569,True
604736,True
300309,True
300975,True
610748,True
609546,True
604728,True
612492,True
619536,True
607740,True
615146,True
615295,True
620959,True
612543,True
620226,True
618322,True
611594,True
603486,True
610570,True
620946,True
610993,True
618439,True
612849,True
614460,True
617445,True
601447,True
620563,True
617431,True
604334,True
605405,True
602519,True
603158,True
300072,True
400005,True
617470,True
610752,True
604130,True
609440,True
300508,True
608969,True
616194,True
612816,True
612822,True
619663,True
611614,True
607456,True
620948,True
128240,True
604097,True
618134,True
600896,True
400009,True
602493,True
614632,True
609749,True
300234,True
604632,True
185880,True
185881,True
603657,True
606909,True
607029,True
300053,True
603177,True
610132,True
600533,True
605703,True
605704,True
192150,True
612802,True
609011,True
610471,True
608843,True
601703,True
604631,True
620202,True
164875,True
600428,True
605541,True
604294,True
604295,True
300133,True
192225,True
118661,True
621109,True
301141,True
193065,True
601023,True
611745,True
615260,True
300229,True
300532,True
300533,True
300981,True
400012,True
400050,True
604492,True
193245,True
610029,True
601769,True
192240,True
601398,True
601528,True
300091,True
607158,True
609594,True
606747,True
619749,True
602186,True
300583,True
609979,True
609980,True
618692,True
608537,True
619650,True
193040,True
619666,True
193060,True
619982,True
192320,True
613401,True
192321,True
601970,True
616447,True
617693,True
608547,True
608838,True
192977,True
616815,True
300913,True
613734,True
617204,True
621110,True
611753,True
605234,True
603570,True
603571,True
606592,True
611915,True
605141,True
605017,True
608549,True
605978,True
607817,True
608879,True
608877,True
608550,True
608551,True
610907,True
605506,True
610027,True
605298,True
611952,True
606932,True
610034,True
608552,True
601501,True
618981,True
610903,True
609927,True
610037,True
610038,True
610039,True
612188,True
605485,True
610035,True
609982,True
609983,True
616465,True
615738,True
603443,True
615850,True
614633,True
600607,True
618366,True
619292,True
602168,True
602169,True
619771,True
620468,True
300620,True
617740,True
606011,True
300353,True
621098,True
615608,True
600817,True
616804,True
616537,True
621118,True
605020,True
142993,True
610902,True
608162,True
614316,True
603207,True
193190,True
612695,True
612696,True
612697,True
614938,True
611901,True
618281,True
621113,True
614884,True
602929,True
609693,True
617509,True
611108,True
619794,True
611115,True
613160,True
615049,True
618508,True
610754,True
191050,True
604733,True
300392,True
605035,True
605875,True
605068,True
613632,True
613631,True
619925,True
615748,True
610657,True
605056,True
606961,True
618083,True
611129,True
606962,True
610981,True
604981,True
616234,True
618080,True
610418,True
617485,True
613316,True
608126,True
613580,True
604734,True
606417,True
616620,True
300512,True
609005,True
620291,True
608151,True
617741,True
620307,True
618059,True
617424,True
620936,True
604737,True
620951,True
618082,True
613602,True
609669,True
618586,True
605924,True
617502,True
616195,True
301070,True
300526,True
609226,True
611440,True
615734,True
612167,True
609012,True
615110,True
620826,True
620832,True
617418,True
621240,True
606031,True
613583,True
621432,True
613473,True
617233,True
613214,True
616144,True
617947,True
620341,True
620302,True
611734,True
614218,True
611059,True
616850,True
618474,True
620274,True
621458,True
618290,True
616303,True
619891,True
620802,True
619763,True
193525,True
614084,True
605322,True
609872,True
617548,True
605161,True
608021,True
610895,True
606201,True
612393,True
604977,True
607928,True
605186,True
602357,True
609692,True
612432,True
609224,True
609225,True
619715,True
611514,True
605232,True
606249,True
300358,True
601844,True
164820,True
606268,True
601906,True
603699,True
606267,True
147870,True
601968,True
165330,True
606359,True
603490,True
164975,True
606361,True
604663,True
601570,True
601967,True
606360,True
601396,True
602863,True
602864,True
612661,True
606040,True
604611,True
608196,True
610091,True
621524,True
619584,True
619253,True
616333,True
607102,True
607899,True
605442,True
614790,True
610533,True
620110,True
620088,True
301089,True
605131,True
602307,True
602308,True
607392,True
610850,True
300901,True
606717,True
300742,True
300289,True
300416,True
300740,True
301063,True
194355,True
600250,True
604828,True
600552,True
607633,True
300879,True
300079,True
609777,True
609778,True
314670,True
314850,True
611674,True
621368,True
621391,True
619940,True
621370,True
300684,True
611153,True
613208,True
602443,True
300145,True
613553,True
602559,True
611449,True
607845,True
608411,True
606140,True
603180,True
605237,True
194360,True
600375,True
600675,True
194363,True
194364,True
152690,True
607994,True
608851,True
609788,True
614552,True
604049,True
608124,True
608125,True
607534,True
606608,True
603623,True
610957,True
617461,True
154030,True
611447,True
603437,True
619770,True
613373,True
602116,True
164880,True
611484,True
619109,True
617521,True
617522,True
609775,True
617534,True
611483,True
300996,True
619754,True
618607,True
606209,True
619766,True
607472,True
612023,True
608082,True
609723,True
609724,True
609725,True
609726,True
612276,True
617283,True
616530,True
616529,True
610640,True
618669,True
601289,True
605066,True
605356,True
113508,True
609009,True
601288,True
600013,True
607860,True
300570,True
610935,True
602372,True
176947,True
607520,True
620424,True
617677,True
300178,True
615246,True
615250,True
612552,True
615251,True
613512,True
615252,True
615253,True
606750,True
616578,True
618576,True
618181,True
602126,True
176797,True
604084,True
608433,True
616595,True
606025,True
616485,True
611439,True
614064,True
194541,True
620164,True
621294,True
605859,True
300329,True
611692,True
604073,True
612218,True
619384,True
612308,True
612106,True
613915,True
618676,True
621256,True
614639,True
619969,True
165270,True
616238,True
616590,True
605976,True
605878,True
607646,True
616591,True
618742,True
613513,True
610562,True
300889,True
615001,True
611106,True
616453,True
613279,True
619704,True
618640,True
619498,True
619819,True
618206,True
621273,True
607312,True
619746,True
300897,True
300701,True
301125,True
620697,True
619744,True
301122,True
620095,True
618326,True
611792,True
616381,True
620382,True
610750,True
618900,True
621188,True
617059,True
621348,True
612815,True
619295,True
300576,True
616750,True
607799,True
620963,True
618671,True
618621,True
617972,True
614605,True
617334,True
617150,True
621547,True
614586,True
618715,True
614604,True
608784,True
300646,True
189909,True
616915,True
605802,True
617764,True
610699,True
613474,True
607455,True
621630,True
604761,True
610183,True
610931,True
620956,True
617828,True
104155,True
606940,True
617230,True
620163,True
616798,True
194480,True
617317,True
190700,True
601064,True
612053,True
602951,True
614572,True
612192,True
610281,True
618111,True
617939,True
609451,True
619289,True
301139,True
619397,True
601950,True
603693,True
615635,True
619284,True
615699,True
616635,True
314980,True
490000,True
605471,True
608880,True
619635,True
613504,True
612012,True
610243,True
614176,True
603755,True
617311,True
620477,True
611639,True
619577,True
604764,True
609185,True
609598,True
600470,True
603073,True
300265,True
608948,True
617896,True
621463,True
601260,True
612791,True
611643,True
611272,True
602240,True
301007,True
619930,True
606452,True
619741,True
607159,True
611196,True
606480,True
602221,True
300061,True
613568,True
616443,True
613567,True
607070,True
608668,True
614312,True
611424,True
615713,True
194538,True
603982,True
603983,True
603988,True
603989,True
603994,True
603996,True
194624,True
194536,True
194628,True
194631,True
604074,True
604075,True
604076,True
604077,True
604078,True
604080,True
194556,True
604082,True
194648,True
604083,True
603433,True
601505,True
601897,True
604085,True
604086,True
300024,True
601262,True
600398,True
600834,True
603404,True
619254,True
603900,True
601139,True
601276,True
194524,True
606740,True
606741,True
314993,True
602277,True
300381,True
603132,True
194525,True
602187,True
618359,True
194500,True
194557,True
603231,True
603430,True
603436,True
603428,True
603977,True
601856,True
602386,True
608387,True
605015,True
605016,True
602967,True
605036,True
194529,True
617357,True
194555,True
620827,True
194527,True
620998,True
616463,True
604750,True
604749,True
604760,True
601069,True
194534,True
621128,True
194528,True
606954,True
604768,True
606956,True
606957,True
194537,True
613749,True
604191,True
604668,True
604751,True
604752,True
604753,True
604756,True
605467,True
608460,True
605465,True
620466,True
301166,True
618703,True
603397,True
616213,True
613226,True
194510,True
612429,True
621271,True
613840,True
613864,True
617512,True
194539,True
606427,True
610847,True
617477,True
614601,True
606043,True
611811,True
621017,True
610827,True
194521,True
194522,True
194526,True
618269,True
621272,True
605308,True
194533,True
605422,True
602444,True
619511,True
619496,True
621584,True
607818,True
610159,True
610160,True
616085,True
609516,True
619499,True
609951,True
609124,True
612344,True
620982,True
621200,True
619300,True
609494,True
609600,True
609601,True
618593,True
615894,True
616454,True
314995,True
619427,True
620980,True
619506,True
621253,True
621276,True
619509,True
617410,True
617216,True
604557,True
619507,True
621242,True
603972,True
619505,True
620554,True
611703,True
620749,True
194542,True
606697,True
607874,True
619508,True
300627,True
194554,True
615708,True
604755,True
608640,True
617371,True
614040,True
616841,True
612078,True
620441,True
620162,True
617908,True
617444,True
613910,True
620118,True
620124,True
613911,True
613902,True
620567,True
619385,True
620921,True
617886,True
613598,True
615114,True
617733,True
617734,True
610974,True
621581,True
614387,True
615580,True
619066,True
618037,True
613903,True
619942,True
616847,True
620720,True
621580,True
621583,True
614275,True
617566,True
613904,True
617888,True
615600,True
621275,True
616702,True
613624,True
616698,True
614685,True
617508,True
613905,True
620972,True
617474,True
617077,True
608694,True
612248,True
610671,True
619587,True
300819,True
614349,True
619214,True
613906,True
614159,True
619299,True
611903,True
613907,True
611371,True
617891,True
616290,True
617890,True
611024,True
617103,True
300573,True
620090,True
616775,True
610568,True
618033,True
194543,True
617758,True
616348,True
620981,True
609571,True
194531,True
194544,True
617045,True
619526,True
194545,True
314990,True
616181,True
618405,True
603984,True
194548,True
620976,True
613914,True
610226,True
601473,True
314997,True
194549,True
619524,True
618032,True
194551,True
619298,True
621447,True
194552,True
619916,True
194532,True
194553,True
621007,True
612282,True
620970,True
314998,True
621289,True
617962,True
194558,True
618554,True
603899,True
620974,True
621634,True
165250,True
603973,True
603971,True
603974,True
603975,True
603980,True
603981,True
618931,True
611078,True
611079,True
611080,True
618617,True
604575,True
604500,True
620473,True
606044,True
612060,True
612061,True
612062,True
612063,True
195000,True
182888,True
182889,True
613514,True
608498,True
608499,True
615915,True
603901,True
611749,True
604347,True
615655,True
620738,True
300028,True
620026,True
618365,True
603978,True
618544,True
611315,True
601261,True
165260,True
616474,True
620932,True
610794,True
613419,True
620916,True
620918,True
602246,True
621624,True
620336,True
620539,True
620132,True
615951,True
614535,True
619213,True
620543,True
603954,True
609984,True
609177,True
300235,True
300236,True
615746,True
618675,True
618673,True
602002,True
619459,True
619892,True
