year,state_name,deaths,age_adjusted_rate,cause_id
2012,Vermont,21,2.6,kidney_disease
2017,Vermont,29,3.3,kidney_disease
2016,Vermont,30,3.7,kidney_disease
2013,Vermont,30,3.8,kidney_disease
2000,District of Columbia,23,3.8,suicide
2014,Arizona,325,4.1,kidney_disease
2009,District of Columbia,29,4.4,suicide
2015,Vermont,39,4.5,kidney_disease
2014,Vermont,37,4.5,kidney_disease
2011,South Dakota,49,4.5,kidney_disease
2015,District of Columbia,34,4.9,suicide
2013,Arizona,374,4.9,kidney_disease
2001,Washington,279,5.0,kidney_disease
1999,District of Columbia,30,5.1,suicide
2016,District of Columbia,40,5.2,suicide
2006,District of Columbia,30,5.2,suicide
2002,District of Columbia,31,5.2,suicide
1999,Washington,278,5.2,kidney_disease
2017,Washington,439,5.3,kidney_disease
2003,Washington,304,5.3,kidney_disease
2011,Vermont,43,5.4,kidney_disease
2008,Vermont,39,5.4,kidney_disease
2005,District of Columbia,33,5.4,suicide
2002,Washington,306,5.4,kidney_disease
2000,Washington,293,5.4,kidney_disease
2015,Arizona,458,5.5,kidney_disease
2004,District of Columbia,33,5.5,suicide
2012,South Dakota,58,5.6,kidney_disease
2011,District of Columbia,37,5.6,suicide
2011,Arizona,395,5.6,kidney_disease
2016,Arizona,487,5.7,kidney_disease
2013,District of Columbia,38,5.7,suicide
2012,District of Columbia,37,5.7,suicide
2012,Arizona,414,5.7,kidney_disease
2006,Iowa,225,5.8,kidney_disease
2005,South Dakota,55,5.8,kidney_disease
2015,Washington,474,5.9,kidney_disease
2013,South Dakota,64,5.9,kidney_disease
2004,Washington,348,5.9,kidney_disease
2003,New York,1169,5.9,suicide
2000,New York,1132,5.9,suicide
2007,District of Columbia,36,6.0,suicide
2005,New York,1189,6.0,suicide
2004,New York,1187,6.0,suicide
2001,Iowa,220,6.0,kidney_disease
2000,Massachusetts,387,6.0,suicide
2013,Washington,461,6.1,kidney_disease
2005,New Jersey,536,6.1,suicide
2003,District of Columbia,36,6.1,suicide
2017,Arizona,540,6.2,kidney_disease
2014,Washington,481,6.2,kidney_disease
2009,New Jersey,557,6.2,suicide
2001,North Dakota,50,6.2,kidney_disease
2000,California,1785,6.2,kidney_disease
2007,North Dakota,56,6.3,kidney_disease
2005,Rhode Island,71,6.3,suicide
2002,New Jersey,553,6.3,suicide
2002,New York,1228,6.3,suicide
1999,New York,1196,6.3,suicide
2006,South Dakota,62,6.4,kidney_disease
2005,Iowa,250,6.4,kidney_disease
2004,Massachusetts,425,6.4,suicide
2004,North Dakota,55,6.4,kidney_disease
1999,Iowa,226,6.4,kidney_disease
2014,South Dakota,72,6.5,kidney_disease
2006,New Jersey,585,6.5,suicide
2003,Massachusetts,433,6.5,suicide
2003,Iowa,241,6.5,kidney_disease
2001,District of Columbia,40,6.5,suicide
2001,Massachusetts,426,6.5,suicide
2001,New York,1253,6.5,suicide
2017,District of Columbia,47,6.6,suicide
2016,Washington,532,6.6,kidney_disease
2012,Washington,482,6.6,kidney_disease
2006,North Dakota,59,6.6,kidney_disease
2003,North Dakota,56,6.6,kidney_disease
2002,Massachusetts,436,6.6,suicide
2000,New Jersey,560,6.6,suicide
1999,New Jersey,563,6.6,suicide
2010,Vermont,50,6.7,kidney_disease
2007,New Jersey,596,6.7,suicide
2006,Massachusetts,450,6.7,suicide
2006,New York,1326,6.7,suicide
2006,Washington,423,6.7,kidney_disease
2003,New Jersey,588,6.7,suicide
1999,Massachusetts,431,6.7,suicide
2017,South Dakota,75,6.8,kidney_disease
2011,Oregon,316,6.8,kidney_disease
2011,Washington,492,6.8,kidney_disease
2009,Vermont,49,6.8,kidney_disease
2008,New Jersey,615,6.8,suicide
2007,Washington,440,6.8,kidney_disease
2004,New Jersey,597,6.8,suicide
2002,Alaska,21,6.8,kidney_disease
2001,New Jersey,588,6.8,suicide
2001,California,1994,6.8,kidney_disease
1999,Wyoming,30,6.8,kidney_disease
2013,Oregon,327,6.9,kidney_disease
2012,Oregon,320,6.9,kidney_disease
2010,District of Columbia,41,6.9,suicide
2007,Iowa,272,6.9,kidney_disease
2002,North Dakota,57,6.9,kidney_disease
2016,Vermont,59,7.0,influenza_and_pneumonia
2011,California,2599,7.0,kidney_disease
2009,Vermont,52,7.0,influenza_and_pneumonia
2009,New York,1417,7.0,suicide
2002,Idaho,86,7.0,kidney_disease
1999,New York,1357,7.0,alzheimer_s_disease
2008,New York,1409,7.1,suicide
2008,Washington,471,7.1,kidney_disease
2007,New York,1396,7.1,suicide
2004,Alaska,23,7.1,kidney_disease
2002,Iowa,261,7.1,kidney_disease
2000,Rhode Island,75,7.1,suicide
2016,New Jersey,687,7.2,suicide
2013,California,2840,7.2,kidney_disease
2012,California,2728,7.2,kidney_disease
2012,District of Columbia,44,7.2,kidney_disease
2005,Massachusetts,480,7.2,suicide
2004,Iowa,266,7.2,kidney_disease
2002,California,2164,7.2,kidney_disease
2002,Oregon,266,7.2,kidney_disease
2001,Alaska,24,7.2,kidney_disease
2017,Oregon,377,7.3,kidney_disease
2010,South Dakota,74,7.3,kidney_disease
2008,District of Columbia,43,7.3,suicide
2007,Connecticut,271,7.3,suicide
2002,Connecticut,260,7.3,suicide
1999,Oregon,260,7.3,kidney_disease
2015,South Dakota,79,7.4,kidney_disease
2012,New Jersey,683,7.4,suicide
2006,Vermont,52,7.4,kidney_disease
2005,Oregon,295,7.4,kidney_disease
2011,New Jersey,689,7.5,suicide
2009,Washington,509,7.5,kidney_disease
2008,Massachusetts,509,7.5,suicide
2005,Washington,450,7.5,kidney_disease
2003,Connecticut,272,7.5,suicide
2016,South Dakota,90,7.6,kidney_disease
2014,Iowa,313,7.6,kidney_disease
2009,Iowa,302,7.6,kidney_disease
2007,Vermont,54,7.6,kidney_disease
2004,Rhode Island,85,7.6,suicide
2004,California,2373,7.6,kidney_disease
2003,California,2334,7.6,kidney_disease
2017,Minnesota,537,7.7,kidney_disease
2016,Oregon,398,7.7,kidney_disease
2014,California,3119,7.7,kidney_disease
2014,Oregon,378,7.7,kidney_disease
2010,New Jersey,719,7.7,suicide
2010,New York,1547,7.7,suicide
2007,Massachusetts,516,7.7,suicide
2007,South Dakota,77,7.7,kidney_disease
2005,California,2482,7.7,kidney_disease
2005,Vermont,52,7.7,kidney_disease
2003,Rhode Island,84,7.7,suicide
2003,Idaho,97,7.7,kidney_disease
2016,Minnesota,529,7.8,influenza_and_pneumonia
2015,New York,1652,7.8,suicide
2014,District of Columbia,52,7.8,suicide
2011,Iowa,316,7.8,kidney_disease
2009,Massachusetts,530,7.8,suicide
2008,Arizona,503,7.8,kidney_disease
2008,Iowa,304,7.8,kidney_disease
2000,New York,1539,7.8,alzheimer_s_disease
2012,Iowa,322,7.9,kidney_disease
2010,Arizona,537,7.9,kidney_disease
2006,Illinois,1010,7.9,suicide
2005,North Dakota,67,7.9,kidney_disease
2002,Rhode Island,86,7.9,suicide
1999,Connecticut,274,7.9,suicide
2015,Iowa,336,8.0,kidney_disease
2014,District of Columbia,49,8.0,kidney_disease
2014,Idaho,137,8.0,kidney_disease
2013,New Jersey,757,8.0,suicide
2012,Montana,100,8.0,kidney_disease
2010,Vermont,60,8.0,influenza_and_pneumonia
2010,Washington,552,8.0,kidney_disease
2006,Connecticut,292,8.0,suicide
2004,Oregon,308,8.0,kidney_disease
2003,Illinois,1011,8.0,suicide
2001,Idaho,95,8.0,kidney_disease
2000,North Dakota,67,8.0,kidney_disease
1999,California,2261,8.0,kidney_disease
1999,New Hampshire,93,8.0,kidney_disease
2017,New York,1696,8.1,suicide
2016,New York,1679,8.1,suicide
2014,New York,1700,8.1,suicide
2013,New York,1687,8.1,suicide
2012,Oregon,382,8.1,influenza_and_pneumonia
2010,Iowa,323,8.1,kidney_disease
2005,Connecticut,295,8.1,suicide
2004,Illinois,1028,8.1,suicide
2003,Oregon,306,8.1,kidney_disease
2003,Vermont,53,8.1,kidney_disease
2001,Connecticut,283,8.1,suicide
2001,Rhode Island,88,8.1,suicide
2000,Illinois,1003,8.1,suicide
2015,Oregon,409,8.2,kidney_disease
2014,Massachusetts,596,8.2,suicide
2013,Massachusetts,572,8.2,suicide
2011,New York,1658,8.2,suicide
2006,Rhode Island,90,8.2,suicide
2006,California,2676,8.2,kidney_disease
2005,Hawaii,107,8.2,suicide
2005,Idaho,110,8.2,kidney_disease
2004,Connecticut,294,8.2,suicide
2000,Idaho,96,8.2,kidney_disease
2000,Oregon,295,8.2,kidney_disease
2017,New Jersey,795,8.3,suicide
2016,Iowa,352,8.3,kidney_disease
2015,New Jersey,789,8.3,suicide
2014,New Jersey,786,8.3,suicide
2012,New York,1708,8.3,suicide
2010,Washington,578,8.3,influenza_and_pneumonia
2010,Maryland,502,8.3,suicide
2009,Arizona,546,8.3,kidney_disease
2008,California,2854,8.3,kidney_disease
2002,Vermont,53,8.3,kidney_disease
1999,Illinois,1020,8.3,suicide
1999,Maryland,435,8.3,suicide
2015,Alaska,41,8.4,influenza_and_pneumonia
2011,Vermont,68,8.4,influenza_and_pneumonia
2011,Massachusetts,585,8.4,suicide
2005,Maryland,472,8.4,suicide
2003,Alaska,28,8.4,kidney_disease
2001,Maryland,454,8.4,suicide
2015,Colorado,458,8.5,kidney_disease
2014,Colorado,448,8.5,kidney_disease
2012,Florida,2338,8.5,influenza_and_pneumonia
2009,Connecticut,316,8.5,suicide
2008,Connecticut,315,8.5,suicide
2007,Arizona,528,8.5,kidney_disease
2007,California,2835,8.5,kidney_disease
2004,Idaho,109,8.5,kidney_disease
2004,Vermont,57,8.5,kidney_disease
2001,New York,1705,8.5,alzheimer_s_disease
2001,California,2831,8.5,suicide
2016,California,3640,8.6,kidney_disease
2015,California,3557,8.6,kidney_disease
2009,California,3033,8.6,kidney_disease
2007,Illinois,1108,8.6,suicide
2006,Maryland,495,8.6,suicide
2005,Illinois,1086,8.6,suicide
2000,Iowa,313,8.6,kidney_disease
1999,Idaho,99,8.6,kidney_disease
2015,Idaho,154,8.7,kidney_disease
2013,Connecticut,330,8.7,suicide
2012,Massachusetts,604,8.7,suicide
2011,Oregon,401,8.7,influenza_and_pneumonia
2010,California,3112,8.7,kidney_disease
2008,Maryland,507,8.7,suicide
2017,Iowa,367,8.8,kidney_disease
2016,Massachusetts,631,8.8,suicide
2016,Minnesota,588,8.8,kidney_disease
2016,Nevada,274,8.8,kidney_disease
2015,Maryland,553,8.8,suicide
2013,District of Columbia,54,8.8,kidney_disease
2013,Idaho,148,8.8,kidney_disease
2013,Iowa,369,8.8,kidney_disease
2012,Idaho,148,8.8,kidney_disease
2011,Montana,104,8.8,kidney_disease
2010,Massachusetts,598,8.8,suicide
2007,Rhode Island,96,8.8,suicide
2006,Oregon,353,8.8,kidney_disease
2004,Maryland,500,8.8,suicide
2002,Maryland,477,8.8,suicide
2000,Connecticut,304,8.8,suicide
2017,California,3887,8.9,kidney_disease
2017,Colorado,503,8.9,kidney_disease
2016,Oregon,452,8.9,influenza_and_pneumonia
2016,Colorado,491,8.9,kidney_disease
2015,Florida,2676,8.9,influenza_and_pneumonia
2015,Massachusetts,642,8.9,suicide
2012,Colorado,428,8.9,kidney_disease
2011,Rhode Island,101,8.9,suicide
2010,Florida,2259,8.9,influenza_and_pneumonia
2010,Oregon,400,8.9,kidney_disease
2009,Oregon,387,8.9,kidney_disease
2004,Hawaii,116,8.9,suicide
2003,Maryland,491,8.9,suicide
2002,New York,1803,8.9,alzheimer_s_disease
2000,Minnesota,440,8.9,suicide
2000,Florida,1888,8.9,kidney_disease
1999,Florida,1846,8.9,kidney_disease
2017,Idaho,170,9.0,kidney_disease
2017,Nevada,299,9.0,kidney_disease
2016,District of Columbia,57,9.0,kidney_disease
2015,Oregon,453,9.0,influenza_and_pneumonia
2013,Colorado,450,9.0,kidney_disease
2010,Illinois,1178,9.0,suicide
2007,Maryland,518,9.0,suicide
2006,Hawaii,120,9.0,suicide
2003,New York,1866,9.0,alzheimer_s_disease
2000,Maryland,474,9.0,suicide
2000,New Hampshire,106,9.0,kidney_disease
1999,Minnesota,437,9.0,suicide
1999,Rhode Island,111,9.0,kidney_disease
2017,New York,2296,9.1,kidney_disease
2014,Oregon,450,9.1,influenza_and_pneumonia
2009,Illinois,1177,9.1,suicide
2008,South Dakota,89,9.1,kidney_disease
2007,New York,1999,9.1,alzheimer_s_disease
2005,California,3206,9.1,suicide
2003,Hawaii,123,9.1,kidney_disease
2002,Delaware,74,9.1,suicide
2001,Oregon,331,9.1,kidney_disease
2000,California,2969,9.1,suicide
1999,Rhode Island,96,9.1,suicide
1999,Utah,135,9.1,kidney_disease
2017,Montana,129,9.2,kidney_disease
2013,Maryland,569,9.2,suicide
2011,Maryland,558,9.2,suicide
2010,Oregon,417,9.2,influenza_and_pneumonia
2002,Illinois,1145,9.2,suicide
2002,Wyoming,43,9.2,kidney_disease
2001,Illinois,1139,9.2,suicide
2000,Hawaii,113,9.2,kidney_disease
1999,Vermont,56,9.2,kidney_disease
2016,Florida,2808,9.3,influenza_and_pneumonia
2015,Montana,121,9.3,kidney_disease
2015,New York,2245,9.3,kidney_disease
2014,Vermont,74,9.3,influenza_and_pneumonia
2014,New York,2207,9.3,kidney_disease
2013,Vermont,77,9.3,influenza_and_pneumonia
2011,Florida,2453,9.3,influenza_and_pneumonia
2011,Illinois,1226,9.3,suicide
2009,Maryland,551,9.3,suicide
2009,Nebraska,170,9.3,suicide
2008,Illinois,1198,9.3,suicide
2006,California,3334,9.3,suicide
2006,Arizona,565,9.3,kidney_disease
2004,Wyoming,45,9.3,kidney_disease
2003,Ohio,1074,9.3,suicide
2000,New Mexico,152,9.3,kidney_disease
2017,New Hampshire,169,9.4,kidney_disease
2016,Maryland,586,9.4,suicide
2016,New Hampshire,161,9.4,kidney_disease
2014,Washington,729,9.4,influenza_and_pneumonia
2014,Rhode Island,135,9.4,kidney_disease
2013,Wyoming,56,9.4,kidney_disease
2010,Connecticut,353,9.4,suicide
2008,Florida,2300,9.4,influenza_and_pneumonia
2008,Oregon,397,9.4,kidney_disease
2007,Florida,2246,9.4,influenza_and_pneumonia
2007,Idaho,134,9.4,kidney_disease
2006,New York,2021,9.4,alzheimer_s_disease
2006,Idaho,130,9.4,kidney_disease
2001,Rhode Island,118,9.4,kidney_disease
1999,Hawaii,109,9.4,alzheimer_s_disease
2017,Massachusetts,682,9.5,suicide
2017,Nebraska,226,9.5,kidney_disease
2017,Wyoming,63,9.5,kidney_disease
2016,Nebraska,220,9.5,kidney_disease
2015,Arizona,775,9.5,influenza_and_pneumonia
2013,Florida,2662,9.5,influenza_and_pneumonia
2012,Arizona,683,9.5,influenza_and_pneumonia
2012,Maryland,583,9.5,suicide
2012,Rhode Island,105,9.5,suicide
2012,Alaska,44,9.5,kidney_disease
2011,Colorado,450,9.5,kidney_disease
2007,Hawaii,133,9.5,suicide
2004,New York,1989,9.5,alzheimer_s_disease
2004,Nebraska,166,9.5,suicide
2002,Hawaii,120,9.5,suicide
2000,Ohio,1088,9.5,suicide
1999,District of Columbia,53,9.5,alzheimer_s_disease
2017,Florida,3057,9.6,influenza_and_pneumonia
2016,Colorado,533,9.6,influenza_and_pneumonia
2014,Florida,2719,9.6,influenza_and_pneumonia
2010,Colorado,426,9.6,kidney_disease
2002,California,3228,9.6,suicide
2001,Minnesota,480,9.6,suicide
2001,Hawaii,123,9.6,kidney_disease
1999,California,3077,9.6,suicide
1999,Colorado,312,9.6,kidney_disease
1999,Montana,92,9.6,kidney_disease
2017,Vermont,86,9.7,influenza_and_pneumonia
2015,Minnesota,639,9.7,kidney_disease
2014,Montana,125,9.7,kidney_disease
2013,New York,2285,9.7,kidney_disease
2012,Rhode Island,135,9.7,kidney_disease
2011,Idaho,154,9.7,kidney_disease
2011,Nebraska,214,9.7,kidney_disease
2011,New York,2197,9.7,kidney_disease
2010,Minnesota,595,9.7,influenza_and_pneumonia
2008,Hawaii,133,9.7,suicide
2005,New York,2065,9.7,alzheimer_s_disease
2005,Delaware,83,9.7,suicide
2004,California,3368,9.7,suicide
1999,Ohio,1102,9.7,suicide
2016,New York,2385,9.8,kidney_disease
2015,Rhode Island,142,9.8,kidney_disease
2014,Minnesota,638,9.8,influenza_and_pneumonia
2014,Connecticut,379,9.8,suicide
2014,Maryland,606,9.8,suicide
2012,Illinois,1292,9.8,suicide
2012,Nebraska,217,9.8,kidney_disease
2012,New York,2240,9.8,kidney_disease
2011,Connecticut,370,9.8,suicide
2007,Montana,110,9.8,kidney_disease
2003,Minnesota,497,9.8,suicide
2002,Minnesota,497,9.8,suicide
2001,Hawaii,122,9.8,alzheimer_s_disease
2000,Iowa,289,9.8,suicide
2017,Minnesota,697,9.9,influenza_and_pneumonia
2017,Maryland,630,9.9,suicide
2017,Alaska,54,9.9,kidney_disease
2016,Rhode Island,141,9.9,kidney_disease
2015,Connecticut,384,9.9,suicide
2015,District of Columbia,65,9.9,kidney_disease
2013,Illinois,1321,9.9,suicide
2012,Vermont,81,9.9,influenza_and_pneumonia
2012,Washington,728,9.9,influenza_and_pneumonia
2012,Connecticut,368,9.9,suicide
2009,Florida,2410,9.9,influenza_and_pneumonia
2008,Rhode Island,110,9.9,suicide
2007,Vermont,70,9.9,influenza_and_pneumonia
2007,California,3602,9.9,suicide
2004,New Hampshire,133,9.9,suicide
2004,Rhode Island,131,9.9,kidney_disease
2004,South Dakota,92,9.9,kidney_disease
2003,California,3397,9.9,suicide
2003,Montana,101,9.9,kidney_disease
2000,Michigan,974,9.9,suicide
2000,Rhode Island,123,9.9,kidney_disease
2000,Wyoming,45,9.9,kidney_disease
1999,Michigan,974,9.9,suicide
2017,District of Columbia,67,10.0,kidney_disease
2016,Washington,815,10.0,influenza_and_pneumonia
2016,Alaska,53,10.0,kidney_disease
2016,Wyoming,66,10.0,kidney_disease
2015,Vermont,85,10.0,influenza_and_pneumonia
2015,Alaska,50,10.0,kidney_disease
2014,Arizona,779,10.0,influenza_and_pneumonia
2013,Nebraska,222,10.0,kidney_disease
2012,Alaska,52,10.0,influenza_and_pneumonia
2012,California,3893,10.0,suicide
2011,Arizona,690,10.0,influenza_and_pneumonia
2011,District of Columbia,60,10.0,kidney_disease
2009,Ohio,1176,10.0,suicide
2004,Florida,2252,10.0,kidney_disease
2003,Maine,137,10.0,suicide
2000,Hawaii,118,10.0,alzheimer_s_disease
2000,Vermont,62,10.0,kidney_disease
2017,Arizona,876,10.1,influenza_and_pneumonia
2017,Colorado,577,10.1,influenza_and_pneumonia
2017,Florida,3172,10.1,kidney_disease
2016,Connecticut,397,10.1,suicide
2014,Rhode Island,113,10.1,suicide
2014,Alaska,45,10.1,kidney_disease
2013,Washington,768,10.1,influenza_and_pneumonia
2013,Alaska,49,10.1,kidney_disease
2011,Washington,734,10.1,influenza_and_pneumonia
2009,South Dakota,102,10.1,kidney_disease
2007,Nebraska,181,10.1,suicide
2001,Florida,2172,10.1,kidney_disease
1999,New Mexico,162,10.1,kidney_disease
2017,Oklahoma,461,10.2,kidney_disease
2016,Florida,3144,10.2,kidney_disease
2014,New Hampshire,167,10.2,kidney_disease
2013,California,4025,10.2,suicide
2013,Minnesota,653,10.2,kidney_disease
2012,New Hampshire,161,10.2,kidney_disease
2009,California,3823,10.2,suicide
2008,Vermont,74,10.2,influenza_and_pneumonia
2007,Oregon,426,10.2,kidney_disease
2004,Minnesota,524,10.2,suicide
2003,Hawaii,131,10.2,suicide
2003,Michigan,1029,10.2,suicide
2003,Nebraska,176,10.2,suicide
2003,Florida,2265,10.2,kidney_disease
2002,Florida,2201,10.2,kidney_disease
2001,Iowa,304,10.2,suicide
2001,Pennsylvania,1276,10.2,suicide
2000,Texas,2053,10.2,suicide
2000,Tennessee,565,10.2,kidney_disease
1999,Texas,2005,10.2,suicide
2016,Idaho,190,10.3,kidney_disease
2015,California,4167,10.3,suicide
2015,Illinois,1363,10.3,suicide
2013,Montana,130,10.3,kidney_disease
2010,California,3913,10.3,suicide
2009,Minnesota,618,10.3,influenza_and_pneumonia
2009,Colorado,447,10.3,kidney_disease
2008,New York,2303,10.3,alzheimer_s_disease
2008,California,3775,10.3,suicide
2006,Delaware,91,10.3,suicide
2006,Georgia,923,10.3,suicide
2006,Texas,2347,10.3,suicide
2005,Montana,109,10.3,kidney_disease
2005,Utah,177,10.3,kidney_disease
2004,Montana,108,10.3,kidney_disease
2003,Louisiana,461,10.3,suicide
2002,New Hampshire,132,10.3,suicide
2002,Hawaii,136,10.3,kidney_disease
2001,New Mexico,172,10.3,kidney_disease
2000,New Hampshire,131,10.3,suicide
1999,Iowa,305,10.3,suicide
1999,Pennsylvania,1284,10.3,suicide
1999,Vermont,63,10.3,suicide
1999,Texas,1669,10.3,kidney_disease
2016,Arizona,885,10.4,influenza_and_pneumonia
2014,Minnesota,676,10.4,kidney_disease
2013,New York,2556,10.4,alzheimer_s_disease
2013,Arizona,776,10.4,influenza_and_pneumonia
2013,Oregon,496,10.4,influenza_and_pneumonia
2013,Rhode Island,149,10.4,kidney_disease
2011,Hawaii,197,10.4,alzheimer_s_disease
2011,California,3996,10.4,suicide
2010,Nebraska,193,10.4,suicide
2009,District of Columbia,57,10.4,kidney_disease
2008,Georgia,981,10.4,suicide
2007,Minnesota,603,10.4,influenza_and_pneumonia
2003,Arizona,563,10.4,kidney_disease
2002,Tennessee,586,10.4,kidney_disease
2000,Delaware,82,10.4,suicide
2000,North Dakota,68,10.4,suicide
2000,United States,29350,10.4,suicide
1999,Indiana,628,10.4,suicide
2017,California,4312,10.5,suicide
2017,Connecticut,405,10.5,suicide
2016,California,4294,10.5,suicide
2015,Nevada,316,10.5,kidney_disease
2014,California,4214,10.5,suicide
2014,Illinois,1398,10.5,suicide
2011,Nebraska,193,10.5,suicide
2010,Hawaii,189,10.5,alzheimer_s_disease
2009,New York,2396,10.5,alzheimer_s_disease
2007,Texas,2433,10.5,suicide
2006,Florida,2454,10.5,influenza_and_pneumonia
2005,Minnesota,547,10.5,suicide
2005,Alaska,38,10.5,kidney_disease
2005,Arizona,608,10.5,kidney_disease
2005,Florida,2416,10.5,kidney_disease
2005,Hawaii,150,10.5,kidney_disease
2002,Montana,105,10.5,kidney_disease
2001,Michigan,1051,10.5,suicide
2000,Mississippi,294,10.5,suicide
1999,Nebraska,177,10.5,suicide
1999,South Carolina,418,10.5,suicide
1999,United States,29199,10.5,suicide
1999,North Dakota,85,10.5,kidney_disease
2014,Florida,3076,10.6,kidney_disease
2012,Minnesota,674,10.6,influenza_and_pneumonia
2012,New Jersey,1131,10.6,influenza_and_pneumonia
2012,Florida,2912,10.6,kidney_disease
2009,Washington,728,10.6,influenza_and_pneumonia
2008,Nebraska,191,10.6,suicide
2007,Delaware,95,10.6,suicide
2006,Minnesota,554,10.6,suicide
2005,Georgia,924,10.6,suicide
2003,Pennsylvania,1340,10.6,suicide
2001,Ohio,1219,10.6,suicide
2017,Hawaii,208,10.7,kidney_disease
2016,Delaware,132,10.7,influenza_and_pneumonia
2016,New Jersey,1208,10.7,influenza_and_pneumonia
2016,Illinois,1415,10.7,suicide
2015,Washington,851,10.7,influenza_and_pneumonia
2014,New York,2639,10.7,alzheimer_s_disease
2011,Minnesota,680,10.7,influenza_and_pneumonia
2009,Utah,212,10.7,kidney_disease
2007,Iowa,322,10.7,suicide
2004,Texas,2300,10.7,suicide
2002,Iowa,314,10.7,suicide
2002,Pennsylvania,1341,10.7,suicide
2001,United States,30622,10.7,suicide
2000,Georgia,847,10.7,suicide
2000,Louisiana,468,10.7,suicide
2015,Florida,3203,10.8,kidney_disease
2015,Hawaii,202,10.8,kidney_disease
2012,Minnesota,669,10.8,kidney_disease
2011,New York,2563,10.8,alzheimer_s_disease
2009,Minnesota,584,10.8,suicide
2009,Rhode Island,118,10.8,suicide
2008,Texas,2552,10.8,suicide
2008,Wyoming,56,10.8,kidney_disease
2007,Minnesota,572,10.8,suicide
2007,New Hampshire,149,10.8,kidney_disease
2006,Pennsylvania,1396,10.8,suicide
2003,United States,31484,10.8,suicide
2002,South Carolina,440,10.8,suicide
2000,Pennsylvania,1356,10.8,suicide
2000,Virginia,768,10.8,suicide
2000,Colorado,357,10.8,kidney_disease
1999,South Dakota,97,10.8,kidney_disease
2015,Minnesota,738,10.9,influenza_and_pneumonia
2012,New York,2640,10.9,alzheimer_s_disease
2009,Louisiana,490,10.9,suicide
2007,Georgia,997,10.9,suicide
2006,Vermont,77,10.9,influenza_and_pneumonia
2005,Nebraska,187,10.9,suicide
2005,Texas,2418,10.9,suicide
2005,United States,32637,10.9,suicide
2004,Michigan,1098,10.9,suicide
2004,Virginia,828,10.9,suicide
2003,Virginia,808,10.9,suicide
2002,Hawaii,141,10.9,alzheimer_s_disease
2002,Virginia,799,10.9,suicide
2001,Hawaii,136,10.9,suicide
2001,Kansas,293,10.9,suicide
2001,Nebraska,187,10.9,suicide
2001,Texas,2225,10.9,suicide
2000,Wisconsin,590,10.9,suicide
2016,Rhode Island,165,11.0,influenza_and_pneumonia
2014,North Dakota,104,11.0,kidney_disease
2013,New Hampshire,175,11.0,kidney_disease
2012,Colorado,525,11.0,influenza_and_pneumonia
2011,Delaware,105,11.0,suicide
2011,Utah,228,11.0,kidney_disease
2010,New Jersey,1128,11.0,influenza_and_pneumonia
2010,New York,2439,11.0,kidney_disease
2008,Utah,212,11.0,kidney_disease
2007,Colorado,444,11.0,kidney_disease
2006,Minnesota,630,11.0,influenza_and_pneumonia
2006,Maine,158,11.0,suicide
2006,United States,33300,11.0,suicide
2005,Louisiana,505,11.0,suicide
2005,Michigan,1108,11.0,suicide
2004,Delaware,93,11.0,suicide
2004,United States,32439,11.0,suicide
2002,United States,31655,11.0,suicide
2001,Virginia,797,11.0,suicide
1999,Delaware,86,11.0,suicide
1999,Mississippi,304,11.0,suicide
1999,North Carolina,884,11.0,suicide
2017,Oregon,573,11.1,influenza_and_pneumonia
2016,Montana,147,11.1,influenza_and_pneumonia
2016,Texas,2860,11.1,influenza_and_pneumonia
2013,Florida,3130,11.1,kidney_disease
2009,New York,2426,11.1,kidney_disease
2008,New York,2394,11.1,kidney_disease
2007,Michigan,1131,11.1,suicide
2007,Ohio,1295,11.1,suicide
2007,Pennsylvania,1441,11.1,suicide
2007,Virginia,880,11.1,suicide
2007,Alaska,40,11.1,kidney_disease
2006,Virginia,876,11.1,suicide
2005,Pennsylvania,1430,11.1,suicide
2004,North Dakota,73,11.1,suicide
2004,Pennsylvania,1410,11.1,suicide
2004,Colorado,406,11.1,kidney_disease
2003,Texas,2363,11.1,suicide
2002,Georgia,909,11.1,suicide
2002,Michigan,1106,11.1,suicide
2002,Texas,2311,11.1,suicide
2000,South Carolina,443,11.1,suicide
1999,Hawaii,136,11.1,suicide
1999,North Dakota,73,11.1,suicide
1999,Wisconsin,593,11.1,suicide
1999,Arizona,544,11.1,kidney_disease
1999,Hawaii,133,11.1,kidney_disease
2017,Texas,2954,11.2,influenza_and_pneumonia
2017,Illinois,1474,11.2,suicide
2017,Connecticut,554,11.2,kidney_disease
2016,Rhode Island,126,11.2,suicide
2016,Hawaii,215,11.2,kidney_disease
2015,Rhode Island,127,11.2,suicide
2015,Nebraska,264,11.2,kidney_disease
2012,Rhode Island,161,11.2,influenza_and_pneumonia
2012,Hawaii,199,11.2,kidney_disease
2010,Minnesota,606,11.2,suicide
2008,Minnesota,596,11.2,suicide
2007,Oregon,477,11.2,influenza_and_pneumonia
2007,New Hampshire,158,11.2,suicide
2007,New York,2387,11.2,kidney_disease
2006,Iowa,334,11.2,suicide
2006,Michigan,1139,11.2,suicide
2006,Nebraska,202,11.2,suicide
2006,New Hampshire,151,11.2,suicide
2006,Florida,2620,11.2,kidney_disease
2006,New York,2351,11.2,kidney_disease
2005,Iowa,333,11.2,suicide
2005,Virginia,866,11.2,suicide
2004,Arizona,634,11.2,kidney_disease
2003,North Carolina,955,11.2,suicide
2002,Louisiana,499,11.2,suicide
2002,Ohio,1287,11.2,suicide
2002,Rhode Island,142,11.2,kidney_disease
2001,Louisiana,493,11.2,suicide
2001,South Dakota,103,11.2,kidney_disease
2001,Tennessee,624,11.2,kidney_disease
2000,Hawaii,137,11.2,suicide
1999,Georgia,873,11.2,suicide
1999,Kansas,299,11.2,suicide
1999,New Hampshire,137,11.2,suicide
1999,Virginia,791,11.2,suicide
2016,Idaho,207,11.3,influenza_and_pneumonia
2016,Montana,155,11.3,kidney_disease
2016,North Dakota,106,11.3,kidney_disease
2014,Idaho,200,11.3,influenza_and_pneumonia
2014,New Jersey,1234,11.3,influenza_and_pneumonia
2014,New Mexico,267,11.3,kidney_disease
2013,Hawaii,209,11.3,kidney_disease
2012,Delaware,121,11.3,influenza_and_pneumonia
2012,Idaho,189,11.3,influenza_and_pneumonia
2012,Maryland,704,11.3,kidney_disease
2011,New Hampshire,172,11.3,kidney_disease
2010,New York,2616,11.3,alzheimer_s_disease
2010,Delaware,106,11.3,suicide
2010,Montana,133,11.3,kidney_disease
2009,Montana,129,11.3,kidney_disease
2007,United States,34598,11.3,suicide
2006,Ohio,1325,11.3,suicide
2004,Georgia,973,11.3,suicide
2004,Indiana,704,11.3,suicide
2004,South Carolina,482,11.3,suicide
2002,Wisconsin,627,11.3,suicide
2000,Indiana,683,11.3,suicide
2000,Nebraska,193,11.3,suicide
2000,Utah,170,11.3,kidney_disease
2017,District of Columbia,79,11.4,influenza_and_pneumonia
2015,Maine,211,11.4,kidney_disease
2015,New Hampshire,194,11.4,kidney_disease
2014,Nevada,350,11.4,diabetes
2013,Maryland,737,11.4,kidney_disease
2011,Florida,3012,11.4,kidney_disease
2011,Minnesota,696,11.4,kidney_disease
2010,Arizona,768,11.4,influenza_and_pneumonia
2009,New Hampshire,165,11.4,kidney_disease
2007,Washington,743,11.4,influenza_and_pneumonia
2006,Mississippi,325,11.4,suicide
2005,New York,2360,11.4,kidney_disease
2004,Ohio,1319,11.4,suicide
2003,Alabama,521,11.4,suicide
2003,Delaware,94,11.4,suicide
2001,Alabama,512,11.4,suicide
2001,Georgia,935,11.4,suicide
2001,South Carolina,467,11.4,suicide
2001,Vermont,72,11.4,suicide
2001,Colorado,391,11.4,kidney_disease
2001,New Hampshire,136,11.4,kidney_disease
2000,Texas,1870,11.4,kidney_disease
1999,Connecticut,449,11.4,alzheimer_s_disease
2016,District of Columbia,78,11.5,influenza_and_pneumonia
2016,Delaware,119,11.5,suicide
2014,District of Columbia,74,11.5,influenza_and_pneumonia
2014,New Hampshire,194,11.5,influenza_and_pneumonia
2014,Maryland,751,11.5,kidney_disease
2014,Nebraska,265,11.5,kidney_disease
2011,Texas,2896,11.5,suicide
2011,Hawaii,201,11.5,kidney_disease
2010,North Dakota,104,11.5,kidney_disease
2009,Michigan,1169,11.5,suicide
2008,Colorado,483,11.5,kidney_disease
2006,Louisiana,492,11.5,suicide
2005,Alabama,535,11.5,suicide
2005,North Carolina,1009,11.5,suicide
2005,Ohio,1341,11.5,suicide
2004,Iowa,343,11.5,suicide
2003,South Carolina,476,11.5,suicide
2003,Colorado,409,11.5,kidney_disease
2003,Maryland,583,11.5,kidney_disease
2003,Rhode Island,149,11.5,kidney_disease
2002,Alabama,514,11.5,suicide
2001,Utah,178,11.5,kidney_disease
2017,Delaware,112,11.6,suicide
2017,Rhode Island,176,11.6,kidney_disease
2016,Iowa,504,11.6,influenza_and_pneumonia
2013,Minnesota,751,11.6,influenza_and_pneumonia
2013,Nebraska,220,11.6,suicide
2012,Maine,205,11.6,influenza_and_pneumonia
2009,Texas,2809,11.6,suicide
2008,Washington,771,11.6,influenza_and_pneumonia
2008,United States,36035,11.6,suicide
2007,North Carolina,1077,11.6,suicide
2007,South Carolina,530,11.6,suicide
2006,Utah,210,11.6,kidney_disease
2006,Wyoming,58,11.6,kidney_disease
2005,Wisconsin,643,11.6,suicide
2004,New York,2383,11.6,kidney_disease
2003,Georgia,972,11.6,suicide
2003,Wisconsin,647,11.6,suicide
2002,New Hampshire,141,11.6,kidney_disease
2000,Alaska,30,11.6,kidney_disease
1999,Kentucky,470,11.6,suicide
2017,Alaska,66,11.7,influenza_and_pneumonia
2017,New Jersey,1337,11.7,influenza_and_pneumonia
2016,Connecticut,572,11.7,influenza_and_pneumonia
2016,New Mexico,293,11.7,kidney_disease
2015,Nebraska,223,11.7,suicide
2014,Rhode Island,176,11.7,influenza_and_pneumonia
2014,Maine,223,11.7,kidney_disease
2013,Texas,3059,11.7,suicide
2012,Georgia,1168,11.7,suicide
2011,Georgia,1157,11.7,suicide
2010,Georgia,1133,11.7,suicide
2010,Virginia,963,11.7,suicide
2009,Oregon,507,11.7,influenza_and_pneumonia
2009,Delaware,107,11.7,suicide
2009,Virginia,963,11.7,suicide
2007,Hawaii,176,11.7,kidney_disease
2004,Alabama,541,11.7,suicide
2004,Tennessee,680,11.7,kidney_disease
2002,Utah,184,11.7,kidney_disease
2001,Indiana,715,11.7,suicide
2001,Mississippi,328,11.7,suicide
2001,Wisconsin,639,11.7,suicide
2001,Wyoming,54,11.7,kidney_disease
2017,Rhode Island,129,11.8,suicide
2016,New Hampshire,203,11.8,influenza_and_pneumonia
2014,Hawaii,220,11.8,kidney_disease
2013,Hawaii,171,11.8,suicide
2012,Connecticut,558,11.8,influenza_and_pneumonia
2011,Tennessee,810,11.8,kidney_disease
2010,Texas,2891,11.8,suicide
2009,United States,36909,11.8,suicide
2008,Michigan,1180,11.8,suicide
2008,Pennsylvania,1539,11.8,suicide
2008,Virginia,948,11.8,suicide
2008,Idaho,173,11.8,kidney_disease
2008,North Dakota,98,11.8,kidney_disease
2006,South Carolina,524,11.8,suicide
2006,New Hampshire,160,11.8,kidney_disease
2005,South Carolina,510,11.8,suicide
2004,Hawaii,164,11.8,kidney_disease
2003,Missouri,679,11.8,suicide
2003,Tennessee,677,11.8,kidney_disease
2002,Nebraska,201,11.8,suicide
2002,North Carolina,986,11.8,suicide
2000,Maine,154,11.8,suicide
1999,South Carolina,434,11.8,kidney_disease
2017,Maryland,830,11.9,kidney_disease
2016,Wisconsin,888,11.9,influenza_and_pneumonia
2013,Connecticut,565,11.9,kidney_disease
2012,Texas,3037,11.9,suicide
2011,Maryland,713,11.9,kidney_disease
2010,Nebraska,266,11.9,influenza_and_pneumonia
2010,Pennsylvania,1576,11.9,suicide
2009,Georgia,1134,11.9,suicide
2009,Iowa,361,11.9,suicide
2009,New Hampshire,166,11.9,suicide
2008,Delaware,109,11.9,suicide
2007,District of Columbia,67,11.9,kidney_disease
2005,Indiana,745,11.9,suicide
2005,Rhode Island,156,11.9,kidney_disease
2004,Louisiana,537,11.9,suicide
2004,North Carolina,1027,11.9,suicide
2004,Wisconsin,662,11.9,suicide
2003,Hawaii,161,11.9,alzheimer_s_disease
2003,Indiana,736,11.9,suicide
2003,Iowa,352,11.9,suicide
2003,Mississippi,336,11.9,suicide
2003,New York,2415,11.9,kidney_disease
2003,Wyoming,57,11.9,kidney_disease
2002,Arizona,622,11.9,kidney_disease
2002,Colorado,417,11.9,kidney_disease
2001,Washington,712,11.9,suicide
1999,Alaska,24,11.9,alzheimer_s_disease
1999,Louisiana,518,11.9,suicide
1999,Oklahoma,425,11.9,kidney_disease
1999,Wisconsin,677,11.9,kidney_disease
2016,Maine,231,12.0,influenza_and_pneumonia
2016,South Carolina,690,12.0,influenza_and_pneumonia
2013,Colorado,606,12.0,influenza_and_pneumonia
2013,Georgia,1212,12.0,suicide
2012,Minnesota,656,12.0,suicide
2011,New Mexico,268,12.0,kidney_disease
2011,North Dakota,110,12.0,kidney_disease
2010,North Carolina,1174,12.0,suicide
2008,Oregon,517,12.0,influenza_and_pneumonia
2008,Louisiana,532,12.0,suicide
2008,South Carolina,565,12.0,suicide
2008,Rhode Island,163,12.0,kidney_disease
2007,Louisiana,522,12.0,suicide
2007,Utah,220,12.0,kidney_disease
2006,Wisconsin,670,12.0,suicide
2006,Montana,132,12.0,kidney_disease
2005,New Hampshire,162,12.0,suicide
2005,Tennessee,719,12.0,kidney_disease
2003,New Hampshire,158,12.0,suicide
2003,New Hampshire,150,12.0,kidney_disease
2001,North Carolina,997,12.0,suicide
2000,North Carolina,971,12.0,suicide
2000,Maine,175,12.0,kidney_disease
2000,Montana,116,12.0,kidney_disease
1999,New Jersey,1041,12.0,alzheimer_s_disease
1999,Maryland,563,12.0,kidney_disease
1999,New York,2302,12.0,kidney_disease
2016,Hawaii,174,12.1,suicide
2016,Connecticut,570,12.1,kidney_disease
2016,Maryland,823,12.1,kidney_disease
2015,Connecticut,584,12.1,kidney_disease
2013,Minnesota,678,12.1,suicide
2012,District of Columbia,76,12.1,influenza_and_pneumonia
2011,New Jersey,1257,12.1,influenza_and_pneumonia
2010,Connecticut,568,12.1,influenza_and_pneumonia
2010,Iowa,372,12.1,suicide
2010,United States,38364,12.1,suicide
2010,Idaho,186,12.1,kidney_disease
2009,Nebraska,258,12.1,kidney_disease
2008,Kansas,337,12.1,suicide
2008,Florida,2946,12.1,kidney_disease
2006,Colorado,472,12.1,kidney_disease
2005,District of Columbia,68,12.1,kidney_disease
2002,Indiana,743,12.1,suicide
2002,Missouri,693,12.1,suicide
2001,Kentucky,495,12.1,suicide
2001,Maine,161,12.1,suicide
2001,Maryland,593,12.1,kidney_disease
1999,West Virginia,229,12.1,suicide
1999,Connecticut,457,12.1,kidney_disease
1999,Minnesota,605,12.1,kidney_disease
1999,Nebraska,232,12.1,kidney_disease
2014,Minnesota,686,12.2,suicide
2014,Texas,3254,12.2,suicide
2014,Wyoming,78,12.2,kidney_disease
2013,Connecticut,604,12.2,influenza_and_pneumonia
2013,Rhode Island,132,12.2,suicide
2012,Montana,155,12.2,influenza_and_pneumonia
2011,Michigan,1221,12.2,suicide
2010,Ohio,1439,12.2,suicide
2009,North Carolina,1174,12.2,suicide
2009,Pennsylvania,1631,12.2,suicide
2009,Florida,3050,12.2,kidney_disease
2008,Ohio,1412,12.2,suicide
2007,Florida,2923,12.2,kidney_disease
2006,North Carolina,1106,12.2,suicide
2006,Vermont,81,12.2,suicide
2006,District of Columbia,68,12.2,kidney_disease
2006,Hawaii,179,12.2,kidney_disease
2005,Florida,2802,12.2,influenza_and_pneumonia
2004,Hawaii,171,12.2,alzheimer_s_disease
2004,Mississippi,350,12.2,suicide
2002,Mississippi,343,12.2,suicide
2001,Tennessee,711,12.2,suicide
2001,New York,2421,12.2,kidney_disease
2000,Kansas,325,12.2,suicide
2000,Arizona,614,12.2,kidney_disease
1999,Florida,2029,12.2,suicide
2017,South Carolina,723,12.3,influenza_and_pneumonia
2015,Colorado,659,12.3,influenza_and_pneumonia
2015,Maryland,834,12.3,kidney_disease
2012,Wyoming,72,12.3,kidney_disease
2011,North Carolina,1213,12.3,suicide
2011,Ohio,1465,12.3,suicide
2011,United States,39518,12.3,suicide
2010,Colorado,550,12.3,influenza_and_pneumonia
2010,Louisiana,557,12.3,suicide
2010,Rhode Island,129,12.3,suicide
2009,Nebraska,266,12.3,influenza_and_pneumonia
2008,North Carolina,1162,12.3,suicide
2007,Indiana,790,12.3,suicide
2006,Washington,809,12.3,suicide
2006,Nebraska,249,12.3,kidney_disease
2005,Minnesota,669,12.3,kidney_disease
2005,Nebraska,245,12.3,kidney_disease
2003,North Dakota,81,12.3,suicide
2003,Minnesota,654,12.3,kidney_disease
2003,New Mexico,217,12.3,kidney_disease
2002,South Dakota,94,12.3,suicide
2002,New York,2465,12.3,kidney_disease
2000,Vermont,77,12.3,suicide
1999,Tennessee,675,12.3,kidney_disease
2016,Oklahoma,546,12.4,influenza_and_pneumonia
2016,Maine,239,12.4,kidney_disease
2015,Idaho,218,12.4,influenza_and_pneumonia
2013,Louisiana,583,12.4,suicide
2012,Hawaii,249,12.4,alzheimer_s_disease
2012,Louisiana,567,12.4,suicide
2012,Pennsylvania,1647,12.4,suicide
2012,Wisconsin,723,12.4,suicide
2012,Connecticut,569,12.4,kidney_disease
2012,Utah,270,12.4,kidney_disease
2011,Rhode Island,174,12.4,kidney_disease
2009,District of Columbia,73,12.4,influenza_and_pneumonia
2009,Idaho,186,12.4,kidney_disease
2008,New Hampshire,174,12.4,kidney_disease
2007,Alabama,592,12.4,suicide
2006,Alabama,580,12.4,suicide
2005,Maine,175,12.4,suicide
2004,Washington,738,12.4,influenza_and_pneumonia
2004,Maine,171,12.4,suicide
2004,Missouri,715,12.4,suicide
2000,Florida,2086,12.4,suicide
2000,Washington,727,12.4,suicide
2000,Maryland,594,12.4,kidney_disease
2017,Wisconsin,922,12.5,kidney_disease
2016,Alaska,61,12.5,influenza_and_pneumonia
2015,New Jersey,1402,12.5,influenza_and_pneumonia
2015,Texas,3403,12.5,suicide
2015,North Dakota,118,12.5,kidney_disease
2014,Mississippi,380,12.5,suicide
2013,Delaware,122,12.5,suicide
2013,Virginia,1072,12.5,suicide
2012,New Mexico,281,12.5,influenza_and_pneumonia
2012,Michigan,1261,12.5,suicide
2012,Nebraska,232,12.5,suicide
2011,Louisiana,573,12.5,suicide
2011,Minnesota,683,12.5,suicide
2011,Alaska,53,12.5,kidney_disease
2010,Michigan,1263,12.5,suicide
2010,Wyoming,69,12.5,kidney_disease
2009,Alaska,51,12.5,influenza_and_pneumonia
2009,Hawaii,175,12.5,suicide
2009,Wisconsin,724,12.5,suicide
2008,Minnesota,745,12.5,influenza_and_pneumonia
2008,Hawaii,197,12.5,kidney_disease
2007,South Dakota,102,12.5,suicide
2005,Florida,2347,12.5,suicide
2005,Missouri,727,12.5,suicide
2005,Vermont,78,12.5,suicide
2005,Colorado,470,12.5,kidney_disease
2004,Minnesota,669,12.5,kidney_disease
2002,Maine,166,12.5,suicide
2002,District of Columbia,70,12.5,kidney_disease
2001,Arizona,644,12.5,kidney_disease
2000,Missouri,699,12.5,suicide
2000,New York,2440,12.5,kidney_disease
1999,Alabama,555,12.5,suicide
2017,Washington,1041,12.6,influenza_and_pneumonia
2016,Indiana,962,12.6,influenza_and_pneumonia
2016,Texas,3488,12.6,suicide
2015,New York,3174,12.6,alzheimer_s_disease
2015,Delaware,122,12.6,suicide
2014,Georgia,1295,12.6,suicide
2014,Ohio,1491,12.6,suicide
2013,Hawaii,260,12.6,alzheimer_s_disease
2013,New Jersey,1356,12.6,influenza_and_pneumonia
2013,North Carolina,1284,12.6,suicide
2013,United States,41149,12.6,suicide
2012,United States,40600,12.6,suicide
2012,New Mexico,285,12.6,kidney_disease
2011,Alaska,58,12.6,influenza_and_pneumonia
2011,Virginia,1054,12.6,suicide
2010,New Hampshire,191,12.6,influenza_and_pneumonia
2008,Alabama,604,12.6,suicide
2008,Indiana,809,12.6,suicide
2008,Iowa,380,12.6,suicide
2007,Rhode Island,167,12.6,kidney_disease
2006,Oregon,522,12.6,influenza_and_pneumonia
2006,Florida,2440,12.6,suicide
2006,Tennessee,768,12.6,kidney_disease
2004,New Mexico,227,12.6,kidney_disease
2002,Maryland,630,12.6,kidney_disease
2002,Minnesota,649,12.6,kidney_disease
1999,Arkansas,336,12.6,suicide
1999,Missouri,700,12.6,suicide
2016,Virginia,1177,12.7,influenza_and_pneumonia
2016,Mississippi,383,12.7,suicide
2015,Georgia,1317,12.7,suicide
2015,Virginia,1118,12.7,suicide
2012,Nebraska,291,12.7,influenza_and_pneumonia
2012,Iowa,383,12.7,suicide
2012,North Carolina,1286,12.7,suicide
2012,Virginia,1063,12.7,suicide
2012,Delaware,139,12.7,kidney_disease
2009,Alaska,47,12.7,kidney_disease
2008,Maine,181,12.7,suicide
2007,Delaware,117,12.7,influenza_and_pneumonia
2007,Hawaii,199,12.7,influenza_and_pneumonia
2007,Wisconsin,729,12.7,suicide
2005,Alaska,44,12.7,influenza_and_pneumonia
2005,Mississippi,363,12.7,suicide
2004,Vermont,86,12.7,influenza_and_pneumonia
2003,Utah,207,12.7,kidney_disease
2002,Kansas,345,12.7,suicide
2002,Texas,2166,12.7,kidney_disease
2001,North Dakota,79,12.7,suicide
2000,South Dakota,95,12.7,suicide
2000,Tennessee,730,12.7,suicide
1999,Tennessee,726,12.7,suicide
2014,Nevada,365,12.8,kidney_disease
2013,New Hampshire,185,12.8,suicide
2012,New Hampshire,204,12.8,influenza_and_pneumonia
2011,Montana,156,12.8,influenza_and_pneumonia
2011,Hawaii,181,12.8,suicide
2011,Wisconsin,745,12.8,suicide
2010,Hawaii,208,12.8,kidney_disease
2009,Indiana,828,12.8,suicide
2008,Wisconsin,743,12.8,suicide
2008,Nebraska,270,12.8,kidney_disease
2007,Nebraska,269,12.8,kidney_disease
2007,New Mexico,252,12.8,kidney_disease
2005,Washington,822,12.8,suicide
2004,New Hampshire,163,12.8,kidney_disease
2003,Florida,2297,12.8,suicide
2003,Kansas,347,12.8,suicide
2001,Missouri,725,12.8,suicide
2000,Kentucky,521,12.8,suicide
2017,Wisconsin,974,12.9,influenza_and_pneumonia
2017,New Mexico,330,12.9,kidney_disease
2017,North Dakota,122,12.9,kidney_disease
2016,Oklahoma,577,12.9,kidney_disease
2015,New Mexico,316,12.9,kidney_disease
2014,Iowa,407,12.9,suicide
2014,Virginia,1123,12.9,suicide
2014,Connecticut,605,12.9,kidney_disease
2013,Rhode Island,195,12.9,influenza_and_pneumonia
2013,Michigan,1295,12.9,suicide
2013,Ohio,1526,12.9,suicide
2013,North Dakota,117,12.9,kidney_disease
2010,Florida,3297,12.9,kidney_disease
2009,South Dakota,134,12.9,influenza_and_pneumonia
2006,Washington,814,12.9,influenza_and_pneumonia
2006,Alaska,44,12.9,kidney_disease
2006,Minnesota,711,12.9,kidney_disease
2006,Rhode Island,167,12.9,kidney_disease
2003,Tennessee,762,12.9,suicide
2002,New Mexico,220,12.9,kidney_disease
2001,Montana,128,12.9,kidney_disease
2017,United States,50633,13.0,kidney_disease
2017,Maine,260,13.0,kidney_disease
2016,North Carolina,1373,13.0,suicide
2016,Wisconsin,960,13.0,kidney_disease
2015,Texas,3214,13.0,influenza_and_pneumonia
2014,United States,42826,13.0,suicide
2013,Mississippi,388,13.0,suicide
2012,Ohio,1542,13.0,suicide
2012,Vermont,87,13.0,suicide
2011,Delaware,133,13.0,influenza_and_pneumonia
2011,North Dakota,120,13.0,influenza_and_pneumonia
2010,Mississippi,388,13.0,suicide
2009,New Jersey,1309,13.0,influenza_and_pneumonia
2009,South Carolina,619,13.0,suicide
2009,Vermont,87,13.0,suicide
2008,Missouri,779,13.0,suicide
2007,Nevada,312,13.0,diabetes
2006,Nevada,294,13.0,diabetes
2006,Indiana,824,13.0,suicide
2005,New Mexico,239,13.0,kidney_disease
2004,Arkansas,361,13.0,suicide
2004,Florida,2389,13.0,suicide
2003,Vermont,83,13.0,suicide
2002,Kentucky,540,13.0,suicide
2000,Arkansas,349,13.0,suicide
1999,United States,35525,13.0,kidney_disease
2017,Connecticut,675,13.1,influenza_and_pneumonia
2017,New Hampshire,230,13.1,influenza_and_pneumonia
2017,Virginia,1245,13.1,influenza_and_pneumonia
2016,New York,3349,13.1,alzheimer_s_disease
2016,Nebraska,246,13.1,suicide
2016,United States,50046,13.1,kidney_disease
2014,North Carolina,1352,13.1,suicide
2014,Wisconsin,769,13.1,suicide
2012,Hawaii,190,13.1,suicide
2012,United States,45622,13.1,kidney_disease
2011,Colorado,618,13.1,influenza_and_pneumonia
2011,Mississippi,389,13.1,suicide
2011,Connecticut,602,13.1,kidney_disease
2010,Indiana,864,13.1,suicide
2010,New Mexico,276,13.1,kidney_disease
2010,Utah,263,13.1,kidney_disease
2009,New Hampshire,194,13.1,influenza_and_pneumonia
2009,Mississippi,381,13.1,suicide
2009,West Virginia,253,13.1,suicide
2008,New Hampshire,179,13.1,suicide
2008,North Dakota,86,13.1,suicide
2008,Montana,151,13.1,kidney_disease
2007,Washington,865,13.1,suicide
2005,Hawaii,192,13.1,alzheimer_s_disease
2005,New Hampshire,173,13.1,kidney_disease
2003,Washington,803,13.1,suicide
2003,South Dakota,124,13.1,kidney_disease
2001,Alaska,36,13.1,influenza_and_pneumonia
2000,Connecticut,526,13.1,alzheimer_s_disease
2000,District of Columbia,75,13.1,alzheimer_s_disease
2000,Alabama,583,13.1,suicide
2000,Wisconsin,751,13.1,kidney_disease
2017,New York,3521,13.2,alzheimer_s_disease
2017,Iowa,578,13.2,influenza_and_pneumonia
2016,Minnesota,745,13.2,suicide
2016,Virginia,1166,13.2,suicide
2016,Massachusetts,1139,13.2,kidney_disease
2015,Minnesota,730,13.2,suicide
2014,Delaware,126,13.2,suicide
2014,United States,48146,13.2,kidney_disease
2013,District of Columbia,83,13.2,influenza_and_pneumonia
2013,New Jersey,1400,13.2,kidney_disease
2013,New Mexico,302,13.2,kidney_disease
2013,United States,47112,13.2,kidney_disease
2012,Delaware,125,13.2,suicide
2011,Alabama,654,13.2,suicide
2011,Pennsylvania,1747,13.2,suicide
2010,Maine,186,13.2,suicide
2009,New Mexico,274,13.2,kidney_disease
2008,Alaska,51,13.2,influenza_and_pneumonia
2008,Washington,889,13.2,suicide
2007,Florida,2587,13.2,suicide
2007,Connecticut,566,13.2,kidney_disease
2007,Maryland,731,13.2,kidney_disease
2006,Hawaii,201,13.2,alzheimer_s_disease
2005,West Virginia,255,13.2,suicide
2004,Tennessee,792,13.2,suicide
2001,New Hampshire,167,13.2,suicide
2000,West Virginia,245,13.2,suicide
2000,Minnesota,661,13.2,kidney_disease
1999,Kansas,390,13.2,kidney_disease
2017,Montana,185,13.3,influenza_and_pneumonia
2017,Utah,334,13.3,influenza_and_pneumonia
2016,Georgia,1409,13.3,suicide
2016,Michigan,1364,13.3,suicide
2015,United States,44193,13.3,suicide
2015,Wyoming,86,13.3,kidney_disease
2014,Colorado,701,13.3,influenza_and_pneumonia
2014,Connecticut,644,13.3,influenza_and_pneumonia
2014,Michigan,1354,13.3,suicide
2014,Pennsylvania,1817,13.3,suicide
2013,Nevada,370,13.3,kidney_disease
2012,Michigan,1565,13.3,influenza_and_pneumonia
2012,North Dakota,117,13.3,kidney_disease
2010,Massachusetts,1028,13.3,diabetes
2010,Wisconsin,904,13.3,influenza_and_pneumonia
2009,Massachusetts,1007,13.3,diabetes
2009,Washington,921,13.3,suicide
2009,Connecticut,585,13.3,kidney_disease
2009,North Dakota,118,13.3,kidney_disease
2008,Hawaii,218,13.3,alzheimer_s_disease
2007,Tennessee,831,13.3,kidney_disease
2006,Arkansas,376,13.3,suicide
2006,North Dakota,90,13.3,suicide
2005,Kansas,362,13.3,suicide
2004,Kentucky,560,13.3,suicide
2004,Washington,830,13.3,suicide
2002,Florida,2338,13.3,suicide
2002,Tennessee,778,13.3,suicide
2000,Idaho,167,13.3,suicide
2000,Nebraska,254,13.3,kidney_disease
1999,Mississippi,356,13.3,alzheimer_s_disease
2017,Texas,3778,13.4,suicide
2017,Virginia,1179,13.4,suicide
2017,Massachusetts,1193,13.4,kidney_disease
2015,Nevada,420,13.4,diabetes
2015,North Carolina,1406,13.4,suicide
2015,United States,49959,13.4,kidney_disease
2014,Nebraska,251,13.4,suicide
2013,Pennsylvania,1788,13.4,suicide
2012,Texas,2974,13.4,influenza_and_pneumonia
2012,Oklahoma,554,13.4,kidney_disease
2012,Tennessee,933,13.4,kidney_disease
2011,Rhode Island,180,13.4,diabetes
2011,Oklahoma,550,13.4,kidney_disease
2011,United States,45591,13.4,kidney_disease
2010,Maine,234,13.4,influenza_and_pneumonia
2010,Wisconsin,793,13.4,suicide
2010,Connecticut,599,13.4,kidney_disease
2010,Nebraska,290,13.4,kidney_disease
2007,Nevada,248,13.4,alzheimer_s_disease
2007,Ohio,1743,13.4,influenza_and_pneumonia
2007,Tennessee,844,13.4,suicide
2007,Wyoming,68,13.4,kidney_disease
2006,New Mexico,262,13.4,kidney_disease
2005,Kentucky,566,13.4,suicide
2002,Washington,811,13.4,suicide
1999,Maine,175,13.4,suicide
1999,Alaska,34,13.4,kidney_disease
1999,Delaware,100,13.4,kidney_disease
1999,Maine,191,13.4,kidney_disease
2016,United States,51537,13.5,influenza_and_pneumonia
2016,United States,44965,13.5,suicide
2015,Hawaii,201,13.5,suicide
2014,Wisconsin,980,13.5,kidney_disease
2012,Indiana,973,13.5,influenza_and_pneumonia
2012,Pennsylvania,2360,13.5,influenza_and_pneumonia
2012,Michigan,1586,13.5,kidney_disease
2011,Idaho,217,13.5,influenza_and_pneumonia
2011,Indiana,881,13.5,suicide
2010,District of Columbia,80,13.5,influenza_and_pneumonia
2010,Idaho,208,13.5,influenza_and_pneumonia
2010,South Carolina,637,13.5,suicide
2010,Alaska,56,13.5,kidney_disease
2009,Delaware,132,13.5,influenza_and_pneumonia
2009,Kentucky,592,13.5,suicide
2008,Alaska,50,13.5,kidney_disease
2008,Connecticut,589,13.5,kidney_disease
2007,Missouri,808,13.5,suicide
2007,Ohio,1747,13.5,kidney_disease
2006,Missouri,799,13.5,suicide
2006,Connecticut,567,13.5,kidney_disease
2004,Florida,3044,13.5,influenza_and_pneumonia
2004,Maryland,699,13.5,kidney_disease
2003,South Dakota,102,13.5,suicide
2001,Hawaii,173,13.5,diabetes
2001,Delaware,108,13.5,suicide
2001,Florida,2314,13.5,suicide
2001,Vermont,86,13.5,kidney_disease
2001,Wisconsin,791,13.5,kidney_disease
2000,United States,37251,13.5,kidney_disease
2017,New Mexico,338,13.6,influenza_and_pneumonia
2017,Georgia,1451,13.6,suicide
2015,Connecticut,667,13.6,influenza_and_pneumonia
2015,New Mexico,322,13.6,influenza_and_pneumonia
2013,Delaware,150,13.6,influenza_and_pneumonia
2013,Maine,252,13.6,kidney_disease
2012,Massachusetts,1099,13.6,diabetes
2012,New Jersey,1431,13.6,kidney_disease
2011,South Carolina,658,13.6,suicide
2010,Michigan,1529,13.6,influenza_and_pneumonia
2010,Montana,168,13.6,influenza_and_pneumonia
2010,Pennsylvania,2324,13.6,influenza_and_pneumonia
2010,Maryland,803,13.6,kidney_disease
2009,Idaho,207,13.6,influenza_and_pneumonia
2009,Kansas,382,13.6,suicide
2007,Maine,191,13.6,suicide
2007,Mississippi,396,13.6,suicide
2005,Wyoming,66,13.6,kidney_disease
2004,Minnesota,750,13.6,influenza_and_pneumonia
2003,Florida,2996,13.6,influenza_and_pneumonia
2003,Arkansas,374,13.6,suicide
2003,Kentucky,567,13.6,suicide
2002,Connecticut,570,13.6,alzheimer_s_disease
2001,Texas,2269,13.6,kidney_disease
2000,Connecticut,524,13.6,kidney_disease
1999,Nevada,174,13.6,alzheimer_s_disease
2017,Idaho,255,13.7,influenza_and_pneumonia
2016,Michigan,1672,13.7,influenza_and_pneumonia
2015,Montana,183,13.7,influenza_and_pneumonia
2015,Wisconsin,996,13.7,kidney_disease
2014,Iowa,582,13.7,influenza_and_pneumonia
2014,Maine,258,13.7,influenza_and_pneumonia
2014,Montana,179,13.7,influenza_and_pneumonia
2012,South Carolina,673,13.7,suicide
2010,Iowa,560,13.7,influenza_and_pneumonia
2010,Florida,2789,13.7,suicide
2009,Alabama,673,13.7,suicide
2009,Minnesota,807,13.7,kidney_disease
2009,Rhode Island,190,13.7,kidney_disease
2008,West Virginia,261,13.7,suicide
2008,Maryland,775,13.7,kidney_disease
2007,Alaska,48,13.7,influenza_and_pneumonia
2007,Kansas,382,13.7,suicide
2006,District of Columbia,76,13.7,influenza_and_pneumonia
2006,New Jersey,1315,13.7,influenza_and_pneumonia
2005,North Dakota,92,13.7,suicide
2005,Connecticut,580,13.7,kidney_disease
2004,Kansas,370,13.7,suicide
2003,Oklahoma,476,13.7,suicide
1999,Colorado,574,13.7,suicide
1999,South Dakota,103,13.7,suicide
2017,Georgia,1400,13.8,influenza_and_pneumonia
2017,Indiana,1078,13.8,influenza_and_pneumonia
2016,New Jersey,1535,13.8,kidney_disease
2015,Michigan,1410,13.8,suicide
2014,Delaware,156,13.8,influenza_and_pneumonia
2014,Wisconsin,1002,13.8,influenza_and_pneumonia
2014,Hawaii,204,13.8,suicide
2014,New Jersey,1502,13.8,kidney_disease
2013,Florida,2928,13.8,suicide
2012,Oklahoma,573,13.8,influenza_and_pneumonia
2011,Kansas,394,13.8,suicide
2011,New Hampshire,198,13.8,suicide
2010,Nevada,350,13.8,diabetes
2010,Delaware,138,13.8,influenza_and_pneumonia
2010,Rhode Island,197,13.8,influenza_and_pneumonia
2007,New Jersey,1343,13.8,influenza_and_pneumonia
2007,Minnesota,780,13.8,kidney_disease
2004,Hawaii,194,13.8,diabetes
2017,Oklahoma,625,13.9,influenza_and_pneumonia
2017,Rhode Island,206,13.9,influenza_and_pneumonia
2017,Minnesota,783,13.9,suicide
2017,New Jersey,1591,13.9,kidney_disease
2016,Pennsylvania,2491,13.9,influenza_and_pneumonia
2015,Connecticut,653,13.9,diabetes
2015,Indiana,1044,13.9,influenza_and_pneumonia
2015,Iowa,433,13.9,suicide
2015,Ohio,1650,13.9,suicide
2014,South Carolina,751,13.9,influenza_and_pneumonia
2014,Florida,3035,13.9,suicide
2013,New Hampshire,226,13.9,influenza_and_pneumonia
2013,Michigan,1660,13.9,kidney_disease
2011,Florida,2880,13.9,suicide
2011,Iowa,422,13.9,suicide
2010,North Dakota,128,13.9,influenza_and_pneumonia
2010,Washington,957,13.9,suicide
2009,North Dakota,90,13.9,suicide
2009,Maryland,803,13.9,kidney_disease
2008,District of Columbia,78,13.9,influenza_and_pneumonia
2008,Florida,2740,13.9,suicide
2008,Mississippi,409,13.9,suicide
2008,District of Columbia,78,13.9,kidney_disease
2007,Vermont,89,13.9,suicide
2006,Kansas,379,13.9,suicide
2006,Ohio,1758,13.9,kidney_disease
2004,Nevada,290,13.9,diabetes
2002,Oklahoma,500,13.9,kidney_disease
2002,South Dakota,128,13.9,kidney_disease
2001,Delaware,108,13.9,kidney_disease
2001,District of Columbia,79,13.9,kidney_disease
1999,Oregon,478,13.9,suicide
2017,Maryland,990,14.0,influenza_and_pneumonia
2017,United States,47173,14.0,suicide
2017,Florida,3227,14.0,suicide
2016,California,5981,14.0,influenza_and_pneumonia
2016,Florida,3143,14.0,suicide
2015,Mississippi,431,14.0,suicide
2015,Pennsylvania,1894,14.0,suicide
2013,Maine,258,14.0,influenza_and_pneumonia
2013,South Carolina,696,14.0,suicide
2013,Ohio,1985,14.0,kidney_disease
2013,Wisconsin,993,14.0,kidney_disease
2012,Mississippi,410,14.0,suicide
2010,Alabama,679,14.0,suicide
2010,Kansas,401,14.0,suicide
2010,Missouri,856,14.0,suicide
2009,Maine,197,14.0,suicide
2009,Wyoming,76,14.0,kidney_disease
2008,Idaho,206,14.0,influenza_and_pneumonia
2008,Kentucky,612,14.0,suicide
2006,Alaska,49,14.0,influenza_and_pneumonia
2006,West Virginia,269,14.0,suicide
2005,Tennessee,856,14.0,suicide
2003,West Virginia,266,14.0,suicide
2003,Connecticut,567,14.0,kidney_disease
2002,Arkansas,377,14.0,suicide
2002,Connecticut,554,14.0,kidney_disease
2001,Connecticut,573,14.0,alzheimer_s_disease
2001,South Dakota,105,14.0,suicide
2001,Maine,208,14.0,kidney_disease
1999,Utah,282,14.0,suicide
1999,Washington,816,14.0,suicide
2017,Michigan,1457,14.1,suicide
2016,Massachusetts,1251,14.1,influenza_and_pneumonia
2014,Alaska,68,14.1,influenza_and_pneumonia
2014,Ohio,2002,14.1,kidney_disease
2014,Tennessee,1036,14.1,kidney_disease
2013,Massachusetts,1142,14.1,diabetes
2013,Alaska,66,14.1,influenza_and_pneumonia
2013,Washington,1027,14.1,suicide
2013,Utah,312,14.1,kidney_disease
2012,Wisconsin,996,14.1,influenza_and_pneumonia
2012,New Hampshire,202,14.1,suicide
2011,New Hampshire,220,14.1,influenza_and_pneumonia
2010,New Hampshire,196,14.1,suicide
2010,West Virginia,279,14.1,suicide
2008,Vermont,94,14.1,suicide
2008,Minnesota,813,14.1,kidney_disease
2008,New Mexico,287,14.1,kidney_disease
2006,Tennessee,874,14.1,suicide
2005,Maryland,752,14.1,kidney_disease
2004,Oregon,558,14.1,influenza_and_pneumonia
2001,United States,39480,14.1,kidney_disease
2000,Oregon,493,14.1,suicide
2017,Michigan,1798,14.2,influenza_and_pneumonia
2016,Louisiana,677,14.2,suicide
2016,Ohio,1707,14.2,suicide
2015,Iowa,618,14.2,influenza_and_pneumonia
2015,Wisconsin,1052,14.2,influenza_and_pneumonia
2015,Oklahoma,616,14.2,kidney_disease
2014,Pennsylvania,2541,14.2,influenza_and_pneumonia
2014,Texas,3452,14.2,influenza_and_pneumonia
2014,Oklahoma,604,14.2,kidney_disease
2013,Wyoming,89,14.2,diabetes
2013,South Carolina,747,14.2,influenza_and_pneumonia
2012,Connecticut,631,14.2,diabetes
2011,Nebraska,325,14.2,influenza_and_pneumonia
2011,Texas,3055,14.2,influenza_and_pneumonia
2011,Wisconsin,986,14.2,influenza_and_pneumonia
2011,Delaware,149,14.2,kidney_disease
2011,Ohio,1943,14.2,kidney_disease
2010,Nevada,296,14.2,alzheimer_s_disease
2010,New Mexico,294,14.2,influenza_and_pneumonia
2010,Kentucky,631,14.2,suicide
2010,New Hampshire,206,14.2,kidney_disease
2009,Hawaii,225,14.2,kidney_disease
2008,New Jersey,1413,14.2,influenza_and_pneumonia
2007,Maine,236,14.2,influenza_and_pneumonia
2007,Arkansas,402,14.2,suicide
2007,North Dakota,95,14.2,suicide
2006,Maryland,767,14.2,kidney_disease
2003,Connecticut,612,14.2,alzheimer_s_disease
2002,Nebraska,277,14.2,kidney_disease
2017,United States,55672,14.3,influenza_and_pneumonia
2017,North Carolina,1521,14.3,suicide
2016,Georgia,1423,14.3,influenza_and_pneumonia
2016,Louisiana,720,14.3,influenza_and_pneumonia
2016,Nebraska,342,14.3,influenza_and_pneumonia
2016,Michigan,1791,14.3,kidney_disease
2015,Massachusetts,1228,14.3,kidney_disease
2014,Indiana,1063,14.3,influenza_and_pneumonia
2014,Indiana,948,14.3,suicide
2014,Louisiana,679,14.3,suicide
2013,Maryland,919,14.3,alzheimer_s_disease
2013,Indiana,944,14.3,suicide
2012,North Dakota,133,14.3,influenza_and_pneumonia
2012,Indiana,940,14.3,suicide
2012,Maine,257,14.3,kidney_disease
2011,Washington,1021,14.3,suicide
2011,Michigan,1642,14.3,kidney_disease
2011,Wisconsin,979,14.3,kidney_disease
2009,Missouri,860,14.3,suicide
2008,Ohio,1865,14.3,kidney_disease
2008,Tennessee,908,14.3,kidney_disease
2007,District of Columbia,82,14.3,influenza_and_pneumonia
2005,Arkansas,400,14.3,suicide
2004,Utah,235,14.3,kidney_disease
2002,North Dakota,91,14.3,suicide
2002,Vermont,92,14.3,suicide
2001,Arkansas,382,14.3,suicide
2001,Minnesota,729,14.3,kidney_disease
2000,Colorado,613,14.3,suicide
1999,Florida,3059,14.3,alzheimer_s_disease
2017,Tennessee,1140,14.4,kidney_disease
2016,Kansas,522,14.4,influenza_and_pneumonia
2015,Florida,3205,14.4,suicide
2015,Indiana,960,14.4,suicide
2015,New Jersey,1582,14.4,kidney_disease
2015,Tennessee,1090,14.4,kidney_disease
2013,Texas,3339,14.4,influenza_and_pneumonia
2013,Alabama,721,14.4,suicide
2013,Iowa,447,14.4,suicide
2013,Wisconsin,850,14.4,suicide
2013,Oklahoma,606,14.4,kidney_disease
2012,South Carolina,726,14.4,influenza_and_pneumonia
2012,Florida,3002,14.4,suicide
2012,Nevada,385,14.4,kidney_disease
2011,Tennessee,955,14.4,suicide
2009,Florida,2858,14.4,suicide
2009,Ohio,1909,14.4,kidney_disease
2008,Delaware,135,14.4,influenza_and_pneumonia
2005,Vermont,97,14.4,influenza_and_pneumonia
2004,Oklahoma,506,14.4,suicide
2004,District of Columbia,79,14.4,kidney_disease
2004,Texas,2561,14.4,kidney_disease
2002,Oklahoma,501,14.4,suicide
2002,Oregon,518,14.4,suicide
2002,United States,40974,14.4,kidney_disease
2001,Oregon,505,14.4,suicide
2000,New Jersey,1267,14.4,alzheimer_s_disease
2000,Delaware,111,14.4,kidney_disease
1999,Pennsylvania,2192,14.4,alzheimer_s_disease
1999,Oklahoma,492,14.4,suicide
2017,Connecticut,694,14.5,diabetes
2016,Illinois,2178,14.5,influenza_and_pneumonia
2016,North Dakota,134,14.5,influenza_and_pneumonia
2015,Hawaii,263,14.5,diabetes
2015,Delaware,174,14.5,kidney_disease
2015,Ohio,2100,14.5,kidney_disease
2014,Maryland,934,14.5,alzheimer_s_disease
2014,Massachusetts,1202,14.5,diabetes
2014,Alabama,715,14.5,suicide
2014,Massachusetts,1228,14.5,kidney_disease
2013,Nebraska,343,14.5,influenza_and_pneumonia
2012,United States,50636,14.5,influenza_and_pneumonia
2012,Maine,209,14.5,suicide
2012,Washington,1038,14.5,suicide
2011,New Jersey,1490,14.5,kidney_disease
2010,District of Columbia,84,14.5,kidney_disease
2010,Rhode Island,199,14.5,kidney_disease
2009,Connecticut,624,14.5,diabetes
2009,Michigan,1613,14.5,influenza_and_pneumonia
2009,Arkansas,422,14.5,suicide
2009,Tennessee,949,14.5,kidney_disease
2008,Nevada,279,14.5,alzheimer_s_disease
2008,Massachusetts,1079,14.5,diabetes
2008,Oregon,572,14.5,suicide
2007,Colorado,592,14.5,influenza_and_pneumonia
2004,Vermont,93,14.5,suicide
2004,Nebraska,283,14.5,kidney_disease
2004,United States,42480,14.5,kidney_disease
2003,District of Columbia,81,14.5,kidney_disease
2003,Wisconsin,873,14.5,kidney_disease
2002,District of Columbia,81,14.5,influenza_and_pneumonia
2002,Delaware,117,14.5,kidney_disease
2002,Wisconsin,852,14.5,kidney_disease
2000,Nevada,195,14.5,alzheimer_s_disease
2000,South Carolina,539,14.5,kidney_disease
2017,California,6340,14.6,influenza_and_pneumonia
2017,Pennsylvania,2718,14.6,influenza_and_pneumonia
2016,New Mexico,353,14.6,influenza_and_pneumonia
2016,Iowa,451,14.6,suicide
2013,North Dakota,134,14.6,influenza_and_pneumonia
2012,Tennessee,978,14.6,suicide
2011,Massachusetts,1140,14.6,diabetes
2011,Connecticut,696,14.6,influenza_and_pneumonia
2011,Indiana,1031,14.6,influenza_and_pneumonia
2010,Ohio,1975,14.6,influenza_and_pneumonia
2010,Texas,3022,14.6,influenza_and_pneumonia
2010,Tennessee,943,14.6,suicide
2009,Maine,251,14.6,influenza_and_pneumonia
2009,Wisconsin,979,14.6,influenza_and_pneumonia
2009,Tennessee,947,14.6,suicide
2008,Montana,168,14.6,influenza_and_pneumonia
2008,New Hampshire,211,14.6,influenza_and_pneumonia
2006,Kentucky,622,14.6,suicide
2001,Nebraska,296,14.6,influenza_and_pneumonia
2000,Arkansas,430,14.6,alzheimer_s_disease
2000,Oklahoma,497,14.6,suicide
2017,Nebraska,275,14.7,suicide
2017,Michigan,1874,14.7,kidney_disease
2016,Pennsylvania,1970,14.7,suicide
2016,Wisconsin,866,14.7,suicide
2015,Wisconsin,877,14.7,suicide
2014,California,5970,14.7,influenza_and_pneumonia
2013,Kansas,425,14.7,suicide
2012,Maryland,906,14.7,alzheimer_s_disease
2012,Rhode Island,198,14.7,diabetes
2012,Alabama,724,14.7,suicide
2008,Connecticut,624,14.7,diabetes
2007,New Hampshire,207,14.7,influenza_and_pneumonia
2007,Oklahoma,531,14.7,suicide
2005,Delaware,128,14.7,kidney_disease
2005,United States,43901,14.7,kidney_disease
2003,United States,42453,14.7,kidney_disease
2000,Utah,298,14.7,suicide
2000,South Dakota,130,14.7,kidney_disease
2017,Ohio,1740,14.8,suicide
2015,California,6188,14.8,influenza_and_pneumonia
2015,South Carolina,742,14.8,suicide
2015,Vermont,103,14.8,suicide
2014,Tennessee,997,14.8,suicide
2014,Delaware,173,14.8,kidney_disease
2013,Connecticut,664,14.8,diabetes
2013,Nevada,424,14.8,diabetes
2013,New Mexico,337,14.8,influenza_and_pneumonia
2013,Tennessee,1068,14.8,kidney_disease
2012,Ohio,2056,14.8,kidney_disease
2012,Wisconsin,1024,14.8,kidney_disease
2011,Maine,257,14.8,kidney_disease
2010,Tennessee,983,14.8,kidney_disease
2009,Hawaii,253,14.8,alzheimer_s_disease
2009,Colorado,658,14.8,influenza_and_pneumonia
2009,Montana,176,14.8,influenza_and_pneumonia
2007,Arizona,905,14.8,influenza_and_pneumonia
2006,United States,45344,14.8,kidney_disease
2005,Oklahoma,522,14.8,suicide
2004,South Dakota,112,14.8,suicide
2004,Connecticut,604,14.8,kidney_disease
2004,Michigan,1507,14.8,kidney_disease
2003,Hawaii,202,14.8,diabetes
2001,Arizona,767,14.8,suicide
2000,District of Columbia,84,14.8,kidney_disease
1999,Arkansas,434,14.8,alzheimer_s_disease
1999,Idaho,181,14.8,suicide
2017,Delaware,184,14.9,influenza_and_pneumonia
2017,Ohio,2243,14.9,influenza_and_pneumonia
2016,Connecticut,699,14.9,diabetes
2016,Massachusetts,1268,14.9,diabetes
2016,Washington,1141,14.9,suicide
2016,Tennessee,1150,14.9,kidney_disease
2015,Alabama,750,14.9,suicide
2014,Connecticut,685,14.9,diabetes
2013,New Mexico,339,14.9,alzheimer_s_disease
2012,Missouri,914,14.9,suicide
2011,North Dakota,106,14.9,suicide
2011,Wyoming,85,14.9,kidney_disease
2009,Michigan,1650,14.9,kidney_disease
2007,North Dakota,133,14.9,influenza_and_pneumonia
2007,United States,46448,14.9,kidney_disease
2005,Oregon,560,14.9,suicide
2005,Texas,2729,14.9,kidney_disease
2002,West Virginia,276,14.9,suicide
2001,Nevada,211,14.9,alzheimer_s_disease
2001,Oklahoma,515,14.9,suicide
2001,Nebraska,289,14.9,kidney_disease
2017,Kansas,546,15.0,influenza_and_pneumonia
2017,Iowa,479,15.0,suicide
2017,Mississippi,445,15.0,suicide
2017,Pennsylvania,2030,15.0,suicide
2017,Kansas,541,15.0,kidney_disease
2017,Ohio,2237,15.0,kidney_disease
2016,Ohio,2187,15.0,influenza_and_pneumonia
2016,Wyoming,99,15.0,influenza_and_pneumonia
2016,Kansas,533,15.0,kidney_disease
2014,Hawaii,326,15.0,alzheimer_s_disease
2013,Colorado,788,15.0,diabetes
2010,Hawaii,207,15.0,suicide
2010,Minnesota,897,15.0,kidney_disease
2010,Oklahoma,595,15.0,kidney_disease
2007,Idaho,223,15.0,suicide
2007,Michigan,1610,15.0,kidney_disease
2006,Oklahoma,537,15.0,suicide
2005,Wisconsin,930,15.0,kidney_disease
2003,Nevada,301,15.0,diabetes
2001,West Virginia,286,15.0,suicide
2000,Florida,3265,15.0,alzheimer_s_disease
2000,Michigan,1433,15.0,kidney_disease
2000,Missouri,907,15.0,kidney_disease
2000,Oklahoma,536,15.0,kidney_disease
1999,Delaware,107,15.0,alzheimer_s_disease
1999,Missouri,914,15.0,alzheimer_s_disease
1999,West Virginia,314,15.0,alzheimer_s_disease
1999,Michigan,1417,15.0,kidney_disease
1999,Ohio,1748,15.0,kidney_disease
2017,Massachusetts,1321,15.1,diabetes
2017,Louisiana,785,15.1,influenza_and_pneumonia
2016,Hawaii,285,15.1,diabetes
2016,Maryland,1025,15.1,influenza_and_pneumonia
2016,Missouri,1150,15.1,influenza_and_pneumonia
2014,Nebraska,351,15.1,influenza_and_pneumonia
2014,United States,55227,15.1,influenza_and_pneumonia
2014,South Carolina,837,15.1,kidney_disease
2013,Idaho,259,15.1,influenza_and_pneumonia
2013,Massachusetts,1261,15.1,kidney_disease
2011,Maryland,922,15.1,alzheimer_s_disease
2011,Nevada,400,15.1,diabetes
2011,Michigan,1750,15.1,influenza_and_pneumonia
2010,United States,50097,15.1,influenza_and_pneumonia
2009,United States,48935,15.1,kidney_disease
2009,Wisconsin,994,15.1,kidney_disease
2008,Rhode Island,195,15.1,diabetes
2008,Connecticut,694,15.1,influenza_and_pneumonia
2008,Tennessee,973,15.1,suicide
2008,United States,48237,15.1,kidney_disease
2007,Michigan,1637,15.1,influenza_and_pneumonia
2007,Kentucky,649,15.1,suicide
2005,Hawaii,218,15.1,diabetes
2005,Minnesota,846,15.1,influenza_and_pneumonia
2004,Alaska,42,15.1,influenza_and_pneumonia
2004,Oregon,555,15.1,suicide
2004,Delaware,128,15.1,kidney_disease
2002,Florida,3290,15.1,influenza_and_pneumonia
2001,Connecticut,585,15.1,kidney_disease
2000,Delaware,110,15.1,alzheimer_s_disease
1999,Missouri,907,15.1,kidney_disease
2017,Maine,301,15.2,influenza_and_pneumonia
2017,Hawaii,227,15.2,suicide
2017,Louisiana,720,15.2,suicide
2016,Utah,370,15.2,kidney_disease
2015,Michigan,1894,15.2,influenza_and_pneumonia
2015,United States,57062,15.2,influenza_and_pneumonia
2015,Louisiana,722,15.2,suicide
2014,South Carolina,753,15.2,suicide
2014,Washington,1119,15.2,suicide
2014,Michigan,1853,15.2,kidney_disease
2012,Florida,4422,15.2,alzheimer_s_disease
2012,California,5849,15.2,influenza_and_pneumonia
2012,North Dakota,105,15.2,suicide
2011,Kentucky,675,15.2,suicide
2011,Massachusetts,1234,15.2,kidney_disease
2010,Colorado,721,15.2,diabetes
2008,Michigan,1663,15.2,kidney_disease
2006,Montana,169,15.2,influenza_and_pneumonia
2005,Oregon,614,15.2,influenza_and_pneumonia
2005,Washington,927,15.2,influenza_and_pneumonia
2005,Ohio,1902,15.2,kidney_disease
2004,Wisconsin,925,15.2,kidney_disease
2017,North Dakota,147,15.3,influenza_and_pneumonia
2016,South Carolina,897,15.3,kidney_disease
2015,Louisiana,753,15.3,influenza_and_pneumonia
2015,South Carolina,848,15.3,influenza_and_pneumonia
2013,Indiana,1132,15.3,influenza_and_pneumonia
2012,Nevada,356,15.3,alzheimer_s_disease
2011,Rhode Island,226,15.3,influenza_and_pneumonia
2011,Missouri,933,15.3,suicide
2010,Michigan,1720,15.3,kidney_disease
2010,United States,50476,15.3,kidney_disease
2009,Oklahoma,567,15.3,suicide
2007,Oregon,594,15.3,suicide
2006,North Dakota,138,15.3,influenza_and_pneumonia
2006,Ohio,1947,15.3,influenza_and_pneumonia
2006,Colorado,730,15.3,suicide
2006,Oregon,579,15.3,suicide
2005,Nevada,336,15.3,diabetes
2005,Oklahoma,564,15.3,kidney_disease
2003,Nebraska,302,15.3,kidney_disease
2001,Arkansas,452,15.3,alzheimer_s_disease
2001,New Jersey,1376,15.3,alzheimer_s_disease
2001,District of Columbia,86,15.3,influenza_and_pneumonia
2017,Wisconsin,926,15.4,suicide
2017,Utah,384,15.4,kidney_disease
2016,Indiana,1034,15.4,suicide
2016,Ohio,2262,15.4,kidney_disease
2015,Washington,1137,15.4,suicide
2014,Hawaii,276,15.4,diabetes
2013,Tennessee,1030,15.4,suicide
2011,Texas,3397,15.4,kidney_disease
2010,Connecticut,662,15.4,diabetes
2010,Delaware,158,15.4,kidney_disease
2010,Ohio,2066,15.4,kidney_disease
2009,Connecticut,696,15.4,influenza_and_pneumonia
2009,Ohio,2040,15.4,influenza_and_pneumonia
2006,New Hampshire,212,15.4,influenza_and_pneumonia
2006,Wisconsin,962,15.4,kidney_disease
2005,South Dakota,121,15.4,suicide
2005,Utah,348,15.4,suicide
2004,West Virginia,285,15.4,suicide
2004,Ohio,1896,15.4,kidney_disease
2003,Utah,336,15.4,suicide
2003,Texas,2678,15.4,kidney_disease
2002,Maine,232,15.4,kidney_disease
2000,Nevada,276,15.4,diabetes
1999,Maryland,681,15.4,alzheimer_s_disease
1999,Michigan,1431,15.4,alzheimer_s_disease
1999,Oklahoma,553,15.4,alzheimer_s_disease
1999,North Carolina,1138,15.4,kidney_disease
2017,South Carolina,950,15.5,kidney_disease
2016,Utah,380,15.5,influenza_and_pneumonia
2015,Georgia,1467,15.5,influenza_and_pneumonia
2015,South Carolina,886,15.5,kidney_disease
2014,Colorado,835,15.5,diabetes
2014,Michigan,1875,15.5,influenza_and_pneumonia
2013,Hawaii,271,15.5,diabetes
2012,Ohio,2195,15.5,influenza_and_pneumonia
2012,Massachusetts,1271,15.5,kidney_disease
2011,Connecticut,692,15.5,diabetes
2010,Virginia,1195,15.5,influenza_and_pneumonia
2010,Arkansas,447,15.5,suicide
2009,Nevada,312,15.5,alzheimer_s_disease
2009,Nevada,377,15.5,diabetes
2008,Arizona,972,15.5,suicide
2008,Arkansas,447,15.5,suicide
2008,Wisconsin,1007,15.5,kidney_disease
2007,Connecticut,646,15.5,diabetes
2007,Nebraska,331,15.5,influenza_and_pneumonia
2007,New Mexico,298,15.5,influenza_and_pneumonia
2007,Pennsylvania,2555,15.5,influenza_and_pneumonia
2006,Massachusetts,1132,15.5,diabetes
2004,Montana,165,15.5,influenza_and_pneumonia
2004,Oklahoma,565,15.5,kidney_disease
2003,Arizona,840,15.5,suicide
2002,Hawaii,204,15.5,diabetes
2002,Idaho,202,15.5,suicide
2001,Florida,3317,15.5,influenza_and_pneumonia
2001,Oregon,575,15.5,influenza_and_pneumonia
2001,Utah,321,15.5,suicide
1999,Arizona,766,15.5,suicide
2017,Illinois,2402,15.6,influenza_and_pneumonia
2015,Michigan,1921,15.6,kidney_disease
2015,Utah,363,15.6,kidney_disease
2014,Maryland,1019,15.6,influenza_and_pneumonia
2013,Hawaii,279,15.6,clrd
2013,Wisconsin,1125,15.6,influenza_and_pneumonia
2013,Kentucky,701,15.6,suicide
2013,Missouri,960,15.6,suicide
2012,Iowa,664,15.6,influenza_and_pneumonia
2012,Utah,337,15.6,influenza_and_pneumonia
2012,Texas,3525,15.6,kidney_disease
2011,Hawaii,264,15.6,diabetes
2011,District of Columbia,96,15.6,influenza_and_pneumonia
2010,North Dakota,106,15.6,suicide
2010,New Jersey,1580,15.6,kidney_disease
2009,Pennsylvania,2601,15.6,influenza_and_pneumonia
2008,Nevada,373,15.6,diabetes
2008,Maine,263,15.6,influenza_and_pneumonia
2008,Maine,263,15.6,kidney_disease
2007,Wisconsin,1002,15.6,kidney_disease
2006,Colorado,614,15.6,influenza_and_pneumonia
2006,Delaware,138,15.6,influenza_and_pneumonia
2003,District of Columbia,87,15.6,influenza_and_pneumonia
2003,Delaware,130,15.6,kidney_disease
2000,Arizona,784,15.6,suicide
2000,Ohio,1829,15.6,kidney_disease
2016,Alabama,788,15.7,suicide
2016,South Carolina,815,15.7,suicide
2016,Pennsylvania,2813,15.7,kidney_disease
2015,Illinois,2343,15.7,influenza_and_pneumonia
2015,Utah,372,15.7,influenza_and_pneumonia
2015,Virginia,1416,15.7,influenza_and_pneumonia
2015,Tennessee,1068,15.7,suicide
2014,Kansas,455,15.7,suicide
2014,Maine,220,15.7,suicide
2014,Pennsylvania,2798,15.7,kidney_disease
2013,Pennsylvania,2767,15.7,kidney_disease
2012,Wyoming,91,15.7,influenza_and_pneumonia
2011,Iowa,660,15.7,influenza_and_pneumonia
2011,South Carolina,768,15.7,influenza_and_pneumonia
2011,United States,53826,15.7,influenza_and_pneumonia
2011,South Dakota,128,15.7,suicide
2010,Maryland,925,15.7,influenza_and_pneumonia
2010,Vermont,106,15.7,suicide
2009,District of Columbia,94,15.7,alzheimer_s_disease
2009,North Dakota,138,15.7,influenza_and_pneumonia
2008,Oklahoma,575,15.7,suicide
2008,South Dakota,124,15.7,suicide
2007,Hawaii,247,15.7,alzheimer_s_disease
2007,Idaho,228,15.7,influenza_and_pneumonia
2007,Wisconsin,1022,15.7,influenza_and_pneumonia
2007,West Virginia,300,15.7,suicide
2006,Maine,252,15.7,kidney_disease
2004,Connecticut,684,15.7,alzheimer_s_disease
2003,Minnesota,858,15.7,influenza_and_pneumonia
2003,Oklahoma,566,15.7,kidney_disease
2001,Minnesota,828,15.7,influenza_and_pneumonia
2016,Texas,4125,15.8,kidney_disease
2014,Massachusetts,1370,15.8,influenza_and_pneumonia
2013,Michigan,1896,15.8,influenza_and_pneumonia
2012,Maryland,986,15.8,influenza_and_pneumonia
2012,Virginia,1307,15.8,influenza_and_pneumonia
2012,Pennsylvania,2736,15.8,kidney_disease
2011,Nevada,349,15.8,alzheimer_s_disease
2010,Alaska,64,15.8,influenza_and_pneumonia
2010,South Dakota,169,15.8,influenza_and_pneumonia
2010,Maine,272,15.8,kidney_disease
2008,Ohio,2085,15.8,influenza_and_pneumonia
2007,Utah,378,15.8,suicide
2006,Wisconsin,1014,15.8,influenza_and_pneumonia
2006,Idaho,222,15.8,suicide
2006,Texas,2995,15.8,kidney_disease
2004,Arizona,880,15.8,suicide
2003,Delaware,127,15.8,influenza_and_pneumonia
2001,Michigan,1533,15.8,kidney_disease
2001,Oklahoma,567,15.8,kidney_disease
2000,California,4419,15.8,alzheimer_s_disease
2017,Hawaii,299,15.9,diabetes
2017,Massachusetts,1433,15.9,influenza_and_pneumonia
2017,Pennsylvania,2898,15.9,kidney_disease
2016,Maine,226,15.9,suicide
2015,Colorado,887,15.9,diabetes
2015,Pennsylvania,2899,15.9,influenza_and_pneumonia
2013,United States,56979,15.9,influenza_and_pneumonia
2013,Texas,3722,15.9,kidney_disease
2012,Colorado,797,15.9,diabetes
2012,Nevada,438,15.9,diabetes
2012,Wyoming,97,15.9,diabetes
2012,North Carolina,1656,15.9,kidney_disease
2011,West Virginia,306,15.9,suicide
2010,South Carolina,747,15.9,influenza_and_pneumonia
2008,Colorado,678,15.9,influenza_and_pneumonia
2008,Utah,390,15.9,suicide
2006,Nevada,281,15.9,alzheimer_s_disease
2006,Michigan,1679,15.9,influenza_and_pneumonia
2006,Michigan,1673,15.9,kidney_disease
2006,Oklahoma,594,15.9,kidney_disease
2005,Maine,250,15.9,kidney_disease
2001,Alaska,102,15.9,suicide
1999,Illinois,1908,15.9,alzheimer_s_disease
1999,Virginia,917,15.9,alzheimer_s_disease
1999,Arkansas,458,15.9,kidney_disease
1999,New Jersey,1380,15.9,kidney_disease
2017,Texas,4256,16.0,kidney_disease
2015,Wyoming,99,16.0,influenza_and_pneumonia
2015,Maine,235,16.0,suicide
2015,North Carolina,1821,16.0,kidney_disease
2014,Kentucky,728,16.0,suicide
2013,Delaware,178,16.0,kidney_disease
2013,South Carolina,869,16.0,kidney_disease
2011,Florida,4507,16.0,alzheimer_s_disease
2011,Pennsylvania,2771,16.0,influenza_and_pneumonia
2011,Arkansas,462,16.0,suicide
2010,Rhode Island,211,16.0,diabetes
2010,Massachusetts,1291,16.0,influenza_and_pneumonia
2006,Connecticut,728,16.0,alzheimer_s_disease
2006,South Dakota,125,16.0,suicide
2006,Utah,362,16.0,suicide
2002,Washington,907,16.0,influenza_and_pneumonia
2001,South Dakota,156,16.0,alzheimer_s_disease
2000,Alaska,45,16.0,influenza_and_pneumonia
2000,Florida,3365,16.0,influenza_and_pneumonia
2017,Delaware,205,16.1,kidney_disease
2015,Delaware,189,16.1,influenza_and_pneumonia
2015,New Hampshire,275,16.1,influenza_and_pneumonia
2015,Texas,4052,16.1,kidney_disease
2015,Virginia,1470,16.1,kidney_disease
2014,New Mexico,376,16.1,influenza_and_pneumonia
2012,Massachusetts,1356,16.1,influenza_and_pneumonia
2011,South Carolina,802,16.1,kidney_disease
2010,New Hampshire,236,16.1,diabetes
2010,Illinois,2212,16.1,influenza_and_pneumonia
2009,Rhode Island,222,16.1,influenza_and_pneumonia
2009,Massachusetts,1269,16.1,kidney_disease
2008,Colorado,803,16.1,suicide
2007,Montana,183,16.1,influenza_and_pneumonia
2007,Rhode Island,224,16.1,influenza_and_pneumonia
2003,Colorado,728,16.1,suicide
2001,Ohio,1912,16.1,kidney_disease
1999,Florida,3328,16.1,influenza_and_pneumonia
2017,Nebraska,393,16.2,influenza_and_pneumonia
2016,Colorado,938,16.2,diabetes
2015,District of Columbia,104,16.2,influenza_and_pneumonia
2015,Rhode Island,246,16.2,influenza_and_pneumonia
2014,Georgia,1510,16.2,influenza_and_pneumonia
2014,South Dakota,181,16.2,influenza_and_pneumonia
2014,Utah,366,16.2,influenza_and_pneumonia
2013,Connecticut,824,16.2,alzheimer_s_disease
2013,Pennsylvania,2884,16.2,influenza_and_pneumonia
2013,South Dakota,184,16.2,influenza_and_pneumonia
2012,Hawaii,277,16.2,diabetes
2012,Kentucky,724,16.2,suicide
2009,Arizona,1083,16.2,diabetes
2009,Arizona,1058,16.2,influenza_and_pneumonia
2009,Oregon,644,16.2,suicide
2009,Oklahoma,637,16.2,kidney_disease
2008,South Carolina,727,16.2,influenza_and_pneumonia
2007,Maryland,881,16.2,alzheimer_s_disease
2006,Rhode Island,206,16.2,diabetes
2006,Idaho,225,16.2,influenza_and_pneumonia
2005,Michigan,1681,16.2,kidney_disease
2003,Oregon,592,16.2,suicide
2002,Colorado,727,16.2,suicide
2002,Utah,340,16.2,suicide
2000,Kansas,478,16.2,kidney_disease
1999,New Hampshire,187,16.2,influenza_and_pneumonia
1999,Massachusetts,1127,16.2,kidney_disease
2017,Indiana,1092,16.3,suicide
2017,South Carolina,838,16.3,suicide
2016,Tennessee,1111,16.3,suicide
2015,Kansas,477,16.3,suicide
2014,Missouri,1017,16.3,suicide
2014,North Carolina,1791,16.3,kidney_disease
2013,New Jersey,1812,16.3,alzheimer_s_disease
2012,Illinois,2323,16.3,influenza_and_pneumonia
2012,Arkansas,485,16.3,suicide
2011,North Carolina,1619,16.3,influenza_and_pneumonia
2011,South Dakota,178,16.3,influenza_and_pneumonia
2009,Connecticut,778,16.3,alzheimer_s_disease
2009,Maryland,937,16.3,alzheimer_s_disease
2009,Utah,332,16.3,influenza_and_pneumonia
2009,Virginia,1237,16.3,influenza_and_pneumonia
2009,South Dakota,129,16.3,suicide
2009,Maine,272,16.3,kidney_disease
2008,Pennsylvania,2705,16.3,influenza_and_pneumonia
2006,Nebraska,345,16.3,influenza_and_pneumonia
2006,Arizona,979,16.3,suicide
2001,Idaho,210,16.3,suicide
2001,Missouri,991,16.3,kidney_disease
2000,Hawaii,203,16.3,diabetes
1999,Nebraska,331,16.3,alzheimer_s_disease
1999,South Dakota,155,16.3,alzheimer_s_disease
2015,Maryland,1095,16.4,alzheimer_s_disease
2013,Montana,210,16.4,influenza_and_pneumonia
2013,West Virginia,323,16.4,suicide
2012,Georgia,1390,16.4,influenza_and_pneumonia
2012,South Carolina,860,16.4,kidney_disease
2011,Connecticut,813,16.4,alzheimer_s_disease
2011,Colorado,790,16.4,diabetes
2010,California,5882,16.4,influenza_and_pneumonia
2010,Kansas,550,16.4,influenza_and_pneumonia
2009,South Carolina,759,16.4,influenza_and_pneumonia
2007,Oklahoma,623,16.4,kidney_disease
2005,Arizona,945,16.4,suicide
2003,New Hampshire,204,16.4,influenza_and_pneumonia
2003,Oregon,632,16.4,influenza_and_pneumonia
2003,Idaho,217,16.4,suicide
2002,Michigan,1618,16.4,kidney_disease
2001,Florida,3643,16.4,alzheimer_s_disease
2001,Hawaii,207,16.4,influenza_and_pneumonia
2001,Wyoming,83,16.4,suicide
2000,Minnesota,845,16.4,influenza_and_pneumonia
1999,New Mexico,248,16.4,alzheimer_s_disease
1999,District of Columbia,91,16.4,kidney_disease
1999,Illinois,1965,16.4,kidney_disease
1999,West Virginia,345,16.4,kidney_disease
2017,Alabama,980,16.5,kidney_disease
2016,North Carolina,1896,16.5,influenza_and_pneumonia
2015,Oklahoma,717,16.5,influenza_and_pneumonia
2015,New Hampshire,228,16.5,suicide
2014,Texas,4008,16.5,kidney_disease
2011,New Mexico,355,16.5,influenza_and_pneumonia
2010,Oklahoma,618,16.5,suicide
2009,Texas,3387,16.5,influenza_and_pneumonia
2009,United States,53692,16.5,influenza_and_pneumonia
2007,Indiana,1098,16.5,influenza_and_pneumonia
2007,Arizona,1016,16.5,suicide
2007,Maine,269,16.5,kidney_disease
2006,Pennsylvania,2716,16.5,influenza_and_pneumonia
2005,Hawaii,241,16.5,influenza_and_pneumonia
2005,Idaho,228,16.5,suicide
2004,District of Columbia,91,16.5,influenza_and_pneumonia
2001,Colorado,722,16.5,suicide
2001,South Carolina,632,16.5,kidney_disease
2000,Mississippi,443,16.5,alzheimer_s_disease
2000,Pennsylvania,2542,16.5,alzheimer_s_disease
2000,New Hampshire,194,16.5,influenza_and_pneumonia
1999,Massachusetts,1182,16.5,alzheimer_s_disease
1999,United States,44536,16.5,alzheimer_s_disease
1999,California,4560,16.5,influenza_and_pneumonia
2017,Alabama,836,16.6,suicide
2016,Wyoming,112,16.6,diabetes
2016,Virginia,1543,16.6,kidney_disease
2015,Ohio,2445,16.6,influenza_and_pneumonia
2014,Delaware,188,16.6,alzheimer_s_disease
2014,Kansas,569,16.6,kidney_disease
2013,California,6551,16.6,influenza_and_pneumonia
2013,Ohio,2374,16.6,influenza_and_pneumonia
2013,North Carolina,1780,16.6,kidney_disease
2012,South Dakota,185,16.6,influenza_and_pneumonia
2011,California,6200,16.6,influenza_and_pneumonia
2011,Ohio,2291,16.6,influenza_and_pneumonia
2011,Maine,235,16.6,suicide
2011,Oregon,656,16.6,suicide
2011,Nevada,412,16.6,kidney_disease
2010,Hawaii,272,16.6,diabetes
2009,Rhode Island,213,16.6,diabetes
2009,Iowa,661,16.6,influenza_and_pneumonia
2007,Connecticut,764,16.6,alzheimer_s_disease
2007,Massachusetts,1222,16.6,diabetes
2007,Colorado,811,16.6,suicide
2003,Michigan,1665,16.6,kidney_disease
2002,Arizona,886,16.6,suicide
2001,Kansas,498,16.6,kidney_disease
1999,California,4532,16.6,alzheimer_s_disease
1999,Kansas,511,16.6,alzheimer_s_disease
2017,Missouri,1281,16.7,influenza_and_pneumonia
2016,South Dakota,195,16.7,influenza_and_pneumonia
2015,Alaska,68,16.7,alzheimer_s_disease
2015,Massachusetts,1398,16.7,diabetes
2010,New York,3642,16.7,diabetes
2009,New Mexico,344,16.7,influenza_and_pneumonia
2009,Arizona,1060,16.7,suicide
2008,Wisconsin,1116,16.7,influenza_and_pneumonia
2008,Idaho,252,16.7,suicide
2006,Colorado,677,16.7,diabetes
2002,Delaware,128,16.7,alzheimer_s_disease
2002,New Jersey,1522,16.7,alzheimer_s_disease
2017,New York,4176,16.8,diabetes
2017,Tennessee,1166,16.8,suicide
2017,Illinois,2565,16.8,kidney_disease
2016,Kentucky,756,16.8,suicide
2015,Kansas,582,16.8,kidney_disease
2014,Illinois,2485,16.8,influenza_and_pneumonia
2014,Oklahoma,723,16.8,influenza_and_pneumonia
2013,Georgia,1494,16.8,influenza_and_pneumonia
2013,Illinois,2441,16.8,influenza_and_pneumonia
2013,Oregon,698,16.8,suicide
2013,Vermont,112,16.8,suicide
2012,Connecticut,842,16.8,alzheimer_s_disease
2012,South Dakota,141,16.8,suicide
2011,Maine,302,16.8,influenza_and_pneumonia
2011,Pennsylvania,2873,16.8,kidney_disease
2010,Maryland,986,16.8,alzheimer_s_disease
2010,New Mexico,343,16.8,alzheimer_s_disease
2010,Colorado,865,16.8,suicide
2008,Arizona,1068,16.8,influenza_and_pneumonia
2007,Colorado,710,16.8,diabetes
2007,South Carolina,723,16.8,influenza_and_pneumonia
2007,United States,52717,16.8,influenza_and_pneumonia
2006,Maine,269,16.8,influenza_and_pneumonia
2003,Connecticut,665,16.8,diabetes
2001,Mississippi,449,16.8,alzheimer_s_disease
2001,New Jersey,1495,16.8,kidney_disease
2000,Wyoming,83,16.8,suicide
1999,Alaska,96,16.8,suicide
2017,New Jersey,1908,16.9,diabetes
2017,Kentucky,770,16.9,suicide
2017,Washington,1297,16.9,suicide
2017,Virginia,1618,16.9,kidney_disease
2016,New York,4038,16.9,diabetes
2016,Rhode Island,239,16.9,diabetes
2015,Nebraska,397,16.9,influenza_and_pneumonia
2015,Pennsylvania,3021,16.9,kidney_disease
2014,Ohio,2443,16.9,influenza_and_pneumonia
2013,Florida,5093,16.9,alzheimer_s_disease
2012,Indiana,1221,16.9,kidney_disease
2011,Massachusetts,1418,16.9,influenza_and_pneumonia
2010,Indiana,1175,16.9,influenza_and_pneumonia
2009,Delaware,163,16.9,alzheimer_s_disease
2009,Maryland,976,16.9,influenza_and_pneumonia
2008,New York,3605,16.9,diabetes
2008,Michigan,1853,16.9,influenza_and_pneumonia
2006,New Jersey,1649,16.9,alzheimer_s_disease
2006,Delaware,152,16.9,kidney_disease
2005,Kansas,517,16.9,kidney_disease
2004,Hawaii,236,16.9,influenza_and_pneumonia
2002,Minnesota,900,16.9,influenza_and_pneumonia
2002,Ohio,2027,16.9,kidney_disease
1999,Virginia,1035,16.9,kidney_disease
2016,Delaware,203,17.0,diabetes
2016,Illinois,2518,17.0,kidney_disease
2013,Virginia,1442,17.0,influenza_and_pneumonia
2012,Missouri,1213,17.0,influenza_and_pneumonia
2012,Illinois,2392,17.0,kidney_disease
2011,North Carolina,1705,17.0,kidney_disease
2010,Hawaii,289,17.0,influenza_and_pneumonia
2010,Arizona,1093,17.0,suicide
2009,Massachusetts,1348,17.0,influenza_and_pneumonia
2008,Nebraska,366,17.0,influenza_and_pneumonia
2008,North Dakota,148,17.0,influenza_and_pneumonia
2008,South Dakota,177,17.0,influenza_and_pneumonia
2007,Texas,3230,17.0,influenza_and_pneumonia
2007,Texas,3291,17.0,kidney_disease
2006,South Dakota,173,17.0,influenza_and_pneumonia
2004,Idaho,219,17.0,influenza_and_pneumonia
2004,North Dakota,148,17.0,influenza_and_pneumonia
2003,District of Columbia,95,17.0,alzheimer_s_disease
2002,South Dakota,167,17.0,alzheimer_s_disease
2000,New Jersey,1495,17.0,kidney_disease
1999,Rhode Island,219,17.0,alzheimer_s_disease
2017,Maryland,1191,17.1,alzheimer_s_disease
2017,North Carolina,2040,17.1,kidney_disease
2017,West Virginia,436,17.1,kidney_disease
2016,Alabama,987,17.1,influenza_and_pneumonia
2016,Arkansas,623,17.1,influenza_and_pneumonia
2016,Delaware,208,17.1,kidney_disease
2016,North Carolina,2002,17.1,kidney_disease
2015,New York,4045,17.1,diabetes
2015,Massachusetts,1512,17.1,influenza_and_pneumonia
2015,Kentucky,776,17.1,suicide
2015,Missouri,1052,17.1,suicide
2014,Hawaii,313,17.1,clrd
2014,Virginia,1498,17.1,influenza_and_pneumonia
2014,South Dakota,141,17.1,suicide
2013,Illinois,2444,17.1,kidney_disease
2012,New Jersey,1881,17.1,alzheimer_s_disease
2012,New Mexico,373,17.1,alzheimer_s_disease
2012,West Virginia,326,17.1,suicide
2011,Maryland,1036,17.1,influenza_and_pneumonia
2011,Utah,358,17.1,influenza_and_pneumonia
2010,Connecticut,820,17.1,alzheimer_s_disease
2010,Utah,348,17.1,influenza_and_pneumonia
2010,Oregon,685,17.1,suicide
2008,Hawaii,270,17.1,influenza_and_pneumonia
2007,New Mexico,322,17.1,alzheimer_s_disease
2007,Utah,313,17.1,influenza_and_pneumonia
2005,New Jersey,1597,17.1,kidney_disease
2004,New Jersey,1586,17.1,influenza_and_pneumonia
2004,Maine,264,17.1,kidney_disease
2004,Massachusetts,1250,17.1,kidney_disease
2003,Ohio,2093,17.1,kidney_disease
2002,Vermont,111,17.1,influenza_and_pneumonia
2001,Massachusetts,1207,17.1,kidney_disease
2017,Colorado,1017,17.2,diabetes
2016,New Hampshire,244,17.2,suicide
2014,Alaska,68,17.2,alzheimer_s_disease
2014,North Carolina,1874,17.2,influenza_and_pneumonia
2014,Illinois,2517,17.2,kidney_disease
2014,Utah,393,17.2,kidney_disease
2013,Maryland,1103,17.2,influenza_and_pneumonia
2013,Oklahoma,665,17.2,suicide
2011,Missouri,1205,17.2,influenza_and_pneumonia
2011,Illinois,2386,17.2,kidney_disease
2009,Colorado,779,17.2,diabetes
2009,Wisconsin,1110,17.2,diabetes
2009,New Jersey,1709,17.2,kidney_disease
2008,Oklahoma,664,17.2,kidney_disease
2007,Connecticut,776,17.2,influenza_and_pneumonia
2007,Virginia,1231,17.2,influenza_and_pneumonia
2006,Hawaii,257,17.2,influenza_and_pneumonia
2005,District of Columbia,98,17.2,influenza_and_pneumonia
2005,Colorado,800,17.2,suicide
2004,Colorado,797,17.2,suicide
2004,Utah,377,17.2,suicide
2001,California,4935,17.2,alzheimer_s_disease
2000,West Virginia,361,17.2,alzheimer_s_disease
1999,Nevada,286,17.2,diabetes
2016,Kentucky,888,17.3,influenza_and_pneumonia
2016,West Virginia,423,17.3,influenza_and_pneumonia
2016,Vermont,118,17.3,suicide
2015,Hawaii,332,17.3,clrd
2015,Illinois,2543,17.3,kidney_disease
2014,Arkansas,515,17.3,suicide
2013,Arkansas,516,17.3,suicide
2013,North Dakota,128,17.3,suicide
2012,Arizona,1156,17.3,suicide
2011,Illinois,2424,17.3,influenza_and_pneumonia
2009,New York,3723,17.3,diabetes
2009,Kansas,556,17.3,kidney_disease
2006,Maryland,915,17.3,alzheimer_s_disease
2006,South Carolina,724,17.3,influenza_and_pneumonia
2006,New Jersey,1645,17.3,kidney_disease
2005,New Jersey,1637,17.3,influenza_and_pneumonia
2005,Wyoming,90,17.3,suicide
2004,Nebraska,347,17.3,influenza_and_pneumonia
2003,North Carolina,1387,17.3,kidney_disease
2002,Nevada,253,17.3,alzheimer_s_disease
2002,Connecticut,675,17.3,diabetes
2002,Kansas,517,17.3,kidney_disease
2000,Arkansas,500,17.3,kidney_disease
1999,Utah,245,17.3,alzheimer_s_disease
1999,Hawaii,211,17.3,diabetes
1999,Indiana,1022,17.3,kidney_disease
2016,Maryland,1178,17.4,alzheimer_s_disease
2016,Alabama,1012,17.4,kidney_disease
2015,West Virginia,340,17.4,suicide
2014,New Jersey,1962,17.4,alzheimer_s_disease
2014,New York,4064,17.4,diabetes
2013,Pennsylvania,3271,17.4,alzheimer_s_disease
2013,Vermont,139,17.4,diabetes
2013,Maine,245,17.4,suicide
2013,Kansas,594,17.4,kidney_disease
2012,Kansas,502,17.4,suicide
2011,Kansas,574,17.4,kidney_disease
2010,Missouri,1188,17.4,influenza_and_pneumonia
2009,Indiana,1191,17.4,influenza_and_pneumonia
2007,Delaware,163,17.4,kidney_disease
2006,Indiana,1129,17.4,influenza_and_pneumonia
2006,Missouri,1118,17.4,kidney_disease
2005,Connecticut,777,17.4,alzheimer_s_disease
2004,Delaware,145,17.4,influenza_and_pneumonia
2004,Missouri,1083,17.4,kidney_disease
2003,Maine,265,17.4,kidney_disease
2001,Washington,965,17.4,influenza_and_pneumonia
2001,North Carolina,1332,17.4,kidney_disease
2000,Nebraska,353,17.4,alzheimer_s_disease
2017,North Carolina,2076,17.5,influenza_and_pneumonia
2017,Wyoming,115,17.5,influenza_and_pneumonia
2015,North Dakota,124,17.5,suicide
2014,Louisiana,854,17.5,influenza_and_pneumonia
2013,Arizona,1163,17.5,suicide
2012,New Hampshire,275,17.5,diabetes
2012,Louisiana,808,17.5,influenza_and_pneumonia
2011,Georgia,1457,17.5,influenza_and_pneumonia
2011,Colorado,913,17.5,suicide
2011,Virginia,1419,17.5,kidney_disease
2010,South Dakota,140,17.5,suicide
2010,Massachusetts,1381,17.5,kidney_disease
2010,Wisconsin,1163,17.5,kidney_disease
2008,New Mexico,351,17.5,influenza_and_pneumonia
2008,New Jersey,1715,17.5,kidney_disease
2007,New Jersey,1690,17.5,kidney_disease
2004,Colorado,637,17.5,influenza_and_pneumonia
2004,Wyoming,88,17.5,suicide
2003,South Dakota,174,17.5,alzheimer_s_disease
2002,Nevada,343,17.5,diabetes
2001,District of Columbia,99,17.5,alzheimer_s_disease
2001,Illinois,2163,17.5,alzheimer_s_disease
2001,Nevada,322,17.5,diabetes
2000,Michigan,1646,17.5,alzheimer_s_disease
2000,Montana,158,17.5,suicide
2017,District of Columbia,125,17.6,alzheimer_s_disease
2015,Maine,333,17.6,influenza_and_pneumonia
2014,Wyoming,110,17.6,diabetes
2014,Virginia,1553,17.6,kidney_disease
2013,Delaware,192,17.6,alzheimer_s_disease
2012,Iowa,692,17.6,diabetes
2012,Oklahoma,670,17.6,suicide
2011,Virginia,1421,17.6,influenza_and_pneumonia
2009,Florida,4617,17.6,alzheimer_s_disease
2008,Colorado,767,17.6,diabetes
2008,United States,56284,17.6,influenza_and_pneumonia
2007,Kansas,554,17.6,kidney_disease
2005,Colorado,666,17.6,influenza_and_pneumonia
2004,Idaho,236,17.6,suicide
2004,New Jersey,1624,17.6,kidney_disease
2003,Hawaii,237,17.6,influenza_and_pneumonia
2003,Kansas,531,17.6,kidney_disease
2002,Missouri,1076,17.6,kidney_disease
2001,Pennsylvania,2753,17.6,alzheimer_s_disease
2000,Massachusetts,1231,17.6,kidney_disease
2000,North Carolina,1315,17.6,kidney_disease
2017,New York,4517,17.7,influenza_and_pneumonia
2016,Hawaii,342,17.7,clrd
2016,Arizona,1271,17.7,suicide
2015,Maryland,1176,17.7,influenza_and_pneumonia
2015,North Dakota,172,17.7,influenza_and_pneumonia
2012,Hawaii,312,17.7,clrd
2012,New York,4010,17.7,diabetes
2012,Kansas,600,17.7,kidney_disease
2010,New Jersey,1878,17.7,alzheimer_s_disease
2010,Minnesota,1037,17.7,diabetes
2010,Wisconsin,1158,17.7,diabetes
2010,North Carolina,1700,17.7,influenza_and_pneumonia
2010,Kansas,577,17.7,kidney_disease
2009,Minnesota,1021,17.7,diabetes
2009,Delaware,176,17.7,kidney_disease
2008,Texas,3536,17.7,kidney_disease
2007,New York,3715,17.7,diabetes
2005,Massachusetts,1271,17.7,diabetes
2005,Nebraska,370,17.7,influenza_and_pneumonia
2004,New Mexico,308,17.7,influenza_and_pneumonia
2003,New Jersey,1636,17.7,alzheimer_s_disease
2003,Vermont,116,17.7,influenza_and_pneumonia
2002,Oregon,666,17.7,influenza_and_pneumonia
2001,Arkansas,521,17.7,kidney_disease
2000,Illinois,2154,17.7,alzheimer_s_disease
2000,New Mexico,275,17.7,alzheimer_s_disease
2000,Oklahoma,638,17.7,alzheimer_s_disease
2000,Illinois,2128,17.7,kidney_disease
1999,Montana,162,17.7,suicide
1999,Kentucky,685,17.7,kidney_disease
2016,New Jersey,1949,17.8,diabetes
2016,Oregon,772,17.8,suicide
2015,Oregon,762,17.8,suicide
2014,New Hampshire,247,17.8,suicide
2014,North Dakota,137,17.8,suicide
2013,New York,4094,17.8,diabetes
2013,Iowa,761,17.8,influenza_and_pneumonia
2012,Oregon,724,17.8,suicide
2012,Missouri,1259,17.8,kidney_disease
2011,Arizona,1160,17.8,suicide
2011,Vermont,120,17.8,suicide
2010,Pennsylvania,2982,17.8,kidney_disease
2009,Hawaii,291,17.8,influenza_and_pneumonia
2009,Illinois,2416,17.8,influenza_and_pneumonia
2008,Connecticut,839,17.8,alzheimer_s_disease
2005,New Mexico,342,17.8,suicide
2003,Maryland,865,17.8,alzheimer_s_disease
2003,Arkansas,526,17.8,kidney_disease
2003,Massachusetts,1286,17.8,kidney_disease
2003,Missouri,1099,17.8,kidney_disease
2002,Pennsylvania,2823,17.8,alzheimer_s_disease
2001,Missouri,1106,17.8,alzheimer_s_disease
2001,Virginia,1128,17.8,kidney_disease
2000,Missouri,1096,17.8,alzheimer_s_disease
2000,Oregon,642,17.8,influenza_and_pneumonia
2000,Pennsylvania,2677,17.8,kidney_disease
1999,Alabama,772,17.8,alzheimer_s_disease
2016,Nevada,580,17.9,diabetes
2016,New Hampshire,316,17.9,diabetes
2016,Kansas,514,17.9,suicide
2015,New Hampshire,308,17.9,diabetes
2015,New Jersey,1933,17.9,diabetes
2015,Missouri,1337,17.9,influenza_and_pneumonia
2013,District of Columbia,108,17.9,diabetes
2012,Alabama,942,17.9,influenza_and_pneumonia
2011,Wisconsin,1197,17.9,diabetes
2011,Missouri,1245,17.9,kidney_disease
2009,New Jersey,1872,17.9,alzheimer_s_disease
2009,Utah,449,17.9,suicide
2009,Texas,3694,17.9,kidney_disease
2008,Maryland,1008,17.9,influenza_and_pneumonia
2008,Virginia,1324,17.9,influenza_and_pneumonia
2008,Massachusetts,1377,17.9,kidney_disease
2007,South Carolina,806,17.9,kidney_disease
2006,New Mexico,352,17.9,suicide
2004,Kansas,562,17.9,influenza_and_pneumonia
2004,Ohio,2204,17.9,influenza_and_pneumonia
2001,Pennsylvania,2735,17.9,influenza_and_pneumonia
2001,Illinois,2178,17.9,kidney_disease
2000,Virginia,1118,17.9,kidney_disease
2000,West Virginia,378,17.9,kidney_disease
1999,Louisiana,683,17.9,alzheimer_s_disease
1999,Tennessee,944,17.9,alzheimer_s_disease
2014,New Hampshire,300,18.0,diabetes
2014,Arizona,1244,18.0,suicide
2013,Massachusetts,1551,18.0,influenza_and_pneumonia
2013,Oklahoma,759,18.0,influenza_and_pneumonia
2013,South Dakota,147,18.0,suicide
2013,Missouri,1305,18.0,kidney_disease
2013,Virginia,1547,18.0,kidney_disease
2012,Kansas,624,18.0,influenza_and_pneumonia
2011,New York,3988,18.0,diabetes
2011,Hawaii,325,18.0,influenza_and_pneumonia
2010,Hawaii,296,18.0,clrd
2009,Kansas,594,18.0,influenza_and_pneumonia
2008,Arizona,1173,18.0,diabetes
2008,Georgia,1496,18.0,diabetes
2008,Utah,343,18.0,influenza_and_pneumonia
2007,Maryland,994,18.0,influenza_and_pneumonia
2007,Nevada,471,18.0,suicide
2007,Massachusetts,1361,18.0,kidney_disease
2004,Alaska,48,18.0,alzheimer_s_disease
2004,North Carolina,1470,18.0,kidney_disease
2002,Colorado,659,18.0,diabetes
2001,Delaware,135,18.0,alzheimer_s_disease
2001,Maine,269,18.0,influenza_and_pneumonia
2001,New Hampshire,216,18.0,influenza_and_pneumonia
2000,Maryland,811,18.0,alzheimer_s_disease
1999,Pennsylvania,2680,18.0,kidney_disease
2017,Wyoming,121,18.1,diabetes
2017,Kentucky,932,18.1,influenza_and_pneumonia
2016,Nevada,567,18.1,influenza_and_pneumonia
2015,Delaware,215,18.1,diabetes
2014,Missouri,1321,18.1,influenza_and_pneumonia
2014,Wyoming,113,18.1,influenza_and_pneumonia
2014,West Virginia,359,18.1,suicide
2013,Georgia,1652,18.1,kidney_disease
2012,Mississippi,565,18.1,influenza_and_pneumonia
2012,West Virginia,425,18.1,influenza_and_pneumonia
2010,Florida,4831,18.1,alzheimer_s_disease
2009,Alaska,84,18.1,diabetes
2009,Wyoming,105,18.1,diabetes
2009,California,6394,18.1,influenza_and_pneumonia
2005,Nevada,310,18.1,alzheimer_s_disease
2004,Kansas,554,18.1,kidney_disease
2002,Florida,4052,18.1,alzheimer_s_disease
2002,Massachusetts,1297,18.1,kidney_disease
2000,United States,49558,18.1,alzheimer_s_disease
2000,Connecticut,683,18.1,diabetes
2000,Iowa,630,18.1,diabetes
1999,North Dakota,155,18.1,alzheimer_s_disease
1999,New Mexico,318,18.1,suicide
2017,West Virginia,458,18.2,influenza_and_pneumonia
2017,Arizona,1327,18.2,suicide
2016,Arkansas,555,18.2,suicide
2015,South Dakota,213,18.2,influenza_and_pneumonia
2015,Arizona,1276,18.2,suicide
2014,Kansas,637,18.2,influenza_and_pneumonia
2014,Alabama,1011,18.2,kidney_disease
2012,Nevada,524,18.2,suicide
2011,New Jersey,1960,18.2,alzheimer_s_disease
2011,Idaho,281,18.2,suicide
2009,New Mexico,376,18.2,suicide
2008,Maryland,1016,18.2,alzheimer_s_disease
2008,New Jersey,1857,18.2,alzheimer_s_disease
2008,Wisconsin,1152,18.2,diabetes
2008,Rhode Island,257,18.2,influenza_and_pneumonia
2008,Texas,3554,18.2,influenza_and_pneumonia
2007,New Jersey,1823,18.2,alzheimer_s_disease
2007,Missouri,1184,18.2,kidney_disease
2006,Connecticut,800,18.2,influenza_and_pneumonia
2006,Texas,3342,18.2,influenza_and_pneumonia
2004,Nevada,292,18.2,alzheimer_s_disease
2004,Colorado,696,18.2,diabetes
2004,Indiana,1136,18.2,influenza_and_pneumonia
2004,South Dakota,179,18.2,influenza_and_pneumonia
2000,Hawaii,221,18.2,influenza_and_pneumonia
2000,New Mexico,290,18.2,influenza_and_pneumonia
2000,Indiana,1084,18.2,kidney_disease
1999,Iowa,706,18.2,alzheimer_s_disease
1999,Ohio,2099,18.2,alzheimer_s_disease
2017,Nevada,609,18.3,diabetes
2017,Vermont,112,18.3,suicide
2016,District of Columbia,120,18.3,alzheimer_s_disease
2016,New York,4513,18.3,influenza_and_pneumonia
2015,Maryland,1243,18.3,diabetes
2014,District of Columbia,119,18.3,alzheimer_s_disease
2014,Pennsylvania,3486,18.3,alzheimer_s_disease
2014,Rhode Island,252,18.3,diabetes
2013,North Carolina,1931,18.3,influenza_and_pneumonia
2012,Virginia,1523,18.3,kidney_disease
2011,New Hampshire,280,18.3,diabetes
2010,Georgia,1456,18.3,influenza_and_pneumonia
2010,Utah,473,18.3,suicide
2009,Missouri,1223,18.3,kidney_disease
2007,Arizona,1159,18.3,diabetes
2007,Wisconsin,1136,18.3,diabetes
2007,Pennsylvania,2965,18.3,kidney_disease
2004,Maryland,905,18.3,alzheimer_s_disease
2004,New Jersey,1711,18.3,alzheimer_s_disease
2003,Pennsylvania,2952,18.3,alzheimer_s_disease
2001,West Virginia,391,18.3,kidney_disease
2000,New Mexico,327,18.3,suicide
1999,Georgia,1142,18.3,kidney_disease
2016,Missouri,1133,18.4,suicide
2016,Georgia,1864,18.4,kidney_disease
2016,Indiana,1411,18.4,kidney_disease
2015,Nevada,558,18.4,suicide
2015,Alabama,1040,18.4,kidney_disease
2014,Connecticut,923,18.4,alzheimer_s_disease
2013,Nevada,448,18.4,alzheimer_s_disease
2013,Virginia,1626,18.4,diabetes
2013,Wyoming,112,18.4,influenza_and_pneumonia
2013,Indiana,1352,18.4,kidney_disease
2012,Georgia,1612,18.4,kidney_disease
2011,Wyoming,108,18.4,diabetes
2011,Nevada,516,18.4,suicide
2011,Georgia,1571,18.4,kidney_disease
2010,Texas,3878,18.4,kidney_disease
2009,Pennsylvania,3054,18.4,kidney_disease
2007,West Virginia,408,18.4,influenza_and_pneumonia
2006,Hawaii,271,18.4,diabetes
2006,United States,56326,18.4,influenza_and_pneumonia
2006,Virginia,1281,18.4,influenza_and_pneumonia
2005,Missouri,1156,18.4,kidney_disease
2005,Virginia,1277,18.4,kidney_disease
2004,Wisconsin,1141,18.4,influenza_and_pneumonia
2002,Maryland,866,18.4,alzheimer_s_disease
2002,New Jersey,1662,18.4,kidney_disease
2002,North Carolina,1437,18.4,kidney_disease
2001,Kansas,561,18.4,influenza_and_pneumonia
2000,Rhode Island,242,18.4,alzheimer_s_disease
2017,Missouri,1151,18.5,suicide
2017,Indiana,1440,18.5,kidney_disease
2014,Virginia,1683,18.5,diabetes
2014,North Dakota,174,18.5,influenza_and_pneumonia
2014,Georgia,1742,18.5,kidney_disease
2013,Wisconsin,1285,18.5,diabetes
2012,North Carolina,1899,18.5,influenza_and_pneumonia
2011,Oklahoma,693,18.5,suicide
2010,Illinois,2507,18.5,diabetes
2010,Wyoming,105,18.5,diabetes
2007,Iowa,749,18.5,influenza_and_pneumonia
2005,Rhode Island,253,18.5,influenza_and_pneumonia
2004,Virginia,1249,18.5,kidney_disease
2003,Illinois,2297,18.5,kidney_disease
2003,New Jersey,1696,18.5,kidney_disease
2000,South Dakota,179,18.5,alzheimer_s_disease
2000,Colorado,635,18.5,diabetes
1999,Texas,2833,18.5,alzheimer_s_disease
1999,Connecticut,691,18.5,diabetes
2017,Georgia,1942,18.6,kidney_disease
2016,Massachusetts,1708,18.6,alzheimer_s_disease
2015,Florida,5403,18.6,diabetes
2015,Minnesota,1221,18.6,diabetes
2014,Oregon,782,18.6,suicide
2013,Louisiana,892,18.6,influenza_and_pneumonia
2013,Nevada,513,18.6,influenza_and_pneumonia
2013,Utah,413,18.6,influenza_and_pneumonia
2013,Colorado,1007,18.6,suicide
2013,Nevada,541,18.6,suicide
2013,West Virginia,450,18.6,kidney_disease
2012,Virginia,1603,18.6,diabetes
2011,Alabama,951,18.6,influenza_and_pneumonia
2009,New Mexico,373,18.6,alzheimer_s_disease
2008,Florida,4743,18.6,alzheimer_s_disease
2008,Hawaii,286,18.6,diabetes
2006,New York,3848,18.6,diabetes
2005,North Carolina,1561,18.6,kidney_disease
2004,Florida,4307,18.6,alzheimer_s_disease
2004,Pennsylvania,2938,18.6,influenza_and_pneumonia
2004,Texas,3209,18.6,influenza_and_pneumonia
2003,Arkansas,552,18.6,alzheimer_s_disease
2003,Delaware,147,18.6,alzheimer_s_disease
2003,New Mexico,343,18.6,suicide
2002,Arkansas,551,18.6,alzheimer_s_disease
2002,California,5421,18.6,alzheimer_s_disease
2001,New Mexico,297,18.6,alzheimer_s_disease
2000,Colorado,607,18.6,influenza_and_pneumonia
2016,Illinois,2781,18.7,diabetes
2015,North Carolina,2115,18.7,influenza_and_pneumonia
2014,Illinois,2712,18.7,diabetes
2014,Minnesota,1193,18.7,diabetes
2014,Vermont,154,18.7,diabetes
2014,Vermont,124,18.7,suicide
2014,Indiana,1392,18.7,kidney_disease
2013,New Hampshire,310,18.7,diabetes
2013,Missouri,1352,18.7,influenza_and_pneumonia
2012,Kentucky,879,18.7,influenza_and_pneumonia
2010,District of Columbia,114,18.7,alzheimer_s_disease
2010,Alabama,942,18.7,influenza_and_pneumonia
2009,Georgia,1582,18.7,diabetes
2009,Iowa,702,18.7,diabetes
2009,New Hampshire,276,18.7,diabetes
2009,North Carolina,1752,18.7,influenza_and_pneumonia
2009,Colorado,941,18.7,suicide
2009,Nevada,505,18.7,suicide
2008,Alabama,912,18.7,influenza_and_pneumonia
2008,North Carolina,1729,18.7,kidney_disease
2007,Florida,4644,18.7,alzheimer_s_disease
2007,North Carolina,1645,18.7,influenza_and_pneumonia
2007,South Dakota,189,18.7,influenza_and_pneumonia
2006,Massachusetts,1406,18.7,kidney_disease
2005,Maryland,958,18.7,alzheimer_s_disease
2005,New Mexico,327,18.7,alzheimer_s_disease
2004,Massachusetts,1329,18.7,diabetes
2004,Illinois,2339,18.7,kidney_disease
2003,Virginia,1244,18.7,kidney_disease
2002,North Dakota,162,18.7,influenza_and_pneumonia
2001,Nevada,387,18.7,suicide
2001,Pennsylvania,2838,18.7,kidney_disease
2000,Virginia,1094,18.7,alzheimer_s_disease
2000,Washington,1010,18.7,influenza_and_pneumonia
2017,Rhode Island,275,18.8,diabetes
2014,Florida,5874,18.8,alzheimer_s_disease
2014,District of Columbia,119,18.8,diabetes
2014,Alabama,1031,18.8,influenza_and_pneumonia
2013,Minnesota,1163,18.8,diabetes
2012,Alaska,107,18.8,diabetes
2012,New York,4404,18.8,influenza_and_pneumonia
2011,Kansas,647,18.8,influenza_and_pneumonia
2010,Virginia,1530,18.8,diabetes
2010,Idaho,290,18.8,suicide
2009,South Carolina,893,18.8,kidney_disease
2007,Alabama,898,18.8,influenza_and_pneumonia
2005,Delaware,162,18.8,influenza_and_pneumonia
2004,Montana,175,18.8,suicide
2004,New Mexico,356,18.8,suicide
2004,Arkansas,562,18.8,kidney_disease
2003,Washington,1086,18.8,influenza_and_pneumonia
2001,Michigan,1803,18.8,alzheimer_s_disease
2001,Rhode Island,251,18.8,alzheimer_s_disease
2001,Colorado,667,18.8,diabetes
1999,Georgia,1080,18.8,alzheimer_s_disease
2017,Maine,274,18.9,suicide
2017,New Hampshire,265,18.9,suicide
2015,Kansas,682,18.9,influenza_and_pneumonia
2015,Indiana,1450,18.9,kidney_disease
2014,New Mexico,442,18.9,alzheimer_s_disease
2013,Alaska,72,18.9,alzheimer_s_disease
2013,Rhode Island,258,18.9,diabetes
2012,Pennsylvania,3505,18.9,alzheimer_s_disease
2011,Hawaii,318,18.9,clrd
2011,Louisiana,851,18.9,influenza_and_pneumonia
2006,New Mexico,353,18.9,influenza_and_pneumonia
2005,Michigan,1950,18.9,influenza_and_pneumonia
2005,Illinois,2402,18.9,kidney_disease
2004,Nevada,440,18.9,suicide
2003,Florida,4316,18.9,alzheimer_s_disease
2002,Hawaii,246,18.9,influenza_and_pneumonia
2001,Alaska,44,18.9,alzheimer_s_disease
2001,North Dakota,162,18.9,influenza_and_pneumonia
1999,Indiana,1106,18.9,alzheimer_s_disease
2017,Hawaii,378,19.0,clrd
2017,South Dakota,217,19.0,influenza_and_pneumonia
2017,Oregon,825,19.0,suicide
2016,North Dakota,140,19.0,suicide
2015,Connecticut,966,19.0,alzheimer_s_disease
2014,Massachusetts,1688,19.0,alzheimer_s_disease
2013,Iowa,747,19.0,diabetes
2012,Wisconsin,1289,19.0,diabetes
2012,Nevada,496,19.0,influenza_and_pneumonia
2012,Idaho,297,19.0,suicide
2010,West Virginia,436,19.0,influenza_and_pneumonia
2009,Nevada,446,19.0,kidney_disease
2008,New Mexico,366,19.0,alzheimer_s_disease
2007,Hawaii,291,19.0,diabetes
2006,Connecticut,782,19.0,diabetes
2006,Kansas,594,19.0,kidney_disease
2005,New Jersey,1815,19.0,alzheimer_s_disease
2004,Delaware,155,19.0,alzheimer_s_disease
2003,Wisconsin,1165,19.0,influenza_and_pneumonia
2002,District of Columbia,107,19.0,alzheimer_s_disease
2002,Missouri,1187,19.0,alzheimer_s_disease
2002,Illinois,2328,19.0,kidney_disease
2002,Virginia,1236,19.0,kidney_disease
2001,Oklahoma,682,19.0,alzheimer_s_disease
2001,West Virginia,398,19.0,alzheimer_s_disease
2000,Vermont,119,19.0,influenza_and_pneumonia
2017,Delaware,244,19.1,diabetes
2017,Kansas,553,19.1,suicide
2017,Oklahoma,756,19.1,suicide
2015,Arkansas,577,19.1,suicide
2014,Wisconsin,1352,19.1,diabetes
2014,Oklahoma,736,19.1,suicide
2013,Maryland,1249,19.1,diabetes
2013,Kentucky,919,19.1,influenza_and_pneumonia
2012,Minnesota,1165,19.1,diabetes
2012,Montana,233,19.1,diabetes
2011,Pennsylvania,3496,19.1,alzheimer_s_disease
2011,West Virginia,445,19.1,kidney_disease
2010,Montana,227,19.1,diabetes
2009,Hawaii,303,19.1,clrd
2008,Minnesota,1087,19.1,diabetes
2008,North Carolina,1737,19.1,influenza_and_pneumonia
2008,Missouri,1274,19.1,kidney_disease
2007,Rhode Island,248,19.1,diabetes
2007,North Carolina,1723,19.1,kidney_disease
2006,North Carolina,1661,19.1,kidney_disease
2005,Massachusetts,1410,19.1,kidney_disease
2004,Connecticut,767,19.1,diabetes
2003,Colorado,708,19.1,diabetes
2003,Ohio,2330,19.1,influenza_and_pneumonia
2002,Pennsylvania,2957,19.1,influenza_and_pneumonia
2001,Indiana,1149,19.1,kidney_disease
2017,Illinois,2927,19.2,diabetes
2017,New Hampshire,340,19.2,diabetes
2017,Vermont,163,19.2,diabetes
2016,Minnesota,1265,19.2,diabetes
2015,District of Columbia,129,19.2,alzheimer_s_disease
2015,Illinois,2817,19.2,diabetes
2015,Georgia,1881,19.2,kidney_disease
2014,Montana,253,19.2,alzheimer_s_disease
2014,Florida,5371,19.2,diabetes
2014,Kansas,643,19.2,diabetes
2014,Montana,250,19.2,diabetes
2014,Arkansas,672,19.2,kidney_disease
2013,Florida,5238,19.2,diabetes
2013,Alabama,1035,19.2,influenza_and_pneumonia
2013,Idaho,308,19.2,suicide
2012,Florida,5092,19.2,diabetes
2012,Illinois,2706,19.2,diabetes
2012,Maryland,1218,19.2,diabetes
2010,Delaware,196,19.2,diabetes
2010,Mississippi,567,19.2,influenza_and_pneumonia
2010,Missouri,1305,19.2,kidney_disease
2009,Vermont,143,19.2,diabetes
2009,Alabama,952,19.2,influenza_and_pneumonia
2009,Georgia,1500,19.2,influenza_and_pneumonia
2009,North Carolina,1828,19.2,kidney_disease
2008,Hawaii,293,19.2,clrd
2008,California,6560,19.2,influenza_and_pneumonia
2008,Pennsylvania,3138,19.2,kidney_disease
2007,Nevada,408,19.2,influenza_and_pneumonia
2006,Utah,343,19.2,influenza_and_pneumonia
2005,Pennsylvania,3068,19.2,influenza_and_pneumonia
2005,South Carolina,771,19.2,influenza_and_pneumonia
2004,New York,3913,19.2,diabetes
2004,Michigan,1957,19.2,influenza_and_pneumonia
2003,Pennsylvania,3010,19.2,influenza_and_pneumonia
2002,West Virginia,405,19.2,alzheimer_s_disease
2002,New Mexico,349,19.2,suicide
2000,Tennessee,1024,19.2,alzheimer_s_disease
1999,Colorado,639,19.2,diabetes
1999,Nevada,298,19.2,kidney_disease
2017,Alaska,130,19.3,diabetes
2017,Minnesota,1312,19.3,diabetes
2016,Alaska,124,19.3,diabetes
2016,West Virginia,362,19.3,suicide
2016,West Virginia,481,19.3,kidney_disease
2015,Kentucky,967,19.3,influenza_and_pneumonia
2014,New Jersey,2062,19.3,diabetes
2013,Alabama,1057,19.3,kidney_disease
2012,New Jersey,1988,19.3,diabetes
2010,Utah,375,19.3,alzheimer_s_disease
2010,Iowa,733,19.3,diabetes
2010,Illinois,2612,19.3,kidney_disease
2007,Illinois,2550,19.3,influenza_and_pneumonia
2007,Wyoming,101,19.3,suicide
2006,Florida,4689,19.3,alzheimer_s_disease
2006,New Mexico,348,19.3,alzheimer_s_disease
2006,Iowa,770,19.3,influenza_and_pneumonia
2006,Nevada,486,19.3,suicide
2006,Pennsylvania,3084,19.3,kidney_disease
2005,Colorado,753,19.3,diabetes
2004,New Mexico,328,19.3,alzheimer_s_disease
2004,Rhode Island,260,19.3,influenza_and_pneumonia
2002,Illinois,2398,19.3,alzheimer_s_disease
2002,Pennsylvania,2944,19.3,kidney_disease
2001,United States,53852,19.3,alzheimer_s_disease
2001,Colorado,650,19.3,influenza_and_pneumonia
2001,Montana,175,19.3,suicide
2000,Kentucky,756,19.3,kidney_disease
1999,Kentucky,728,19.3,alzheimer_s_disease
2017,Wisconsin,1433,19.4,diabetes
2017,Kentucky,1024,19.4,kidney_disease
2016,North Dakota,171,19.4,diabetes
2015,Wisconsin,1382,19.4,diabetes
2014,Alaska,113,19.4,diabetes
2014,Missouri,1423,19.4,diabetes
2013,Massachusetts,1699,19.4,alzheimer_s_disease
2013,Utah,412,19.4,alzheimer_s_disease
2013,Delaware,218,19.4,diabetes
2013,New Jersey,2043,19.4,diabetes
2012,Alabama,1035,19.4,kidney_disease
2011,Illinois,2693,19.4,diabetes
2011,Utah,502,19.4,suicide
2011,Indiana,1367,19.4,kidney_disease
2009,Montana,228,19.4,diabetes
2007,Georgia,1407,19.4,influenza_and_pneumonia
2007,Montana,196,19.4,suicide
2005,Florida,4608,19.4,alzheimer_s_disease
2005,New Mexico,353,19.4,influenza_and_pneumonia
2005,Ohio,2416,19.4,influenza_and_pneumonia
2003,Michigan,1941,19.4,influenza_and_pneumonia
2002,New Hampshire,237,19.4,influenza_and_pneumonia
2001,Montana,193,19.4,influenza_and_pneumonia
1999,North Dakota,157,19.4,influenza_and_pneumonia
2016,Florida,5782,19.5,diabetes
2015,Hawaii,422,19.5,alzheimer_s_disease
2015,Alabama,1097,19.5,influenza_and_pneumonia
2015,Colorado,1093,19.5,suicide
2014,New York,4702,19.5,influenza_and_pneumonia
2014,Kentucky,968,19.5,kidney_disease
2011,Virginia,1643,19.5,diabetes
2010,Wyoming,109,19.5,influenza_and_pneumonia
2010,Nevada,471,19.5,kidney_disease
2010,North Carolina,1892,19.5,kidney_disease
2009,Hawaii,308,19.5,diabetes
2009,Virginia,1560,19.5,diabetes
2008,Indiana,1318,19.5,influenza_and_pneumonia
2007,Illinois,2536,19.5,kidney_disease
2006,Alabama,918,19.5,influenza_and_pneumonia
2006,Illinois,2502,19.5,kidney_disease
2006,South Carolina,846,19.5,kidney_disease
2005,Montana,213,19.5,influenza_and_pneumonia
2005,North Dakota,172,19.5,influenza_and_pneumonia
2005,Utah,333,19.5,influenza_and_pneumonia
2004,Iowa,700,19.5,diabetes
2003,Montana,180,19.5,suicide
2003,Pennsylvania,3013,19.5,kidney_disease
2002,Rhode Island,264,19.5,alzheimer_s_disease
2002,Alaska,51,19.5,influenza_and_pneumonia
2001,New York,3844,19.5,diabetes
2001,Maryland,928,19.5,influenza_and_pneumonia
2000,South Carolina,699,19.5,influenza_and_pneumonia
1999,Oregon,695,19.5,influenza_and_pneumonia
2017,District of Columbia,137,19.6,clrd
2017,Nevada,636,19.6,influenza_and_pneumonia
2017,Missouri,1515,19.6,kidney_disease
2016,Maryland,1358,19.6,diabetes
2016,Missouri,1483,19.6,kidney_disease
2014,West Virginia,473,19.6,influenza_and_pneumonia
2014,Nevada,573,19.6,suicide
2014,Missouri,1452,19.6,kidney_disease
2014,West Virginia,479,19.6,kidney_disease
2012,Kansas,639,19.6,diabetes
2012,Missouri,1377,19.6,diabetes
2012,Kentucky,933,19.6,kidney_disease
2011,District of Columbia,120,19.6,alzheimer_s_disease
2010,Alaska,86,19.6,diabetes
2009,Utah,371,19.6,alzheimer_s_disease
2008,Illinois,2576,19.6,kidney_disease
2008,Kansas,620,19.6,kidney_disease
2007,Minnesota,1084,19.6,diabetes
2007,Missouri,1289,19.6,influenza_and_pneumonia
2007,Indiana,1293,19.6,kidney_disease
2006,Pennsylvania,3311,19.6,alzheimer_s_disease
2006,Arizona,1206,19.6,diabetes
2006,Arizona,1166,19.6,influenza_and_pneumonia
2006,Rhode Island,268,19.6,influenza_and_pneumonia
2006,Virginia,1400,19.6,kidney_disease
2005,South Carolina,823,19.6,kidney_disease
2003,Nevada,309,19.6,alzheimer_s_disease
2000,District of Columbia,111,19.6,influenza_and_pneumonia
1999,Massachusetts,1303,19.6,unintentional_injuries
1999,Alaska,46,19.6,influenza_and_pneumonia
1999,Hawaii,229,19.6,influenza_and_pneumonia
2017,Hawaii,465,19.7,alzheimer_s_disease
2017,Arkansas,725,19.7,kidney_disease
2015,Missouri,1468,19.7,diabetes
2015,Kentucky,998,19.7,kidney_disease
2013,Virginia,1642,19.7,alzheimer_s_disease
2013,Illinois,2798,19.7,diabetes
2013,Montana,250,19.7,diabetes
2012,Colorado,1052,19.7,suicide
2012,West Virginia,471,19.7,kidney_disease
2011,Florida,5093,19.7,diabetes
2011,Nevada,499,19.7,influenza_and_pneumonia
2010,California,7061,19.7,diabetes
2010,Oklahoma,778,19.7,influenza_and_pneumonia
2009,Missouri,1330,19.7,influenza_and_pneumonia
2009,West Virginia,443,19.7,influenza_and_pneumonia
2009,Virginia,1521,19.7,kidney_disease
2008,Nevada,528,19.7,suicide
2007,California,6546,19.7,influenza_and_pneumonia
2007,Massachusetts,1538,19.7,influenza_and_pneumonia
2007,Mississippi,554,19.7,influenza_and_pneumonia
2007,Virginia,1439,19.7,kidney_disease
2006,Wisconsin,1212,19.7,diabetes
2006,Montana,189,19.7,suicide
2005,District of Columbia,112,19.7,alzheimer_s_disease
2005,New York,4051,19.7,diabetes
2004,South Carolina,770,19.7,influenza_and_pneumonia
2004,Pennsylvania,3067,19.7,kidney_disease
2002,New York,3934,19.7,diabetes
2002,Nevada,423,19.7,suicide
2001,Connecticut,759,19.7,diabetes
2001,Indiana,1184,19.7,influenza_and_pneumonia
2000,Iowa,769,19.7,alzheimer_s_disease
2000,Ohio,2295,19.7,alzheimer_s_disease
1999,Iowa,684,19.7,diabetes
2017,Alabama,1173,19.8,diabetes
2017,Maine,395,19.8,diabetes
2017,Arkansas,720,19.8,influenza_and_pneumonia
2016,District of Columbia,127,19.8,diabetes
2016,Idaho,375,19.8,diabetes
2015,New Jersey,2260,19.8,alzheimer_s_disease
2015,Vermont,159,19.8,diabetes
2015,Arkansas,707,19.8,kidney_disease
2014,Delaware,226,19.8,diabetes
2014,Maryland,1305,19.8,diabetes
2013,District of Columbia,130,19.8,alzheimer_s_disease
2013,Illinois,2919,19.8,alzheimer_s_disease
2013,Kansas,654,19.8,diabetes
2012,Illinois,2865,19.8,alzheimer_s_disease
2012,Massachusetts,1713,19.8,alzheimer_s_disease
2012,Rhode Island,299,19.8,alzheimer_s_disease
2012,Arkansas,674,19.8,kidney_disease
2011,New Mexico,423,19.8,alzheimer_s_disease
2011,West Virginia,455,19.8,influenza_and_pneumonia
2010,Nevada,471,19.8,influenza_and_pneumonia
2010,Nevada,547,19.8,suicide
2009,California,6979,19.8,diabetes
2009,Missouri,1335,19.8,diabetes
2008,Virginia,1534,19.8,diabetes
2008,Georgia,1498,19.8,influenza_and_pneumonia
2008,Delaware,189,19.8,kidney_disease
2006,Massachusetts,1560,19.8,alzheimer_s_disease
2005,Hawaii,287,19.8,clrd
2005,Nevada,480,19.8,suicide
2005,Pennsylvania,3108,19.8,kidney_disease
2003,New Jersey,1823,19.8,influenza_and_pneumonia
2001,Virginia,1184,19.8,alzheimer_s_disease
2001,South Dakota,188,19.8,influenza_and_pneumonia
2000,Massachusetts,1433,19.8,alzheimer_s_disease
2000,Massachusetts,1361,19.8,diabetes
2000,North Dakota,166,19.8,influenza_and_pneumonia
1999,New York,3799,19.8,diabetes
2017,Massachusetts,1841,19.9,alzheimer_s_disease
2016,Wisconsin,1440,19.9,diabetes
2015,New Mexico,483,19.9,alzheimer_s_disease
2015,Missouri,1483,19.9,kidney_disease
2014,North Dakota,176,19.9,diabetes
2014,Colorado,1083,19.9,suicide
2012,Utah,411,19.9,alzheimer_s_disease
2011,Iowa,770,19.9,diabetes
2010,Maryland,1191,19.9,diabetes
2010,Arkansas,647,19.9,influenza_and_pneumonia
2010,South Carolina,963,19.9,kidney_disease
2009,New Jersey,1959,19.9,diabetes
2009,Mississippi,578,19.9,influenza_and_pneumonia
2008,Illinois,2672,19.9,influenza_and_pneumonia
2007,Minnesota,1179,19.9,alzheimer_s_disease
2007,Hawaii,299,19.9,clrd
2006,Missouri,1285,19.9,influenza_and_pneumonia
2006,Alaska,135,19.9,suicide
2005,Wisconsin,1268,19.9,influenza_and_pneumonia
2005,Alaska,131,19.9,suicide
2004,Massachusetts,1366,19.9,unintentional_injuries
2004,Indiana,1244,19.9,kidney_disease
2003,Nevada,434,19.9,suicide
2002,New Mexico,325,19.9,alzheimer_s_disease
2002,Utah,303,19.9,alzheimer_s_disease
2001,Idaho,239,19.9,influenza_and_pneumonia
2000,Wisconsin,1177,19.9,alzheimer_s_disease
1999,Wisconsin,1170,19.9,alzheimer_s_disease
1999,Massachusetts,1354,19.9,diabetes
1999,Maine,287,19.9,influenza_and_pneumonia
2016,Arkansas,722,20.0,kidney_disease
2015,Arkansas,700,20.0,influenza_and_pneumonia
2015,New York,4881,20.0,influenza_and_pneumonia
2014,Idaho,320,20.0,suicide
2011,Delaware,203,20.0,alzheimer_s_disease
2011,Utah,402,20.0,alzheimer_s_disease
2011,Maine,353,20.0,diabetes
2011,Alaska,143,20.0,suicide
2011,Alabama,1047,20.0,kidney_disease
2010,Pennsylvania,3591,20.0,alzheimer_s_disease
2010,Pennsylvania,3242,20.0,diabetes
2009,Pennsylvania,3547,20.0,alzheimer_s_disease
2009,Florida,4901,20.0,diabetes
2009,Alaska,143,20.0,suicide
2008,West Virginia,448,20.0,influenza_and_pneumonia
2008,Nevada,456,20.0,kidney_disease
2007,Georgia,1604,20.0,diabetes
2007,Virginia,1507,20.0,diabetes
2006,Hawaii,293,20.0,clrd
2006,Kansas,647,20.0,influenza_and_pneumonia
2006,Arkansas,616,20.0,kidney_disease
2005,Connecticut,811,20.0,diabetes
2004,Maine,308,20.0,influenza_and_pneumonia
2003,Rhode Island,267,20.0,influenza_and_pneumonia
2003,Indiana,1235,20.0,kidney_disease
2002,Michigan,1958,20.0,alzheimer_s_disease
2002,Hawaii,265,20.0,clrd
2002,Montana,184,20.0,suicide
2001,Ohio,2367,20.0,alzheimer_s_disease
2000,Arizona,1012,20.0,diabetes
2000,New York,3877,20.0,diabetes
2000,Georgia,1263,20.0,kidney_disease
2017,District of Columbia,138,20.1,diabetes
2017,Virginia,1967,20.1,diabetes
2017,North Dakota,154,20.1,suicide
2016,Hawaii,445,20.1,alzheimer_s_disease
2016,Alabama,1183,20.1,diabetes
2016,Missouri,1508,20.1,diabetes
2016,Tennessee,1533,20.1,influenza_and_pneumonia
2013,Alaska,112,20.1,diabetes
2011,Minnesota,1189,20.1,diabetes
2010,Florida,5024,20.1,diabetes
2010,New Mexico,413,20.1,suicide
2009,New Jersey,1875,20.1,unintentional_injuries
2008,Massachusetts,1598,20.1,influenza_and_pneumonia
2008,Arkansas,638,20.1,kidney_disease
2006,Montana,226,20.1,alzheimer_s_disease
2006,Maryland,1082,20.1,influenza_and_pneumonia
2006,North Carolina,1705,20.1,influenza_and_pneumonia
2005,Iowa,727,20.1,diabetes
2004,Rhode Island,283,20.1,alzheimer_s_disease
2004,South Carolina,818,20.1,kidney_disease
2003,South Carolina,797,20.1,kidney_disease
2002,Indiana,1222,20.1,kidney_disease
2002,South Carolina,781,20.1,kidney_disease
2001,Iowa,709,20.1,diabetes
1999,Rhode Island,236,20.1,diabetes
2017,Florida,6172,20.2,diabetes
2017,Alabama,1176,20.2,influenza_and_pneumonia
2016,South Dakota,163,20.2,suicide
2015,Massachusetts,1815,20.2,alzheimer_s_disease
2015,Kansas,684,20.2,diabetes
2015,Rhode Island,276,20.2,diabetes
2013,Kansas,715,20.2,influenza_and_pneumonia
2013,West Virginia,481,20.2,influenza_and_pneumonia
2012,Delaware,213,20.2,alzheimer_s_disease
2011,Mississippi,603,20.2,influenza_and_pneumonia
2010,Louisiana,878,20.2,influenza_and_pneumonia
2010,Virginia,1595,20.2,kidney_disease
2009,Illinois,2695,20.2,kidney_disease
2008,Indiana,1363,20.2,kidney_disease
2007,New Hampshire,280,20.2,diabetes
2004,Pennsylvania,3277,20.2,alzheimer_s_disease
2003,Iowa,727,20.2,diabetes
2003,Massachusetts,1424,20.2,diabetes
2000,Massachusetts,1357,20.2,unintentional_injuries
2000,Kansas,630,20.2,alzheimer_s_disease
2000,Nevada,400,20.2,suicide
1999,Nebraska,372,20.2,diabetes
2017,Idaho,394,20.3,diabetes
2017,Maryland,1439,20.3,diabetes
2017,Colorado,1181,20.3,suicide
2017,Nevada,627,20.3,suicide
2016,Connecticut,1035,20.3,alzheimer_s_disease
2016,Pennsylvania,3560,20.3,diabetes
2016,Texas,5470,20.3,diabetes
2016,Washington,1673,20.3,diabetes
2016,Kentucky,1034,20.3,kidney_disease
2015,Oklahoma,790,20.3,suicide
2013,New Mexico,431,20.3,suicide
2011,New Mexico,420,20.3,suicide
2010,Arizona,1389,20.3,diabetes
2010,West Virginia,475,20.3,kidney_disease
2009,Kansas,635,20.3,diabetes
2009,Pennsylvania,3254,20.3,diabetes
2009,Idaho,304,20.3,suicide
2008,Iowa,764,20.3,diabetes
2008,Iowa,829,20.3,influenza_and_pneumonia
2008,South Carolina,945,20.3,kidney_disease
2007,Pennsylvania,3505,20.3,alzheimer_s_disease
2007,Kansas,665,20.3,influenza_and_pneumonia
2007,New Mexico,401,20.3,suicide
2005,Indiana,1284,20.3,kidney_disease
2004,Arizona,1111,20.3,influenza_and_pneumonia
2004,Connecticut,868,20.3,influenza_and_pneumonia
2004,Kentucky,827,20.3,kidney_disease
2003,Alaska,124,20.3,suicide
2002,West Virginia,427,20.3,influenza_and_pneumonia
2001,Arizona,1058,20.3,diabetes
2001,Ohio,2401,20.3,influenza_and_pneumonia
2001,New Mexico,362,20.3,suicide
2000,Pennsylvania,3069,20.3,influenza_and_pneumonia
1999,Wyoming,98,20.3,suicide
2017,Connecticut,1077,20.4,alzheimer_s_disease
2015,South Dakota,173,20.4,suicide
2015,West Virginia,510,20.4,kidney_disease
2014,California,8249,20.4,diabetes
2013,Maine,373,20.4,diabetes
2011,Illinois,2910,20.4,alzheimer_s_disease
2011,Wyoming,116,20.4,influenza_and_pneumonia
2009,Wyoming,111,20.4,suicide
2008,Missouri,1348,20.4,diabetes
2006,Rhode Island,297,20.4,alzheimer_s_disease
2005,Arizona,1208,20.4,diabetes
2005,West Virginia,442,20.4,kidney_disease
2004,Illinois,2595,20.4,alzheimer_s_disease
2004,United States,59664,20.4,influenza_and_pneumonia
2003,Rhode Island,252,20.4,diabetes
2002,Massachusetts,1423,20.4,diabetes
2002,Arkansas,601,20.4,kidney_disease
2002,Georgia,1335,20.4,kidney_disease
2002,Kentucky,813,20.4,kidney_disease
2001,Kentucky,807,20.4,kidney_disease
2000,Alabama,895,20.4,alzheimer_s_disease
2000,Indiana,1209,20.4,alzheimer_s_disease
2016,Vermont,166,20.5,diabetes
2016,Colorado,1168,20.5,suicide
2014,Utah,559,20.5,suicide
2013,Missouri,1477,20.5,diabetes
2013,New York,4892,20.5,influenza_and_pneumonia
2013,Kentucky,991,20.5,kidney_disease
2012,District of Columbia,129,20.5,alzheimer_s_disease
2011,Alaska,72,20.5,alzheimer_s_disease
2010,North Carolina,2042,20.5,diabetes
2010,Tennessee,1352,20.5,influenza_and_pneumonia
2009,New York,4527,20.5,influenza_and_pneumonia
2008,Virginia,1537,20.5,kidney_disease
2007,Illinois,2734,20.5,alzheimer_s_disease
2007,New York,4431,20.5,influenza_and_pneumonia
2005,Texas,3654,20.5,influenza_and_pneumonia
2004,Nebraska,395,20.5,diabetes
2003,Connecticut,860,20.5,influenza_and_pneumonia
2001,Indiana,1231,20.5,alzheimer_s_disease
2001,Kansas,642,20.5,alzheimer_s_disease
2001,Maryland,948,20.5,alzheimer_s_disease
2001,Massachusetts,1422,20.5,diabetes
2001,South Carolina,754,20.5,influenza_and_pneumonia
2000,Rhode Island,235,20.5,unintentional_injuries
2000,Texas,3184,20.5,alzheimer_s_disease
1999,South Carolina,690,20.5,alzheimer_s_disease
1999,Vermont,127,20.5,alzheimer_s_disease
2017,Louisiana,1076,20.6,kidney_disease
2014,Wyoming,120,20.6,suicide
2013,California,8057,20.6,diabetes
2012,Tennessee,1435,20.6,influenza_and_pneumonia
2011,Alaska,107,20.6,diabetes
2010,Kansas,655,20.6,diabetes
2010,New York,4642,20.6,influenza_and_pneumonia
2009,Massachusetts,1700,20.6,alzheimer_s_disease
2009,Illinois,2741,20.6,diabetes
2009,Maryland,1207,20.6,diabetes
2008,New Hampshire,297,20.6,diabetes
2008,Montana,203,20.6,suicide
2007,Iowa,767,20.6,diabetes
2006,Delaware,191,20.6,diabetes
2006,Illinois,2668,20.6,influenza_and_pneumonia
2006,Louisiana,833,20.6,influenza_and_pneumonia
2006,Nevada,426,20.6,influenza_and_pneumonia
2005,Arkansas,624,20.6,kidney_disease
2003,Missouri,1293,20.6,alzheimer_s_disease
2002,Michigan,2029,20.6,influenza_and_pneumonia
2002,Nebraska,418,20.6,influenza_and_pneumonia
1999,District of Columbia,116,20.6,influenza_and_pneumonia
2017,Florida,6980,20.7,alzheimer_s_disease
2015,Montana,277,20.7,alzheimer_s_disease
2014,Arkansas,710,20.7,influenza_and_pneumonia
2013,Montana,267,20.7,alzheimer_s_disease
2012,California,7895,20.7,diabetes
2012,Nebraska,442,20.7,diabetes
2011,Montana,258,20.7,alzheimer_s_disease
2011,California,7695,20.7,diabetes
2010,Vermont,151,20.7,diabetes
2009,Maine,350,20.7,diabetes
2009,Louisiana,891,20.7,influenza_and_pneumonia
2006,District of Columbia,117,20.7,alzheimer_s_disease
2005,Pennsylvania,3429,20.7,alzheimer_s_disease
2005,Indiana,1317,20.7,influenza_and_pneumonia
2004,West Virginia,450,20.7,kidney_disease
2003,Massachusetts,1421,20.7,unintentional_injuries
2002,Massachusetts,1413,20.7,unintentional_injuries
2002,Nevada,372,20.7,kidney_disease
2001,Vermont,133,20.7,influenza_and_pneumonia
2000,South Dakota,180,20.7,diabetes
2017,Arkansas,631,20.8,suicide
2015,Wyoming,136,20.8,diabetes
2014,Virginia,1775,20.8,alzheimer_s_disease
2014,Kentucky,1017,20.8,influenza_and_pneumonia
2013,Kansas,742,20.8,alzheimer_s_disease
2012,Montana,265,20.8,alzheimer_s_disease
2012,Hawaii,394,20.8,influenza_and_pneumonia
2011,Missouri,1438,20.8,diabetes
2011,Kentucky,961,20.8,influenza_and_pneumonia
2010,United States,69071,20.8,diabetes
2009,Delaware,206,20.8,diabetes
2008,Maine,344,20.8,diabetes
2008,Pennsylvania,3313,20.8,diabetes
2006,Georgia,1463,20.8,influenza_and_pneumonia
2005,New Hampshire,273,20.8,influenza_and_pneumonia
2003,Kentucky,838,20.8,kidney_disease
2002,United States,58866,20.8,alzheimer_s_disease
2002,Iowa,734,20.8,diabetes
2002,Nebraska,393,20.8,diabetes
2002,Ohio,2487,20.8,influenza_and_pneumonia
2002,Alaska,132,20.8,suicide
2002,Wyoming,105,20.8,suicide
2001,Wisconsin,1236,20.8,influenza_and_pneumonia
1999,Arizona,963,20.8,alzheimer_s_disease
1999,North Carolina,1456,20.8,alzheimer_s_disease
2017,Montana,285,20.9,alzheimer_s_disease
2016,Iowa,847,20.9,diabetes
2014,United States,76488,20.9,diabetes
2011,Montana,252,20.9,diabetes
2011,Kentucky,971,20.9,kidney_disease
2010,Illinois,2927,20.9,alzheimer_s_disease
2008,New Mexico,419,20.9,suicide
2005,Rhode Island,298,20.9,alzheimer_s_disease
2004,Arkansas,622,20.9,alzheimer_s_disease
2003,Illinois,2626,20.9,alzheimer_s_disease
2003,Arizona,1153,20.9,diabetes
2002,Maine,317,20.9,influenza_and_pneumonia
2001,Massachusetts,1533,20.9,alzheimer_s_disease
2000,Louisiana,811,20.9,alzheimer_s_disease
2000,Montana,202,20.9,influenza_and_pneumonia
1999,Pennsylvania,3116,20.9,influenza_and_pneumonia
2017,Missouri,1605,21.0,diabetes
2016,United States,80058,21.0,diabetes
2016,Oklahoma,822,21.0,suicide
2015,Pennsylvania,4012,21.0,alzheimer_s_disease
2014,New Mexico,449,21.0,suicide
2013,Idaho,347,21.0,alzheimer_s_disease
2013,Wyoming,126,21.0,alzheimer_s_disease
2012,Utah,550,21.0,suicide
2011,South Carolina,1090,21.0,diabetes
2010,New Jersey,2098,21.0,diabetes
2010,Kentucky,943,21.0,influenza_and_pneumonia
2009,Illinois,2891,21.0,alzheimer_s_disease
2008,Louisiana,894,21.0,influenza_and_pneumonia
2008,New York,4609,21.0,influenza_and_pneumonia
2007,Kentucky,897,21.0,influenza_and_pneumonia
2006,West Virginia,468,21.0,kidney_disease
2005,Wisconsin,1276,21.0,diabetes
2005,United States,63001,21.0,influenza_and_pneumonia
2004,Arizona,1196,21.0,diabetes
2004,New Hampshire,271,21.0,influenza_and_pneumonia
2003,New York,4227,21.0,diabetes
2001,Nebraska,430,21.0,alzheimer_s_disease
2001,Utah,314,21.0,alzheimer_s_disease
2000,Nevada,329,21.0,kidney_disease
2017,Pennsylvania,3704,21.1,diabetes
2017,West Virginia,393,21.1,suicide
2016,New Jersey,2435,21.1,alzheimer_s_disease
2011,Rhode Island,320,21.1,alzheimer_s_disease
2011,Pennsylvania,3462,21.1,diabetes
2011,Oklahoma,863,21.1,influenza_and_pneumonia
2009,South Dakota,202,21.1,diabetes
2009,United States,68705,21.1,diabetes
2009,Arkansas,680,21.1,kidney_disease
2009,Kentucky,945,21.1,kidney_disease
2008,Vermont,151,21.1,diabetes
2007,Massachusetts,1695,21.1,alzheimer_s_disease
2007,Louisiana,870,21.1,influenza_and_pneumonia
2006,West Virginia,459,21.1,influenza_and_pneumonia
2006,Indiana,1372,21.1,kidney_disease
2005,Massachusetts,1638,21.1,alzheimer_s_disease
2003,Hawaii,287,21.1,clrd
2003,Nebraska,407,21.1,diabetes
2003,Nebraska,435,21.1,influenza_and_pneumonia
2002,Oklahoma,754,21.1,alzheimer_s_disease
2002,Montana,210,21.1,diabetes
2001,Wisconsin,1269,21.1,alzheimer_s_disease
2001,Connecticut,854,21.1,influenza_and_pneumonia
2001,Georgia,1362,21.1,kidney_disease
2000,Alabama,939,21.1,kidney_disease
1999,Minnesota,1083,21.1,alzheimer_s_disease
1999,Minnesota,1077,21.1,influenza_and_pneumonia
2017,Texas,5832,21.2,diabetes
2016,Wyoming,138,21.2,alzheimer_s_disease
2016,Georgia,2238,21.2,diabetes
2016,Kansas,727,21.2,diabetes
2015,California,8845,21.2,diabetes
2015,Texas,5521,21.2,diabetes
2015,West Virginia,526,21.2,influenza_and_pneumonia
2014,Washington,1668,21.2,diabetes
2013,United States,75578,21.2,diabetes
2012,Virginia,1712,21.2,alzheimer_s_disease
2012,United States,73932,21.2,diabetes
2011,Massachusetts,1819,21.2,alzheimer_s_disease
2011,Maryland,1297,21.2,diabetes
2010,Massachusetts,1773,21.2,alzheimer_s_disease
2010,Missouri,1425,21.2,diabetes
2009,Montana,219,21.2,suicide
2009,Indiana,1442,21.2,kidney_disease
2007,Oklahoma,801,21.2,influenza_and_pneumonia
2006,Georgia,1657,21.2,diabetes
2005,Delaware,180,21.2,alzheimer_s_disease
2005,West Virginia,458,21.2,influenza_and_pneumonia
2005,Georgia,1520,21.2,kidney_disease
2004,District of Columbia,119,21.2,alzheimer_s_disease
2003,Alaska,60,21.2,influenza_and_pneumonia
2003,West Virginia,458,21.2,kidney_disease
2002,Massachusetts,1570,21.2,alzheimer_s_disease
2002,Mississippi,580,21.2,kidney_disease
2001,Tennessee,1148,21.2,alzheimer_s_disease
2001,New Jersey,1893,21.2,influenza_and_pneumonia
2017,Tennessee,1656,21.3,influenza_and_pneumonia
2015,United States,79535,21.3,diabetes
2015,Nevada,630,21.3,influenza_and_pneumonia
2014,South Dakota,224,21.3,diabetes
2014,Texas,5348,21.3,diabetes
2014,Mississippi,701,21.3,kidney_disease
2013,Washington,1616,21.3,diabetes
2012,Maine,380,21.3,diabetes
2012,New Mexico,442,21.3,suicide
2010,Georgia,1753,21.3,kidney_disease
2008,Missouri,1414,21.3,influenza_and_pneumonia
2008,Georgia,1668,21.3,kidney_disease
2007,Alabama,1051,21.3,kidney_disease
2007,Nevada,461,21.3,kidney_disease
2007,West Virginia,480,21.3,kidney_disease
2006,Illinois,2794,21.3,alzheimer_s_disease
2004,North Carolina,1686,21.3,influenza_and_pneumonia
2004,Georgia,1458,21.3,kidney_disease
2003,Massachusetts,1609,21.3,alzheimer_s_disease
2001,Nebraska,400,21.3,diabetes
2000,Georgia,1235,21.3,alzheimer_s_disease
2000,Vermont,134,21.3,alzheimer_s_disease
2000,California,6190,21.3,diabetes
1999,Delaware,155,21.3,influenza_and_pneumonia
1999,Nevada,404,21.3,suicide
2016,California,9124,21.4,diabetes
2016,Idaho,351,21.4,suicide
2016,Nevada,650,21.4,suicide
2015,Georgia,2210,21.4,diabetes
2013,Utah,579,21.4,suicide
2012,Vermont,168,21.4,diabetes
2011,New York,4915,21.4,influenza_and_pneumonia
2008,Florida,5161,21.4,diabetes
2006,Maine,343,21.4,diabetes
2006,Minnesota,1158,21.4,diabetes
2006,New Hampshire,296,21.4,diabetes
2003,Michigan,2133,21.4,alzheimer_s_disease
2003,Utah,332,21.4,alzheimer_s_disease
2003,Maine,327,21.4,influenza_and_pneumonia
2003,Texas,3613,21.4,influenza_and_pneumonia
2002,Delaware,168,21.4,influenza_and_pneumonia
2002,Wisconsin,1291,21.4,influenza_and_pneumonia
2000,Indiana,1270,21.4,influenza_and_pneumonia
1999,Idaho,243,21.4,alzheimer_s_disease
1999,Montana,205,21.4,alzheimer_s_disease
2017,United States,83564,21.5,diabetes
2017,Georgia,2348,21.5,diabetes
2016,Florida,7155,21.5,alzheimer_s_disease
2016,Michigan,2672,21.5,diabetes
2014,Nebraska,473,21.5,diabetes
2013,Minnesota,1427,21.5,alzheimer_s_disease
2013,New Hampshire,351,21.5,alzheimer_s_disease
2013,Wyoming,129,21.5,suicide
2012,Wyoming,123,21.5,alzheimer_s_disease
2012,South Dakota,218,21.5,diabetes
2011,Delaware,224,21.5,diabetes
2011,Vermont,168,21.5,diabetes
2009,Alaska,67,21.5,alzheimer_s_disease
2009,North Carolina,2114,21.5,diabetes
2008,California,7375,21.5,diabetes
2007,Arkansas,666,21.5,kidney_disease
2005,Idaho,289,21.5,influenza_and_pneumonia
2004,Montana,228,21.5,alzheimer_s_disease
2004,Nevada,402,21.5,influenza_and_pneumonia
2002,Florida,4583,21.5,diabetes
2002,Rhode Island,263,21.5,diabetes
2002,Connecticut,888,21.5,influenza_and_pneumonia
2001,California,6395,21.5,diabetes
2001,Michigan,2076,21.5,influenza_and_pneumonia
2000,Alaska,47,21.5,alzheimer_s_disease
2000,Nevada,320,21.5,influenza_and_pneumonia
2000,Wisconsin,1258,21.5,influenza_and_pneumonia
2000,Alaska,137,21.5,suicide
1999,Rhode Island,243,21.5,unintentional_injuries
1999,Arizona,1063,21.5,diabetes
1999,Florida,4357,21.5,diabetes
2017,Montana,292,21.6,diabetes
2017,Washington,1812,21.6,diabetes
2013,Maine,401,21.6,alzheimer_s_disease
2013,Texas,5273,21.6,diabetes
2010,Texas,4744,21.6,diabetes
2010,Washington,1499,21.6,diabetes
2009,Montana,256,21.6,alzheimer_s_disease
2009,Tennessee,1390,21.6,influenza_and_pneumonia
2008,Illinois,2846,21.6,diabetes
2008,Maryland,1239,21.6,diabetes
2008,Kentucky,943,21.6,influenza_and_pneumonia
2006,Delaware,189,21.6,alzheimer_s_disease
2006,Kentucky,922,21.6,kidney_disease
2005,Virginia,1464,21.6,influenza_and_pneumonia
2004,Florida,4809,21.6,diabetes
2004,Minnesota,1130,21.6,diabetes
2003,New Mexico,360,21.6,alzheimer_s_disease
2003,New Mexico,369,21.6,influenza_and_pneumonia
2002,Mississippi,574,21.6,alzheimer_s_disease
2002,West Virginia,462,21.6,kidney_disease
2001,Illinois,2659,21.6,influenza_and_pneumonia
2001,Nevada,376,21.6,kidney_disease
2000,Florida,4449,21.6,diabetes
2000,Michigan,2052,21.6,influenza_and_pneumonia
2017,Pennsylvania,4213,21.7,alzheimer_s_disease
2017,Mississippi,741,21.7,kidney_disease
2016,Pennsylvania,4185,21.7,alzheimer_s_disease
2016,Virginia,2062,21.7,diabetes
2015,Alabama,1255,21.7,diabetes
2013,Nebraska,471,21.7,diabetes
2011,Nebraska,460,21.7,diabetes
2011,United States,73831,21.7,diabetes
2011,Mississippi,664,21.7,kidney_disease
2010,Nebraska,452,21.7,diabetes
2009,Rhode Island,321,21.7,alzheimer_s_disease
2008,Delaware,204,21.7,alzheimer_s_disease
2007,Florida,5110,21.7,diabetes
2006,Wyoming,116,21.7,suicide
2005,Montana,206,21.7,suicide
2002,Ohio,2599,21.7,alzheimer_s_disease
2002,Idaho,265,21.7,influenza_and_pneumonia
2001,Alabama,974,21.7,kidney_disease
2000,Ohio,2533,21.7,influenza_and_pneumonia
2000,West Virginia,456,21.7,influenza_and_pneumonia
1999,Vermont,134,21.7,influenza_and_pneumonia
2017,North Dakota,194,21.8,diabetes
2016,Utah,620,21.8,suicide
2015,Florida,7031,21.8,alzheimer_s_disease
2014,South Carolina,1239,21.8,diabetes
2013,North Carolina,2402,21.8,diabetes
2011,Arkansas,727,21.8,influenza_and_pneumonia
2010,Maine,376,21.8,diabetes
2010,Montana,227,21.8,suicide
2009,Nebraska,445,21.8,diabetes
2007,Maine,355,21.8,diabetes
2007,Wyoming,113,21.8,influenza_and_pneumonia
2004,Nevada,425,21.8,kidney_disease
2003,Wyoming,109,21.8,suicide
2002,New Jersey,1973,21.8,influenza_and_pneumonia
2001,Iowa,863,21.8,alzheimer_s_disease
2000,Nebraska,433,21.8,influenza_and_pneumonia
2016,Nebraska,501,21.9,diabetes
2015,Maine,407,21.9,diabetes
2015,Virginia,2044,21.9,diabetes
2014,Illinois,3266,21.9,alzheimer_s_disease
2014,Kansas,790,21.9,alzheimer_s_disease
2014,Nebraska,515,21.9,alzheimer_s_disease
2014,District of Columbia,136,21.9,clrd
2012,Idaho,354,21.9,alzheimer_s_disease
2012,Texas,5136,21.9,diabetes
2012,Arkansas,734,21.9,influenza_and_pneumonia
2011,Tennessee,1480,21.9,influenza_and_pneumonia
2010,Delaware,215,21.9,alzheimer_s_disease
2009,West Virginia,504,21.9,kidney_disease
2008,Mississippi,626,21.9,influenza_and_pneumonia
2007,Pennsylvania,3442,21.9,diabetes
2006,Illinois,2795,21.9,diabetes
2005,Illinois,2827,21.9,alzheimer_s_disease
2005,Connecticut,956,21.9,influenza_and_pneumonia
2005,Kentucky,912,21.9,kidney_disease
2004,Missouri,1381,21.9,alzheimer_s_disease
2004,Wisconsin,1310,21.9,diabetes
2004,Illinois,2779,21.9,influenza_and_pneumonia
2004,Maryland,1111,21.9,influenza_and_pneumonia
2003,Florida,4762,21.9,diabetes
2003,North Dakota,189,21.9,influenza_and_pneumonia
2003,Georgia,1471,21.9,kidney_disease
2002,Colorado,752,21.9,influenza_and_pneumonia
2001,Texas,3439,21.9,alzheimer_s_disease
2001,Hawaii,280,21.9,clrd
2001,Rhode Island,265,21.9,diabetes
2015,Mississippi,731,22.0,kidney_disease
2014,Pennsylvania,3765,22.0,diabetes
2013,Arkansas,762,22.0,kidney_disease
2012,North Dakota,185,22.0,diabetes
2011,New Jersey,2222,22.0,diabetes
2010,Indiana,1516,22.0,kidney_disease
2008,United States,70553,22.0,diabetes
2008,Nevada,496,22.0,influenza_and_pneumonia
2007,Wyoming,110,22.0,alzheimer_s_disease
2007,Illinois,2851,22.0,diabetes
2006,Michigan,2331,22.0,alzheimer_s_disease
2006,Iowa,804,22.0,diabetes
2005,Alabama,1011,22.0,influenza_and_pneumonia
2005,Nevada,438,22.0,kidney_disease
2004,Massachusetts,1673,22.0,alzheimer_s_disease
2004,Michigan,2232,22.0,alzheimer_s_disease
2004,Nebraska,459,22.0,alzheimer_s_disease
2004,Hawaii,307,22.0,clrd
2003,California,6585,22.0,alzheimer_s_disease
2003,Mississippi,583,22.0,alzheimer_s_disease
2003,Rhode Island,303,22.0,alzheimer_s_disease
2002,Wisconsin,1344,22.0,alzheimer_s_disease
2002,Alaska,86,22.0,diabetes
2000,New York,4244,22.0,unintentional_injuries
2000,Arizona,1045,22.0,alzheimer_s_disease
1999,Mississippi,593,22.0,diabetes
2017,Alaska,98,22.1,alzheimer_s_disease
2017,California,9595,22.1,diabetes
2017,Michigan,2798,22.1,diabetes
2015,Idaho,403,22.1,diabetes
2015,Pennsylvania,3777,22.1,diabetes
2015,Idaho,359,22.1,suicide
2014,Tennessee,1602,22.1,influenza_and_pneumonia
2014,Alaska,167,22.1,suicide
2013,Tennessee,1564,22.1,influenza_and_pneumonia
2011,Kansas,711,22.1,diabetes
2011,North Carolina,2278,22.1,diabetes
2009,Arkansas,705,22.1,influenza_and_pneumonia
2008,Pennsylvania,3863,22.1,alzheimer_s_disease
2007,Delaware,201,22.1,alzheimer_s_disease
2007,Utah,393,22.1,alzheimer_s_disease
2007,Mississippi,654,22.1,diabetes
2006,Virginia,1632,22.1,diabetes
2006,Kentucky,927,22.1,influenza_and_pneumonia
2005,Alabama,1036,22.1,kidney_disease
2004,Alabama,994,22.1,influenza_and_pneumonia
2004,Missouri,1389,22.1,influenza_and_pneumonia
2004,Virginia,1449,22.1,influenza_and_pneumonia
2003,Iowa,887,22.1,alzheimer_s_disease
2003,Oklahoma,794,22.1,alzheimer_s_disease
2003,United States,63457,22.1,alzheimer_s_disease
2003,Indiana,1365,22.1,influenza_and_pneumonia
2001,Minnesota,1173,22.1,alzheimer_s_disease
2001,Florida,4631,22.1,diabetes
2001,Georgia,1475,22.1,diabetes
2001,Nevada,352,22.1,influenza_and_pneumonia
2000,Kentucky,845,22.1,alzheimer_s_disease
2012,Minnesota,1445,22.2,alzheimer_s_disease
2012,Mississippi,692,22.2,kidney_disease
2010,North Dakota,192,22.2,diabetes
2009,Minnesota,1358,22.2,alzheimer_s_disease
2007,Rhode Island,328,22.2,alzheimer_s_disease
2007,California,7413,22.2,diabetes
2006,Nebraska,437,22.2,diabetes
2005,Alaska,61,22.2,alzheimer_s_disease
2004,Wyoming,110,22.2,diabetes
2004,Louisiana,913,22.2,influenza_and_pneumonia
2004,West Virginia,474,22.2,influenza_and_pneumonia
2003,Nebraska,461,22.2,alzheimer_s_disease
2003,West Virginia,470,22.2,alzheimer_s_disease
2001,Massachusetts,1506,22.2,unintentional_injuries
2001,Texas,3608,22.2,influenza_and_pneumonia
2001,United States,62034,22.2,influenza_and_pneumonia
2001,Mississippi,602,22.2,kidney_disease
2000,Minnesota,1154,22.2,alzheimer_s_disease
2000,Nebraska,411,22.2,diabetes
1999,Kansas,676,22.2,influenza_and_pneumonia
1999,Nevada,319,22.2,influenza_and_pneumonia
1999,Alabama,979,22.2,kidney_disease
2016,South Carolina,1369,22.3,diabetes
2014,Georgia,2230,22.3,diabetes
2013,Rhode Island,346,22.3,alzheimer_s_disease
2013,North Dakota,197,22.3,diabetes
2012,Delaware,241,22.3,diabetes
2012,Pennsylvania,3735,22.3,diabetes
2012,South Carolina,1197,22.3,diabetes
2008,Minnesota,1344,22.3,alzheimer_s_disease
2008,Alaska,93,22.3,diabetes
2008,Montana,254,22.3,diabetes
2008,South Dakota,216,22.3,diabetes
2008,Alabama,1107,22.3,kidney_disease
2007,Georgia,1689,22.3,kidney_disease
2006,Florida,5172,22.3,diabetes
2006,Pennsylvania,3466,22.3,diabetes
2006,Mississippi,621,22.3,influenza_and_pneumonia
2005,Nebraska,473,22.3,alzheimer_s_disease
2005,Rhode Island,282,22.3,diabetes
2005,Maine,352,22.3,influenza_and_pneumonia
2004,Minnesota,1231,22.3,alzheimer_s_disease
2003,Kansas,694,22.3,influenza_and_pneumonia
2002,Minnesota,1192,22.3,alzheimer_s_disease
2002,Nebraska,460,22.3,alzheimer_s_disease
2002,Indiana,1360,22.3,influenza_and_pneumonia
2002,New Mexico,372,22.3,influenza_and_pneumonia
2002,Texas,3673,22.3,influenza_and_pneumonia
2015,Washington,1811,22.4,diabetes
2015,Utah,630,22.4,suicide
2014,Idaho,376,22.4,alzheimer_s_disease
2014,Maine,414,22.4,diabetes
2014,Oregon,1083,22.4,diabetes
2012,Washington,1650,22.4,diabetes
2011,Texas,5091,22.4,diabetes
2010,Wyoming,131,22.4,suicide
2007,Alaska,65,22.4,alzheimer_s_disease
2007,Michigan,2432,22.4,alzheimer_s_disease
2007,Missouri,1444,22.4,diabetes
2005,Utah,368,22.4,alzheimer_s_disease
2005,Alaska,93,22.4,diabetes
2005,Idaho,299,22.4,diabetes
2005,Iowa,896,22.4,influenza_and_pneumonia
2004,Wyoming,105,22.4,alzheimer_s_disease
2004,Rhode Island,280,22.4,diabetes
2002,Virginia,1368,22.4,alzheimer_s_disease
2000,Montana,219,22.4,alzheimer_s_disease
2000,Hawaii,278,22.4,clrd
2000,Georgia,1461,22.4,diabetes
1999,Texas,3534,22.4,influenza_and_pneumonia
2017,South Dakota,191,22.5,suicide
2016,New Mexico,471,22.5,suicide
2015,Michigan,2751,22.5,diabetes
2013,South Carolina,1240,22.5,diabetes
2012,Kansas,789,22.5,alzheimer_s_disease
2011,Montana,232,22.5,suicide
2010,Idaho,353,22.5,diabetes
2009,District of Columbia,129,22.5,diabetes
2008,District of Columbia,132,22.5,alzheimer_s_disease
2008,Massachusetts,1832,22.5,alzheimer_s_disease
2008,Utah,409,22.5,alzheimer_s_disease
2008,Delaware,217,22.5,diabetes
2008,Kansas,743,22.5,influenza_and_pneumonia
2006,California,7376,22.5,diabetes
2006,Maryland,1237,22.5,diabetes
2006,Georgia,1668,22.5,kidney_disease
2005,North Carolina,1830,22.5,influenza_and_pneumonia
2004,Wisconsin,1419,22.5,alzheimer_s_disease
2004,Georgia,1623,22.5,diabetes
2004,Oklahoma,810,22.5,influenza_and_pneumonia
2002,California,6807,22.5,diabetes
2002,Nevada,368,22.5,influenza_and_pneumonia
2000,Connecticut,890,22.5,influenza_and_pneumonia
1999,California,6401,22.5,diabetes
2016,Montana,314,22.6,alzheimer_s_disease
2016,Louisiana,1153,22.6,kidney_disease
2015,Delaware,264,22.6,alzheimer_s_disease
2015,North Dakota,195,22.6,diabetes
2014,Hawaii,438,22.6,influenza_and_pneumonia
2013,Pennsylvania,3804,22.6,diabetes
2012,Wisconsin,1646,22.6,alzheimer_s_disease
2012,Georgia,2088,22.6,diabetes
2012,North Carolina,2409,22.6,diabetes
2012,Montana,233,22.6,suicide
2011,Kansas,795,22.6,alzheimer_s_disease
2011,Washington,1633,22.6,diabetes
2010,Rhode Island,338,22.6,alzheimer_s_disease
2010,South Carolina,1128,22.6,diabetes
2009,Utah,463,22.6,diabetes
2009,Oklahoma,879,22.6,influenza_and_pneumonia
2008,Wyoming,124,22.6,suicide
2008,Kentucky,993,22.6,kidney_disease
2007,Montana,260,22.6,alzheimer_s_disease
2007,Alaska,149,22.6,suicide
2006,Minnesota,1299,22.6,alzheimer_s_disease
2005,Arizona,1297,22.6,influenza_and_pneumonia
2004,United States,65965,22.6,alzheimer_s_disease
2004,Alaska,93,22.6,diabetes
2004,California,7117,22.6,diabetes
2004,Vermont,150,22.6,diabetes
2003,Wisconsin,1411,22.6,alzheimer_s_disease
2003,United States,65163,22.6,influenza_and_pneumonia
2002,Iowa,899,22.6,alzheimer_s_disease
2001,Arizona,1133,22.6,influenza_and_pneumonia
2000,Colorado,712,22.6,alzheimer_s_disease
2000,Idaho,262,22.6,alzheimer_s_disease
2000,Mississippi,612,22.6,kidney_disease
1999,Georgia,1448,22.6,diabetes
2017,New Mexico,572,22.7,alzheimer_s_disease
2017,Utah,663,22.7,suicide
2014,Maine,434,22.7,alzheimer_s_disease
2013,Wisconsin,1671,22.7,alzheimer_s_disease
2013,South Dakota,237,22.7,diabetes
2010,Indiana,1587,22.7,diabetes
2010,Utah,471,22.7,diabetes
2008,Kansas,706,22.7,diabetes
2008,North Carolina,2170,22.7,diabetes
2008,Tennessee,1424,22.7,influenza_and_pneumonia
2006,Utah,390,22.7,alzheimer_s_disease
2006,Wyoming,112,22.7,alzheimer_s_disease
2006,California,7338,22.7,influenza_and_pneumonia
2006,Nevada,475,22.7,kidney_disease
2005,Florida,5193,22.7,diabetes
2004,Montana,237,22.7,diabetes
2004,Iowa,890,22.7,influenza_and_pneumonia
2004,Wyoming,109,22.7,influenza_and_pneumonia
2003,Minnesota,1243,22.7,alzheimer_s_disease
2003,Montana,235,22.7,alzheimer_s_disease
2003,Wisconsin,1331,22.7,diabetes
2003,Louisiana,915,22.7,influenza_and_pneumonia
2002,Kansas,698,22.7,influenza_and_pneumonia
2001,Arizona,1108,22.7,alzheimer_s_disease
2000,South Dakota,212,22.7,influenza_and_pneumonia
1999,Connecticut,885,22.7,influenza_and_pneumonia
2017,Iowa,918,22.8,diabetes
2016,Mississippi,763,22.8,kidney_disease
2014,Alabama,1281,22.8,diabetes
2013,Mississippi,731,22.8,kidney_disease
2011,Minnesota,1451,22.8,alzheimer_s_disease
2010,Alaska,164,22.8,suicide
2010,Arkansas,737,22.8,kidney_disease
2009,Texas,4873,22.8,diabetes
2009,Washington,1554,22.8,diabetes
2007,Kansas,702,22.8,diabetes
2007,United States,71382,22.8,diabetes
2006,West Virginia,496,22.8,alzheimer_s_disease
2006,Montana,249,22.8,diabetes
2006,Massachusetts,1750,22.8,influenza_and_pneumonia
2005,Arkansas,686,22.8,alzheimer_s_disease
2005,Wyoming,110,22.8,alzheimer_s_disease
2005,Maryland,1194,22.8,influenza_and_pneumonia
2004,Alabama,1049,22.8,kidney_disease
2003,California,7093,22.8,diabetes
2002,South Dakota,195,22.8,diabetes
2002,Alabama,1032,22.8,kidney_disease
2001,Alaska,80,22.8,diabetes
2001,Rhode Island,295,22.8,influenza_and_pneumonia
2000,Louisiana,920,22.8,kidney_disease
2017,Utah,596,22.9,diabetes
2015,Oregon,1148,22.9,diabetes
2014,Idaho,409,22.9,diabetes
2012,Idaho,371,22.9,diabetes
2009,Michigan,2578,22.9,alzheimer_s_disease
2009,Kentucky,1018,22.9,influenza_and_pneumonia
2007,Idaho,331,22.9,diabetes
2005,Michigan,2359,22.9,alzheimer_s_disease
2005,Virginia,1642,22.9,diabetes
2004,New York,4530,22.9,unintentional_injuries
2004,California,6964,22.9,alzheimer_s_disease
2004,Virginia,1602,22.9,diabetes
2003,Alaska,56,22.9,alzheimer_s_disease
2003,Illinois,2875,22.9,influenza_and_pneumonia
2001,Iowa,877,22.9,influenza_and_pneumonia
2000,Maine,336,22.9,influenza_and_pneumonia
1999,Wisconsin,1273,22.9,diabetes
1999,Ohio,2641,22.9,influenza_and_pneumonia
1999,Louisiana,911,22.9,kidney_disease
2017,Mississippi,782,23.0,influenza_and_pneumonia
2013,Georgia,2199,23.0,diabetes
2012,Michigan,2685,23.0,diabetes
2012,Alaska,168,23.0,suicide
2008,West Virginia,522,23.0,kidney_disease
2007,Montana,258,23.0,diabetes
2007,Kentucky,994,23.0,kidney_disease
2006,New York,4892,23.0,influenza_and_pneumonia
2006,Alabama,1104,23.0,kidney_disease
2005,Illinois,2949,23.0,influenza_and_pneumonia
2004,Alaska,155,23.0,suicide
2003,New Hampshire,286,23.0,alzheimer_s_disease
2003,South Dakota,203,23.0,diabetes
2003,Virginia,1587,23.0,diabetes
2003,Colorado,810,23.0,influenza_and_pneumonia
2002,Arizona,1231,23.0,diabetes
2001,West Virginia,483,23.0,influenza_and_pneumonia
1999,Kansas,650,23.0,diabetes
1999,Nebraska,459,23.0,influenza_and_pneumonia
2016,Kansas,855,23.1,alzheimer_s_disease
2013,Louisiana,1108,23.1,kidney_disease
2011,Virginia,1807,23.1,alzheimer_s_disease
2010,Georgia,1996,23.1,diabetes
2010,Alabama,1184,23.1,kidney_disease
2009,South Carolina,1128,23.1,diabetes
2008,New Jersey,2242,23.1,diabetes
2006,District of Columbia,126,23.1,clrd
2006,Idaho,320,23.1,diabetes
2005,Kansas,730,23.1,influenza_and_pneumonia
2005,Nevada,454,23.1,influenza_and_pneumonia
2002,Georgia,1576,23.1,diabetes
2002,Maryland,1121,23.1,influenza_and_pneumonia
2000,Wyoming,102,23.1,alzheimer_s_disease
2000,Texas,3706,23.1,influenza_and_pneumonia
1999,Idaho,267,23.1,diabetes
1999,South Dakota,196,23.1,diabetes
2017,Idaho,392,23.2,suicide
2015,Louisiana,1160,23.2,kidney_disease
2014,Tennessee,1727,23.2,diabetes
2013,Alaska,171,23.2,suicide
2011,Wyoming,132,23.2,suicide
2009,Georgia,1866,23.2,kidney_disease
2008,Nebraska,470,23.2,diabetes
2006,Virginia,1574,23.2,alzheimer_s_disease
2005,Georgia,1742,23.2,diabetes
2005,Pennsylvania,3553,23.2,diabetes
2004,Virginia,1480,23.2,alzheimer_s_disease
2003,Kansas,676,23.2,diabetes
2003,South Dakota,227,23.2,influenza_and_pneumonia
2003,Alabama,1062,23.2,kidney_disease
2002,Virginia,1558,23.2,diabetes
2002,United States,65681,23.2,influenza_and_pneumonia
2000,New Jersey,2044,23.2,influenza_and_pneumonia
1999,New Hampshire,266,23.2,alzheimer_s_disease
1999,Indiana,1362,23.2,influenza_and_pneumonia
1999,Mississippi,623,23.2,kidney_disease
2017,New Mexico,491,23.3,suicide
2015,Tennessee,1723,23.3,influenza_and_pneumonia
2013,Arkansas,794,23.3,influenza_and_pneumonia
2009,Wisconsin,1611,23.3,alzheimer_s_disease
2009,Nevada,542,23.3,influenza_and_pneumonia
2007,North Carolina,2156,23.3,diabetes
2006,Nebraska,500,23.3,alzheimer_s_disease
2005,New York,4645,23.3,unintentional_injuries
2005,Nebraska,449,23.3,diabetes
2004,West Virginia,493,23.3,alzheimer_s_disease
2004,Mississippi,637,23.3,influenza_and_pneumonia
2004,Utah,384,23.3,influenza_and_pneumonia
2003,Nevada,410,23.3,influenza_and_pneumonia
2001,Vermont,149,23.3,alzheimer_s_disease
2001,Montana,229,23.3,diabetes
2000,Maryland,1182,23.3,unintentional_injuries
2000,Wisconsin,1309,23.3,diabetes
2016,Mississippi,785,23.4,influenza_and_pneumonia
2015,District of Columbia,147,23.4,clrd
2015,South Carolina,1347,23.4,diabetes
2015,Tennessee,1798,23.4,diabetes
2014,Kentucky,1175,23.4,diabetes
2013,Oregon,1109,23.4,diabetes
2012,Arizona,1736,23.4,diabetes
2010,Minnesota,1451,23.4,alzheimer_s_disease
2009,Alabama,1180,23.4,kidney_disease
2008,Wyoming,123,23.4,influenza_and_pneumonia
2007,Maryland,1301,23.4,diabetes
2007,Nebraska,472,23.4,diabetes
2005,New Hampshire,310,23.4,diabetes
2003,Virginia,1466,23.4,alzheimer_s_disease
2002,Rhode Island,277,23.4,unintentional_injuries
2002,Wisconsin,1353,23.4,diabetes
2000,New Hampshire,273,23.4,alzheimer_s_disease
2016,New Mexico,583,23.5,alzheimer_s_disease
2016,North Carolina,2811,23.5,diabetes
2015,Kansas,865,23.5,alzheimer_s_disease
2015,Louisiana,1199,23.5,diabetes
2014,Mississippi,763,23.5,influenza_and_pneumonia
2013,United States,84767,23.5,alzheimer_s_disease
2013,Arizona,1786,23.5,diabetes
2012,Maine,432,23.5,alzheimer_s_disease
2012,District of Columbia,139,23.5,clrd
2009,Virginia,1738,23.5,alzheimer_s_disease
2007,Nebraska,512,23.5,alzheimer_s_disease
2007,District of Columbia,129,23.5,clrd
2007,Indiana,1564,23.5,diabetes
2007,Washington,1508,23.5,diabetes
2007,Arkansas,734,23.5,influenza_and_pneumonia
2007,Tennessee,1438,23.5,influenza_and_pneumonia
2006,Missouri,1493,23.5,diabetes
2006,Wyoming,117,23.5,influenza_and_pneumonia
2005,Minnesota,1320,23.5,alzheimer_s_disease
2005,Wisconsin,1512,23.5,alzheimer_s_disease
2005,Mississippi,677,23.5,diabetes
2005,Georgia,1596,23.5,influenza_and_pneumonia
2005,Mississippi,645,23.5,influenza_and_pneumonia
2004,Kansas,690,23.5,diabetes
2001,Wisconsin,1337,23.5,diabetes
2000,Kansas,668,23.5,diabetes
1999,Delaware,179,23.5,diabetes
1999,United States,63730,23.5,influenza_and_pneumonia
2017,New Jersey,2829,23.6,alzheimer_s_disease
2017,North Carolina,2903,23.6,diabetes
2016,Montana,311,23.6,diabetes
2015,North Carolina,2746,23.6,diabetes
2013,Nebraska,557,23.6,alzheimer_s_disease
2011,Georgia,2121,23.6,diabetes
2011,Arkansas,787,23.6,kidney_disease
2008,Illinois,3192,23.6,alzheimer_s_disease
2007,Delaware,223,23.6,diabetes
2006,United States,72449,23.6,diabetes
2006,Oklahoma,879,23.6,influenza_and_pneumonia
2005,Virginia,1550,23.6,alzheimer_s_disease
2005,West Virginia,504,23.6,alzheimer_s_disease
2005,Minnesota,1258,23.6,diabetes
2004,Utah,376,23.6,alzheimer_s_disease
2004,Mississippi,665,23.6,diabetes
2004,Missouri,1461,23.6,diabetes
2004,Pennsylvania,3579,23.6,diabetes
2003,New Hampshire,300,23.6,diabetes
2003,Maryland,1175,23.6,influenza_and_pneumonia
2003,Nevada,439,23.6,kidney_disease
2000,Utah,342,23.6,alzheimer_s_disease
2000,Montana,227,23.6,diabetes
1999,Virginia,1486,23.6,diabetes
1999,Rhode Island,300,23.6,influenza_and_pneumonia
2017,Arizona,2054,23.7,diabetes
2016,South Dakota,253,23.7,diabetes
2015,New Mexico,500,23.7,suicide
2014,Michigan,2844,23.7,diabetes
2014,North Carolina,2687,23.7,diabetes
2013,Montana,243,23.7,suicide
2010,Oregon,1052,23.7,diabetes
2009,Mississippi,700,23.7,kidney_disease
2008,Utah,468,23.7,diabetes
2006,United States,72432,23.7,alzheimer_s_disease
2006,Mississippi,673,23.7,kidney_disease
2005,Mississippi,667,23.7,kidney_disease
2004,Mississippi,630,23.7,alzheimer_s_disease
2004,Ohio,2927,23.7,alzheimer_s_disease
2003,Ohio,2902,23.7,alzheimer_s_disease
2002,District of Columbia,133,23.7,clrd
2002,Illinois,2940,23.7,influenza_and_pneumonia
2002,Virginia,1480,23.7,influenza_and_pneumonia
2001,Louisiana,941,23.7,influenza_and_pneumonia
2000,United States,65313,23.7,influenza_and_pneumonia
1999,Washington,1259,23.7,influenza_and_pneumonia
2014,Nevada,606,23.8,alzheimer_s_disease
2014,Nevada,687,23.8,influenza_and_pneumonia
2013,Idaho,404,23.8,diabetes
2013,Michigan,2825,23.8,diabetes
2012,United States,83637,23.8,alzheimer_s_disease
2010,Kentucky,1079,23.8,kidney_disease
2007,United States,74632,23.8,alzheimer_s_disease
2005,California,7697,23.8,diabetes
2005,Kansas,710,23.8,diabetes
2005,California,7553,23.8,influenza_and_pneumonia
2004,California,7323,23.8,influenza_and_pneumonia
2004,Georgia,1547,23.8,influenza_and_pneumonia
2003,South Carolina,907,23.8,influenza_and_pneumonia
2001,Delaware,181,23.8,influenza_and_pneumonia
2000,Oregon,844,23.8,diabetes
1999,Alaska,67,23.8,diabetes
2017,Louisiana,1272,23.9,diabetes
2017,Oregon,1243,23.9,diabetes
2016,Arizona,2025,23.9,diabetes
2016,Maine,463,23.9,diabetes
2015,Alaska,142,23.9,diabetes
2014,Montana,251,23.9,suicide
2012,Alabama,1300,23.9,diabetes
2011,Alabama,1278,23.9,diabetes
2009,New York,4891,23.9,unintentional_injuries
2009,Kansas,802,23.9,alzheimer_s_disease
2008,Idaho,356,23.9,diabetes
2008,South Carolina,1133,23.9,diabetes
2006,Wyoming,126,23.9,diabetes
2004,South Dakota,243,23.9,alzheimer_s_disease
2004,Mississippi,662,23.9,kidney_disease
2003,New York,4708,23.9,unintentional_injuries
2002,New York,4663,23.9,unintentional_injuries
2002,Texas,3793,23.9,alzheimer_s_disease
2002,Louisiana,983,23.9,kidney_disease
2001,New Hampshire,291,23.9,diabetes
1999,Wyoming,103,23.9,alzheimer_s_disease
1999,New Jersey,2075,23.9,influenza_and_pneumonia
2017,Tennessee,1915,24.0,diabetes
2016,District of Columbia,152,24.0,clrd
2016,Oregon,1240,24.0,diabetes
2016,Tennessee,1883,24.0,diabetes
2015,Mississippi,791,24.0,influenza_and_pneumonia
2014,New Hampshire,396,24.0,alzheimer_s_disease
2014,Arkansas,828,24.0,diabetes
2010,Michigan,2736,24.0,alzheimer_s_disease
2010,Michigan,2697,24.0,diabetes
2008,Oregon,1025,24.0,diabetes
2007,District of Columbia,140,24.0,alzheimer_s_disease
2005,United States,71599,24.0,alzheimer_s_disease
2005,District of Columbia,132,24.0,clrd
2005,Illinois,3034,24.0,diabetes
2005,Louisiana,996,24.0,influenza_and_pneumonia
2005,Missouri,1527,24.0,influenza_and_pneumonia
2004,Iowa,968,24.0,alzheimer_s_disease
2004,New Hampshire,313,24.0,diabetes
2002,Tennessee,1299,24.0,alzheimer_s_disease
2002,Louisiana,956,24.0,influenza_and_pneumonia
2000,North Dakota,209,24.0,alzheimer_s_disease
2000,Illinois,2917,24.0,influenza_and_pneumonia
2000,Maryland,1116,24.0,influenza_and_pneumonia
1999,Hawaii,290,24.0,clrd
2013,Kentucky,1187,24.1,diabetes
2013,Hawaii,457,24.1,influenza_and_pneumonia
2012,District of Columbia,145,24.1,diabetes
2009,Indiana,1646,24.1,diabetes
2008,Washington,1590,24.1,diabetes
2008,Wyoming,130,24.1,diabetes
2007,Alaska,105,24.1,diabetes
2004,Kansas,769,24.1,alzheimer_s_disease
2004,Kentucky,965,24.1,influenza_and_pneumonia
2002,Kansas,755,24.1,alzheimer_s_disease
2001,Georgia,1419,24.1,alzheimer_s_disease
2001,North Carolina,1780,24.1,influenza_and_pneumonia
2001,Virginia,1481,24.1,influenza_and_pneumonia
2000,Rhode Island,292,24.1,diabetes
2000,Wyoming,111,24.1,diabetes
1999,Oregon,866,24.1,alzheimer_s_disease
2015,Wyoming,151,24.2,alzheimer_s_disease
2014,Minnesota,1628,24.2,alzheimer_s_disease
2013,Arkansas,835,24.2,diabetes
2011,Idaho,393,24.2,diabetes
2010,New York,5004,24.2,unintentional_injuries
2010,Kansas,825,24.2,alzheimer_s_disease
2009,United States,79003,24.2,alzheimer_s_disease
2007,West Virginia,534,24.2,alzheimer_s_disease
2005,South Dakota,241,24.2,influenza_and_pneumonia
2004,Oklahoma,867,24.2,alzheimer_s_disease
2003,Arizona,1286,24.2,influenza_and_pneumonia
2003,Virginia,1559,24.2,influenza_and_pneumonia
2000,Kansas,743,24.2,influenza_and_pneumonia
1999,Arkansas,691,24.2,diabetes
1999,New Mexico,374,24.2,influenza_and_pneumonia
2017,Kansas,894,24.3,alzheimer_s_disease
2014,Arizona,1936,24.3,diabetes
2014,Utah,570,24.3,diabetes
2013,Texas,5293,24.3,alzheimer_s_disease
2013,Alabama,1349,24.3,diabetes
2013,Mississippi,769,24.3,influenza_and_pneumonia
2012,Oregon,1126,24.3,diabetes
2012,Louisiana,1138,24.3,kidney_disease
2011,Arizona,1740,24.3,diabetes
2009,Maryland,1415,24.3,unintentional_injuries
2009,Idaho,372,24.3,diabetes
2008,Wyoming,125,24.3,alzheimer_s_disease
2008,Oklahoma,938,24.3,influenza_and_pneumonia
2007,Mississippi,697,24.3,kidney_disease
2002,Indiana,1475,24.3,alzheimer_s_disease
2001,Mississippi,661,24.3,diabetes
2001,Vermont,155,24.3,diabetes
2001,New Mexico,398,24.3,influenza_and_pneumonia
2001,Louisiana,993,24.3,kidney_disease
2000,North Carolina,1725,24.3,alzheimer_s_disease
1999,Hawaii,293,24.3,unintentional_injuries
2016,Hawaii,507,24.4,influenza_and_pneumonia
2015,Illinois,3686,24.4,alzheimer_s_disease
2014,Indiana,1819,24.4,diabetes
2012,Nebraska,570,24.4,alzheimer_s_disease
2009,Alabama,1259,24.4,diabetes
2009,Michigan,2705,24.4,diabetes
2008,Rhode Island,359,24.4,alzheimer_s_disease
2008,Wisconsin,1655,24.4,alzheimer_s_disease
2008,Alaska,169,24.4,suicide
2007,Virginia,1703,24.4,alzheimer_s_disease
2007,Kentucky,1091,24.4,diabetes
2007,New Jersey,2329,24.4,diabetes
2007,Vermont,170,24.4,diabetes
2006,Wisconsin,1596,24.4,alzheimer_s_disease
2003,Georgia,1717,24.4,diabetes
2003,Mississippi,680,24.4,diabetes
2002,Mississippi,671,24.4,diabetes
2002,Iowa,942,24.4,influenza_and_pneumonia
2002,Rhode Island,319,24.4,influenza_and_pneumonia
2001,Minnesota,1213,24.4,diabetes
2001,South Dakota,212,24.4,diabetes
2001,Georgia,1515,24.4,influenza_and_pneumonia
2001,Massachusetts,1770,24.4,influenza_and_pneumonia
2000,Virginia,1564,24.4,diabetes
2017,South Carolina,1535,24.5,diabetes
2015,Montana,321,24.5,diabetes
2011,North Dakota,207,24.5,diabetes
2010,Virginia,1848,24.5,alzheimer_s_disease
2010,South Dakota,240,24.5,diabetes
2009,District of Columbia,136,24.5,clrd
2006,Mississippi,707,24.5,diabetes
2005,Wyoming,119,24.5,influenza_and_pneumonia
2004,Delaware,210,24.5,diabetes
2004,Illinois,3069,24.5,diabetes
2001,California,8132,24.5,unintentional_injuries
2001,Wyoming,112,24.5,influenza_and_pneumonia
2000,Washington,1331,24.5,diabetes
1999,Colorado,756,24.5,alzheimer_s_disease
1999,Maine,348,24.5,diabetes
1999,Washington,1307,24.5,diabetes
2017,New York,6264,24.6,stroke
2016,Nevada,686,24.6,alzheimer_s_disease
2016,Ohio,3568,24.6,diabetes
2016,Utah,624,24.6,diabetes
2015,Utah,604,24.6,diabetes
2013,West Virginia,590,24.6,alzheimer_s_disease
2012,Texas,5175,24.6,alzheimer_s_disease
2012,Arkansas,833,24.6,diabetes
2012,Utah,541,24.6,diabetes
2011,Michigan,2876,24.6,alzheimer_s_disease
2011,Michigan,2811,24.6,diabetes
2011,Oregon,1113,24.6,diabetes
2009,District of Columbia,145,24.6,unintentional_injuries
2008,Virginia,1763,24.6,alzheimer_s_disease
2008,Mississippi,723,24.6,kidney_disease
2005,California,7706,24.6,alzheimer_s_disease
2005,Montana,267,24.6,alzheimer_s_disease
2003,Indiana,1515,24.6,alzheimer_s_disease
2003,Illinois,3044,24.6,diabetes
2002,Illinois,3011,24.6,diabetes
2002,South Carolina,910,24.6,influenza_and_pneumonia
2001,Louisiana,957,24.6,alzheimer_s_disease
2001,North Carolina,1786,24.6,alzheimer_s_disease
2001,Virginia,1613,24.6,diabetes
2000,Arkansas,714,24.6,diabetes
2000,Delaware,193,24.6,diabetes
2000,Minnesota,1209,24.6,diabetes
2000,Missouri,1458,24.6,diabetes
2000,Idaho,288,24.6,influenza_and_pneumonia
2000,Oklahoma,885,24.6,influenza_and_pneumonia
1999,Oregon,860,24.6,diabetes
1999,Wisconsin,1425,24.6,influenza_and_pneumonia
2015,Arkansas,886,24.7,diabetes
2011,United States,84974,24.7,alzheimer_s_disease
2010,Maryland,1446,24.7,unintentional_injuries
2010,Tennessee,1687,24.7,diabetes
2010,Mississippi,738,24.7,kidney_disease
2009,Idaho,369,24.7,alzheimer_s_disease
2007,Wisconsin,1658,24.7,alzheimer_s_disease
2006,Washington,1543,24.7,diabetes
2005,Maine,385,24.7,diabetes
2004,Maine,382,24.7,diabetes
2003,Kansas,781,24.7,alzheimer_s_disease
2003,District of Columbia,137,24.7,clrd
2001,Idaho,294,24.7,alzheimer_s_disease
2000,Louisiana,972,24.7,influenza_and_pneumonia
1999,Michigan,2307,24.7,influenza_and_pneumonia
2017,New Hampshire,436,24.8,alzheimer_s_disease
2016,New Hampshire,430,24.8,alzheimer_s_disease
2015,Nebraska,598,24.8,alzheimer_s_disease
2015,Nebraska,553,24.8,diabetes
2014,Louisiana,1238,24.8,diabetes
2013,Tennessee,1827,24.8,diabetes
2009,Oregon,1073,24.8,diabetes
2008,New York,5042,24.8,unintentional_injuries
2008,Michigan,2739,24.8,alzheimer_s_disease
2007,Oklahoma,927,24.8,alzheimer_s_disease
2006,Kansas,749,24.8,diabetes
2005,Missouri,1549,24.8,diabetes
2004,Rhode Island,298,24.8,unintentional_injuries
2004,United States,73138,24.8,diabetes
2003,Pennsylvania,3732,24.8,diabetes
2003,Montana,256,24.8,influenza_and_pneumonia
2003,Mississippi,676,24.8,kidney_disease
2002,Pennsylvania,3708,24.8,diabetes
2000,Maine,357,24.8,diabetes
2000,Iowa,937,24.8,influenza_and_pneumonia
2017,South Dakota,263,24.9,diabetes
2015,New Mexico,608,24.9,diabetes
2014,Louisiana,1217,24.9,kidney_disease
2010,Nebraska,565,24.9,alzheimer_s_disease
2010,District of Columbia,145,24.9,diabetes
2009,West Virginia,563,24.9,alzheimer_s_disease
2008,Indiana,1683,24.9,diabetes
2008,Texas,5155,24.9,diabetes
2006,North Carolina,2234,24.9,diabetes
2005,United States,75119,24.9,diabetes
2005,Kentucky,1021,24.9,influenza_and_pneumonia
2004,Indiana,1552,24.9,alzheimer_s_disease
2003,Texas,4015,24.9,alzheimer_s_disease
2003,Minnesota,1276,24.9,diabetes
2001,Montana,249,24.9,alzheimer_s_disease
2001,South Carolina,881,24.9,alzheimer_s_disease
2001,Alabama,1105,24.9,influenza_and_pneumonia
2000,Mississippi,676,24.9,diabetes
2017,Nebraska,575,25.0,diabetes
2014,Wisconsin,1876,25.0,alzheimer_s_disease
2013,Georgia,2048,25.0,alzheimer_s_disease
2013,District of Columbia,150,25.0,clrd
2011,Tennessee,1748,25.0,diabetes
2010,Alabama,1302,25.0,diabetes
2009,New Hampshire,367,25.0,alzheimer_s_disease
2008,North Dakota,201,25.0,diabetes
2006,Vermont,175,25.0,diabetes
2005,Maryland,1376,25.0,unintentional_injuries
2002,New Hampshire,311,25.0,diabetes
2000,Oregon,910,25.0,alzheimer_s_disease
2000,Illinois,2995,25.0,diabetes
1999,United States,68399,25.0,diabetes
1999,West Virginia,520,25.0,influenza_and_pneumonia
2012,New Hampshire,392,25.1,alzheimer_s_disease
2010,United States,83494,25.1,alzheimer_s_disease
2007,Indiana,1663,25.1,alzheimer_s_disease
2006,Kansas,830,25.1,alzheimer_s_disease
2006,Missouri,1632,25.1,alzheimer_s_disease
2006,Arkansas,772,25.1,influenza_and_pneumonia
2004,Kentucky,982,25.1,alzheimer_s_disease
2002,North Carolina,1898,25.1,influenza_and_pneumonia
2001,Alabama,1103,25.1,alzheimer_s_disease
2001,Kentucky,966,25.1,alzheimer_s_disease
2001,Arkansas,735,25.1,influenza_and_pneumonia
2000,South Carolina,874,25.1,alzheimer_s_disease
2000,New Hampshire,297,25.1,diabetes
2000,United States,69301,25.1,diabetes
2000,Virginia,1510,25.1,influenza_and_pneumonia
2017,Kansas,874,25.2,diabetes
2017,Ohio,3740,25.2,diabetes
2016,Wyoming,144,25.2,suicide
2010,Montana,302,25.2,alzheimer_s_disease
2008,District of Columbia,139,25.2,clrd
2008,Michigan,2752,25.2,diabetes
2006,Oklahoma,928,25.2,alzheimer_s_disease
2002,Maryland,1332,25.2,unintentional_injuries
2002,Vermont,163,25.2,alzheimer_s_disease
2002,Montana,255,25.2,influenza_and_pneumonia
2001,Kansas,721,25.2,diabetes
2000,Arizona,1222,25.2,influenza_and_pneumonia
1999,New York,4797,25.2,unintentional_injuries
1999,Illinois,3004,25.2,diabetes
1999,Maryland,1140,25.2,influenza_and_pneumonia
1999,South Carolina,883,25.2,influenza_and_pneumonia
2015,Arizona,2081,25.3,diabetes
2015,Ohio,3645,25.3,diabetes
2015,Montana,272,25.3,suicide
2013,Utah,578,25.3,diabetes
2012,West Virginia,598,25.3,alzheimer_s_disease
2011,Wisconsin,1807,25.3,alzheimer_s_disease
2010,Wisconsin,1762,25.3,alzheimer_s_disease
2008,Mississippi,758,25.3,diabetes
2007,Texas,5109,25.3,diabetes
2006,California,8146,25.3,alzheimer_s_disease
2004,Washington,1508,25.3,diabetes
2003,West Virginia,536,25.3,influenza_and_pneumonia
2001,Rhode Island,293,25.3,unintentional_injuries
2001,Washington,1403,25.3,diabetes
1999,New Hampshire,294,25.3,diabetes
1999,Colorado,807,25.3,influenza_and_pneumonia
1999,Idaho,289,25.3,influenza_and_pneumonia
2016,Illinois,3877,25.4,alzheimer_s_disease
2016,Arkansas,920,25.4,diabetes
2014,United States,93541,25.4,alzheimer_s_disease
2013,Ohio,3563,25.4,diabetes
2011,District of Columbia,151,25.4,clrd
2011,Indiana,1808,25.4,diabetes
2009,North Dakota,214,25.4,diabetes
2008,Montana,294,25.4,alzheimer_s_disease
2004,South Dakota,229,25.4,diabetes
2002,South Dakota,240,25.4,influenza_and_pneumonia
2001,Wyoming,114,25.4,alzheimer_s_disease
2001,United States,71372,25.4,diabetes
2016,New York,6258,25.5,stroke
2016,Louisiana,1324,25.5,diabetes
2015,New Hampshire,432,25.5,alzheimer_s_disease
2014,West Virginia,620,25.5,alzheimer_s_disease
2011,Louisiana,1169,25.5,kidney_disease
2009,Missouri,1728,25.5,alzheimer_s_disease
2009,Vermont,190,25.5,alzheimer_s_disease
2007,Missouri,1681,25.5,alzheimer_s_disease
2006,Arkansas,783,25.5,alzheimer_s_disease
2006,South Carolina,1136,25.5,diabetes
2005,Washington,1554,25.5,diabetes
2005,Massachusetts,1935,25.5,influenza_and_pneumonia
2004,Arkansas,759,25.5,influenza_and_pneumonia
2003,United States,74219,25.5,diabetes
2003,Louisiana,1065,25.5,kidney_disease
2002,Georgia,1525,25.5,alzheimer_s_disease
2002,Oklahoma,914,25.5,influenza_and_pneumonia
2001,North Dakota,224,25.5,alzheimer_s_disease
2001,Illinois,3092,25.5,diabetes
2001,New York,5085,25.5,influenza_and_pneumonia
2001,Oklahoma,913,25.5,influenza_and_pneumonia
1999,Pennsylvania,3742,25.5,diabetes
1999,Arkansas,741,25.5,influenza_and_pneumonia
2017,Illinois,4021,25.6,alzheimer_s_disease
2015,Virginia,2248,25.6,alzheimer_s_disease
2014,Rhode Island,373,25.6,stroke
2014,Iowa,1019,25.6,diabetes
2012,Michigan,3064,25.6,alzheimer_s_disease
2009,Nebraska,573,25.6,alzheimer_s_disease
2008,Maryland,1465,25.6,unintentional_injuries
2007,California,8497,25.6,alzheimer_s_disease
2005,Missouri,1635,25.6,alzheimer_s_disease
2003,North Carolina,1990,25.6,influenza_and_pneumonia
2002,New Hampshire,311,25.6,alzheimer_s_disease
2002,United States,73249,25.6,diabetes
2002,Arizona,1319,25.6,influenza_and_pneumonia
2001,New Hampshire,305,25.6,alzheimer_s_disease
2001,Missouri,1535,25.6,diabetes
2015,District of Columbia,162,25.7,diabetes
2014,Ohio,3641,25.7,diabetes
2011,Idaho,409,25.7,alzheimer_s_disease
2011,New Hampshire,395,25.7,alzheimer_s_disease
2010,District of Columbia,147,25.7,clrd
2009,Ohio,3401,25.7,diabetes
2007,New York,5160,25.7,unintentional_injuries
2006,Tennessee,1535,25.7,influenza_and_pneumonia
2003,Missouri,1604,25.7,influenza_and_pneumonia
2001,New York,4982,25.7,unintentional_injuries
2001,Wyoming,120,25.7,diabetes
2000,Alabama,1138,25.7,influenza_and_pneumonia
1999,Minnesota,1249,25.7,diabetes
1999,Montana,244,25.7,diabetes
2016,Alaska,111,25.8,alzheimer_s_disease
2016,Alaska,193,25.8,suicide
2012,Tennessee,1852,25.8,diabetes
2010,Arkansas,850,25.8,diabetes
2010,Ohio,3470,25.8,diabetes
2009,Oklahoma,993,25.8,alzheimer_s_disease
2009,Wyoming,136,25.8,alzheimer_s_disease
2008,United States,82435,25.8,alzheimer_s_disease
2007,Kansas,860,25.8,alzheimer_s_disease
2005,Vermont,173,25.8,diabetes
2005,Wyoming,130,25.8,diabetes
2003,Montana,261,25.8,diabetes
2002,Alaska,61,25.8,alzheimer_s_disease
2001,Maryland,1339,25.8,unintentional_injuries
2001,North Dakota,196,25.8,diabetes
2000,Pennsylvania,3794,25.8,diabetes
2016,Montana,267,25.9,suicide
2014,Rhode Island,403,25.9,alzheimer_s_disease
2012,Missouri,1863,25.9,alzheimer_s_disease
2012,Indiana,1860,25.9,diabetes
2012,Kentucky,1256,25.9,diabetes
2010,Alaska,85,25.9,alzheimer_s_disease
2009,Georgia,1865,25.9,alzheimer_s_disease
2006,Alaska,73,25.9,alzheimer_s_disease
2006,Alaska,109,25.9,diabetes
2006,Indiana,1682,25.9,diabetes
2004,New Hampshire,331,25.9,alzheimer_s_disease
2004,Vermont,173,25.9,alzheimer_s_disease
2003,Vermont,171,25.9,alzheimer_s_disease
2003,Alabama,1157,25.9,influenza_and_pneumonia
2001,Pennsylvania,3826,25.9,diabetes
2000,Idaho,304,25.9,diabetes
1999,Maryland,1296,25.9,unintentional_injuries
1999,Illinois,3121,25.9,influenza_and_pneumonia
2016,Indiana,1992,26.0,diabetes
2015,Minnesota,1789,26.0,alzheimer_s_disease
2015,New York,6292,26.0,stroke
2013,Ohio,3798,26.0,alzheimer_s_disease
2011,Nebraska,597,26.0,alzheimer_s_disease
2011,District of Columbia,152,26.0,diabetes
2011,Utah,561,26.0,diabetes
2010,West Virginia,594,26.0,alzheimer_s_disease
2010,Kentucky,1212,26.0,diabetes
2005,Indiana,1651,26.0,alzheimer_s_disease
2005,Maryland,1388,26.0,diabetes
2004,Maryland,1412,26.0,unintentional_injuries
2002,Minnesota,1317,26.0,diabetes
2001,Arkansas,756,26.0,diabetes
1999,Louisiana,1008,26.0,influenza_and_pneumonia
2014,New York,6212,26.1,stroke
2012,Ohio,3618,26.1,diabetes
2011,Maryland,1569,26.1,unintentional_injuries
2010,Oklahoma,1015,26.1,alzheimer_s_disease
2007,South Dakota,247,26.1,diabetes
2006,Maryland,1456,26.1,unintentional_injuries
2006,Indiana,1696,26.1,alzheimer_s_disease
2006,New Jersey,2454,26.1,diabetes
2006,North Dakota,208,26.1,diabetes
2006,Louisiana,1074,26.1,kidney_disease
2005,Oklahoma,948,26.1,influenza_and_pneumonia
2004,Colorado,912,26.1,alzheimer_s_disease
2004,Massachusetts,1959,26.1,influenza_and_pneumonia
2003,Washington,1509,26.1,diabetes
2003,Kentucky,1033,26.1,influenza_and_pneumonia
2003,New York,5335,26.1,influenza_and_pneumonia
2002,Idaho,318,26.1,alzheimer_s_disease
2002,Delaware,215,26.1,diabetes
2002,Idaho,322,26.1,diabetes
2001,Missouri,1604,26.1,influenza_and_pneumonia
2000,Vermont,163,26.1,diabetes
2000,Utah,388,26.1,influenza_and_pneumonia
1999,Tennessee,1436,26.1,diabetes
2016,Nebraska,634,26.2,alzheimer_s_disease
2012,Georgia,2074,26.2,alzheimer_s_disease
2011,West Virginia,610,26.2,alzheimer_s_disease
2009,Tennessee,1759,26.2,diabetes
2007,Maryland,1480,26.2,unintentional_injuries
2006,New York,5235,26.2,unintentional_injuries
2006,Kentucky,1141,26.2,diabetes
2005,North Carolina,2261,26.2,diabetes
2005,North Dakota,204,26.2,diabetes
2005,South Dakota,241,26.2,diabetes
2003,Maine,398,26.2,diabetes
2003,Michigan,2640,26.2,diabetes
2002,Missouri,1619,26.2,influenza_and_pneumonia
1999,New Jersey,2227,26.2,unintentional_injuries
2016,Connecticut,1269,26.3,stroke
2015,South Dakota,282,26.3,diabetes
2014,Connecticut,1266,26.3,stroke
2013,New York,6176,26.3,stroke
2013,Indiana,1943,26.3,diabetes
2012,Oklahoma,1069,26.3,alzheimer_s_disease
2008,Maine,450,26.3,alzheimer_s_disease
2007,Michigan,2826,26.3,diabetes
2007,Wyoming,139,26.3,diabetes
2005,New York,5521,26.3,influenza_and_pneumonia
2004,New Jersey,2324,26.3,unintentional_injuries
2004,Louisiana,1110,26.3,kidney_disease
2003,Georgia,1687,26.3,influenza_and_pneumonia
2003,Iowa,1032,26.3,influenza_and_pneumonia
2002,Kentucky,1013,26.3,alzheimer_s_disease
2002,Washington,1494,26.3,diabetes
2000,New Hampshire,321,26.3,unintentional_injuries
1999,Missouri,1554,26.3,diabetes
2013,Michigan,3220,26.4,alzheimer_s_disease
2011,New York,5537,26.4,unintentional_injuries
2011,South Dakota,263,26.4,diabetes
2010,Louisiana,1205,26.4,diabetes
2008,Tennessee,1733,26.4,diabetes
2007,Alabama,1313,26.4,diabetes
2004,Texas,4336,26.4,alzheimer_s_disease
2003,Idaho,334,26.4,influenza_and_pneumonia
2003,Oklahoma,949,26.4,influenza_and_pneumonia
2002,Kansas,765,26.4,diabetes
2002,Arkansas,776,26.4,influenza_and_pneumonia
2001,Colorado,852,26.4,alzheimer_s_disease
2001,Idaho,318,26.4,diabetes
2017,Massachusetts,2367,26.5,stroke
2017,New Mexico,673,26.5,diabetes
2011,Kentucky,1268,26.5,diabetes
2007,Arkansas,824,26.5,alzheimer_s_disease
2006,Vermont,186,26.5,alzheimer_s_disease
2006,Texas,5201,26.5,diabetes
2005,Iowa,1082,26.5,alzheimer_s_disease
2005,Delaware,233,26.5,diabetes
2004,Idaho,344,26.5,diabetes
2003,Colorado,899,26.5,alzheimer_s_disease
2000,California,8577,26.5,unintentional_injuries
2000,New York,5201,26.5,influenza_and_pneumonia
1999,Montana,252,26.5,influenza_and_pneumonia
1999,North Carolina,1891,26.5,influenza_and_pneumonia
2017,Indiana,2096,26.6,diabetes
2014,Maryland,1674,26.6,unintentional_injuries
2014,Wyoming,162,26.6,alzheimer_s_disease
2012,New York,6139,26.6,stroke
2011,Texas,5415,26.6,alzheimer_s_disease
2009,Texas,5064,26.6,alzheimer_s_disease
2009,Louisiana,1160,26.6,kidney_disease
2007,District of Columbia,152,26.6,diabetes
2005,Mississippi,721,26.6,alzheimer_s_disease
2004,Indiana,1673,26.6,diabetes
2004,North Dakota,209,26.6,diabetes
2004,New York,5499,26.6,influenza_and_pneumonia
2002,North Carolina,1962,26.6,alzheimer_s_disease
2002,New York,5368,26.6,influenza_and_pneumonia
2000,North Dakota,203,26.6,diabetes
2000,Rhode Island,342,26.6,influenza_and_pneumonia
2016,Rhode Island,422,26.7,alzheimer_s_disease
2015,Iowa,1077,26.7,diabetes
2014,Utah,584,26.7,alzheimer_s_disease
2013,Alabama,1398,26.7,alzheimer_s_disease
2010,New Jersey,2486,26.7,unintentional_injuries
2009,Wyoming,142,26.7,influenza_and_pneumonia
2008,New Jersey,2436,26.7,unintentional_injuries
2008,Kentucky,1214,26.7,diabetes
2007,South Carolina,1231,26.7,diabetes
2007,Tennessee,1700,26.7,diabetes
2005,Montana,285,26.7,diabetes
2004,Idaho,343,26.7,alzheimer_s_disease
2003,Maryland,1432,26.7,unintentional_injuries
2000,New Jersey,2284,26.7,unintentional_injuries
2000,Missouri,1629,26.7,influenza_and_pneumonia
1999,North Dakota,203,26.7,diabetes
2016,Virginia,2408,26.8,alzheimer_s_disease
2016,Rhode Island,399,26.8,stroke
2011,Maine,481,26.8,alzheimer_s_disease
2011,Ohio,3668,26.8,diabetes
2010,Idaho,410,26.8,alzheimer_s_disease
2010,Texas,5209,26.8,alzheimer_s_disease
2008,Arkansas,846,26.8,influenza_and_pneumonia
2007,Texas,4814,26.8,alzheimer_s_disease
2007,Arkansas,838,26.8,diabetes
2006,Michigan,2830,26.8,diabetes
2002,Missouri,1625,26.8,diabetes
2001,District of Columbia,150,26.8,clrd
2000,North Carolina,1945,26.8,influenza_and_pneumonia
1999,Massachusetts,1904,26.8,influenza_and_pneumonia
2017,Wyoming,157,26.9,suicide
2015,New Hampshire,457,26.9,stroke
2015,Indiana,2030,26.9,diabetes
2015,Alaska,201,26.9,suicide
2013,Louisiana,1329,26.9,diabetes
2012,Louisiana,1290,26.9,diabetes
2010,New Hampshire,396,26.9,alzheimer_s_disease
2010,Oklahoma,1089,26.9,diabetes
2009,Maine,466,26.9,alzheimer_s_disease
2007,New Jersey,2425,26.9,unintentional_injuries
2004,Maryland,1417,26.9,diabetes
2004,North Carolina,2253,26.9,diabetes
2003,Georgia,1630,26.9,alzheimer_s_disease
2003,Tennessee,1466,26.9,alzheimer_s_disease
1999,Indiana,1591,26.9,diabetes
2017,Alaska,200,27.0,suicide
2014,Michigan,3349,27.0,alzheimer_s_disease
2012,Connecticut,1273,27.0,stroke
2011,Arkansas,908,27.0,diabetes
2009,New York,5950,27.0,stroke
2008,Alaska,80,27.0,alzheimer_s_disease
2007,Oregon,1113,27.0,diabetes
2006,Iowa,1121,27.0,alzheimer_s_disease
2006,Utah,496,27.0,diabetes
2005,Indiana,1719,27.0,diabetes
2003,New Jersey,2371,27.0,unintentional_injuries
2003,North Dakota,211,27.0,diabetes
2003,California,8185,27.0,influenza_and_pneumonia
2003,Massachusetts,2019,27.0,influenza_and_pneumonia
2002,Alabama,1189,27.0,alzheimer_s_disease
2002,Wyoming,122,27.0,alzheimer_s_disease
2002,Arkansas,793,27.0,diabetes
2002,Vermont,174,27.0,diabetes
2000,Michigan,2603,27.0,diabetes
1999,North Carolina,2050,27.0,diabetes
2015,Rhode Island,394,27.1,stroke
2011,Louisiana,1265,27.1,diabetes
2006,New Hampshire,372,27.1,alzheimer_s_disease
2005,Vermont,184,27.1,alzheimer_s_disease
2005,Arkansas,824,27.1,diabetes
2003,Missouri,1666,27.1,diabetes
2002,South Carolina,967,27.1,alzheimer_s_disease
2002,Maine,404,27.1,diabetes
2002,North Dakota,214,27.1,diabetes
2001,Maine,398,27.1,diabetes
2001,Michigan,2655,27.1,diabetes
1999,Michigan,2587,27.1,diabetes
1999,Utah,391,27.1,influenza_and_pneumonia
1999,Virginia,1594,27.1,influenza_and_pneumonia
2016,New Mexico,678,27.2,diabetes
2013,Arkansas,918,27.2,alzheimer_s_disease
2013,Colorado,1316,27.2,alzheimer_s_disease
2013,Oregon,1312,27.2,alzheimer_s_disease
2012,Alabama,1390,27.2,alzheimer_s_disease
2012,Alaska,102,27.2,alzheimer_s_disease
2010,Wyoming,146,27.2,alzheimer_s_disease
2008,District of Columbia,160,27.2,unintentional_injuries
2008,Idaho,393,27.2,alzheimer_s_disease
2008,Alabama,1386,27.2,diabetes
2008,Ohio,3565,27.2,diabetes
2007,Georgia,1849,27.2,alzheimer_s_disease
2006,Arkansas,839,27.2,diabetes
2003,New Jersey,2484,27.2,diabetes
2001,Utah,411,27.2,influenza_and_pneumonia
2000,Arkansas,798,27.2,influenza_and_pneumonia
1999,Arizona,1287,27.2,influenza_and_pneumonia
2017,Nevada,779,27.3,alzheimer_s_disease
2017,Rhode Island,435,27.3,alzheimer_s_disease
2011,New Mexico,612,27.3,diabetes
2010,Louisiana,1218,27.3,kidney_disease
2009,Oregon,1212,27.3,alzheimer_s_disease
2008,Nebraska,610,27.3,alzheimer_s_disease
2006,North Carolina,2265,27.3,alzheimer_s_disease
2005,Michigan,2842,27.3,diabetes
2005,New Jersey,2540,27.3,diabetes
2003,Oregon,1032,27.3,diabetes
2001,Kentucky,1099,27.3,diabetes
2000,Alaska,87,27.3,diabetes
2000,North Carolina,2084,27.3,diabetes
2016,Delaware,329,27.4,alzheimer_s_disease
2015,Hawaii,557,27.4,influenza_and_pneumonia
2014,Colorado,1364,27.4,alzheimer_s_disease
2014,Missouri,2053,27.4,alzheimer_s_disease
2012,New York,5786,27.4,unintentional_injuries
2012,Ohio,3935,27.4,alzheimer_s_disease
2011,Missouri,1927,27.4,alzheimer_s_disease
2009,Indiana,1884,27.4,alzheimer_s_disease
2009,Arkansas,890,27.4,diabetes
2008,New Hampshire,393,27.4,alzheimer_s_disease
2007,Louisiana,1152,27.4,kidney_disease
2006,Mississippi,744,27.4,alzheimer_s_disease
2006,Tennessee,1715,27.4,diabetes
2005,Georgia,1745,27.4,alzheimer_s_disease
2005,Texas,4629,27.4,alzheimer_s_disease
2002,Alabama,1218,27.4,influenza_and_pneumonia
2002,Utah,424,27.4,influenza_and_pneumonia
2015,Wisconsin,2087,27.5,alzheimer_s_disease
2014,New Mexico,671,27.5,diabetes
2013,Missouri,2026,27.5,alzheimer_s_disease
2008,Georgia,1929,27.5,alzheimer_s_disease
2008,District of Columbia,156,27.5,diabetes
2006,Georgia,1820,27.5,alzheimer_s_disease
2005,Tennessee,1588,27.5,influenza_and_pneumonia
2002,California,8128,27.5,influenza_and_pneumonia
2001,Delaware,218,27.5,diabetes
2000,Oklahoma,978,27.5,diabetes
1999,New Hampshire,329,27.5,unintentional_injuries
2017,Virginia,2549,27.6,alzheimer_s_disease
2014,New York,5945,27.6,unintentional_injuries
2013,Oklahoma,1145,27.6,alzheimer_s_disease
2013,New Hampshire,441,27.6,stroke
2013,New Mexico,646,27.6,diabetes
2011,New York,6254,27.6,stroke
2006,South Dakota,262,27.6,diabetes
2005,Rhode Island,334,27.6,unintentional_injuries
2005,South Carolina,1187,27.6,diabetes
2002,Indiana,1688,27.6,diabetes
2002,North Carolina,2205,27.6,diabetes
2001,Oregon,1030,27.6,alzheimer_s_disease
2017,Kentucky,1474,27.7,diabetes
2014,Ohio,4083,27.7,alzheimer_s_disease
2013,North Carolina,2872,27.7,alzheimer_s_disease
2013,Massachusetts,2354,27.7,stroke
2013,Rhode Island,397,27.7,stroke
2012,Maryland,1696,27.7,unintentional_injuries
2011,Wyoming,153,27.7,alzheimer_s_disease
2008,Louisiana,1195,27.7,kidney_disease
2006,Ohio,3565,27.7,alzheimer_s_disease
2005,Ohio,3478,27.7,alzheimer_s_disease
2003,Kentucky,1072,27.7,alzheimer_s_disease
2003,Alaska,102,27.7,diabetes
2003,Vermont,183,27.7,diabetes
2001,Indiana,1677,27.7,diabetes
2001,South Carolina,1088,27.7,diabetes
2017,Connecticut,1403,27.8,stroke
2013,New York,5927,27.8,unintentional_injuries
2010,California,10435,27.8,unintentional_injuries
2010,Indiana,1940,27.8,alzheimer_s_disease
2009,Arkansas,885,27.8,alzheimer_s_disease
2009,Louisiana,1249,27.8,diabetes
2005,Kentucky,1187,27.8,diabetes
2005,Louisiana,1187,27.8,kidney_disease
2004,Georgia,1710,27.8,alzheimer_s_disease
2004,South Carolina,1165,27.8,diabetes
2004,Tennessee,1571,27.8,influenza_and_pneumonia
2003,Indiana,1731,27.8,diabetes
2003,Wyoming,138,27.8,diabetes
2002,South Carolina,1112,27.8,diabetes
2001,New Jersey,2405,27.8,unintentional_injuries
2016,Massachusetts,2468,27.9,stroke
2016,New Jersey,3064,27.9,clrd
2013,Maryland,1732,27.9,unintentional_injuries
2012,Arkansas,931,27.9,alzheimer_s_disease
2012,Oregon,1326,27.9,alzheimer_s_disease
2010,New York,6213,27.9,stroke
2007,Ohio,3671,27.9,alzheimer_s_disease
2007,Oregon,1200,27.9,alzheimer_s_disease
2006,Texas,4887,27.9,alzheimer_s_disease
2004,Oregon,1073,27.9,diabetes
2002,Montana,285,27.9,alzheimer_s_disease
2001,North Carolina,2181,27.9,diabetes
2000,Kentucky,1107,27.9,diabetes
1999,Oklahoma,986,27.9,diabetes
2016,New Hampshire,490,28.0,stroke
2015,Wyoming,157,28.0,suicide
2012,California,10906,28.0,unintentional_injuries
2008,Oklahoma,1061,28.0,alzheimer_s_disease
2005,Massachusetts,1907,28.0,unintentional_injuries
2005,Oklahoma,1012,28.0,alzheimer_s_disease
2004,Arkansas,838,28.0,diabetes
2002,Michigan,2785,28.0,diabetes
2001,Oregon,1011,28.0,diabetes
2001,Mississippi,754,28.0,influenza_and_pneumonia
2000,Indiana,1673,28.0,diabetes
1999,New Jersey,2436,28.0,diabetes
2012,Indiana,2038,28.1,alzheimer_s_disease
2009,California,9905,28.1,alzheimer_s_disease
2008,Arkansas,901,28.1,diabetes
2007,Maine,470,28.1,alzheimer_s_disease
2007,North Dakota,226,28.1,diabetes
2006,Colorado,1058,28.1,alzheimer_s_disease
2006,Kentucky,1153,28.1,alzheimer_s_disease
2005,Kansas,912,28.1,alzheimer_s_disease
2003,Mississippi,758,28.1,influenza_and_pneumonia
2002,New Jersey,2532,28.1,diabetes
2001,California,8129,28.1,influenza_and_pneumonia
1999,Oklahoma,1007,28.1,influenza_and_pneumonia
2015,Kentucky,1458,28.2,diabetes
2013,Iowa,1252,28.2,alzheimer_s_disease
2011,Oklahoma,1130,28.2,alzheimer_s_disease
2008,Hawaii,406,28.2,unintentional_injuries
2008,New York,6123,28.2,stroke
2006,Oregon,1139,28.2,diabetes
2004,New Jersey,2595,28.2,diabetes
2003,Maryland,1454,28.2,diabetes
2003,Utah,453,28.2,influenza_and_pneumonia
2002,Oregon,1041,28.2,diabetes
2000,Hawaii,343,28.2,unintentional_injuries
2000,New Jersey,2483,28.2,diabetes
1999,Alabama,1228,28.2,influenza_and_pneumonia
1999,South Dakota,264,28.2,influenza_and_pneumonia
2014,Arizona,2235,28.3,stroke
2013,Connecticut,1348,28.3,stroke
2012,Massachusetts,2371,28.3,stroke
2012,New Mexico,652,28.3,diabetes
2011,California,10824,28.3,unintentional_injuries
2011,Oregon,1324,28.3,alzheimer_s_disease
2011,Connecticut,1315,28.3,stroke
2010,Georgia,2080,28.3,alzheimer_s_disease
2009,New Mexico,597,28.3,diabetes
2008,New Mexico,582,28.3,diabetes
2008,Oklahoma,1103,28.3,diabetes
2007,Colorado,1109,28.3,alzheimer_s_disease
2005,New Hampshire,376,28.3,alzheimer_s_disease
2005,South Dakota,290,28.3,alzheimer_s_disease
2003,Idaho,355,28.3,alzheimer_s_disease
2003,North Carolina,2145,28.3,alzheimer_s_disease
2003,Idaho,358,28.3,diabetes
2003,South Carolina,1161,28.3,diabetes
2000,Wyoming,126,28.3,influenza_and_pneumonia
1999,Georgia,1703,28.3,influenza_and_pneumonia
1999,Missouri,1716,28.3,influenza_and_pneumonia
2017,Wyoming,190,28.4,stroke
2016,New York,6860,28.4,clrd
2016,Kentucky,1479,28.4,diabetes
2015,Maine,544,28.4,alzheimer_s_disease
2015,Massachusetts,2475,28.4,stroke
2012,Colorado,1322,28.4,alzheimer_s_disease
2012,North Carolina,2850,28.4,alzheimer_s_disease
2012,Oklahoma,1201,28.4,diabetes
2008,Arkansas,893,28.4,alzheimer_s_disease
2004,North Carolina,2188,28.4,alzheimer_s_disease
2003,Delaware,239,28.4,diabetes
1999,District of Columbia,161,28.4,unintentional_injuries
1999,Iowa,1082,28.4,influenza_and_pneumonia
1999,New York,5482,28.4,influenza_and_pneumonia
2017,Nebraska,698,28.5,alzheimer_s_disease
2015,Connecticut,1388,28.5,stroke
2014,Oregon,1411,28.5,alzheimer_s_disease
2014,New Jersey,3046,28.5,clrd
2013,Indiana,2104,28.5,alzheimer_s_disease
2011,Ohio,4037,28.5,alzheimer_s_disease
2010,Massachusetts,2060,28.5,unintentional_injuries
2010,Oregon,1300,28.5,alzheimer_s_disease
2009,Ohio,3879,28.5,alzheimer_s_disease
2002,New Hampshire,357,28.5,unintentional_injuries
2002,Louisiana,1111,28.5,alzheimer_s_disease
2002,Georgia,1791,28.5,influenza_and_pneumonia
2000,Tennessee,1591,28.5,diabetes
2017,New Jersey,3227,28.6,clrd
2013,Arizona,2162,28.6,stroke
2011,New Jersey,2685,28.6,unintentional_injuries
2010,Maine,502,28.6,alzheimer_s_disease
2008,Texas,5280,28.6,alzheimer_s_disease
2004,Kentucky,1195,28.6,diabetes
2004,Utah,485,28.6,diabetes
2002,Massachusetts,2087,28.6,influenza_and_pneumonia
2001,Kentucky,1114,28.6,influenza_and_pneumonia
2015,Missouri,2173,28.7,alzheimer_s_disease
2014,Massachusetts,2460,28.7,stroke
2009,Oklahoma,1146,28.7,diabetes
2007,Iowa,1202,28.7,alzheimer_s_disease
2007,Kentucky,1198,28.7,alzheimer_s_disease
2007,North Carolina,2460,28.7,alzheimer_s_disease
2007,Vermont,205,28.7,alzheimer_s_disease
2005,Kentucky,1147,28.7,alzheimer_s_disease
2002,Arizona,1433,28.7,alzheimer_s_disease
2001,New Jersey,2556,28.7,diabetes
1999,California,9198,28.7,unintentional_injuries
2015,Rhode Island,453,28.8,alzheimer_s_disease
2010,Missouri,1986,28.8,alzheimer_s_disease
2008,Kansas,961,28.8,alzheimer_s_disease
2007,New York,6160,28.8,stroke
2007,Utah,548,28.8,diabetes
2005,New Jersey,2561,28.8,unintentional_injuries
2003,Alabama,1268,28.8,alzheimer_s_disease
2003,South Carolina,1051,28.8,alzheimer_s_disease
1999,Kentucky,1133,28.8,diabetes
2017,New Hampshire,514,28.9,stroke
2017,Vermont,249,28.9,stroke
2017,New York,7258,28.9,clrd
2017,Montana,311,28.9,suicide
2014,Oklahoma,1227,28.9,alzheimer_s_disease
2014,New Hampshire,474,28.9,stroke
2011,Georgia,2218,28.9,alzheimer_s_disease
2011,Indiana,2058,28.9,alzheimer_s_disease
2007,Mississippi,797,28.9,alzheimer_s_disease
2004,Michigan,2953,28.9,diabetes
2000,Massachusetts,2078,28.9,influenza_and_pneumonia
2011,Colorado,1307,29.0,alzheimer_s_disease
2008,Massachusetts,2040,29.0,unintentional_injuries
2007,Ohio,3722,29.0,diabetes
2006,New Jersey,2590,29.0,unintentional_injuries
2006,Idaho,400,29.0,alzheimer_s_disease
2002,Colorado,954,29.0,alzheimer_s_disease
2014,New York,6806,29.1,clrd
2014,Oklahoma,1261,29.1,diabetes
2003,North Carolina,2388,29.1,diabetes
2000,New Mexico,485,29.1,diabetes
2016,Vermont,247,29.2,stroke
2014,California,11804,29.2,unintentional_injuries
2013,California,11538,29.2,unintentional_injuries
2009,North Carolina,2646,29.2,alzheimer_s_disease
2006,Maine,477,29.2,alzheimer_s_disease
2012,New Hampshire,457,29.3,stroke
2011,North Carolina,2828,29.3,alzheimer_s_disease
2009,Massachusetts,2076,29.3,unintentional_injuries
2009,Kentucky,1348,29.3,diabetes
2008,Indiana,1971,29.3,alzheimer_s_disease
2005,Oregon,1149,29.3,diabetes
2004,Tennessee,1615,29.3,alzheimer_s_disease
2004,Ohio,3615,29.3,diabetes
2000,Alabama,1321,29.3,diabetes
1999,Connecticut,1034,29.3,unintentional_injuries
1999,Vermont,179,29.3,diabetes
2017,Rhode Island,425,29.4,stroke
2015,United States,110561,29.4,alzheimer_s_disease
2014,Indiana,2204,29.4,alzheimer_s_disease
2014,Maryland,1909,29.4,clrd
2011,District of Columbia,185,29.4,unintentional_injuries
2011,Rhode Island,404,29.4,stroke
2011,Vermont,227,29.4,stroke
2010,Connecticut,1349,29.4,stroke
2010,Connecticut,1289,29.4,clrd
2009,California,10860,29.4,unintentional_injuries
2007,Idaho,416,29.4,alzheimer_s_disease
2006,Oregon,1231,29.4,alzheimer_s_disease
2005,Arkansas,886,29.4,influenza_and_pneumonia
2002,Wyoming,135,29.4,influenza_and_pneumonia
2001,Maryland,1458,29.4,diabetes
2000,Georgia,1792,29.4,influenza_and_pneumonia
2009,Utah,581,29.5,clrd
2008,California,10761,29.5,unintentional_injuries
2008,California,10098,29.5,alzheimer_s_disease
2007,New Hampshire,418,29.5,alzheimer_s_disease
2005,Colorado,1064,29.5,alzheimer_s_disease
2002,Oklahoma,1064,29.5,diabetes
2001,Connecticut,1056,29.5,unintentional_injuries
2001,Tennessee,1617,29.5,influenza_and_pneumonia
2000,California,8324,29.5,influenza_and_pneumonia
2017,Hawaii,637,29.6,influenza_and_pneumonia
2016,Maine,577,29.6,alzheimer_s_disease
2016,Wisconsin,2256,29.6,alzheimer_s_disease
2015,New Jersey,3202,29.6,clrd
2014,Iowa,1313,29.6,alzheimer_s_disease
2012,Wyoming,171,29.6,suicide
2010,Hawaii,432,29.6,unintentional_injuries
2010,Arkansas,955,29.6,alzheimer_s_disease
2006,Ohio,3761,29.6,diabetes
2004,Hawaii,390,29.6,unintentional_injuries
2002,Oregon,1124,29.6,alzheimer_s_disease
2001,Alabama,1344,29.6,diabetes
1999,Maine,429,29.6,alzheimer_s_disease
1999,South Carolina,1118,29.6,diabetes
2015,Maryland,1903,29.7,unintentional_injuries
2015,Connecticut,1369,29.7,clrd
2013,Connecticut,1348,29.7,clrd
2011,Alabama,1486,29.7,alzheimer_s_disease
2011,Oklahoma,1221,29.7,diabetes
2010,Ohio,4109,29.7,alzheimer_s_disease
2009,Vermont,221,29.7,stroke
2009,Mississippi,900,29.7,diabetes
2008,West Virginia,662,29.7,alzheimer_s_disease
2005,Texas,5605,29.7,diabetes
2004,District of Columbia,165,29.7,clrd
2004,Texas,5435,29.7,diabetes
2001,Oklahoma,1065,29.7,diabetes
1999,Tennessee,1588,29.7,influenza_and_pneumonia
2016,Arizona,2556,29.8,stroke
2012,Massachusetts,2195,29.8,unintentional_injuries
2010,New Mexico,643,29.8,diabetes
2008,North Carolina,2624,29.8,alzheimer_s_disease
2008,Oregon,1302,29.8,alzheimer_s_disease
2008,Vermont,218,29.8,alzheimer_s_disease
2007,Oklahoma,1148,29.8,diabetes
2006,Alabama,1453,29.8,diabetes
2003,Oregon,1157,29.8,alzheimer_s_disease
2002,New Jersey,2599,29.8,unintentional_injuries
2002,Mississippi,801,29.8,influenza_and_pneumonia
2001,Hawaii,372,29.8,unintentional_injuries
2000,Mississippi,809,29.8,influenza_and_pneumonia
1999,Washington,1577,29.8,alzheimer_s_disease
1999,Maryland,1422,29.8,diabetes
1999,Wyoming,135,29.8,diabetes
1999,Mississippi,801,29.8,influenza_and_pneumonia
2017,Maryland,2079,29.9,clrd
2015,Iowa,1339,29.9,alzheimer_s_disease
2015,New York,7109,29.9,clrd
2013,Oklahoma,1269,29.9,diabetes
2012,Arizona,2164,29.9,stroke
2009,Iowa,1265,29.9,alzheimer_s_disease
2005,Maine,476,29.9,alzheimer_s_disease
2005,Alabama,1429,29.9,diabetes
2003,Arkansas,884,29.9,diabetes
2000,Kentucky,1157,29.9,influenza_and_pneumonia
1999,District of Columbia,166,29.9,clrd
1999,Texas,4931,29.9,diabetes
2016,Missouri,2302,30.0,alzheimer_s_disease
2015,West Virginia,738,30.0,alzheimer_s_disease
2014,Texas,6772,30.0,alzheimer_s_disease
2013,California,11891,30.0,alzheimer_s_disease
2013,New Mexico,689,30.0,stroke
2012,Arizona,2160,30.0,alzheimer_s_disease
2012,California,11649,30.0,alzheimer_s_disease
2008,Missouri,2010,30.0,alzheimer_s_disease
2003,Louisiana,1184,30.0,alzheimer_s_disease
1999,Alabama,1341,30.0,diabetes
1999,Wyoming,130,30.0,influenza_and_pneumonia
2015,Michigan,3771,30.1,alzheimer_s_disease
2014,Hawaii,476,30.1,unintentional_injuries
2013,Hawaii,467,30.1,unintentional_injuries
2013,Mississippi,925,30.1,alzheimer_s_disease
2013,District of Columbia,187,30.1,stroke
2012,Hawaii,458,30.1,unintentional_injuries
2010,California,10856,30.1,alzheimer_s_disease
2002,California,10107,30.1,unintentional_injuries
2002,Maryland,1519,30.1,diabetes
2017,New Jersey,3474,30.2,stroke
2015,New York,6515,30.2,unintentional_injuries
2014,Wyoming,189,30.2,stroke
2014,Connecticut,1368,30.2,clrd
2011,Massachusetts,2466,30.2,stroke
2011,Utah,647,30.2,clrd
2009,Hawaii,436,30.2,unintentional_injuries
2003,Connecticut,1112,30.2,unintentional_injuries
2003,Maine,467,30.2,alzheimer_s_disease
2016,United States,116103,30.3,alzheimer_s_disease
2012,New Mexico,677,30.3,stroke
2010,North Carolina,2817,30.3,alzheimer_s_disease
2010,Mississippi,926,30.3,diabetes
2008,Louisiana,1332,30.3,diabetes
2005,Connecticut,1134,30.3,unintentional_injuries
2005,Tennessee,1844,30.3,diabetes
2001,New Hampshire,374,30.3,unintentional_injuries
2017,Maine,601,30.4,alzheimer_s_disease
2017,Connecticut,1471,30.4,clrd
2016,New Jersey,3401,30.4,stroke
2014,Mississippi,1015,30.4,diabetes
2011,Arkansas,1002,30.4,alzheimer_s_disease
2010,Illinois,3997,30.4,unintentional_injuries
2009,Illinois,3961,30.4,unintentional_injuries
2006,New York,6398,30.4,stroke
2003,Alabama,1414,30.4,diabetes
2003,Oklahoma,1104,30.4,diabetes
2016,Connecticut,1425,30.5,clrd
2016,Maryland,2072,30.5,clrd
2014,North Carolina,3246,30.5,alzheimer_s_disease
2012,Iowa,1336,30.5,alzheimer_s_disease
2012,West Virginia,741,30.5,diabetes
2006,New Jersey,2862,30.5,clrd
2006,New York,6329,30.5,clrd
2005,North Carolina,2417,30.5,alzheimer_s_disease
2005,Oregon,1239,30.5,alzheimer_s_disease
2005,Ohio,3794,30.5,diabetes
2002,Tennessee,1749,30.5,diabetes
2002,Wyoming,145,30.5,diabetes
2000,Ohio,3492,30.5,unintentional_injuries
2017,Delaware,377,30.6,alzheimer_s_disease
2017,West Virginia,770,30.6,alzheimer_s_disease
2017,Oklahoma,1398,30.6,diabetes
2015,California,12544,30.6,unintentional_injuries
2013,Florida,8698,30.6,stroke
2012,Rhode Island,433,30.6,stroke
2012,Utah,663,30.6,clrd
2011,Arizona,2148,30.6,stroke
2006,New Mexico,606,30.6,diabetes
2006,Oklahoma,1166,30.6,diabetes
2003,Ohio,3731,30.6,diabetes
2015,Arizona,2522,30.7,stroke
2015,Maryland,2040,30.7,clrd
2013,New York,7110,30.7,clrd
2012,Mississippi,923,30.7,alzheimer_s_disease
2012,Florida,8456,30.7,stroke
2011,Massachusetts,2224,30.7,unintentional_injuries
2011,California,11555,30.7,alzheimer_s_disease
2005,Idaho,407,30.7,alzheimer_s_disease
2003,California,10471,30.7,unintentional_injuries
2001,Tennessee,1746,30.7,diabetes
2017,Arizona,2681,30.8,stroke
2016,Oklahoma,1393,30.8,diabetes
2010,Louisiana,1295,30.8,alzheimer_s_disease
2010,Vermont,238,30.8,alzheimer_s_disease
2004,California,10633,30.8,unintentional_injuries
2004,Alabama,1449,30.8,diabetes
2003,Wyoming,145,30.8,influenza_and_pneumonia
2014,New Jersey,2970,30.9,unintentional_injuries
2014,California,12644,30.9,alzheimer_s_disease
2012,Connecticut,1387,30.9,clrd
2004,Oklahoma,1139,30.9,diabetes
2003,Wyoming,142,30.9,alzheimer_s_disease
2002,Hawaii,393,30.9,unintentional_injuries
2000,Maine,407,30.9,unintentional_injuries
2000,Tennessee,1672,30.9,influenza_and_pneumonia
2017,United States,121404,31.0,alzheimer_s_disease
2007,Massachusetts,2139,31.0,unintentional_injuries
2006,South Dakota,329,31.0,alzheimer_s_disease
2005,Utah,541,31.0,diabetes
2002,Tennessee,1710,31.0,influenza_and_pneumonia
2000,Delaware,229,31.0,influenza_and_pneumonia
2015,Ohio,4643,31.1,alzheimer_s_disease
2015,New Jersey,3413,31.1,stroke
2013,New Jersey,3245,31.1,clrd
2012,New York,7034,31.1,clrd
2010,Colorado,1334,31.1,alzheimer_s_disease
2010,Massachusetts,2383,31.1,clrd
2003,Arkansas,921,31.1,influenza_and_pneumonia
2002,Kentucky,1265,31.1,diabetes
2000,Texas,5196,31.1,diabetes
2011,New Jersey,3157,31.2,clrd
2010,Alabama,1523,31.2,alzheimer_s_disease
2006,Rhode Island,421,31.2,stroke
2016,Iowa,1415,31.3,alzheimer_s_disease
2016,Rhode Island,445,31.3,clrd
2015,Colorado,1612,31.3,alzheimer_s_disease
2012,District of Columbia,194,31.3,unintentional_injuries
2010,Massachusetts,2516,31.3,stroke
2009,Kentucky,1345,31.3,alzheimer_s_disease
2007,New York,6561,31.3,clrd
2001,Maine,471,31.3,alzheimer_s_disease
2000,District of Columbia,175,31.3,clrd
2000,Maryland,1515,31.3,diabetes
1999,Kentucky,1198,31.3,influenza_and_pneumonia
2016,Massachusetts,2674,31.4,clrd
2015,Wyoming,198,31.4,stroke
2014,New Jersey,3419,31.4,stroke
2014,Massachusetts,2592,31.4,clrd
2013,Kentucky,1462,31.4,alzheimer_s_disease
2010,Rhode Island,431,31.4,stroke
2010,New Jersey,3106,31.4,clrd
2010,New York,6847,31.4,clrd
2009,Colorado,1319,31.4,alzheimer_s_disease
2009,Rhode Island,429,31.4,stroke
2009,New York,6740,31.4,clrd
2007,New Jersey,2991,31.4,clrd
2005,New Mexico,595,31.4,diabetes
2004,Alabama,1385,31.4,alzheimer_s_disease
2000,Ohio,3691,31.4,diabetes
1999,New Mexico,517,31.4,diabetes
1999,Ohio,3675,31.4,diabetes
1999,Utah,472,31.4,diabetes
2017,Nebraska,760,31.5,stroke
2011,Florida,8411,31.5,stroke
2011,New York,6963,31.5,clrd
2008,Iowa,1332,31.5,alzheimer_s_disease
2005,North Dakota,287,31.5,alzheimer_s_disease
2003,Illinois,3942,31.5,unintentional_injuries
2003,New Hampshire,405,31.5,unintentional_injuries
2003,Utah,520,31.5,diabetes
2002,Kentucky,1236,31.5,influenza_and_pneumonia
2001,New Mexico,538,31.5,diabetes
2001,Ohio,3750,31.5,diabetes
2000,South Carolina,1206,31.5,diabetes
2017,Wisconsin,2428,31.6,alzheimer_s_disease
2015,Idaho,552,31.6,alzheimer_s_disease
2014,Arizona,2485,31.6,alzheimer_s_disease
2012,Louisiana,1399,31.6,alzheimer_s_disease
2011,Illinois,4166,31.6,unintentional_injuries
2010,Virginia,2527,31.6,unintentional_injuries
2009,Alabama,1521,31.6,alzheimer_s_disease
2007,Massachusetts,2332,31.6,clrd
2006,Utah,715,31.6,unintentional_injuries
2004,Arizona,1675,31.6,alzheimer_s_disease
2004,Tennessee,1882,31.6,diabetes
2003,Kentucky,1296,31.6,diabetes
2003,Texas,5668,31.6,diabetes
2000,Maine,466,31.6,alzheimer_s_disease
2016,West Virginia,786,31.7,alzheimer_s_disease
2016,Wyoming,208,31.7,stroke
2015,West Virginia,784,31.7,diabetes
2014,Georgia,2670,31.7,alzheimer_s_disease
2014,Vermont,266,31.7,stroke
2013,Arizona,2383,31.7,alzheimer_s_disease
2013,Vermont,260,31.7,stroke
2013,Massachusetts,2572,31.7,clrd
2012,New Jersey,2990,31.7,unintentional_injuries
2012,Massachusetts,2520,31.7,clrd
2012,New Jersey,3271,31.7,clrd
2009,Arizona,2072,31.7,stroke
2006,Hawaii,441,31.7,unintentional_injuries
2005,California,11129,31.7,unintentional_injuries
2005,New York,6622,31.7,stroke
2003,Tennessee,1855,31.7,diabetes
2016,Minnesota,2219,31.8,alzheimer_s_disease
2013,New Jersey,3028,31.8,unintentional_injuries
2009,New Jersey,3125,31.8,clrd
2004,Oregon,1262,31.8,alzheimer_s_disease
2002,Utah,514,31.8,diabetes
1999,Ohio,3630,31.8,unintentional_injuries
2016,Mississippi,1084,31.9,diabetes
2014,Vermont,266,31.9,alzheimer_s_disease
2010,Arizona,2138,31.9,stroke
2004,New Mexico,590,31.9,diabetes
2003,Hawaii,415,31.9,unintentional_injuries
2003,New Jersey,2910,31.9,clrd
2001,Texas,5456,31.9,diabetes
2016,California,13213,32.0,unintentional_injuries
2014,California,12780,32.0,clrd
2013,Colorado,1588,32.0,stroke
2013,Minnesota,2073,32.0,stroke
2013,Utah,718,32.0,clrd
2011,Mississippi,996,32.0,diabetes
2009,West Virginia,746,32.0,diabetes
2008,Ohio,4285,32.0,alzheimer_s_disease
2008,Connecticut,1433,32.0,stroke
2005,Hawaii,436,32.0,unintentional_injuries
2004,Louisiana,1267,32.0,alzheimer_s_disease
2002,New Jersey,2885,32.0,clrd
2002,Ohio,3846,32.0,diabetes
2017,Utah,826,32.1,clrd
2014,Kentucky,1523,32.1,alzheimer_s_disease
2011,Connecticut,1415,32.1,clrd
2009,Mississippi,900,32.1,alzheimer_s_disease
2008,Alabama,1518,32.1,alzheimer_s_disease
2007,South Dakota,346,32.1,alzheimer_s_disease
2006,California,11375,32.1,unintentional_injuries
2017,California,13881,32.2,clrd
2015,Hawaii,536,32.2,unintentional_injuries
2003,Ohio,3757,32.2,unintentional_injuries
2001,Utah,509,32.2,diabetes
2017,Missouri,2545,32.3,alzheimer_s_disease
2016,Iowa,1388,32.3,stroke
2014,Alaska,157,32.3,stroke
2012,Maryland,1981,32.3,clrd
2011,New Hampshire,490,32.3,stroke
2009,Louisiana,1336,32.3,alzheimer_s_disease
2008,Kentucky,1370,32.3,alzheimer_s_disease
2007,California,11614,32.3,unintentional_injuries
2007,Connecticut,1353,32.3,clrd
2006,Massachusetts,2214,32.3,unintentional_injuries
2002,Alabama,1486,32.3,diabetes
2002,Texas,5654,32.3,diabetes
2017,Arkansas,1180,32.4,diabetes
2015,Mississippi,1092,32.4,diabetes
2015,Oklahoma,1442,32.4,diabetes
2013,South Carolina,1623,32.4,alzheimer_s_disease
2013,New Jersey,3456,32.4,stroke
2013,North Dakota,306,32.4,stroke
2011,Iowa,1406,32.4,alzheimer_s_disease
2011,Louisiana,1406,32.4,alzheimer_s_disease
2009,Connecticut,1460,32.4,stroke
2003,District of Columbia,179,32.4,diabetes
2017,Massachusetts,2842,32.5,clrd
2016,Minnesota,2197,32.5,stroke
2016,Montana,440,32.5,stroke
2015,New Mexico,786,32.5,stroke
2013,Massachusetts,2393,32.5,unintentional_injuries
2013,Maryland,2051,32.5,clrd
2011,Kentucky,1459,32.5,alzheimer_s_disease
2011,Vermont,257,32.5,alzheimer_s_disease
2009,Massachusetts,2579,32.5,stroke
2007,Minnesota,1758,32.5,clrd
2007,Rhode Island,421,32.5,clrd
2003,Tennessee,1814,32.5,influenza_and_pneumonia
2002,Connecticut,1182,32.5,unintentional_injuries
2001,Iowa,1051,32.5,unintentional_injuries
2001,Utah,643,32.5,unintentional_injuries
2017,Minnesota,2250,32.6,stroke
2016,California,13710,32.6,clrd
2015,Maine,616,32.6,stroke
2014,Utah,757,32.6,clrd
2012,Colorado,1576,32.6,stroke
2012,Mississippi,1050,32.6,diabetes
2010,Mississippi,927,32.6,alzheimer_s_disease
2009,New Jersey,3265,32.6,stroke
2008,Illinois,4218,32.6,unintentional_injuries
2008,New York,6919,32.6,clrd
2007,Alabama,1517,32.6,alzheimer_s_disease
2005,Oklahoma,1217,32.6,diabetes
2001,New Jersey,2911,32.6,clrd
2017,Wyoming,212,32.7,alzheimer_s_disease
2016,North Dakota,311,32.7,stroke
2012,New Jersey,3440,32.7,stroke
2010,District of Columbia,196,32.7,stroke
2009,Arizona,2097,32.7,alzheimer_s_disease
2008,West Virginia,753,32.7,diabetes
2007,North Dakota,265,32.7,clrd
2006,Alabama,1497,32.7,alzheimer_s_disease
2004,Maine,512,32.7,alzheimer_s_disease
2017,Iowa,1416,32.8,stroke
2010,Florida,8432,32.8,stroke
2004,Illinois,4133,32.8,unintentional_injuries
2004,Michigan,3312,32.8,unintentional_injuries
2001,Illinois,4077,32.8,unintentional_injuries
2000,Connecticut,1175,32.8,unintentional_injuries
2000,Illinois,4041,32.8,unintentional_injuries
1999,Michigan,3188,32.8,unintentional_injuries
2015,Nevada,874,32.9,alzheimer_s_disease
2013,Louisiana,1505,32.9,alzheimer_s_disease
2013,Vermont,269,32.9,alzheimer_s_disease
2013,Mississippi,1071,32.9,diabetes
2011,New Jersey,3418,32.9,stroke
2010,Iowa,1411,32.9,alzheimer_s_disease
2010,West Virginia,776,32.9,diabetes
2008,Mississippi,916,32.9,alzheimer_s_disease
2006,Louisiana,1282,32.9,alzheimer_s_disease
2006,Utah,591,32.9,clrd
2003,Arizona,1703,32.9,alzheimer_s_disease
2000,Michigan,3220,32.9,unintentional_injuries
2015,Oregon,1652,33.0,alzheimer_s_disease
2015,Massachusetts,2784,33.0,clrd
2014,Florida,9770,33.0,stroke
2012,Kentucky,1506,33.0,alzheimer_s_disease
2012,Minnesota,2081,33.0,stroke
2009,Connecticut,1293,33.0,unintentional_injuries
2006,District of Columbia,184,33.0,diabetes
2006,West Virginia,743,33.0,diabetes
2005,Illinois,4182,33.0,unintentional_injuries
2005,Arizona,1831,33.0,alzheimer_s_disease
2004,New Jersey,3031,33.0,clrd
2003,Michigan,3324,33.0,unintentional_injuries
2002,Michigan,3285,33.0,unintentional_injuries
2002,New Mexico,582,33.0,diabetes
2015,Indiana,2513,33.1,alzheimer_s_disease
2015,California,13621,33.1,clrd
2014,District of Columbia,217,33.1,unintentional_injuries
2012,Montana,415,33.1,stroke
2011,South Carolina,1560,33.1,alzheimer_s_disease
2009,Ohio,4012,33.1,unintentional_injuries
2008,North Dakota,312,33.1,alzheimer_s_disease
2008,New Jersey,3264,33.1,stroke
2017,California,13840,33.2,unintentional_injuries
2016,Nebraska,787,33.2,stroke
2015,Iowa,1418,33.2,stroke
2015,South Dakota,383,33.2,stroke
2014,Maine,628,33.2,stroke
2010,Utah,671,33.2,clrd
2009,Florida,8395,33.2,stroke
2007,Utah,617,33.2,clrd
2007,New Mexico,673,33.2,diabetes
2006,Minnesota,1770,33.2,clrd
2005,New York,6818,33.2,clrd
2003,New Mexico,599,33.2,diabetes
1999,Virginia,2214,33.2,unintentional_injuries
2017,Mississippi,1164,33.3,diabetes
2016,Wisconsin,2481,33.3,stroke
2014,West Virginia,818,33.3,diabetes
2013,Nevada,905,33.3,stroke
2011,Connecticut,1339,33.3,unintentional_injuries
2011,West Virginia,790,33.3,diabetes
2010,Nevada,796,33.3,stroke
2009,Virginia,2622,33.3,unintentional_injuries
2008,Utah,638,33.3,clrd
2007,Louisiana,1324,33.3,alzheimer_s_disease
2004,South Carolina,1245,33.3,alzheimer_s_disease
2003,New York,6709,33.3,clrd
2001,Michigan,3291,33.3,unintentional_injuries
1999,Washington,1914,33.3,unintentional_injuries
2016,Ohio,5031,33.4,alzheimer_s_disease
2015,Nebraska,776,33.4,stroke
2015,North Dakota,308,33.4,stroke
2014,Colorado,1714,33.4,stroke
2013,Maine,620,33.4,stroke
2010,New Jersey,3402,33.4,stroke
2009,South Carolina,1478,33.4,alzheimer_s_disease
2008,Colorado,1353,33.4,alzheimer_s_disease
2008,Louisiana,1361,33.4,alzheimer_s_disease
2007,Hawaii,470,33.4,unintentional_injuries
2007,Connecticut,1463,33.4,stroke
2007,Rhode Island,457,33.4,stroke
2005,Alabama,1501,33.4,alzheimer_s_disease
2004,Iowa,1108,33.4,unintentional_injuries
2004,Utah,697,33.4,unintentional_injuries
2004,New York,6786,33.4,clrd
2001,Ohio,3857,33.4,unintentional_injuries
2000,Iowa,1070,33.4,unintentional_injuries
2000,Washington,1799,33.4,alzheimer_s_disease
1999,Utah,650,33.4,unintentional_injuries
2017,Wisconsin,2513,33.5,stroke
2015,Minnesota,2238,33.5,stroke
2011,New Mexico,727,33.5,stroke
2010,Kentucky,1464,33.5,alzheimer_s_disease
2010,New Hampshire,500,33.5,stroke
2009,Connecticut,1448,33.5,clrd
2007,Louisiana,1437,33.5,diabetes
2017,Ohio,5117,33.6,alzheimer_s_disease
2016,Michigan,4249,33.6,alzheimer_s_disease
2014,District of Columbia,214,33.6,stroke
2013,District of Columbia,216,33.6,unintentional_injuries
2013,Illinois,4511,33.6,unintentional_injuries
2012,Illinois,4488,33.6,unintentional_injuries
2012,South Carolina,1634,33.6,alzheimer_s_disease
2011,Nebraska,678,33.6,unintentional_injuries
2011,Mississippi,975,33.6,alzheimer_s_disease
2010,Connecticut,1337,33.6,unintentional_injuries
2007,South Carolina,1396,33.6,alzheimer_s_disease
2002,Iowa,1093,33.6,unintentional_injuries
2002,Maine,513,33.6,alzheimer_s_disease
2015,New Jersey,3218,33.7,unintentional_injuries
2011,Arizona,2348,33.7,alzheimer_s_disease
2007,District of Columbia,193,33.7,unintentional_injuries
2004,New York,6927,33.7,stroke
2002,North Dakota,294,33.7,alzheimer_s_disease
1999,Illinois,4125,33.7,unintentional_injuries
2015,Montana,458,33.8,stroke
2014,Nevada,948,33.8,stroke
2012,District of Columbia,207,33.8,stroke
2009,Massachusetts,2559,33.8,clrd
2002,Illinois,4222,33.8,unintentional_injuries
2016,Idaho,607,33.9,alzheimer_s_disease
2015,Utah,811,33.9,clrd
2014,California,13731,33.9,stroke
2013,Iowa,1409,33.9,stroke
2011,Massachusetts,2651,33.9,clrd
2008,Arizona,2147,33.9,stroke
2008,New Hampshire,484,33.9,stroke
2008,New Jersey,3280,33.9,clrd
2007,Illinois,4367,33.9,unintentional_injuries
2003,Rhode Island,393,33.9,unintentional_injuries
2001,North Dakota,238,33.9,unintentional_injuries
2001,Utah,525,33.9,clrd
2017,West Virginia,864,34.0,diabetes
2014,Iowa,1433,34.0,stroke
2014,Minnesota,2202,34.0,stroke
2008,Arizona,2099,34.0,alzheimer_s_disease
2005,Michigan,3451,34.0,unintentional_injuries
2005,New Jersey,3148,34.0,clrd
2004,Connecticut,1261,34.0,unintentional_injuries
2014,Hawaii,655,34.1,stroke
2013,West Virginia,841,34.1,diabetes
2012,Iowa,1422,34.1,stroke
2009,New Hampshire,499,34.1,stroke
2008,Rhode Island,462,34.1,stroke
2006,New Hampshire,460,34.1,unintentional_injuries
2006,South Carolina,1364,34.1,alzheimer_s_disease
2002,District of Columbia,191,34.1,diabetes
2000,New Jersey,3007,34.1,clrd
2017,Colorado,1830,34.2,alzheimer_s_disease
2016,New York,7354,34.2,unintentional_injuries
2015,Washington,2703,34.2,stroke
2011,District of Columbia,209,34.2,stroke
2007,Arizona,2051,34.2,alzheimer_s_disease
2000,Utah,665,34.2,unintentional_injuries
1999,Vermont,209,34.2,unintentional_injuries
2016,Hawaii,675,34.3,stroke
2014,Washington,2649,34.3,stroke
2012,Maine,619,34.3,stroke
2012,Nevada,897,34.3,stroke
2012,Washington,2513,34.3,stroke
2011,Maryland,2050,34.3,clrd
2005,South Carolina,1316,34.3,alzheimer_s_disease
2004,New Hampshire,445,34.3,unintentional_injuries
2000,Minnesota,1711,34.3,unintentional_injuries
2016,Maine,663,34.4,stroke
2014,Illinois,4644,34.4,unintentional_injuries
2011,Hawaii,517,34.4,unintentional_injuries
2011,Virginia,2809,34.4,unintentional_injuries
2009,Minnesota,2033,34.4,stroke
2006,North Dakota,318,34.4,alzheimer_s_disease
2006,Maryland,1832,34.4,clrd
2006,North Dakota,283,34.4,clrd
2005,North Dakota,272,34.4,clrd
2005,Utah,592,34.4,clrd
2005,District of Columbia,192,34.4,diabetes
2004,North Dakota,313,34.4,alzheimer_s_disease
2017,Michigan,4428,34.5,alzheimer_s_disease
2012,Virginia,2883,34.5,unintentional_injuries
2012,California,12963,34.5,clrd
2010,Maine,602,34.5,stroke
2008,Massachusetts,2587,34.5,clrd
2005,Delaware,293,34.5,unintentional_injuries
2005,West Virginia,766,34.5,diabetes
2016,Virginia,3233,34.6,clrd
2014,Wisconsin,2511,34.6,stroke
2011,Colorado,1606,34.6,stroke
2009,District of Columbia,199,34.6,stroke
2006,Connecticut,1302,34.6,unintentional_injuries
2005,Utah,743,34.6,unintentional_injuries
2004,North Dakota,273,34.6,clrd
2002,District of Columbia,200,34.6,unintentional_injuries
2001,Pennsylvania,4552,34.6,unintentional_injuries
2000,Utah,524,34.6,clrd
2016,Colorado,1835,34.7,alzheimer_s_disease
2016,North Dakota,314,34.7,clrd
2015,Oklahoma,1498,34.7,alzheimer_s_disease
2014,Nebraska,798,34.7,stroke
2014,New Mexico,822,34.7,stroke
2013,Rhode Island,476,34.7,clrd
2012,Connecticut,1392,34.7,unintentional_injuries
2010,South Carolina,1570,34.7,alzheimer_s_disease
2008,South Carolina,1492,34.7,alzheimer_s_disease
2007,Rhode Island,416,34.7,unintentional_injuries
2003,Utah,702,34.7,unintentional_injuries
1999,Oregon,1199,34.7,unintentional_injuries
2017,New Mexico,878,34.8,stroke
2016,Oregon,1786,34.8,alzheimer_s_disease
2016,West Virginia,860,34.8,diabetes
2015,North Carolina,3803,34.8,alzheimer_s_disease
2015,South Dakota,421,34.8,alzheimer_s_disease
2014,Arkansas,1193,34.8,alzheimer_s_disease
2012,Nebraska,776,34.8,stroke
2009,New Hampshire,482,34.8,unintentional_injuries
2009,Minnesota,1961,34.8,clrd
2008,Florida,8589,34.8,stroke
2007,Delaware,309,34.8,unintentional_injuries
2007,New Hampshire,489,34.8,stroke
2006,Massachusetts,2535,34.8,clrd
2005,Louisiana,1405,34.8,alzheimer_s_disease
2001,Nebraska,633,34.8,unintentional_injuries
2000,Utah,530,34.8,diabetes
1999,West Virginia,734,34.8,diabetes
2017,Minnesota,2474,34.9,alzheimer_s_disease
2017,Virginia,3363,34.9,clrd
2016,Indiana,2678,34.9,alzheimer_s_disease
2015,Kentucky,1694,34.9,alzheimer_s_disease
2015,Colorado,1856,34.9,stroke
2013,Nebraska,703,34.9,unintentional_injuries
2013,Virginia,2951,34.9,unintentional_injuries
2013,California,13698,34.9,stroke
2013,Hawaii,634,34.9,stroke
2012,Wyoming,205,34.9,stroke
2011,Iowa,1432,34.9,stroke
2006,Illinois,4451,34.9,unintentional_injuries
2003,Delaware,287,34.9,unintentional_injuries
2002,Indiana,2148,34.9,unintentional_injuries
2002,New York,6966,34.9,clrd
2000,United States,97900,34.9,unintentional_injuries
2000,New York,6784,34.9,clrd
1999,Maine,458,34.9,unintentional_injuries
2017,Kentucky,1765,35.0,alzheimer_s_disease
2013,South Dakota,418,35.0,alzheimer_s_disease
2011,Minnesota,2154,35.0,stroke
2010,Maryland,2039,35.0,clrd
2006,Connecticut,1458,35.0,clrd
2003,Utah,569,35.0,clrd
2001,New York,6906,35.0,clrd
2017,Arizona,3058,35.1,alzheimer_s_disease
2017,Alaska,190,35.1,stroke
2016,Kentucky,1728,35.1,alzheimer_s_disease
2015,Vermont,298,35.1,alzheimer_s_disease
2013,Wyoming,213,35.1,stroke
2010,District of Columbia,212,35.1,unintentional_injuries
2010,Minnesota,2016,35.1,clrd
2008,Massachusetts,2747,35.1,stroke
2002,North Dakota,246,35.1,unintentional_injuries
2016,Colorado,1927,35.2,stroke
2014,Mississippi,1098,35.2,alzheimer_s_disease
2012,Hawaii,634,35.2,stroke
2009,Colorado,1532,35.2,stroke
2009,New Mexico,726,35.2,stroke
2007,Maryland,1901,35.2,clrd
2007,West Virginia,800,35.2,diabetes
2006,Michigan,3590,35.2,unintentional_injuries
2002,Virginia,2479,35.2,unintentional_injuries
2001,Virginia,2432,35.2,unintentional_injuries
2001,Washington,2072,35.2,unintentional_injuries
2000,Pennsylvania,4583,35.2,unintentional_injuries
1999,Iowa,1123,35.2,unintentional_injuries
2017,Indiana,2771,35.3,alzheimer_s_disease
2017,Iowa,1597,35.3,alzheimer_s_disease
2016,Hawaii,577,35.3,unintentional_injuries
2016,North Dakota,361,35.3,alzheimer_s_disease
2014,Alabama,1885,35.3,alzheimer_s_disease
2014,Virginia,3108,35.3,clrd
2013,California,13598,35.3,clrd
2012,Vermont,284,35.3,alzheimer_s_disease
2012,Minnesota,2124,35.3,clrd
2012,North Dakota,306,35.3,clrd
2010,Arizona,2327,35.3,alzheimer_s_disease
2010,Vermont,265,35.3,stroke
2008,Connecticut,1505,35.3,clrd
2000,Nebraska,640,35.3,unintentional_injuries
2000,North Dakota,248,35.3,unintentional_injuries
1999,Delaware,267,35.3,unintentional_injuries
1999,Pennsylvania,4614,35.3,unintentional_injuries
1999,United States,97860,35.3,unintentional_injuries
2017,North Dakota,337,35.4,stroke
2013,Idaho,598,35.4,stroke
2012,California,13542,35.4,stroke
2009,Tennessee,2203,35.4,alzheimer_s_disease
2008,New Hampshire,488,35.4,unintentional_injuries
2007,Connecticut,1343,35.4,unintentional_injuries
2006,Minnesota,1919,35.4,unintentional_injuries
2004,Delaware,294,35.4,unintentional_injuries
2004,Connecticut,1432,35.4,clrd
2003,Indiana,2196,35.4,unintentional_injuries
2003,Iowa,1164,35.4,unintentional_injuries
2001,Minnesota,1797,35.4,unintentional_injuries
2000,Indiana,2139,35.4,unintentional_injuries
2000,Virginia,2396,35.4,unintentional_injuries
2017,New York,7687,35.5,unintentional_injuries
2016,New Mexico,885,35.5,stroke
2014,North Dakota,325,35.5,stroke
2013,Washington,2652,35.5,stroke
2004,Maine,480,35.5,unintentional_injuries
2004,Minnesota,1867,35.5,unintentional_injuries
2000,Washington,2049,35.5,unintentional_injuries
2017,Montana,487,35.6,stroke
2015,Wisconsin,2618,35.6,stroke
2011,Hawaii,621,35.6,stroke
2009,Nebraska,683,35.6,unintentional_injuries
2007,Utah,811,35.6,unintentional_injuries
2006,Pennsylvania,5621,35.6,clrd
2005,Virginia,2638,35.6,unintentional_injuries
2004,Utah,595,35.6,clrd
1999,Wisconsin,1955,35.6,unintentional_injuries
2017,Hawaii,585,35.7,unintentional_injuries
2016,Maryland,2271,35.7,unintentional_injuries
2015,California,15065,35.7,alzheimer_s_disease
2008,Connecticut,1386,35.7,unintentional_injuries
2008,Michigan,3685,35.7,unintentional_injuries
2006,Iowa,1188,35.7,unintentional_injuries
2004,Minnesota,1839,35.7,clrd
2003,New York,7281,35.7,stroke
2001,United States,101537,35.7,unintentional_injuries
2000,District of Columbia,204,35.7,unintentional_injuries
1999,Florida,5961,35.7,unintentional_injuries
2017,Colorado,1988,35.8,stroke
2016,Arizona,3082,35.8,alzheimer_s_disease
2016,Vermont,310,35.8,alzheimer_s_disease
2016,South Dakota,420,35.8,stroke
2016,Washington,2910,35.8,stroke
2016,Minnesota,2369,35.8,clrd
2016,Utah,875,35.8,clrd
2015,Illinois,4850,35.8,unintentional_injuries
2015,Arizona,2943,35.8,alzheimer_s_disease
2011,Maine,630,35.8,stroke
2011,Washington,2557,35.8,stroke
2010,Nebraska,700,35.8,unintentional_injuries
2010,Hawaii,605,35.8,stroke
2009,Michigan,3682,35.8,unintentional_injuries
2008,Maryland,1982,35.8,clrd
2007,Nebraska,674,35.8,unintentional_injuries
2006,Virginia,2703,35.8,unintentional_injuries
2006,Arizona,2066,35.8,alzheimer_s_disease
2006,Connecticut,1547,35.8,stroke
2005,District of Columbia,207,35.8,unintentional_injuries
2003,Minnesota,1832,35.8,clrd
2002,Ohio,4146,35.8,unintentional_injuries
2002,Utah,714,35.8,unintentional_injuries
2001,Indiana,2185,35.8,unintentional_injuries
2000,Oregon,1248,35.8,unintentional_injuries
1999,Minnesota,1772,35.8,unintentional_injuries
1999,North Dakota,273,35.8,clrd
2017,District of Columbia,246,35.9,stroke
2017,Nevada,1137,35.9,stroke
2017,Alaska,204,35.9,clrd
2016,Nevada,1096,35.9,stroke
2012,Vermont,281,35.9,stroke
2010,South Dakota,398,35.9,alzheimer_s_disease
2007,Arizona,2207,35.9,stroke
2004,Massachusetts,2574,35.9,clrd
2002,Pennsylvania,4728,35.9,unintentional_injuries
2000,West Virginia,759,35.9,diabetes
1999,New Jersey,3130,35.9,clrd
2017,Oregon,1850,36.0,alzheimer_s_disease
2014,Louisiana,1670,36.0,alzheimer_s_disease
2014,Minnesota,2277,36.0,clrd
2014,Rhode Island,505,36.0,clrd
2013,Wisconsin,2536,36.0,stroke
2012,Wisconsin,2520,36.0,stroke
2011,Nevada,889,36.0,stroke
2007,New Jersey,3492,36.0,stroke
2016,California,15570,36.1,alzheimer_s_disease
2016,Oklahoma,1590,36.1,alzheimer_s_disease
2014,North Dakota,317,36.1,clrd
2013,Maryland,2315,36.1,stroke
2010,Colorado,1607,36.1,stroke
2010,Minnesota,2167,36.1,stroke
2009,Rhode Island,428,36.1,unintentional_injuries
2006,Nebraska,683,36.1,unintentional_injuries
2006,New Hampshire,494,36.1,stroke
2005,Tennessee,2033,36.1,alzheimer_s_disease
2005,Connecticut,1471,36.1,clrd
2004,Ohio,4234,36.1,unintentional_injuries
2003,Connecticut,1445,36.1,clrd
2017,Utah,888,36.2,stroke
2017,Rhode Island,521,36.2,clrd
2015,California,15065,36.2,stroke
2014,North Dakota,364,36.2,alzheimer_s_disease
2014,South Dakota,434,36.2,alzheimer_s_disease
2013,United States,128978,36.2,stroke
2010,Michigan,3770,36.2,unintentional_injuries
2009,Minnesota,2037,36.2,unintentional_injuries
2008,Minnesota,2010,36.2,unintentional_injuries
2008,Virginia,2820,36.2,unintentional_injuries
2005,Minnesota,1922,36.2,unintentional_injuries
2005,Connecticut,1528,36.2,stroke
2004,Virginia,2630,36.2,unintentional_injuries
2017,Minnesota,2464,36.3,clrd
2015,Idaho,641,36.3,stroke
2013,Michigan,4373,36.3,stroke
2012,Tennessee,2434,36.3,alzheimer_s_disease
2009,Maryland,2064,36.3,clrd
2006,Tennessee,2115,36.3,alzheimer_s_disease
2006,New Jersey,3468,36.3,stroke
2006,Louisiana,1536,36.3,diabetes
2005,New Hampshire,477,36.3,unintentional_injuries
2004,Rhode Island,463,36.3,clrd
2003,Vermont,235,36.3,unintentional_injuries
2001,Maine,490,36.3,unintentional_injuries
2015,Vermont,307,36.4,stroke
2015,Minnesota,2351,36.4,clrd
2014,Montana,480,36.4,stroke
2013,Nebraska,820,36.4,stroke
2011,Delaware,338,36.4,unintentional_injuries
2011,California,13503,36.4,stroke
2002,Delaware,292,36.4,unintentional_injuries
2017,North Dakota,387,36.5,alzheimer_s_disease
2017,Pennsylvania,6700,36.5,stroke
2014,United States,133103,36.5,stroke
2012,Maryland,2280,36.5,stroke
2007,Michigan,3764,36.5,unintentional_injuries
2007,Florida,8781,36.5,stroke
2006,Rhode Island,434,36.5,unintentional_injuries
2005,Maryland,1908,36.5,clrd
2017,Idaho,672,36.6,alzheimer_s_disease
2014,Massachusetts,2668,36.6,unintentional_injuries
2013,North Dakota,363,36.6,alzheimer_s_disease
2012,Michigan,3805,36.6,unintentional_injuries
2012,North Dakota,364,36.6,alzheimer_s_disease
2010,Maine,540,36.6,unintentional_injuries
2005,Massachusetts,2647,36.6,clrd
2001,Delaware,290,36.6,unintentional_injuries
2017,South Dakota,414,36.7,stroke
2015,North Dakota,376,36.7,alzheimer_s_disease
2014,Pennsylvania,6576,36.7,stroke
2013,Illinois,5294,36.7,stroke
2011,South Dakota,424,36.7,alzheimer_s_disease
2011,California,13357,36.7,clrd
2010,Minnesota,2103,36.7,unintentional_injuries
2007,Massachusetts,2832,36.7,stroke
2005,Iowa,1202,36.7,unintentional_injuries
2003,Minnesota,1912,36.7,unintentional_injuries
2016,Pennsylvania,6523,36.8,clrd
2015,Alaska,182,36.8,stroke
2014,Virginia,3146,36.8,unintentional_injuries
2014,Idaho,640,36.8,stroke
2009,Delaware,333,36.8,unintentional_injuries
2009,South Dakota,403,36.8,alzheimer_s_disease
2002,Washington,2203,36.8,unintentional_injuries
2001,Vermont,230,36.8,unintentional_injuries
2017,Maryland,2408,36.9,unintentional_injuries
2017,South Dakota,444,36.9,alzheimer_s_disease
2017,Washington,3028,36.9,stroke
2016,California,15680,36.9,stroke
2015,Rhode Island,510,36.9,clrd
2013,Tennessee,2536,36.9,alzheimer_s_disease
2012,United States,128546,36.9,stroke
2012,Rhode Island,504,36.9,clrd
2012,Virginia,3070,36.9,clrd
2011,Nebraska,810,36.9,stroke
2009,Nevada,859,36.9,stroke
2003,Washington,2239,36.9,unintentional_injuries
2002,Connecticut,1453,36.9,clrd
2001,Oregon,1313,36.9,unintentional_injuries
1999,New York,7086,36.9,clrd
2016,Nebraska,772,37.0,unintentional_injuries
2016,Pennsylvania,6730,37.0,stroke
2015,Nevada,1078,37.0,stroke
2014,Virginia,3229,37.0,stroke
2014,Pennsylvania,6422,37.0,clrd
2013,Texas,9395,37.0,unintentional_injuries
2013,Delaware,409,37.0,stroke
2010,Washington,2548,37.0,stroke
2010,California,12987,37.0,clrd
2009,Iowa,1255,37.0,unintentional_injuries
2007,Illinois,4742,37.0,clrd
2003,Virginia,2644,37.0,unintentional_injuries
2001,Nevada,739,37.0,unintentional_injuries
2017,California,16238,37.1,alzheimer_s_disease
2017,Pennsylvania,6667,37.1,clrd
2016,South Dakota,449,37.1,alzheimer_s_disease
2015,Florida,11433,37.1,stroke
2015,Virginia,3370,37.1,clrd
2013,Minnesota,2287,37.1,clrd
2012,Wisconsin,2524,37.1,clrd
2011,Minnesota,2170,37.1,clrd
2010,Utah,739,37.1,stroke
2008,Nebraska,714,37.1,unintentional_injuries
2003,West Virginia,807,37.1,diabetes
2002,United States,106742,37.1,unintentional_injuries
2001,Washington,2050,37.1,alzheimer_s_disease
2016,North Carolina,4153,37.2,alzheimer_s_disease
2016,Idaho,682,37.2,stroke
2013,Pennsylvania,6604,37.2,stroke
2012,Idaho,610,37.2,stroke
2011,North Dakota,337,37.2,stroke
2011,Wisconsin,2554,37.2,stroke
2011,Wyoming,214,37.2,stroke
2010,Iowa,1273,37.2,unintentional_injuries
2010,North Dakota,361,37.2,alzheimer_s_disease
2010,Wyoming,204,37.2,stroke
2008,North Dakota,325,37.2,stroke
2017,North Carolina,4289,37.3,alzheimer_s_disease
2016,Florida,11854,37.3,stroke
2016,United States,142142,37.3,stroke
2016,Washington,3036,37.3,clrd
2014,Texas,9723,37.3,unintentional_injuries
2013,Oregon,1775,37.3,stroke
2013,Virginia,3181,37.3,clrd
2012,Michigan,4414,37.3,stroke
2012,North Dakota,343,37.3,stroke
2010,New Hampshire,517,37.3,unintentional_injuries
2008,Rhode Island,478,37.3,clrd
2006,Illinois,4731,37.3,clrd
2004,Maryland,1910,37.3,clrd
2000,Florida,6267,37.3,unintentional_injuries
1999,Nebraska,668,37.3,unintentional_injuries
2015,Texas,9976,37.4,unintentional_injuries
2014,South Carolina,1938,37.4,alzheimer_s_disease
2014,Illinois,5489,37.4,stroke
2014,Oregon,1821,37.4,stroke
2012,Texas,9313,37.4,unintentional_injuries
2012,Pennsylvania,6546,37.4,stroke
2012,South Dakota,408,37.4,stroke
2008,South Dakota,402,37.4,alzheimer_s_disease
2008,Colorado,1565,37.4,stroke
2005,Nebraska,704,37.4,unintentional_injuries
2005,Minnesota,1965,37.4,clrd
2001,District of Columbia,209,37.4,diabetes
2017,Hawaii,764,37.5,stroke
2017,Maine,736,37.5,stroke
2017,Virginia,3555,37.5,stroke
2015,Oregon,1873,37.5,stroke
2012,Oregon,1763,37.5,stroke
2009,United States,118021,37.5,unintentional_injuries
2009,California,12936,37.5,clrd
2007,Iowa,1252,37.5,unintentional_injuries
2007,Minnesota,2066,37.5,unintentional_injuries
2006,Arizona,2226,37.5,stroke
2006,Florida,8912,37.5,clrd
2003,North Dakota,336,37.5,alzheimer_s_disease
2001,Wisconsin,2100,37.5,unintentional_injuries
2000,Delaware,290,37.5,unintentional_injuries
2017,United States,146383,37.6,stroke
2017,California,16355,37.6,stroke
2017,Illinois,5732,37.6,clrd
2015,Michigan,4666,37.6,stroke
2015,United States,140323,37.6,stroke
2013,Montana,480,37.6,stroke
2010,Washington,2609,37.6,unintentional_injuries
2009,Utah,738,37.6,stroke
2003,United States,109277,37.6,unintentional_injuries
2002,Minnesota,1928,37.6,unintentional_injuries
2000,Texas,7407,37.6,unintentional_injuries
1999,Texas,7227,37.6,unintentional_injuries
1999,Utah,559,37.6,clrd
2017,Kansas,1355,37.7,stroke
2012,Illinois,5337,37.7,stroke
2009,Wisconsin,2501,37.7,stroke
2008,Minnesota,2199,37.7,stroke
2005,Ohio,4438,37.7,unintentional_injuries
2005,New Hampshire,497,37.7,stroke
2001,West Virginia,802,37.7,diabetes
2016,Texas,9135,37.8,alzheimer_s_disease
2016,Illinois,5658,37.8,stroke
2016,Oregon,1943,37.8,stroke
2015,Maryland,2540,37.8,stroke
2015,Alaska,204,37.8,clrd
2012,Utah,809,37.8,stroke
2011,Maryland,2306,37.8,stroke
2011,Utah,782,37.8,stroke
2010,Oregon,1566,37.8,unintentional_injuries
2008,Iowa,1266,37.8,unintentional_injuries
2008,Utah,881,37.8,unintentional_injuries
2008,Minnesota,2096,37.8,clrd
2006,Florida,8925,37.8,stroke
2006,Alaska,140,37.8,clrd
2002,Vermont,240,37.8,unintentional_injuries
1999,Connecticut,1435,37.8,clrd
2014,Michigan,4596,37.9,stroke
2014,Utah,856,37.9,stroke
2014,Washington,2916,37.9,clrd
2013,Alaska,197,37.9,clrd
2011,Montana,460,37.9,stroke
2011,United States,128932,37.9,stroke
2010,Pennsylvania,6202,37.9,clrd
2008,Delaware,365,37.9,stroke
2007,North Dakota,330,37.9,stroke
2006,Delaware,344,37.9,clrd
2004,Washington,2341,37.9,unintentional_injuries
2004,Washington,2233,37.9,alzheimer_s_disease
2003,Pennsylvania,5014,37.9,unintentional_injuries
2002,New York,7625,37.9,stroke
2016,Florida,11970,38.0,clrd
2015,Virginia,3393,38.0,stroke
2014,Maryland,2469,38.0,stroke
2014,Florida,11178,38.0,clrd
2013,South Dakota,418,38.0,stroke
2011,Michigan,3951,38.0,unintentional_injuries
2010,United States,120859,38.0,unintentional_injuries
2010,Iowa,1537,38.0,stroke
2010,Wisconsin,2474,38.0,clrd
2009,Maine,647,38.0,stroke
2007,Vermont,269,38.0,stroke
2006,Delaware,329,38.0,unintentional_injuries
2006,Virginia,2697,38.0,clrd
2003,Maine,516,38.0,unintentional_injuries
2003,Nebraska,696,38.0,unintentional_injuries
2000,Kansas,1054,38.0,unintentional_injuries
2017,Washington,3177,38.1,clrd
2016,Illinois,5632,38.1,clrd
2015,Pennsylvania,6664,38.1,clrd
2014,Tennessee,2672,38.1,alzheimer_s_disease
2013,Kansas,1320,38.1,stroke
2011,Washington,2709,38.1,unintentional_injuries
2010,California,13662,38.1,stroke
2010,Virginia,2969,38.1,clrd
2007,Pennsylvania,6077,38.1,clrd
2006,Massachusetts,2880,38.1,stroke
2006,Vermont,264,38.1,stroke
2006,Rhode Island,485,38.1,clrd
2004,North Dakota,274,38.1,unintentional_injuries
2004,United States,112012,38.1,unintentional_injuries
2004,Illinois,4723,38.1,clrd
2002,Maine,511,38.1,unintentional_injuries
2002,Utah,603,38.1,clrd
2000,Vermont,234,38.1,unintentional_injuries
2016,Virginia,3502,38.2,stroke
2015,Texas,8903,38.2,alzheimer_s_disease
2015,Hawaii,735,38.2,stroke
2015,Illinois,5544,38.2,clrd
2013,Utah,836,38.2,stroke
2013,North Dakota,331,38.2,clrd
2012,Delaware,404,38.2,stroke
2009,Utah,899,38.2,unintentional_injuries
2009,North Dakota,337,38.2,stroke
2007,Tennessee,2276,38.2,alzheimer_s_disease
2006,Utah,674,38.2,stroke
2005,Washington,2309,38.2,alzheimer_s_disease
2005,Vermont,260,38.2,stroke
2004,West Virginia,840,38.2,diabetes
2003,Oregon,1401,38.2,unintentional_injuries
2001,Connecticut,1486,38.2,clrd
2017,North Dakota,358,38.3,clrd
2017,Wisconsin,2834,38.3,clrd
2016,South Dakota,426,38.3,clrd
2016,Wisconsin,2786,38.3,clrd
2015,District of Columbia,242,38.3,stroke
2013,Georgia,3727,38.3,unintentional_injuries
2012,Washington,2760,38.3,unintentional_injuries
2011,Maine,574,38.3,unintentional_injuries
2008,New Mexico,760,38.3,stroke
2008,Vermont,281,38.3,stroke
2007,Virginia,2931,38.3,unintentional_injuries
2007,California,12532,38.3,clrd
2007,Virginia,2770,38.3,clrd
2001,Delaware,306,38.3,clrd
2016,District of Columbia,252,38.4,stroke
2015,Illinois,5709,38.4,stroke
2015,Utah,888,38.4,stroke
2015,Florida,11705,38.4,clrd
2012,Florida,10585,38.4,clrd
2011,New Hampshire,553,38.4,unintentional_injuries
2010,New Mexico,806,38.4,stroke
2007,Minnesota,2193,38.4,stroke
2004,District of Columbia,219,38.4,unintentional_injuries
2004,Indiana,2395,38.4,unintentional_injuries
2004,Louisiana,1615,38.4,clrd
2002,Oregon,1397,38.4,unintentional_injuries
2001,District of Columbia,223,38.4,unintentional_injuries
1999,Indiana,2309,38.4,unintentional_injuries
1999,North Dakota,267,38.4,unintentional_injuries
2017,Nebraska,811,38.5,unintentional_injuries
2017,Texas,9545,38.5,alzheimer_s_disease
2017,Idaho,726,38.5,stroke
2011,Florida,10279,38.5,clrd
2010,Indiana,2534,38.5,unintentional_injuries
2010,Tennessee,2440,38.5,alzheimer_s_disease
2010,Rhode Island,507,38.5,clrd
2009,California,13506,38.5,stroke
2009,Wisconsin,2461,38.5,clrd
2008,District of Columbia,222,38.5,stroke
2006,Wisconsin,2354,38.5,clrd
2005,New Jersey,3614,38.5,stroke
1999,Nevada,710,38.5,unintentional_injuries
2016,Texas,10536,38.6,unintentional_injuries
2016,Kansas,1363,38.6,stroke
2015,Kansas,1364,38.6,stroke
2014,Nebraska,781,38.6,unintentional_injuries
2013,Virginia,3287,38.6,stroke
2012,Illinois,5313,38.6,clrd
2011,Illinois,5372,38.6,stroke
2011,Michigan,4442,38.6,stroke
2011,Virginia,3112,38.6,clrd
2009,Washington,2591,38.6,stroke
2007,Florida,9357,38.6,clrd
2007,Wisconsin,2399,38.6,clrd
2004,Pennsylvania,5978,38.6,clrd
2003,Kansas,1089,38.6,unintentional_injuries
2001,Pennsylvania,5845,38.6,clrd
2000,North Dakota,295,38.6,clrd
1999,South Dakota,335,38.6,clrd
2013,Washington,2826,38.7,unintentional_injuries
2011,Texas,9410,38.7,unintentional_injuries
2005,Louisiana,1695,38.7,diabetes
2000,Nevada,730,38.7,unintentional_injuries
2017,Texas,10763,38.8,unintentional_injuries
2016,Utah,932,38.8,stroke
2015,Pennsylvania,6987,38.8,stroke
2014,Delaware,439,38.8,stroke
2014,South Dakota,439,38.8,stroke
2014,Alaska,192,38.8,clrd
2012,Delaware,374,38.8,unintentional_injuries
2012,Pennsylvania,6550,38.8,clrd
2011,Idaho,623,38.8,stroke
2010,North Dakota,285,38.8,unintentional_injuries
2010,Maryland,2279,38.8,stroke
2010,Wisconsin,2609,38.8,stroke
2007,Indiana,2499,38.8,unintentional_injuries
2005,Oregon,1469,38.8,unintentional_injuries
2001,New York,7706,38.8,stroke
2001,Minnesota,1909,38.8,clrd
2017,Florida,12602,38.9,stroke
2017,Illinois,6020,38.9,stroke
2015,Nebraska,799,38.9,unintentional_injuries
2007,North Dakota,279,38.9,unintentional_injuries
2006,Indiana,2480,38.9,unintentional_injuries
2006,North Dakota,275,38.9,unintentional_injuries
2004,Oregon,1444,38.9,unintentional_injuries
2004,Wisconsin,2312,38.9,clrd
2003,Massachusetts,2765,38.9,clrd
2002,Massachusetts,2745,38.9,clrd
2000,Wisconsin,2159,38.9,unintentional_injuries
2017,Florida,12619,39.0,clrd
2016,Alaska,196,39.0,stroke
2016,Michigan,4874,39.0,stroke
2014,Kansas,1363,39.0,stroke
2012,Georgia,3731,39.0,unintentional_injuries
2010,Texas,9212,39.0,unintentional_injuries
2009,Nevada,1025,39.0,unintentional_injuries
2009,North Dakota,366,39.0,alzheimer_s_disease
2009,Illinois,5258,39.0,stroke
2007,New Hampshire,527,39.0,unintentional_injuries
2007,District of Columbia,220,39.0,stroke
2007,Montana,443,39.0,stroke
2003,Rhode Island,495,39.0,clrd
2002,Washington,2195,39.0,alzheimer_s_disease
2000,Minnesota,1902,39.0,clrd
1999,Colorado,1519,39.0,unintentional_injuries
2015,Indiana,2959,39.1,stroke
2013,Florida,8736,39.1,unintentional_injuries
2012,Minnesota,2301,39.1,unintentional_injuries
2012,United States,127792,39.1,unintentional_injuries
2012,Delaware,420,39.1,clrd
2011,North Dakota,298,39.1,unintentional_injuries
2011,United States,126438,39.1,unintentional_injuries
2010,United States,129476,39.1,stroke
2008,South Dakota,396,39.1,stroke
2006,Colorado,1532,39.1,stroke
2004,Pennsylvania,5200,39.1,unintentional_injuries
2004,Connecticut,1635,39.1,stroke
2004,Florida,8971,39.1,clrd
2003,North Dakota,302,39.1,clrd
2003,Wisconsin,2299,39.1,clrd
2014,Illinois,5631,39.2,clrd
2010,Delaware,357,39.2,unintentional_injuries
2003,Pennsylvania,6046,39.2,clrd
2002,Minnesota,1971,39.2,clrd
2017,Michigan,5002,39.3,stroke
2016,Utah,904,39.3,alzheimer_s_disease
2016,New Hampshire,684,39.3,clrd
2015,Wisconsin,2846,39.3,clrd
2014,Wisconsin,2759,39.3,clrd
2013,Connecticut,1582,39.3,unintentional_injuries
2013,Illinois,5532,39.3,clrd
2013,Pennsylvania,6716,39.3,clrd
2013,South Dakota,416,39.3,clrd
2010,Illinois,5349,39.3,stroke
2010,Pennsylvania,6701,39.3,stroke
2009,Indiana,2577,39.3,unintentional_injuries
2009,Oregon,1598,39.3,unintentional_injuries
2008,United States,121902,39.3,unintentional_injuries
2006,Washington,2470,39.3,alzheimer_s_disease
2006,New Mexico,739,39.3,stroke
2005,Indiana,2480,39.3,unintentional_injuries
2005,Pennsylvania,6149,39.3,clrd
2004,District of Columbia,218,39.3,stroke
2002,Pennsylvania,6017,39.3,clrd
2000,District of Columbia,221,39.3,diabetes
2017,Arkansas,1436,39.4,alzheimer_s_disease
2017,Oklahoma,1752,39.4,alzheimer_s_disease
2017,Kentucky,2050,39.4,stroke
2015,Delaware,466,39.4,stroke
2014,Minnesota,2385,39.4,unintentional_injuries
2013,United States,130557,39.4,unintentional_injuries
2013,Washington,2933,39.4,clrd
2012,South Dakota,460,39.4,alzheimer_s_disease
2012,Kansas,1343,39.4,stroke
2011,Alaska,168,39.4,stroke
2010,Illinois,5231,39.4,clrd
2009,Pennsylvania,5477,39.4,unintentional_injuries
2009,Washington,2696,39.4,unintentional_injuries
2009,Maryland,2288,39.4,stroke
2006,District of Columbia,224,39.4,unintentional_injuries
2004,Vermont,253,39.4,unintentional_injuries
2002,Maryland,1944,39.4,clrd
2016,Indiana,3040,39.5,stroke
2016,Texas,10107,39.5,clrd
2011,Tennessee,2589,39.5,alzheimer_s_disease
2011,Rhode Island,526,39.5,clrd
2011,Wisconsin,2615,39.5,clrd
2010,Michigan,4474,39.5,stroke
2009,Montana,462,39.5,stroke
2008,Indiana,2558,39.5,unintentional_injuries
2007,Colorado,1600,39.5,stroke
2006,Pennsylvania,5299,39.5,unintentional_injuries
2005,United States,117809,39.5,unintentional_injuries
2004,Alaska,139,39.5,clrd
2003,Illinois,4858,39.5,clrd
2003,Maryland,1986,39.5,clrd
2002,West Virginia,846,39.5,diabetes
2001,Illinois,4776,39.5,clrd
2001,Maryland,1907,39.5,clrd
2015,Virginia,3429,39.6,unintentional_injuries
2011,Iowa,1369,39.6,unintentional_injuries
2011,Pennsylvania,6825,39.6,stroke
2011,North Dakota,342,39.6,clrd
2009,United States,128842,39.6,stroke
2009,Pennsylvania,6432,39.6,clrd
2009,Virginia,3013,39.6,clrd
2008,Delaware,352,39.6,unintentional_injuries
2002,Illinois,4827,39.6,clrd
2001,North Dakota,308,39.6,clrd
1999,District of Columbia,221,39.6,diabetes
2017,Oregon,2088,39.7,clrd
2016,Maryland,2709,39.7,stroke
2015,Washington,3154,39.7,clrd
2012,Iowa,1369,39.7,unintentional_injuries
2011,Kansas,1338,39.7,stroke
2011,Pennsylvania,6627,39.7,clrd
2008,Utah,748,39.7,stroke
2006,Minnesota,2219,39.7,stroke
2005,North Dakota,287,39.7,unintentional_injuries
2004,Nebraska,743,39.7,unintentional_injuries
2004,Texas,8323,39.7,unintentional_injuries
2004,Wisconsin,2303,39.7,unintentional_injuries
2001,Texas,7920,39.7,unintentional_injuries
2000,Illinois,4768,39.7,clrd
2012,Nebraska,792,39.8,unintentional_injuries
2009,Michigan,4435,39.8,stroke
2009,Rhode Island,511,39.8,clrd
2007,Nevada,850,39.8,stroke
2005,Massachusetts,2977,39.8,stroke
2004,Rhode Island,522,39.8,stroke
2017,Oregon,2066,39.9,stroke
2013,Ohio,5690,39.9,stroke
2013,Florida,11379,39.9,clrd
2012,Florida,8770,39.9,unintentional_injuries
2012,Oregon,1709,39.9,unintentional_injuries
2011,Minnesota,2319,39.9,unintentional_injuries
2011,Illinois,5390,39.9,clrd
2010,South Dakota,416,39.9,stroke
2008,Tennessee,2423,39.9,alzheimer_s_disease
2008,California,13426,39.9,clrd
2008,Wisconsin,2538,39.9,clrd
2005,Rhode Island,533,39.9,stroke
2004,Louisiana,1717,39.9,diabetes
2003,North Dakota,282,39.9,unintentional_injuries
2015,North Dakota,351,40.0,clrd
2014,Ohio,5791,40.0,stroke
2013,Iowa,1422,40.0,unintentional_injuries
2009,Wisconsin,2449,40.0,unintentional_injuries
2008,Kansas,1174,40.0,unintentional_injuries
2007,Louisiana,1685,40.0,clrd
2006,District of Columbia,221,40.0,stroke
2014,Georgia,3963,40.1,unintentional_injuries
2014,Washington,2997,40.1,unintentional_injuries
2014,Oregon,1955,40.1,clrd
2013,Michigan,4225,40.1,unintentional_injuries
2013,Minnesota,2405,40.1,unintentional_injuries
2013,Oregon,1755,40.1,unintentional_injuries
2012,New Hampshire,573,40.1,unintentional_injuries
2010,Rhode Island,475,40.1,unintentional_injuries
2010,Oregon,1793,40.1,stroke
2010,Florida,10337,40.1,clrd
2009,Nebraska,857,40.1,stroke
2008,Wisconsin,2638,40.1,stroke
2006,California,12829,40.1,clrd
2006,South Dakota,376,40.1,clrd
2005,New Mexico,730,40.1,stroke
2002,Wisconsin,2274,40.1,unintentional_injuries
2000,Connecticut,1533,40.1,clrd
2017,Indiana,3150,40.2,stroke
2017,Maryland,2820,40.2,stroke
2015,District of Columbia,265,40.2,unintentional_injuries
2014,Nevada,1166,40.2,unintentional_injuries
2014,Delaware,458,40.2,clrd
2013,Texas,9283,40.2,stroke
2011,Georgia,3785,40.2,unintentional_injuries
2009,Texas,9349,40.2,unintentional_injuries
2009,South Dakota,418,40.2,stroke
2007,Washington,2637,40.2,unintentional_injuries
2007,South Dakota,410,40.2,stroke
2006,United States,121599,40.2,unintentional_injuries
2004,District of Columbia,224,40.2,diabetes
2002,Wisconsin,2335,40.2,clrd
2001,Massachusetts,2810,40.2,clrd
1999,Louisiana,1610,40.2,clrd
2013,Wisconsin,2789,40.3,clrd
2009,Florida,10182,40.3,clrd
2009,Illinois,5299,40.3,clrd
2008,Montana,466,40.3,stroke
2005,Florida,9361,40.3,stroke
2000,Florida,8645,40.3,clrd
2000,Pennsylvania,6079,40.3,clrd
2016,Kentucky,2057,40.4,stroke
2016,Missouri,3069,40.4,stroke
2016,Oregon,2080,40.4,clrd
2012,Maine,602,40.4,unintentional_injuries
2010,Washington,2737,40.4,clrd
2008,Texas,9189,40.4,unintentional_injuries
2008,Maine,671,40.4,stroke
2007,United States,123706,40.4,unintentional_injuries
2007,Delaware,374,40.4,stroke
2007,Maine,664,40.4,stroke
2005,Texas,8598,40.4,unintentional_injuries
2005,Washington,2543,40.4,unintentional_injuries
2005,Florida,9482,40.4,clrd
2005,Illinois,5067,40.4,clrd
2004,Delaware,345,40.4,clrd
2004,Virginia,2730,40.4,clrd
2003,Florida,9087,40.4,clrd
2002,Texas,8232,40.4,unintentional_injuries
2000,Rhode Island,500,40.4,clrd
2017,Texas,10650,40.5,clrd
2014,United States,135928,40.5,unintentional_injuries
2014,Texas,9668,40.5,clrd
2014,United States,147101,40.5,clrd
2011,Delaware,418,40.5,stroke
2010,Nebraska,876,40.5,stroke
2007,Wyoming,209,40.5,stroke
2007,Delaware,379,40.5,clrd
2006,Ohio,4821,40.5,unintentional_injuries
2001,Florida,6969,40.5,unintentional_injuries
1999,Wisconsin,2270,40.5,clrd
2016,Ohio,5987,40.6,stroke
2016,United States,154596,40.6,clrd
2013,Missouri,2935,40.6,stroke
2011,Indiana,2699,40.6,unintentional_injuries
2011,Oregon,1722,40.6,unintentional_injuries
2010,Utah,970,40.6,unintentional_injuries
2008,Rhode Island,480,40.6,unintentional_injuries
2008,Virginia,3023,40.6,clrd
2005,Kansas,1149,40.6,unintentional_injuries
2005,Rhode Island,523,40.6,clrd
2004,Kansas,1144,40.6,unintentional_injuries
2004,California,12522,40.6,clrd
2003,Delaware,339,40.6,clrd
1999,Rhode Island,495,40.6,clrd
2016,Washington,3269,40.7,alzheimer_s_disease
2015,Utah,906,40.7,alzheimer_s_disease
2015,Ohio,5945,40.7,stroke
2013,Alaska,189,40.7,stroke
2013,Indiana,2996,40.7,stroke
2013,West Virginia,983,40.7,stroke
2012,Virginia,3394,40.7,stroke
2010,Georgia,3745,40.7,unintentional_injuries
2010,Delaware,407,40.7,stroke
2009,South Dakota,349,40.7,unintentional_injuries
2009,Pennsylvania,6842,40.7,stroke
2008,Hawaii,642,40.7,stroke
2005,Wisconsin,2449,40.7,clrd
1999,Kansas,1126,40.7,unintentional_injuries
2017,Delaware,526,40.8,clrd
2016,New Jersey,3839,40.8,unintentional_injuries
2015,Kentucky,2050,40.8,stroke
2015,Missouri,3037,40.8,stroke
2014,South Dakota,441,40.8,clrd
2010,Wisconsin,2525,40.8,unintentional_injuries
2008,Washington,2727,40.8,unintentional_injuries
2008,Wisconsin,2484,40.8,unintentional_injuries
2008,Nevada,906,40.8,stroke
2007,Pennsylvania,5568,40.8,unintentional_injuries
2006,Maine,572,40.8,unintentional_injuries
2006,Oregon,1586,40.8,unintentional_injuries
2006,Louisiana,1687,40.8,clrd
2006,Texas,7639,40.8,clrd
2005,Pennsylvania,5446,40.8,unintentional_injuries
2004,New Jersey,3781,40.8,stroke
2003,District of Columbia,233,40.8,unintentional_injuries
2003,Texas,8425,40.8,unintentional_injuries
2002,Kansas,1139,40.8,unintentional_injuries
2000,Georgia,3103,40.8,unintentional_injuries
2017,United States,160201,40.9,clrd
2014,Connecticut,1641,40.9,unintentional_injuries
2012,Alaska,189,40.9,clrd
2010,Alaska,167,40.9,stroke
2009,Maine,602,40.9,unintentional_injuries
2003,Louisiana,1740,40.9,diabetes
2002,Florida,9062,40.9,clrd
2000,New York,8006,40.9,stroke
2000,Maryland,1927,40.9,clrd
2017,Missouri,3159,41.0,stroke
2016,Illinois,5508,41.0,unintentional_injuries
2014,Oregon,1803,41.0,unintentional_injuries
2014,Missouri,3030,41.0,stroke
2012,Washington,2955,41.0,clrd
2009,Hawaii,671,41.0,stroke
2008,Nebraska,863,41.0,stroke
2006,United States,124583,41.0,clrd
2003,Wisconsin,2345,41.0,unintentional_injuries
2012,North Dakota,318,41.1,unintentional_injuries
2010,Pennsylvania,5751,41.1,unintentional_injuries
2008,Florida,10198,41.1,clrd
2004,New Mexico,721,41.1,stroke
2000,Wisconsin,2316,41.1,clrd
1999,Pennsylvania,6141,41.1,clrd
2014,Vermont,333,41.2,clrd
2012,Ohio,5788,41.2,stroke
2010,Kansas,1370,41.2,stroke
2009,Iowa,1635,41.2,stroke
2008,California,14048,41.2,stroke
2005,District of Columbia,231,41.2,stroke
2002,Louisiana,1696,41.2,clrd
2001,Florida,8954,41.2,clrd
2000,South Dakota,321,41.2,unintentional_injuries
2017,North Dakota,339,41.3,unintentional_injuries
2017,Texas,10790,41.3,stroke
2016,Arkansas,1475,41.3,alzheimer_s_disease
2016,Vermont,355,41.3,clrd
2015,Texas,10231,41.3,clrd
2014,New Hampshire,680,41.3,clrd
2011,Ohio,5691,41.3,stroke
2010,Nevada,1088,41.3,unintentional_injuries
2007,Ohio,4922,41.3,unintentional_injuries
2007,New Mexico,804,41.3,stroke
2007,Utah,755,41.3,stroke
2006,Nevada,847,41.3,stroke
2001,Rhode Island,511,41.3,clrd
1999,Minnesota,1994,41.3,clrd
2016,Washington,3221,41.4,unintentional_injuries
2014,Florida,9432,41.4,unintentional_injuries
2013,Georgia,3694,41.4,stroke
2012,Indiana,2776,41.4,unintentional_injuries
2008,Maryland,2330,41.4,stroke
2007,Kansas,1205,41.4,unintentional_injuries
2007,United States,127924,41.4,clrd
2005,Arizona,2364,41.4,stroke
2003,Washington,2380,41.4,alzheimer_s_disease
2003,Louisiana,1731,41.4,clrd
2001,Kansas,1156,41.4,unintentional_injuries
2000,Louisiana,1694,41.4,diabetes
2016,Alaska,238,41.5,clrd
2015,Arkansas,1457,41.5,alzheimer_s_disease
2012,United States,143489,41.5,clrd
2011,North Dakota,410,41.5,alzheimer_s_disease
2011,Louisiana,1904,41.5,clrd
2010,Alaska,176,41.5,clrd
2006,Washington,2679,41.5,unintentional_injuries
2006,Maine,670,41.5,stroke
2002,Rhode Island,521,41.5,clrd
2000,Idaho,518,41.5,unintentional_injuries
1999,Georgia,3078,41.5,unintentional_injuries
2016,Delaware,506,41.6,stroke
2015,United States,155041,41.6,clrd
2014,Texas,9898,41.6,stroke
2011,Oregon,1913,41.6,stroke
2009,Idaho,627,41.6,stroke
2009,North Dakota,341,41.6,clrd
2008,Idaho,609,41.6,stroke
2007,Maine,584,41.6,unintentional_injuries
2006,Texas,9140,41.6,unintentional_injuries
2004,United States,121987,41.6,clrd
2001,Colorado,1720,41.6,unintentional_injuries
2001,Wisconsin,2375,41.6,clrd
1999,Maryland,1943,41.6,clrd
1999,Massachusetts,2862,41.6,clrd
2016,West Virginia,1039,41.7,stroke
2014,Michigan,4422,41.7,unintentional_injuries
2014,Indiana,3107,41.7,stroke
2013,North Dakota,326,41.7,unintentional_injuries
2013,Kentucky,1990,41.7,stroke
2011,Virginia,3347,41.7,stroke
2010,New Hampshire,609,41.7,clrd
2008,Oregon,1674,41.7,unintentional_injuries
2006,Kansas,1198,41.7,unintentional_injuries
2006,Montana,461,41.7,stroke
2005,Maine,579,41.7,unintentional_injuries
2002,Nebraska,762,41.7,unintentional_injuries
2002,Nevada,860,41.7,unintentional_injuries
2001,South Dakota,362,41.7,clrd
2000,Louisiana,1684,41.7,clrd
2017,West Virginia,1058,41.8,stroke
2016,Oklahoma,1859,41.8,stroke
2015,Alabama,2282,41.8,alzheimer_s_disease
2014,Kentucky,2050,41.8,stroke
2012,Georgia,3636,41.8,stroke
2012,Texas,9305,41.8,stroke
2011,Alaska,194,41.8,clrd
2010,Montana,494,41.8,stroke
2009,Alaska,162,41.8,stroke
2009,Ohio,5576,41.8,stroke
2007,Oregon,1646,41.8,unintentional_injuries
2007,Washington,2689,41.8,alzheimer_s_disease
2005,California,13188,41.8,clrd
2005,Virginia,2897,41.8,clrd
2004,Delaware,350,41.8,stroke
2004,Michigan,4252,41.8,clrd
2002,North Dakota,322,41.8,clrd
1999,Louisiana,1687,41.8,diabetes
2015,Washington,3192,41.9,unintentional_injuries
2015,New Hampshire,705,41.9,clrd
2013,Nevada,1184,41.9,unintentional_injuries
2011,Texas,9065,41.9,stroke
2008,Pennsylvania,6942,41.9,stroke
2007,Hawaii,643,41.9,stroke
2004,Texas,7402,41.9,clrd
2003,Nevada,911,41.9,unintentional_injuries
2001,Louisiana,1734,41.9,diabetes
2000,Missouri,2398,41.9,unintentional_injuries
2016,Texas,10673,42.0,stroke
2015,Minnesota,2574,42.0,unintentional_injuries
2013,New Hampshire,668,42.0,clrd
2011,Florida,8901,42.0,unintentional_injuries
2010,Idaho,642,42.0,stroke
2008,Georgia,3774,42.0,unintentional_injuries
2008,Pennsylvania,6767,42.0,clrd
2007,Texas,9392,42.0,unintentional_injuries
2007,North Dakota,395,42.0,alzheimer_s_disease
2004,New Mexico,753,42.0,clrd
2002,Florida,7396,42.0,unintentional_injuries
1999,West Virginia,798,42.0,unintentional_injuries
2017,Utah,991,42.1,alzheimer_s_disease
2015,Iowa,1537,42.1,unintentional_injuries
2014,Iowa,1517,42.1,unintentional_injuries
2013,United States,149205,42.1,clrd
2010,Idaho,654,42.1,unintentional_injuries
2010,Virginia,3293,42.1,stroke
2009,Georgia,3812,42.1,unintentional_injuries
2008,Pennsylvania,5787,42.1,unintentional_injuries
2008,United States,134148,42.1,stroke
2007,Washington,2692,42.1,stroke
2005,Vermont,272,42.1,unintentional_injuries
2004,Colorado,1810,42.1,unintentional_injuries
2000,Massachusetts,2925,42.1,clrd
1999,North Carolina,3290,42.1,unintentional_injuries
2014,Arizona,3396,42.2,clrd
2012,Missouri,2989,42.2,stroke
2012,Oregon,1915,42.2,clrd
2010,United States,138080,42.2,clrd
2007,Texas,8107,42.2,clrd
2004,Nebraska,815,42.2,clrd
2002,New Mexico,715,42.2,stroke
2002,Virginia,2752,42.2,clrd
1999,New York,8124,42.2,stroke
2015,Vermont,357,42.3,clrd
2011,South Dakota,444,42.3,stroke
2011,Texas,9097,42.3,clrd
2008,Ohio,5093,42.3,unintentional_injuries
2008,Washington,2773,42.3,stroke
2002,Georgia,3333,42.3,unintentional_injuries
2002,Louisiana,1774,42.3,diabetes
2016,Virginia,3710,42.4,unintentional_injuries
2015,Georgia,3714,42.4,alzheimer_s_disease
2015,Oregon,2119,42.4,clrd
2013,North Carolina,4503,42.4,stroke
2013,Texas,9800,42.4,clrd
2012,Nevada,1177,42.4,unintentional_injuries
2011,Vermont,301,42.4,unintentional_injuries
2010,Ohio,5124,42.4,unintentional_injuries
2003,Colorado,1806,42.4,unintentional_injuries
2015,Louisiana,2018,42.5,alzheimer_s_disease
2015,Delaware,510,42.5,clrd
2013,New Hampshire,619,42.5,unintentional_injuries
2012,Alaska,188,42.5,stroke
2012,New Mexico,965,42.5,clrd
2011,United States,142943,42.5,clrd
2009,Delaware,415,42.5,stroke
2009,Virginia,3244,42.5,stroke
2007,South Dakota,366,42.5,unintentional_injuries
2006,Colorado,1917,42.5,unintentional_injuries
2001,Missouri,2455,42.5,unintentional_injuries
2001,Michigan,4148,42.5,clrd
2014,Georgia,3948,42.6,stroke
2013,Maine,644,42.6,unintentional_injuries
2010,Ohio,5755,42.6,stroke
2009,Wyoming,233,42.6,stroke
2009,Texas,8649,42.6,clrd
2007,Wisconsin,2738,42.6,stroke
2005,Colorado,1599,42.6,stroke
2002,California,12684,42.6,clrd
2001,North Carolina,3438,42.6,unintentional_injuries
2000,Colorado,1702,42.6,unintentional_injuries
2017,Arizona,3802,42.7,clrd
2015,Texas,10485,42.7,stroke
2013,North Carolina,4324,42.7,unintentional_injuries
2012,Indiana,3073,42.7,stroke
2012,Texas,9524,42.7,clrd
2011,Georgia,3564,42.7,stroke
2010,Vermont,298,42.7,unintentional_injuries
2009,Arizona,2839,42.7,clrd
2009,Louisiana,1878,42.7,clrd
2009,United States,137353,42.7,clrd
2006,Wisconsin,2524,42.7,unintentional_injuries
2005,Alaska,158,42.7,clrd
2004,Iowa,1547,42.7,clrd
1999,Delaware,327,42.7,clrd
2017,Iowa,1536,42.8,unintentional_injuries
2017,Ohio,6425,42.8,stroke
2012,North Carolina,4410,42.8,stroke
2011,Nevada,1155,42.8,unintentional_injuries
2011,Wisconsin,2680,42.8,unintentional_injuries
2007,Iowa,1686,42.8,stroke
2007,Washington,2684,42.8,clrd
2006,Michigan,4474,42.8,clrd
2005,Wisconsin,2490,42.8,unintentional_injuries
2004,Florida,9715,42.8,stroke
2003,New Hampshire,531,42.8,clrd
2017,Vermont,370,42.9,alzheimer_s_disease
2013,Delaware,412,42.9,unintentional_injuries
2011,Utah,1058,42.9,unintentional_injuries
2010,North Dakota,382,42.9,stroke
2009,Kansas,1273,42.9,unintentional_injuries
2007,Maryland,2364,42.9,stroke
2007,Arizona,2686,42.9,clrd
2006,Delaware,384,42.9,stroke
2004,Arizona,2416,42.9,clrd
2004,South Dakota,391,42.9,clrd
2003,Rhode Island,565,42.9,stroke
2003,South Dakota,379,42.9,clrd
2000,Iowa,1512,42.9,clrd
2017,North Carolina,5098,43.0,stroke
2017,New Hampshire,755,43.0,clrd
2017,Vermont,375,43.0,clrd
2016,North Carolina,4940,43.0,stroke
2016,Louisiana,2221,43.0,clrd
2015,Oklahoma,1881,43.0,stroke
2014,North Carolina,4702,43.0,stroke
2014,Oklahoma,1847,43.0,stroke
2013,Oregon,2029,43.0,clrd
2012,North Carolina,4281,43.0,unintentional_injuries
2010,Texas,8921,43.0,clrd
2005,North Dakota,368,43.0,stroke
2003,New Hampshire,536,43.0,stroke
2013,Indiana,2898,43.1,unintentional_injuries
2011,New Hampshire,650,43.1,clrd
2010,Florida,8875,43.1,unintentional_injuries
2010,Arizona,2926,43.1,clrd
2010,North Dakota,356,43.1,clrd
2003,New Jersey,3966,43.1,stroke
2002,Colorado,1812,43.1,unintentional_injuries
2002,Vermont,276,43.1,clrd
2001,Virginia,2744,43.1,clrd
1999,Florida,9131,43.1,clrd
2015,Georgia,4344,43.2,unintentional_injuries
2015,United States,146571,43.2,unintentional_injuries
2015,Louisiana,2178,43.2,clrd
2011,North Carolina,4299,43.2,stroke
2010,North Carolina,4144,43.2,unintentional_injuries
2009,Kansas,1416,43.2,stroke
2008,Idaho,649,43.2,unintentional_injuries
2008,Illinois,5602,43.2,clrd
2002,South Dakota,383,43.2,clrd
2001,Louisiana,1763,43.2,clrd
2000,West Virginia,817,43.2,unintentional_injuries
1999,Missouri,2465,43.2,unintentional_injuries
1999,Illinois,5155,43.2,clrd
2017,Oklahoma,1947,43.3,stroke
2014,North Dakota,349,43.3,unintentional_injuries
2002,Delaware,350,43.3,clrd
1999,Kentucky,1730,43.3,unintentional_injuries
2015,Tennessee,3122,43.4,alzheimer_s_disease
2013,Utah,1103,43.4,unintentional_injuries
2011,Ohio,5275,43.4,unintentional_injuries
2011,Washington,3138,43.4,alzheimer_s_disease
2011,Missouri,3033,43.4,stroke
2009,Florida,8746,43.4,unintentional_injuries
2009,Delaware,428,43.4,clrd
2008,Maine,628,43.4,unintentional_injuries
2008,South Dakota,381,43.4,unintentional_injuries
2008,Illinois,5788,43.4,stroke
2008,Michigan,4769,43.4,stroke
2008,North Dakota,355,43.4,clrd
2007,Idaho,641,43.4,unintentional_injuries
2007,Pennsylvania,7152,43.4,stroke
2007,Michigan,4624,43.4,clrd
2005,Michigan,4466,43.4,clrd
2017,Georgia,4399,43.5,stroke
2016,Arizona,3800,43.5,clrd
2013,Arizona,3345,43.5,clrd
2013,Delaware,482,43.5,clrd
2012,New Hampshire,674,43.5,clrd
2010,Colorado,2106,43.5,unintentional_injuries
2009,Vermont,308,43.5,unintentional_injuries
2009,Oregon,1912,43.5,stroke
2007,United States,135952,43.5,stroke
2006,Washington,2662,43.5,clrd
2005,Minnesota,2379,43.5,stroke
2004,South Carolina,1792,43.5,clrd
2002,South Dakota,348,43.5,unintentional_injuries
2014,Washington,3344,43.6,alzheimer_s_disease
2013,Washington,3277,43.6,alzheimer_s_disease
2012,Kansas,1319,43.6,unintentional_injuries
2012,Arizona,3221,43.6,clrd
2010,Washington,3025,43.6,alzheimer_s_disease
2010,Louisiana,1939,43.6,clrd
2009,North Carolina,4136,43.6,unintentional_injuries
2008,Iowa,1732,43.6,stroke
2006,Iowa,1718,43.6,stroke
2006,Washington,2725,43.6,stroke
2004,Idaho,593,43.6,unintentional_injuries
2001,Iowa,1552,43.6,clrd
2000,South Dakota,383,43.6,clrd
2017,Louisiana,2188,43.7,alzheimer_s_disease
2016,Delaware,544,43.7,clrd
2014,Delaware,425,43.7,unintentional_injuries
2012,Idaho,699,43.7,unintentional_injuries
2007,California,14557,43.7,stroke
2007,Oregon,1835,43.7,stroke
2005,Idaho,606,43.7,unintentional_injuries
2003,United States,126382,43.7,clrd
2017,Arkansas,1612,43.8,stroke
2016,Minnesota,2697,43.8,unintentional_injuries
2016,Utah,1211,43.8,unintentional_injuries
2015,West Virginia,1079,43.8,stroke
2015,Arizona,3681,43.8,clrd
2012,Washington,3219,43.8,alzheimer_s_disease
2011,Kansas,1333,43.8,unintentional_injuries
2011,North Carolina,4297,43.8,unintentional_injuries
2007,Nebraska,921,43.8,stroke
2006,Maryland,2365,43.8,stroke
2005,Maine,693,43.8,stroke
2004,Washington,2549,43.8,clrd
2003,Texas,7567,43.8,clrd
2001,Georgia,3396,43.8,unintentional_injuries
1999,Virginia,2699,43.8,clrd
2015,Michigan,4647,43.9,unintentional_injuries
2014,Indiana,2974,43.9,unintentional_injuries
2012,Louisiana,2039,43.9,stroke
2005,United States,130933,43.9,clrd
2004,North Carolina,3625,43.9,clrd
2002,United States,124816,43.9,clrd
2001,United States,123013,43.9,clrd
2017,Virginia,3922,44.0,unintentional_injuries
2017,Washington,3455,44.0,unintentional_injuries
2015,Massachusetts,3229,44.0,unintentional_injuries
2013,Louisiana,2098,44.0,stroke
2011,Washington,3080,44.0,clrd
2010,Kansas,1317,44.0,unintentional_injuries
2010,Missouri,3001,44.0,stroke
2010,Delaware,441,44.0,clrd
2009,Idaho,670,44.0,unintentional_injuries
2009,Indiana,3004,44.0,stroke
2008,Nevada,1134,44.0,unintentional_injuries
2008,Louisiana,1896,44.0,clrd
2007,Wisconsin,2619,44.0,unintentional_injuries
2006,South Dakota,442,44.0,stroke
2006,South Carolina,1935,44.0,clrd
2003,Connecticut,1828,44.0,stroke
2000,Delaware,341,44.0,clrd
2015,North Dakota,368,44.1,unintentional_injuries
2015,Mississippi,1402,44.1,alzheimer_s_disease
2014,Kansas,1377,44.1,unintentional_injuries
2013,Vermont,353,44.1,clrd
2012,Rhode Island,525,44.1,unintentional_injuries
2010,Kentucky,1992,44.1,stroke
2009,North Dakota,324,44.1,unintentional_injuries
2008,Oregon,1899,44.1,stroke
2005,Colorado,1947,44.1,unintentional_injuries
2005,Texas,7988,44.1,clrd
2004,Massachusetts,3254,44.1,stroke
2004,Missouri,2731,44.1,clrd
2017,Utah,1238,44.2,unintentional_injuries
2017,New Mexico,1143,44.2,clrd
2016,Tennessee,3250,44.2,alzheimer_s_disease
2014,South Carolina,2393,44.2,stroke
2014,Michigan,5345,44.2,clrd
2011,Indiana,3127,44.2,stroke
2007,New Hampshire,611,44.2,clrd
2006,Pennsylvania,7151,44.2,stroke
2004,Wyoming,214,44.2,stroke
2003,Florida,7919,44.2,unintentional_injuries
2003,Georgia,3528,44.2,unintentional_injuries
2003,California,13448,44.2,clrd
2001,Idaho,568,44.2,unintentional_injuries
2000,United States,122009,44.2,clrd
2017,Michigan,5688,44.3,clrd
2016,Georgia,4349,44.3,stroke
2012,Kentucky,2073,44.3,stroke
2009,Washington,2933,44.3,clrd
2006,Nevada,1091,44.3,unintentional_injuries
2005,Delaware,384,44.3,stroke
2002,New Jersey,4016,44.3,stroke
2017,Illinois,6019,44.4,unintentional_injuries
2016,Michigan,5572,44.4,clrd
2016,New Mexico,1131,44.4,clrd
2015,Washington,3490,44.4,alzheimer_s_disease
2014,North Carolina,4557,44.4,unintentional_injuries
2014,Vermont,322,44.4,unintentional_injuries
2013,Kansas,1359,44.4,unintentional_injuries
2013,Tennessee,3157,44.4,stroke
2011,Pennsylvania,6216,44.4,unintentional_injuries
2010,Louisiana,1999,44.4,unintentional_injuries
2010,Texas,9180,44.4,stroke
2008,Wyoming,234,44.4,stroke
2006,Nebraska,878,44.4,clrd
2003,Florida,9899,44.4,stroke
2002,Iowa,1580,44.4,clrd
2001,California,12965,44.4,clrd
2000,District of Columbia,252,44.4,stroke
2015,Oregon,1999,44.5,unintentional_injuries
2013,Oklahoma,1880,44.5,stroke
2012,Utah,1097,44.5,unintentional_injuries
2012,Louisiana,2074,44.5,clrd
2011,Arizona,3166,44.5,clrd
2010,South Dakota,393,44.5,unintentional_injuries
2010,Indiana,3082,44.5,stroke
2009,Colorado,2144,44.5,unintentional_injuries
2008,Vermont,306,44.5,unintentional_injuries
2008,Alaska,172,44.5,stroke
2008,Virginia,3301,44.5,stroke
2007,Michigan,4798,44.5,stroke
2007,Maine,728,44.5,clrd
2004,Idaho,572,44.5,clrd
2017,Minnesota,2788,44.6,unintentional_injuries
2011,Rhode Island,541,44.6,unintentional_injuries
2009,Washington,3010,44.6,alzheimer_s_disease
2008,Alaska,181,44.6,clrd
2007,Idaho,640,44.6,stroke
2007,Iowa,1660,44.6,clrd
2006,Wisconsin,2829,44.6,stroke
2005,Louisiana,1906,44.6,clrd
2004,Arizona,2446,44.6,stroke
2003,New Mexico,770,44.6,stroke
2003,Michigan,4472,44.6,clrd
2000,California,12756,44.6,clrd
2015,Idaho,746,44.7,unintentional_injuries
2015,North Carolina,5033,44.7,stroke
2015,New Mexico,1109,44.7,clrd
2013,New Mexico,1052,44.7,clrd
2012,Ohio,5420,44.7,unintentional_injuries
2012,Wisconsin,2825,44.7,unintentional_injuries
2011,Idaho,710,44.7,unintentional_injuries
2010,North Carolina,4298,44.7,stroke
2010,Iowa,1698,44.7,clrd
2008,United States,141090,44.7,clrd
2007,Illinois,5864,44.7,stroke
2006,Hawaii,665,44.7,stroke
2006,Nebraska,922,44.7,stroke
2004,Florida,8229,44.7,unintentional_injuries
2001,West Virginia,834,44.7,unintentional_injuries
2000,North Carolina,3525,44.7,unintentional_injuries
2000,Texas,7286,44.7,clrd
1999,Louisiana,1940,44.7,unintentional_injuries
2017,Oregon,2076,44.8,unintentional_injuries
2016,Georgia,4021,44.8,alzheimer_s_disease
2016,North Carolina,5311,44.8,clrd
2015,Connecticut,1799,44.8,unintentional_injuries
2013,Arkansas,1373,44.8,unintentional_injuries
2011,Kentucky,2064,44.8,stroke
2011,West Virginia,1049,44.8,stroke
2011,Delaware,460,44.8,clrd
2007,Colorado,2056,44.8,unintentional_injuries
2006,United States,137119,44.8,stroke
2002,Michigan,4431,44.8,clrd
2001,New Jersey,4007,44.8,stroke
2001,South Carolina,1731,44.8,clrd
1999,Arizona,2214,44.8,unintentional_injuries
1999,South Dakota,351,44.8,unintentional_injuries
2017,South Carolina,2691,44.9,stroke
2013,Pennsylvania,6359,44.9,unintentional_injuries
2012,Tennessee,3120,44.9,stroke
2010,Louisiana,1977,44.9,stroke
2009,Missouri,3017,44.9,stroke
2009,South Dakota,440,44.9,clrd
2007,Vermont,303,44.9,unintentional_injuries
2007,South Carolina,2036,44.9,clrd
2006,Michigan,4752,44.9,stroke
2006,New Hampshire,603,44.9,clrd
2004,Colorado,1638,44.9,stroke
2004,Kansas,1316,44.9,clrd
2002,Oklahoma,1580,44.9,unintentional_injuries
2000,Oklahoma,1566,44.9,unintentional_injuries
2017,South Carolina,2549,45.0,alzheimer_s_disease
2017,Tennessee,3519,45.0,stroke
2016,Alabama,2507,45.0,alzheimer_s_disease
2016,Louisiana,2195,45.0,alzheimer_s_disease
2013,Ohio,5497,45.0,unintentional_injuries
2012,Pennsylvania,6334,45.0,unintentional_injuries
2012,Georgia,3977,45.0,clrd
2011,South Dakota,411,45.0,unintentional_injuries
2009,Michigan,4961,45.0,clrd
2007,Vermont,316,45.0,clrd
2005,Georgia,3762,45.0,unintentional_injuries
2004,Georgia,3667,45.0,unintentional_injuries
2004,Vermont,302,45.0,stroke
2004,Vermont,296,45.0,clrd
2003,Virginia,2983,45.0,clrd
2000,Nebraska,838,45.0,clrd
2014,North Carolina,5023,45.1,clrd
2012,Arizona,3029,45.1,unintentional_injuries
2011,Oregon,2023,45.1,clrd
2008,Texas,8874,45.1,clrd
2007,Georgia,3384,45.1,clrd
2007,New Mexico,884,45.1,clrd
2006,Georgia,3879,45.1,unintentional_injuries
2005,Wyoming,221,45.1,stroke
2000,Virginia,2820,45.1,clrd
2017,Georgia,4712,45.2,unintentional_injuries
2017,Alabama,2563,45.2,alzheimer_s_disease
2012,Michigan,5251,45.2,clrd
2009,Texas,9137,45.2,stroke
2008,Ohio,5951,45.2,stroke
2006,Iowa,1655,45.2,clrd
2004,Nevada,1021,45.2,unintentional_injuries
2017,North Carolina,5540,45.3,clrd
2017,South Dakota,505,45.3,clrd
2016,South Carolina,2481,45.3,alzheimer_s_disease
2015,Georgia,4335,45.3,stroke
2015,South Dakota,502,45.3,clrd
2014,West Virginia,1103,45.3,stroke
2013,Rhode Island,537,45.3,unintentional_injuries
2011,Georgia,3837,45.3,clrd
2010,Oregon,1971,45.3,clrd
2010,Vermont,335,45.3,clrd
2009,Oregon,1943,45.3,clrd
2008,Florida,8939,45.3,unintentional_injuries
2002,North Carolina,3700,45.3,unintentional_injuries
2000,Michigan,4352,45.3,clrd
1999,Michigan,4316,45.3,clrd
2016,North Dakota,371,45.4,unintentional_injuries
2015,Nevada,1340,45.4,unintentional_injuries
2014,Arkansas,1583,45.4,stroke
2013,Georgia,4172,45.4,clrd
2012,Maine,817,45.4,clrd
2009,North Carolina,4329,45.4,clrd
2007,Georgia,4012,45.4,unintentional_injuries
2005,Washington,2699,45.4,clrd
1999,United States,124181,45.4,clrd
2016,South Carolina,2627,45.5,stroke
2015,North Carolina,5221,45.5,clrd
2014,Utah,1167,45.5,unintentional_injuries
2014,Louisiana,2237,45.5,clrd
2011,Michigan,5192,45.5,clrd
2011,Vermont,349,45.5,clrd
2009,Arizona,2919,45.5,unintentional_injuries
2008,Arizona,2939,45.5,clrd
2008,Georgia,3546,45.5,clrd
2007,Ohio,5905,45.5,stroke
2007,Alaska,175,45.5,clrd
2003,Arizona,2428,45.5,stroke
2000,Alabama,2057,45.5,clrd
2017,Colorado,2604,45.6,clrd
2016,Arkansas,1643,45.6,stroke
2015,Utah,1223,45.6,unintentional_injuries
2014,Louisiana,2230,45.6,stroke
2014,Georgia,4332,45.6,clrd
2010,Michigan,5079,45.6,clrd
2009,New Hampshire,652,45.6,clrd
2008,Washington,2930,45.6,clrd
2006,Oregon,1828,45.6,clrd
2004,New Hampshire,586,45.6,stroke
2003,Idaho,605,45.6,unintentional_injuries
2002,Missouri,2641,45.6,unintentional_injuries
2001,North Carolina,3514,45.6,clrd
2000,Rhode Island,577,45.6,stroke
2016,Kansas,1444,45.7,unintentional_injuries
2016,Idaho,865,45.7,clrd
2012,Oklahoma,1893,45.7,stroke
2012,South Dakota,481,45.7,clrd
2011,Louisiana,2071,45.7,stroke
2007,Virginia,3313,45.7,stroke
2006,Ohio,5828,45.7,stroke
2004,Georgia,3125,45.7,clrd
2002,Texas,7720,45.7,clrd
2000,Kentucky,1838,45.7,unintentional_injuries
2016,Georgia,4701,45.8,unintentional_injuries
2016,Iowa,1608,45.8,unintentional_injuries
2016,Mississippi,1485,45.8,alzheimer_s_disease
2014,Maine,690,45.8,unintentional_injuries
2014,Tennessee,3326,45.8,stroke
2014,Idaho,819,45.8,clrd
2011,Louisiana,2091,45.8,unintentional_injuries
2011,Oklahoma,1864,45.8,stroke
2006,Vermont,301,45.8,unintentional_injuries
2006,North Carolina,4017,45.8,clrd
2001,New Mexico,775,45.8,clrd
2000,South Carolina,1730,45.8,clrd
2013,Colorado,2297,45.9,clrd
2012,South Carolina,2349,45.9,stroke
2007,Nebraska,919,45.9,clrd
2000,Louisiana,2006,45.9,unintentional_injuries
2017,Georgia,4290,46.0,alzheimer_s_disease
2017,Washington,3710,46.0,alzheimer_s_disease
2016,Nevada,1395,46.0,unintentional_injuries
2016,Oregon,2105,46.0,unintentional_injuries
2016,Louisiana,2322,46.0,stroke
2016,Tennessee,3508,46.0,stroke
2015,Delaware,449,46.0,unintentional_injuries
2015,Louisiana,2280,46.0,stroke
2015,Tennessee,3447,46.0,stroke
2012,Idaho,754,46.0,clrd
2010,South Dakota,451,46.0,clrd
2006,Arizona,2799,46.0,clrd
2003,District of Columbia,257,46.0,stroke
2002,Connecticut,1861,46.0,stroke
2010,North Carolina,4495,46.1,clrd
2007,Oregon,1892,46.1,clrd
2004,Montana,484,46.1,stroke
2017,Delaware,571,46.2,stroke
2017,Georgia,4866,46.2,clrd
2015,Florida,10578,46.2,unintentional_injuries
2015,South Carolina,2453,46.2,alzheimer_s_disease
2011,New Mexico,1024,46.2,clrd
2008,Indiana,3114,46.2,stroke
2005,New Mexico,855,46.2,clrd
2003,Vermont,306,46.2,stroke
2003,Vermont,301,46.2,clrd
2015,Idaho,843,46.3,clrd
2013,North Carolina,4987,46.3,clrd
2012,Vermont,364,46.3,clrd
2011,South Carolina,2287,46.3,stroke
2010,Georgia,3762,46.3,stroke
2010,South Carolina,2264,46.3,clrd
2008,Colorado,2172,46.3,unintentional_injuries
2006,Illinois,5989,46.3,stroke
2006,Georgia,3387,46.3,clrd
2003,North Carolina,3835,46.3,unintentional_injuries
2000,Arizona,2326,46.3,unintentional_injuries
1999,Oklahoma,1609,46.3,unintentional_injuries
2016,Colorado,2575,46.4,clrd
2014,New Mexico,1127,46.4,clrd
2013,Colorado,2422,46.4,unintentional_injuries
2012,North Carolina,4844,46.4,clrd
2011,Colorado,2151,46.4,clrd
2009,Kentucky,2064,46.4,stroke
2008,North Carolina,4313,46.4,unintentional_injuries
2006,California,15039,46.4,stroke
2004,Missouri,2728,46.4,unintentional_injuries
2017,Iowa,1939,46.5,clrd
2014,Idaho,765,46.5,unintentional_injuries
2011,Colorado,2330,46.5,unintentional_injuries
2006,Florida,8917,46.5,unintentional_injuries
2006,Wyoming,236,46.5,stroke
2006,New Mexico,888,46.5,clrd
2006,Vermont,320,46.5,clrd
2003,Massachusetts,3407,46.5,stroke
2003,Arizona,2560,46.5,clrd
2001,Arkansas,1277,46.5,unintentional_injuries
2001,Louisiana,2029,46.5,unintentional_injuries
2001,Arkansas,1368,46.5,clrd
2000,Arkansas,1267,46.5,unintentional_injuries
2000,Mississippi,1257,46.5,clrd
2017,Louisiana,2467,46.6,clrd
2013,South Carolina,2287,46.6,unintentional_injuries
2012,Alabama,2283,46.6,unintentional_injuries
2008,Oregon,1951,46.6,clrd
2007,Indiana,3083,46.6,stroke
2003,Iowa,1674,46.6,clrd
2003,Washington,2652,46.6,clrd
2002,North Carolina,3674,46.6,clrd
2001,Nebraska,882,46.6,clrd
2017,Tennessee,3522,46.7,alzheimer_s_disease
2015,South Carolina,2600,46.7,stroke
2015,Georgia,4607,46.7,clrd
2013,South Dakota,425,46.7,unintentional_injuries
2013,Idaho,808,46.7,clrd
2013,Michigan,5539,46.7,clrd
2012,Colorado,2239,46.7,clrd
2011,North Carolina,4708,46.7,clrd
2010,Arizona,3018,46.7,unintentional_injuries
2010,Georgia,3816,46.7,clrd
2009,West Virginia,1073,46.7,stroke
2009,Georgia,3736,46.7,clrd
2007,Kansas,1498,46.7,stroke
2005,South Carolina,1977,46.7,clrd
2004,New Hampshire,600,46.7,clrd
2004,Oregon,1778,46.7,clrd
2002,Rhode Island,605,46.7,stroke
2001,Texas,7739,46.7,clrd
2015,Arkansas,1653,46.8,stroke
2014,Pennsylvania,6640,46.8,unintentional_injuries
2013,Wisconsin,2969,46.8,unintentional_injuries
2012,Iowa,1824,46.8,clrd
2011,Arizona,3096,46.8,unintentional_injuries
2005,Delaware,411,46.8,clrd
1999,Arkansas,1358,46.8,clrd
1999,Iowa,1643,46.8,clrd
1999,Texas,7518,46.8,clrd
2014,Wisconsin,3015,46.9,unintentional_injuries
2012,South Carolina,2467,46.9,clrd
2009,Georgia,3732,46.9,stroke
2007,Florida,9113,46.9,unintentional_injuries
2007,North Carolina,4231,46.9,clrd
2006,North Carolina,4156,46.9,unintentional_injuries
2006,Idaho,644,46.9,clrd
2005,Utah,794,46.9,stroke
2003,Arkansas,1304,46.9,unintentional_injuries
2003,Alaska,147,46.9,clrd
2002,Florida,10269,46.9,stroke
2000,Missouri,2802,46.9,clrd
2000,New Mexico,767,46.9,clrd
1999,California,13165,46.9,clrd
2014,Arizona,3322,47.0,unintentional_injuries
2013,Missouri,2981,47.0,unintentional_injuries
2010,Idaho,727,47.0,clrd
2007,Alaska,157,47.0,stroke
2005,Arkansas,1329,47.0,unintentional_injuries
2005,Nevada,1104,47.0,unintentional_injuries
2005,Iowa,1703,47.0,clrd
2005,Oregon,1837,47.0,clrd
2003,Nebraska,894,47.0,clrd
2000,Alabama,2093,47.0,unintentional_injuries
1999,South Carolina,1752,47.0,clrd
2014,Colorado,2517,47.1,unintentional_injuries
2012,Colorado,2403,47.1,unintentional_injuries
2009,New Mexico,984,47.1,clrd
2008,Washington,3105,47.1,alzheimer_s_disease
2007,Idaho,666,47.1,clrd
2005,Florida,8868,47.1,unintentional_injuries
2005,Maryland,2476,47.1,stroke
2004,Minnesota,2542,47.1,stroke
2002,Idaho,611,47.1,unintentional_injuries
2001,District of Columbia,265,47.1,stroke
2015,Kansas,1475,47.2,unintentional_injuries
2014,Colorado,2451,47.2,clrd
2014,Ohio,6765,47.2,clrd
2013,Alabama,2329,47.2,unintentional_injuries
2013,Mississippi,1500,47.2,stroke
2009,North Carolina,4442,47.2,stroke
2008,North Dakota,342,47.2,unintentional_injuries
2004,Wyoming,243,47.2,unintentional_injuries
2002,Kansas,1367,47.2,clrd
2002,Missouri,2867,47.2,clrd
1999,Mississippi,1267,47.2,clrd
2017,New Jersey,4482,47.3,unintentional_injuries
2017,Idaho,925,47.3,clrd
2016,Georgia,4805,47.3,clrd
2013,Louisiana,2274,47.3,clrd
2008,Arizona,2956,47.3,unintentional_injuries
2006,Kansas,1489,47.3,stroke
2001,South Dakota,382,47.3,unintentional_injuries
2001,Tennessee,2709,47.3,unintentional_injuries
2017,Louisiana,2460,47.4,stroke
2016,United States,161374,47.4,unintentional_injuries
2016,Maine,928,47.4,clrd
2014,Arkansas,1458,47.4,unintentional_injuries
2012,South Dakota,426,47.4,unintentional_injuries
2012,Vermont,333,47.4,unintentional_injuries
2011,South Dakota,486,47.4,clrd
2010,Maine,809,47.4,clrd
2009,Louisiana,2061,47.4,stroke
2006,Missouri,3017,47.4,clrd
2005,Wisconsin,2960,47.4,stroke
2004,Arkansas,1428,47.4,clrd
2003,South Carolina,1913,47.4,clrd
2002,New Hampshire,577,47.4,clrd
2016,Ohio,7015,47.5,clrd
2016,South Carolina,2870,47.5,clrd
2015,Michigan,5848,47.5,clrd
2011,Tennessee,3218,47.5,stroke
2009,Missouri,2939,47.5,unintentional_injuries
2006,Idaho,682,47.5,unintentional_injuries
2003,South Carolina,1941,47.5,unintentional_injuries
2002,Alaska,142,47.5,clrd
2000,Oregon,1677,47.5,clrd
1999,New Jersey,4122,47.5,stroke
2013,Arkansas,1637,47.6,stroke
2013,South Carolina,2508,47.6,stroke
2011,Iowa,1833,47.6,clrd
2011,South Carolina,2402,47.6,clrd
2008,Vermont,341,47.6,clrd
2007,Missouri,3081,47.6,clrd
2006,Alabama,2309,47.6,clrd
2005,Hawaii,688,47.6,stroke
2003,Missouri,2786,47.6,unintentional_injuries
2002,Arkansas,1311,47.6,unintentional_injuries
2001,Arizona,2475,47.6,unintentional_injuries
2000,Alaska,132,47.6,clrd
1999,Arkansas,1287,47.6,unintentional_injuries
2015,Indiana,3258,47.7,unintentional_injuries
2014,Iowa,1915,47.7,clrd
2013,Idaho,776,47.7,unintentional_injuries
2013,Nebraska,1032,47.7,clrd
2010,New Mexico,1022,47.7,clrd
2004,North Carolina,4019,47.7,unintentional_injuries
2002,Tennessee,2744,47.7,unintentional_injuries
2001,Arizona,2499,47.7,clrd
2017,Nevada,1496,47.8,unintentional_injuries
2015,Colorado,2577,47.8,clrd
2013,Iowa,1892,47.8,clrd
2012,Missouri,3002,47.8,unintentional_injuries
2010,West Virginia,1104,47.8,stroke
2009,Colorado,2073,47.8,clrd
2008,Maine,794,47.8,clrd
2008,Michigan,5185,47.8,clrd
2007,Arkansas,1391,47.8,unintentional_injuries
2005,Missouri,2848,47.8,unintentional_injuries
2004,Ohio,5896,47.8,clrd
2001,Missouri,2882,47.8,clrd
1999,Tennessee,2677,47.8,unintentional_injuries
2017,South Carolina,2983,47.9,clrd
2015,North Carolina,4991,47.9,unintentional_injuries
2012,West Virginia,1140,47.9,stroke
2010,Missouri,2975,47.9,unintentional_injuries
2010,South Carolina,2293,47.9,stroke
2008,Kentucky,2098,47.9,stroke
2006,Ohio,6054,47.9,clrd
2005,North Carolina,4123,47.9,unintentional_injuries
2003,Minnesota,2550,47.9,stroke
2003,Idaho,601,47.9,clrd
2003,Missouri,2939,47.9,clrd
2001,Oregon,1726,47.9,clrd
2009,Louisiana,2142,48.0,unintentional_injuries
2009,South Carolina,2229,48.0,unintentional_injuries
2007,South Dakota,457,48.0,clrd
2005,Pennsylvania,7650,48.0,stroke
2005,United States,143579,48.0,stroke
2005,Arizona,2821,48.0,clrd
2000,Arkansas,1405,48.0,clrd
1999,North Carolina,3591,48.0,clrd
2014,Maine,896,48.1,clrd
2013,Alabama,2604,48.1,stroke
2007,Nevada,1212,48.1,unintentional_injuries
2006,Arkansas,1498,48.1,clrd
2006,Tennessee,2980,48.1,clrd
2005,Washington,2895,48.1,stroke
2005,South Dakota,440,48.1,clrd
2002,Louisiana,2115,48.1,unintentional_injuries
2002,Georgia,3163,48.1,clrd
2002,South Carolina,1889,48.1,clrd
2001,Washington,2634,48.1,clrd
2014,South Carolina,2436,48.2,unintentional_injuries
2014,South Carolina,2715,48.2,clrd
2011,South Carolina,2285,48.2,unintentional_injuries
2009,West Virginia,942,48.2,unintentional_injuries
2009,Idaho,725,48.2,clrd
2009,South Carolina,2317,48.2,clrd
2008,Idaho,703,48.2,clrd
2006,Alaska,177,48.2,stroke
2006,Oregon,1978,48.2,stroke
2005,Nevada,945,48.2,stroke
2005,New Hampshire,630,48.2,clrd
2003,North Carolina,3887,48.2,clrd
2001,Florida,10414,48.2,stroke
2001,Rhode Island,614,48.2,stroke
2016,Kansas,1654,48.3,clrd
2014,Alabama,2663,48.3,stroke
2012,South Carolina,2336,48.3,unintentional_injuries
2012,Mississippi,1502,48.3,stroke
2009,Nebraska,987,48.3,clrd
2008,West Virginia,1096,48.3,stroke
2007,North Carolina,4389,48.3,unintentional_injuries
2004,Mississippi,1350,48.3,clrd
2003,Alabama,2179,48.3,unintentional_injuries
2001,Alabama,2204,48.3,clrd
2001,Georgia,3097,48.3,clrd
1999,Idaho,597,48.3,unintentional_injuries
2015,Vermont,346,48.4,unintentional_injuries
2011,Maine,842,48.4,clrd
2006,Mississippi,1378,48.4,clrd
2005,Nebraska,986,48.4,stroke
2005,Georgia,3411,48.4,clrd
2002,Arizona,2575,48.4,clrd
2017,Ohio,7312,48.5,clrd
2008,South Carolina,2266,48.5,clrd
2006,West Virginia,1072,48.5,stroke
2004,Nebraska,978,48.5,stroke
2003,Ohio,5927,48.5,clrd
2003,Oregon,1819,48.5,clrd
2002,Arkansas,1441,48.5,clrd
2001,Oklahoma,1700,48.5,unintentional_injuries
2001,Vermont,305,48.5,clrd
2000,Tennessee,2743,48.5,unintentional_injuries
2016,Iowa,2006,48.6,clrd
2013,Arizona,3349,48.6,unintentional_injuries
2012,Montana,605,48.6,clrd
2009,Maine,821,48.6,clrd
2008,Kansas,1574,48.6,stroke
2008,Louisiana,2084,48.6,stroke
2007,Kansas,1476,48.6,clrd
2005,Montana,522,48.6,stroke
2004,Utah,790,48.6,stroke
2002,Arizona,2577,48.6,unintentional_injuries
2002,Washington,2721,48.6,clrd
2001,Idaho,581,48.6,clrd
1999,Alabama,2179,48.6,clrd
2017,Maine,982,48.7,clrd
2014,Missouri,3110,48.7,unintentional_injuries
2010,Tennessee,3205,48.7,stroke
2009,Tennessee,3156,48.7,stroke
2009,Iowa,1832,48.7,clrd
2007,Mississippi,1408,48.7,clrd
2005,South Dakota,402,48.7,unintentional_injuries
2005,Nebraska,949,48.7,clrd
2004,South Dakota,469,48.7,stroke
2003,Georgia,3254,48.7,clrd
2002,South Carolina,1972,48.7,unintentional_injuries
2002,Idaho,595,48.7,clrd
2000,Georgia,3067,48.7,clrd
1999,Kansas,1386,48.7,clrd
2014,Mississippi,1584,48.8,stroke
2010,Nebraska,1008,48.8,clrd
2009,Mississippi,1436,48.8,stroke
2008,New Hampshire,688,48.8,clrd
2007,Missouri,2975,48.8,unintentional_injuries
2000,Idaho,569,48.8,clrd
2016,Nebraska,1117,48.9,clrd
2016,Wyoming,327,48.9,clrd
2012,Nebraska,1052,48.9,clrd
2010,South Carolina,2274,48.9,unintentional_injuries
2008,Missouri,2997,48.9,unintentional_injuries
2008,Delaware,472,48.9,clrd
2007,Nevada,1050,48.9,clrd
2005,Michigan,5057,48.9,stroke
2000,North Carolina,3699,48.9,clrd
2009,Alabama,2351,49.0,unintentional_injuries
2005,California,15585,49.0,stroke
2005,Illinois,6252,49.0,stroke
2001,South Carolina,1960,49.0,unintentional_injuries
2001,Arizona,2480,49.0,stroke
2000,New Jersey,4316,49.0,stroke
2015,Iowa,2011,49.1,clrd
2013,Maine,902,49.1,clrd
2012,Arkansas,1664,49.1,stroke
2006,Maine,783,49.1,clrd
2002,Arizona,2535,49.1,stroke
2002,Nebraska,934,49.1,clrd
2001,Kentucky,1990,49.1,unintentional_injuries
2001,Mississippi,1333,49.1,clrd
2000,Kansas,1411,49.1,clrd
1999,Georgia,3056,49.1,clrd
2015,Arizona,3539,49.2,unintentional_injuries
2014,Rhode Island,592,49.2,unintentional_injuries
2014,South Dakota,462,49.2,unintentional_injuries
2014,Kansas,1673,49.2,clrd
2008,Missouri,3261,49.2,stroke
2008,Texas,9629,49.2,stroke
2005,Iowa,1902,49.2,stroke
2005,Missouri,3085,49.2,clrd
2005,North Carolina,4149,49.2,clrd
2002,Massachusetts,3559,49.2,stroke
1999,South Carolina,1901,49.2,unintentional_injuries
1999,Vermont,300,49.2,clrd
2015,Wisconsin,3206,49.3,unintentional_injuries
2014,Alabama,2463,49.3,unintentional_injuries
2009,Vermont,364,49.3,clrd
2008,North Carolina,4572,49.3,clrd
2007,Indiana,3227,49.3,clrd
2006,Colorado,1932,49.3,clrd
2004,Arizona,2770,49.3,unintentional_injuries
2001,Massachusetts,3535,49.3,stroke
2001,Ohio,5881,49.3,clrd
2000,Arizona,2508,49.3,clrd
2000,Washington,2644,49.3,clrd
1999,Oklahoma,1751,49.3,clrd
2017,United States,169936,49.4,unintentional_injuries
2017,Kansas,1567,49.4,unintentional_injuries
2011,Alabama,2568,49.4,stroke
2010,Arkansas,1461,49.4,unintentional_injuries
2008,Iowa,1848,49.4,clrd
2007,Missouri,3229,49.4,stroke
2007,Colorado,2002,49.4,clrd
2006,Arkansas,1415,49.4,unintentional_injuries
2000,New Hampshire,581,49.4,clrd
1999,Delaware,365,49.4,stroke
2016,Idaho,849,49.5,unintentional_injuries
2015,South Dakota,469,49.5,unintentional_injuries
2012,Alabama,2628,49.5,stroke
2010,Nevada,1186,49.5,clrd
2008,Georgia,3805,49.5,stroke
2003,Kansas,1443,49.5,clrd
2001,Alabama,2211,49.5,unintentional_injuries
1999,Idaho,568,49.5,clrd
2017,Mississippi,1626,49.6,alzheimer_s_disease
2015,Arkansas,1538,49.6,unintentional_injuries
2015,Ohio,7211,49.6,clrd
2013,Vermont,352,49.6,unintentional_injuries
2010,Alabama,2394,49.6,unintentional_injuries
2006,North Dakota,428,49.6,stroke
2005,West Virginia,940,49.6,unintentional_injuries
2004,Pennsylvania,7792,49.6,stroke
2002,Alabama,2228,49.6,unintentional_injuries
2000,Florida,10532,49.6,stroke
2015,Colorado,2725,49.7,unintentional_injuries
2015,Kansas,1704,49.7,clrd
2013,Ohio,7007,49.7,clrd
2010,Colorado,2199,49.7,clrd
2009,Alaska,196,49.7,clrd
2008,New Mexico,1001,49.7,clrd
2007,West Virginia,1113,49.7,stroke
2004,Maine,766,49.7,clrd
2002,District of Columbia,279,49.7,stroke
2002,New Mexico,857,49.7,clrd
2017,Idaho,876,49.8,unintentional_injuries
2014,Louisiana,2344,49.8,unintentional_injuries
2011,Nevada,1243,49.8,clrd
2007,Kentucky,2144,49.8,stroke
2003,Arizona,2697,49.8,unintentional_injuries
2003,Louisiana,2208,49.8,unintentional_injuries
2015,South Carolina,2908,49.9,clrd
2006,Indiana,3238,49.9,stroke
2006,Kansas,1501,49.9,clrd
2003,Oklahoma,1748,49.9,unintentional_injuries
2003,Delaware,407,49.9,stroke
2001,Alaska,147,49.9,clrd
1999,Ohio,5858,49.9,clrd
1999,Tennessee,2748,49.9,clrd
2017,Alabama,2931,50.0,stroke
2017,Nevada,1633,50.0,clrd
2012,Arkansas,1521,50.0,unintentional_injuries
2010,Oklahoma,1980,50.0,stroke
2010,Kansas,1580,50.0,clrd
2007,Tennessee,3167,50.0,clrd
2004,Wisconsin,3071,50.0,stroke
2000,South Carolina,1974,50.0,unintentional_injuries
1999,Connecticut,1933,50.0,stroke
2009,Oklahoma,1961,50.1,stroke
2006,Missouri,3009,50.1,unintentional_injuries
2006,Virginia,3523,50.1,stroke
2005,Alabama,2382,50.1,clrd
2004,South Carolina,2094,50.1,unintentional_injuries
2003,Arkansas,1500,50.1,clrd
2001,Montana,468,50.1,unintentional_injuries
2001,Connecticut,2003,50.1,stroke
2001,Delaware,383,50.1,stroke
2001,New Mexico,824,50.1,stroke
2001,Kansas,1444,50.1,clrd
2017,Montana,579,50.2,unintentional_injuries
2015,Montana,679,50.2,clrd
2011,Arkansas,1510,50.2,unintentional_injuries
2009,Arkansas,1473,50.2,unintentional_injuries
2005,Ohio,6279,50.2,stroke
2004,Alabama,2361,50.2,clrd
2002,Ohio,6063,50.2,clrd
2002,Oregon,1845,50.2,clrd
2016,Connecticut,1978,50.3,unintentional_injuries
2014,Montana,668,50.3,clrd
2013,Kansas,1673,50.3,clrd
2006,Nevada,1066,50.3,clrd
2005,Kansas,1571,50.3,stroke
2002,Mississippi,1378,50.3,clrd
1999,Montana,461,50.3,unintentional_injuries
2009,Ohio,6642,50.4,clrd
2008,South Carolina,2285,50.4,unintentional_injuries
2007,Ohio,6454,50.4,clrd
2006,Texas,9366,50.4,stroke
2004,Indiana,3145,50.4,clrd
2003,South Dakota,476,50.4,stroke
1999,Massachusetts,3548,50.4,stroke
1999,Rhode Island,633,50.4,stroke
1999,Oregon,1765,50.4,clrd
2016,Michigan,5313,50.5,unintentional_injuries
2014,New Hampshire,716,50.5,unintentional_injuries
2013,Louisiana,2333,50.5,unintentional_injuries
2011,Missouri,3169,50.5,unintentional_injuries
2011,Missouri,3492,50.5,clrd
2011,Nebraska,1068,50.5,clrd
2010,Ohio,6717,50.5,clrd
2006,Missouri,3247,50.5,stroke
2004,Iowa,1960,50.5,stroke
2003,South Dakota,406,50.5,unintentional_injuries
2000,Vermont,312,50.5,clrd
1999,Florida,10560,50.5,stroke
2016,Mississippi,1705,50.6,stroke
2014,Nebraska,1123,50.6,clrd
2011,Arkansas,1692,50.6,stroke
2011,Mississippi,1526,50.6,stroke
2009,Tennessee,3231,50.6,unintentional_injuries
2009,Kansas,1580,50.6,clrd
2008,Arkansas,1477,50.6,unintentional_injuries
2004,Arkansas,1406,50.6,unintentional_injuries
2000,New Mexico,813,50.6,stroke
2000,Ohio,5983,50.6,clrd
1999,Nebraska,945,50.6,clrd
2017,Missouri,3940,50.7,clrd
2013,Montana,647,50.7,clrd
2008,South Dakota,491,50.7,clrd
2004,Tennessee,2987,50.7,clrd
2003,Mississippi,1394,50.7,clrd
2002,Alabama,2328,50.7,clrd
2014,Ohio,6178,50.8,unintentional_injuries
2013,South Carolina,2756,50.8,clrd
2008,North Carolina,4637,50.8,stroke
2005,Alaska,313,50.8,unintentional_injuries
2000,Wyoming,245,50.8,unintentional_injuries
2015,Alabama,2552,50.9,unintentional_injuries
2015,Missouri,3309,50.9,unintentional_injuries
2005,Colorado,1914,50.9,clrd
2004,South Dakota,416,50.9,unintentional_injuries
2002,West Virginia,956,50.9,unintentional_injuries
2001,Vermont,323,50.9,stroke
2006,Indiana,3291,51.0,clrd
2004,Hawaii,714,51.0,stroke
1999,New Hampshire,592,51.0,clrd
2017,Mississippi,1723,51.1,stroke
2012,Louisiana,2362,51.1,unintentional_injuries
2007,North Carolina,4530,51.1,stroke
2005,Arkansas,1559,51.1,clrd
2016,Colorado,2880,51.2,unintentional_injuries
2012,Ohio,7070,51.2,clrd
2010,Mississippi,1520,51.2,stroke
2004,United States,150074,51.2,stroke
2000,Indiana,3052,51.2,clrd
1999,Arizona,2553,51.2,clrd
1999,Washington,2713,51.2,clrd
2011,Kansas,1647,51.3,clrd
2010,Montana,602,51.3,clrd
2009,South Carolina,2400,51.3,stroke
2007,Louisiana,2147,51.3,stroke
2007,Alabama,2530,51.3,clrd
2003,Maine,782,51.3,clrd
2002,Kentucky,2090,51.3,unintentional_injuries
2002,New Hampshire,627,51.3,stroke
2014,Missouri,3762,51.4,clrd
2004,Louisiana,2300,51.4,unintentional_injuries
2002,Delaware,405,51.4,stroke
2001,New Hampshire,616,51.4,clrd
2000,Connecticut,2011,51.4,stroke
2017,Massachusetts,3821,51.5,unintentional_injuries
2011,Idaho,824,51.5,clrd
2008,Tennessee,3250,51.5,unintentional_injuries
2007,Texas,9796,51.5,stroke
2004,Illinois,6489,51.5,stroke
2004,Maine,801,51.5,stroke
2003,Colorado,1813,51.5,stroke
2002,Indiana,3138,51.5,clrd
2000,Massachusetts,3669,51.5,stroke
2016,Indiana,3496,51.6,unintentional_injuries
2016,Alabama,2967,51.6,stroke
2010,Alabama,2619,51.6,stroke
2009,Montana,598,51.6,clrd
2008,Mississippi,1520,51.6,clrd
2008,Nebraska,1047,51.6,clrd
1999,Indiana,3053,51.6,clrd
2017,Kansas,1832,51.7,clrd
2012,Missouri,3650,51.7,clrd
2011,Ohio,6996,51.7,clrd
2002,Minnesota,2706,51.7,stroke
1999,Missouri,3068,51.7,clrd
2017,Arkansas,1625,51.8,unintentional_injuries
2016,Arkansas,1604,51.8,unintentional_injuries
2012,Kansas,1687,51.8,clrd
2012,Tennessee,3695,51.8,clrd
2004,Colorado,1899,51.8,clrd
2003,Tennessee,3004,51.8,unintentional_injuries
2016,Montana,722,51.9,clrd
2009,Missouri,3456,51.9,clrd
2007,Arizona,3161,51.9,unintentional_injuries
2006,Kentucky,2197,51.9,stroke
2005,Alabama,2395,51.9,unintentional_injuries
2005,Indiana,3296,51.9,stroke
2015,Pennsylvania,7324,52.0,unintentional_injuries
2012,Nevada,1370,52.0,clrd
2007,Georgia,3894,52.0,stroke
2005,Mississippi,1473,52.0,clrd
2004,Michigan,5290,52.0,stroke
2002,Vermont,335,52.0,stroke
2016,Missouri,3961,52.1,clrd
2001,Indiana,3136,52.1,clrd
2000,Tennessee,2887,52.1,clrd
2016,North Carolina,5476,52.2,unintentional_injuries
2015,Alabama,2937,52.2,stroke
2015,Nebraska,1174,52.2,clrd
2014,Mississippi,1738,52.2,clrd
2004,Kansas,1611,52.2,stroke
2003,Maine,802,52.2,stroke
2001,Tennessee,2941,52.2,clrd
1999,Alabama,2313,52.2,unintentional_injuries
2006,Alaska,316,52.3,unintentional_injuries
2016,Delaware,516,52.4,unintentional_injuries
2007,Tennessee,3257,52.4,unintentional_injuries
2005,Texas,9366,52.4,stroke
2003,Alabama,2434,52.4,clrd
2014,Tennessee,3969,52.5,clrd
2013,Alaska,353,52.5,unintentional_injuries
2008,Alabama,2509,52.5,unintentional_injuries
2008,Colorado,2188,52.5,clrd
2005,Kentucky,2168,52.5,stroke
1999,New Mexico,817,52.5,stroke
2017,Nebraska,1224,52.6,clrd
2015,Mississippi,1734,52.6,stroke
2014,Montana,581,52.6,unintentional_injuries
2010,Missouri,3557,52.6,clrd
2008,South Carolina,2394,52.6,stroke
2007,Arkansas,1656,52.6,clrd
2005,Tennessee,3147,52.6,unintentional_injuries
1999,Maine,751,52.6,clrd
2013,Tennessee,3540,52.7,unintentional_injuries
2011,Tennessee,3658,52.7,clrd
2010,Tennessee,3551,52.7,clrd
2009,Mississippi,1556,52.7,clrd
2006,Idaho,725,52.7,stroke
2005,South Dakota,511,52.7,stroke
2005,Kansas,1567,52.7,clrd
2002,Tennessee,3011,52.7,clrd
2016,Massachusetts,3831,52.8,unintentional_injuries
2015,Missouri,3935,52.8,clrd
2012,Montana,572,52.8,unintentional_injuries
2008,Kansas,1626,52.8,clrd
2005,Ohio,6580,52.8,clrd
2004,Alaska,172,52.8,stroke
2004,Ohio,6501,52.8,stroke
2003,Pennsylvania,8261,52.8,stroke
2003,Indiana,3264,52.8,clrd
2003,Tennessee,3067,52.8,clrd
2002,Wyoming,243,52.8,stroke
2001,Minnesota,2727,52.8,stroke
1999,Wyoming,258,52.8,unintentional_injuries
2014,Nevada,1522,52.9,clrd
2013,Missouri,3798,52.9,clrd
2012,Wyoming,308,52.9,unintentional_injuries
2011,Montana,637,52.9,clrd
2009,Arkansas,1694,52.9,stroke
2009,Tennessee,3503,52.9,clrd
2005,Missouri,3347,52.9,stroke
2005,Tennessee,3185,52.9,clrd
2002,Maine,791,52.9,clrd
2001,New Hampshire,633,52.9,stroke
2001,South Dakota,490,52.9,stroke
1999,New Mexico,848,52.9,clrd
2017,Michigan,5623,53.0,unintentional_injuries
2004,Alabama,2403,53.0,unintentional_injuries
2002,Colorado,1848,53.0,clrd
2000,Maine,768,53.0,clrd
2015,Rhode Island,649,53.1,unintentional_injuries
2012,Tennessee,3513,53.1,unintentional_injuries
2008,Tennessee,3356,53.1,stroke
2003,Wisconsin,3216,53.1,stroke
2017,Connecticut,2078,53.2,unintentional_injuries
2013,Tennessee,3904,53.2,clrd
2010,Montana,548,53.2,unintentional_injuries
2007,South Carolina,2364,53.2,unintentional_injuries
2006,North Carolina,4572,53.2,stroke
2005,Montana,524,53.2,unintentional_injuries
2005,West Virginia,1151,53.2,stroke
2005,Maine,830,53.2,clrd
2004,Maryland,2718,53.2,stroke
2011,Tennessee,3485,53.3,unintentional_injuries
2009,Alaska,340,53.3,unintentional_injuries
2009,Nevada,1244,53.3,clrd
2008,Ohio,6928,53.3,clrd
2006,South Carolina,2315,53.3,unintentional_injuries
2006,Montana,579,53.3,clrd
2003,New Mexico,936,53.3,clrd
2001,Oklahoma,1922,53.3,clrd
1999,District of Columbia,297,53.3,stroke
2016,South Dakota,505,53.4,unintentional_injuries
2006,South Dakota,452,53.4,unintentional_injuries
2005,South Carolina,2272,53.4,unintentional_injuries
2017,Montana,752,53.5,clrd
2010,Arkansas,1773,53.5,clrd
2006,Georgia,3889,53.5,stroke
2017,Colorado,3037,53.6,unintentional_injuries
2015,Maine,1025,53.6,clrd
2014,Alabama,3050,53.6,clrd
2009,Alabama,2675,53.6,stroke
2004,Tennessee,3156,53.6,unintentional_injuries
2000,Montana,517,53.6,clrd
2009,Wyoming,299,53.7,unintentional_injuries
2005,Virginia,3675,53.7,stroke
2003,West Virginia,1004,53.7,unintentional_injuries
2017,Alabama,2703,53.8,unintentional_injuries
2017,Wyoming,366,53.8,clrd
2015,Maine,802,53.8,unintentional_injuries
2010,Arkansas,1741,53.8,stroke
2007,Alabama,2542,53.8,unintentional_injuries
2006,South Carolina,2291,53.8,stroke
2000,Arizona,2648,53.8,stroke
2006,Louisiana,2195,53.9,stroke
2005,Idaho,718,53.9,stroke
2004,Oklahoma,1985,53.9,clrd
2003,Wyoming,253,53.9,stroke
2001,Colorado,1836,53.9,clrd
2000,Montana,495,53.9,unintentional_injuries
2000,Colorado,1787,53.9,clrd
2015,South Carolina,2737,54.0,unintentional_injuries
2014,Indiana,4029,54.0,clrd
2008,Oklahoma,2079,54.0,stroke
2006,Alabama,2506,54.0,unintentional_injuries
2003,Colorado,1931,54.0,clrd
2016,Montana,626,54.1,unintentional_injuries
2015,Nevada,1617,54.1,clrd
2013,Nevada,1482,54.1,clrd
2012,Alaska,368,54.1,unintentional_injuries
2008,Alaska,332,54.1,unintentional_injuries
2005,Idaho,717,54.1,clrd
2016,Arizona,4010,54.2,unintentional_injuries
2014,Tennessee,3686,54.2,unintentional_injuries
2009,Alabama,2770,54.2,clrd
2008,Alabama,2733,54.2,clrd
2013,Mississippi,1755,54.3,clrd
2006,Tennessee,3307,54.3,unintentional_injuries
2011,Alabama,2662,54.4,unintentional_injuries
2008,Arkansas,1722,54.4,stroke
2001,Maine,800,54.4,clrd
1999,Arizona,2600,54.4,stroke
2012,Mississippi,1627,54.5,unintentional_injuries
2003,Iowa,2081,54.5,stroke
2003,Michigan,5470,54.5,stroke
2002,Maine,823,54.5,stroke
2016,Indiana,4214,54.6,clrd
2004,California,16882,54.6,stroke
2004,Nevada,1030,54.6,stroke
2003,United States,157689,54.6,stroke
2016,Tennessee,4318,54.7,clrd
2015,Louisiana,2578,54.7,unintentional_injuries
2012,Mississippi,1729,54.7,clrd
2008,Mississippi,1592,54.7,stroke
2008,Tennessee,3545,54.7,clrd
2007,Montana,604,54.7,clrd
2005,Arizona,3150,54.7,unintentional_injuries
2003,Maryland,2734,54.7,stroke
2003,Nebraska,1094,54.7,stroke
2001,Colorado,1825,54.7,stroke
2016,Vermont,372,54.8,unintentional_injuries
2013,Alabama,3043,54.8,clrd
2005,Indiana,3471,54.8,clrd
2004,Kentucky,2260,54.8,unintentional_injuries
2004,West Virginia,1178,54.8,stroke
2004,Kentucky,2265,54.8,clrd
2003,Montana,518,54.8,unintentional_injuries
2002,Oklahoma,1988,54.8,clrd
2000,Kentucky,2170,54.8,clrd
2016,Florida,12561,54.9,unintentional_injuries
2015,Tennessee,4239,54.9,clrd
2010,Tennessee,3539,54.9,unintentional_injuries
2008,Louisiana,2409,54.9,unintentional_injuries
2005,Alaska,178,54.9,stroke
2005,Montana,580,54.9,clrd
2002,South Dakota,518,54.9,stroke
2000,Vermont,343,54.9,stroke
2014,Alaska,379,55.0,unintentional_injuries
2014,Wyoming,343,55.0,clrd
2004,Oklahoma,1947,55.0,unintentional_injuries
2011,Mississippi,1694,55.1,clrd
2009,Kentucky,2394,55.1,unintentional_injuries
2004,Washington,3243,55.1,stroke
2003,Wyoming,273,55.1,unintentional_injuries
2017,Indiana,4375,55.2,clrd
2013,Wyoming,325,55.2,unintentional_injuries
2012,Alabama,3015,55.2,clrd
2011,Alabama,2912,55.2,clrd
2010,Mississippi,1661,55.2,clrd
2008,Kentucky,2379,55.2,unintentional_injuries
2003,Kentucky,2270,55.2,unintentional_injuries
2003,Utah,876,55.2,stroke
2002,Nebraska,1103,55.2,stroke
2001,Maine,822,55.2,stroke
2000,Oklahoma,1980,55.2,clrd
2010,Indiana,3794,55.3,clrd
2004,Montana,535,55.3,unintentional_injuries
2004,Idaho,712,55.3,stroke
2004,Indiana,3454,55.3,stroke
2015,Indiana,4212,55.4,clrd
2010,Alabama,2866,55.4,clrd
2004,North Dakota,475,55.4,stroke
2003,Alaska,321,55.4,unintentional_injuries
2003,Illinois,6909,55.4,stroke
2002,North Dakota,469,55.4,stroke
2001,Nevada,913,55.4,stroke
2016,Alabama,2755,55.5,unintentional_injuries
2012,Indiana,3962,55.5,clrd
2009,Indiana,3745,55.5,clrd
2001,Wyoming,272,55.5,unintentional_injuries
2016,Wisconsin,3575,55.6,unintentional_injuries
2013,Mississippi,1692,55.6,unintentional_injuries
2007,Kentucky,2372,55.6,unintentional_injuries
2006,Kentucky,2407,55.6,clrd
2005,Georgia,3854,55.6,stroke
2004,West Virginia,1225,55.6,clrd
2002,Montana,524,55.6,unintentional_injuries
2002,Pennsylvania,8579,55.6,stroke
2000,North Dakota,456,55.6,stroke
2013,Kentucky,2513,55.7,unintentional_injuries
2007,Mississippi,1589,55.7,stroke
2006,Montana,558,55.7,unintentional_injuries
2006,Oklahoma,2085,55.7,stroke
2003,Hawaii,752,55.7,stroke
2002,Colorado,1915,55.7,stroke
2012,Arkansas,1910,55.8,clrd
2012,Wyoming,334,55.8,clrd
2007,South Carolina,2466,55.8,stroke
2000,Nebraska,1091,55.8,stroke
1999,Vermont,344,55.8,stroke
2015,Ohio,6756,55.9,unintentional_injuries
2007,Tennessee,3450,55.9,stroke
2004,Montana,578,55.9,clrd
2000,Minnesota,2820,55.9,stroke
1999,Alaska,294,55.9,unintentional_injuries
1999,New Mexico,969,55.9,unintentional_injuries
2006,Arizona,3352,56.0,unintentional_injuries
2004,Alaska,326,56.0,unintentional_injuries
2002,Alaska,158,56.0,stroke
2001,Mississippi,1571,56.0,unintentional_injuries
2017,Florida,13059,56.1,unintentional_injuries
2017,South Dakota,537,56.1,unintentional_injuries
2006,Mississippi,1585,56.1,stroke
2005,Oklahoma,2005,56.1,unintentional_injuries
2004,Missouri,3503,56.1,stroke
2003,Montana,576,56.1,stroke
2017,Arizona,4184,56.2,unintentional_injuries
2016,Alabama,3326,56.2,clrd
2014,Mississippi,1712,56.2,unintentional_injuries
2011,Wyoming,317,56.2,unintentional_injuries
2009,Arkansas,1831,56.2,clrd
2007,Oklahoma,2126,56.2,stroke
2017,Mississippi,1738,56.3,unintentional_injuries
2017,North Carolina,5985,56.3,unintentional_injuries
2015,Montana,637,56.3,unintentional_injuries
2006,West Virginia,1267,56.3,clrd
2015,Tennessee,3873,56.4,unintentional_injuries
2015,Alabama,3279,56.4,clrd
2009,Mississippi,1658,56.4,unintentional_injuries
2008,Nevada,1257,56.4,clrd
2007,Alaska,354,56.4,unintentional_injuries
2006,Tennessee,3407,56.4,stroke
2001,Pennsylvania,8619,56.4,stroke
2000,New Hampshire,662,56.4,stroke
1999,Alaska,146,56.4,clrd
2007,Wyoming,299,56.5,unintentional_injuries
2000,Nevada,872,56.5,stroke
2016,Rhode Island,675,56.6,unintentional_injuries
2016,Nevada,1778,56.6,clrd
2006,Oklahoma,2039,56.6,unintentional_injuries
2003,Ohio,6910,56.6,stroke
2002,West Virginia,1228,56.6,clrd
2001,Kentucky,2265,56.6,clrd
2007,Wyoming,295,56.7,clrd
2004,Virginia,3788,56.7,stroke
2003,North Dakota,476,56.7,stroke
2001,Wyoming,260,56.7,stroke
2011,Montana,609,56.8,unintentional_injuries
2010,Mississippi,1685,56.8,unintentional_injuries
2007,Louisiana,2466,56.8,unintentional_injuries
2006,Louisiana,2422,56.8,unintentional_injuries
2000,New Mexico,995,56.8,unintentional_injuries
2017,Vermont,394,56.9,unintentional_injuries
2017,Wyoming,348,56.9,unintentional_injuries
2007,Alabama,2747,56.9,stroke
2004,Texas,9853,56.9,stroke
2016,Missouri,3625,57.0,unintentional_injuries
2011,Wyoming,327,57.0,clrd
2000,Maine,833,57.0,stroke
2015,Mississippi,1924,57.1,clrd
2015,Wyoming,368,57.1,clrd
2005,Vermont,381,57.1,clrd
2009,Wyoming,310,57.2,clrd
2008,Oklahoma,2119,57.2,unintentional_injuries
2005,Oregon,2289,57.2,stroke
2004,Nevada,1124,57.2,clrd
2002,United States,162672,57.2,stroke
2001,Utah,870,57.2,stroke
1999,Colorado,1834,57.2,stroke
2011,Alaska,385,57.3,unintentional_injuries
2017,Tennessee,4657,57.4,clrd
2016,Louisiana,2710,57.4,unintentional_injuries
2008,Missouri,3765,57.4,clrd
2005,Kentucky,2405,57.4,unintentional_injuries
2003,Kansas,1758,57.5,stroke
2002,Maryland,2811,57.5,stroke
2001,Nebraska,1130,57.5,stroke
1999,Pennsylvania,8600,57.5,stroke
2006,Oklahoma,2192,57.6,clrd
2005,Wyoming,291,57.6,clrd
2003,Wyoming,278,57.6,clrd
2000,Delaware,430,57.6,stroke
2013,Montana,623,57.7,unintentional_injuries
2003,Missouri,3580,57.7,stroke
2002,Nevada,976,57.7,stroke
2001,New Mexico,1020,57.7,unintentional_injuries
2017,Alabama,3484,57.8,clrd
2008,Mississippi,1693,57.8,unintentional_injuries
2006,Alabama,2740,57.8,stroke
2003,Nevada,1028,57.8,stroke
2002,Montana,576,57.8,clrd
2015,Alaska,388,57.9,unintentional_injuries
2011,Mississippi,1724,57.9,unintentional_injuries
2011,Indiana,4064,57.9,clrd
2006,Kentucky,2446,57.9,unintentional_injuries
2001,Alaska,158,57.9,stroke
2001,Wyoming,270,57.9,clrd
1999,New Hampshire,669,57.9,stroke
1999,West Virginia,1236,57.9,clrd
2005,Louisiana,2469,58.0,stroke
2005,Mississippi,1622,58.0,stroke
2004,Kentucky,2339,58.0,stroke
2008,Indiana,3878,58.1,clrd
2002,Wyoming,289,58.1,unintentional_injuries
2002,Utah,903,58.1,stroke
2001,Montana,578,58.1,stroke
2001,Ohio,6891,58.1,stroke
1999,Colorado,1894,58.1,clrd
2008,Alabama,2863,58.2,stroke
2003,California,17692,58.2,stroke
2017,Wisconsin,3746,58.3,unintentional_injuries
2017,Mississippi,2037,58.3,clrd
2016,District of Columbia,401,58.3,unintentional_injuries
2014,Kentucky,2621,58.3,unintentional_injuries
2007,West Virginia,1331,58.3,clrd
2003,Montana,588,58.3,clrd
2002,Illinois,7183,58.3,stroke
2000,Iowa,2187,58.3,stroke
2000,Wyoming,260,58.3,stroke
2013,Indiana,4266,58.4,clrd
2003,Kentucky,2391,58.4,clrd
2002,Wisconsin,3479,58.4,stroke
2001,United States,163538,58.4,stroke
2008,Wyoming,311,58.5,clrd
2002,Mississippi,1642,58.5,unintentional_injuries
2002,Iowa,2226,58.5,stroke
2017,Indiana,3978,58.7,unintentional_injuries
2010,Alaska,366,58.7,unintentional_injuries
2008,Arkansas,1887,58.7,clrd
2005,Wyoming,302,58.7,unintentional_injuries
2003,Indiana,3627,58.7,stroke
2000,Colorado,1907,58.7,stroke
2017,Missouri,3776,58.8,unintentional_injuries
2011,Oklahoma,2261,58.8,unintentional_injuries
2007,Oklahoma,2149,58.8,unintentional_injuries
2003,Mississippi,1656,58.8,unintentional_injuries
2001,Michigan,5701,58.8,stroke
2017,Louisiana,2780,58.9,unintentional_injuries
2016,South Carolina,3012,58.9,unintentional_injuries
2014,Arkansas,2092,58.9,clrd
2011,Arkansas,1985,58.9,clrd
2006,Wyoming,306,58.9,unintentional_injuries
2000,Mississippi,1653,58.9,unintentional_injuries
1999,Mississippi,1642,58.9,unintentional_injuries
2015,New Hampshire,815,59.0,unintentional_injuries
2013,New Mexico,1245,59.0,unintentional_injuries
2005,North Carolina,4861,59.0,stroke
2004,West Virginia,1110,59.0,unintentional_injuries
2003,Oklahoma,2160,59.0,clrd
2002,Michigan,5814,59.0,stroke
2000,Pennsylvania,8919,59.0,stroke
1999,Kentucky,2327,59.0,clrd
2016,Arkansas,2169,59.1,clrd
2008,Montana,592,59.1,unintentional_injuries
2001,Illinois,7230,59.1,stroke
2001,Iowa,2218,59.1,stroke
2016,Mississippi,1803,59.2,unintentional_injuries
2003,West Virginia,1296,59.2,clrd
2002,Alaska,346,59.2,unintentional_injuries
2001,West Virginia,1273,59.2,clrd
2002,California,17626,59.3,stroke
2002,West Virginia,1260,59.3,stroke
2002,Kentucky,2401,59.3,clrd
2001,Montana,583,59.3,clrd
1999,Nevada,882,59.4,stroke
1999,Montana,566,59.4,clrd
2011,Kentucky,2608,59.5,unintentional_injuries
2010,Wyoming,332,59.5,clrd
2004,Oregon,2328,59.5,stroke
1999,Minnesota,2997,59.6,stroke
2015,Mississippi,1814,59.8,unintentional_injuries
2010,Wyoming,346,59.8,unintentional_injuries
2004,Louisiana,2489,59.8,stroke
2007,Kentucky,2629,59.9,clrd
2004,Mississippi,1703,59.9,unintentional_injuries
2004,Mississippi,1651,59.9,stroke
2017,Rhode Island,718,60.0,unintentional_injuries
2010,Kentucky,2779,60.0,clrd
1999,South Dakota,547,60.0,stroke
2015,Oklahoma,2422,60.1,unintentional_injuries
2013,Arkansas,2090,60.1,clrd
2007,Arkansas,1873,60.1,stroke
2001,West Virginia,1272,60.1,stroke
2000,Montana,583,60.1,stroke
2017,South Carolina,3147,60.2,unintentional_injuries
2005,South Carolina,2458,60.2,stroke
2002,Idaho,736,60.2,stroke
2001,Maryland,2882,60.2,stroke
1999,Nebraska,1176,60.2,stroke
1999,Utah,869,60.2,stroke
2010,Oklahoma,2288,60.3,unintentional_injuries
2009,Montana,619,60.3,unintentional_injuries
2007,Montana,614,60.3,unintentional_injuries
2004,Oklahoma,2183,60.3,stroke
2002,Ohio,7252,60.3,stroke
2014,Oklahoma,2421,60.4,unintentional_injuries
2005,Nevada,1227,60.4,clrd
2002,Kansas,1845,60.4,stroke
2010,Kentucky,2632,60.5,unintentional_injuries
2005,West Virginia,1350,60.5,clrd
2003,Idaho,762,60.5,stroke
2001,Alaska,345,60.5,unintentional_injuries
2003,Virginia,3938,60.6,stroke
2001,Hawaii,766,60.6,stroke
2000,Kansas,1830,60.6,stroke
2010,New Mexico,1233,60.7,unintentional_injuries
1999,Wyoming,265,60.7,stroke
2004,Georgia,4063,60.8,stroke
2003,Texas,10303,60.8,stroke
2001,North Dakota,507,60.8,stroke
2014,Wyoming,361,60.9,unintentional_injuries
2005,Oklahoma,2235,60.9,stroke
2001,Kansas,1848,60.9,stroke
2000,United States,167661,60.9,stroke
2017,District of Columbia,427,61.0,unintentional_injuries
2008,Montana,691,61.0,clrd
2005,Kentucky,2578,61.0,clrd
2002,Indiana,3717,61.0,stroke
2016,Tennessee,4238,61.1,unintentional_injuries
2009,Oklahoma,2284,61.2,unintentional_injuries
2006,Arkansas,1884,61.2,stroke
2005,Arkansas,1847,61.2,stroke
2003,West Virginia,1309,61.2,stroke
2000,Ohio,7175,61.2,stroke
1999,Maine,879,61.2,stroke
2003,Kentucky,2442,61.3,stroke
2000,Illinois,7429,61.3,stroke
2000,West Virginia,1296,61.3,stroke
2000,Nevada,989,61.3,clrd
2016,Oklahoma,2794,61.4,clrd
2012,Oklahoma,2585,61.4,clrd
2003,Louisiana,2526,61.4,stroke
2002,New Mexico,1105,61.4,unintentional_injuries
2000,Hawaii,747,61.4,stroke
2012,Oklahoma,2388,61.6,unintentional_injuries
2000,Michigan,5864,61.6,stroke
2000,South Dakota,560,61.6,stroke
1999,Kansas,1841,61.6,stroke
1999,United States,167366,61.6,stroke
2004,North Carolina,4955,61.7,stroke
2016,Pennsylvania,8410,61.8,unintentional_injuries
2000,Idaho,720,61.8,stroke
2017,Delaware,608,61.9,unintentional_injuries
2016,Wyoming,371,61.9,unintentional_injuries
2016,Mississippi,2116,62.0,clrd
2012,Kentucky,2741,62.0,unintentional_injuries
2001,Missouri,3796,62.0,stroke
2016,West Virginia,1599,62.1,clrd
2007,Oklahoma,2386,62.1,clrd
2002,Hawaii,812,62.1,stroke
2001,California,18088,62.1,stroke
1999,Iowa,2317,62.1,stroke
2009,Kentucky,2854,62.2,clrd
2007,Mississippi,1808,62.2,unintentional_injuries
2000,Wisconsin,3598,62.2,stroke
1999,Montana,595,62.2,stroke
2003,Alaska,185,62.3,stroke
1999,Ohio,7235,62.3,stroke
2016,Maine,909,62.4,unintentional_injuries
2015,Arkansas,2270,62.4,clrd
2013,Oklahoma,2680,62.4,clrd
2012,West Virginia,1524,62.4,clrd
2006,West Virginia,1177,62.4,unintentional_injuries
2003,Washington,3595,62.4,stroke
2002,Virginia,3960,62.4,stroke
2001,Wisconsin,3658,62.4,stroke
2000,Wyoming,283,62.4,clrd
2017,Oklahoma,2563,62.5,unintentional_injuries
2013,Oklahoma,2474,62.7,unintentional_injuries
2010,West Virginia,1482,62.7,clrd
2005,Tennessee,3659,62.7,stroke
2004,Wyoming,308,62.8,clrd
2017,New Hampshire,907,62.9,unintentional_injuries
2003,Nevada,1173,62.9,clrd
2000,West Virginia,1345,62.9,clrd
2017,Tennessee,4435,63.0,unintentional_injuries
2014,West Virginia,1578,63.0,clrd
2002,Montana,639,63.0,stroke
1999,North Dakota,513,63.0,stroke
2016,Alaska,439,63.1,unintentional_injuries
2013,Wyoming,387,63.1,clrd
2002,Missouri,3885,63.1,stroke
1999,West Virginia,1323,63.1,stroke
2014,Oklahoma,2772,63.3,clrd
1999,Maryland,2892,63.3,stroke
2005,Alabama,2952,63.4,stroke
2000,Maryland,2955,63.4,stroke
2000,Louisiana,2533,63.5,stroke
2005,Oklahoma,2368,63.6,clrd
2003,Mississippi,1736,63.6,stroke
2002,Texas,10548,63.6,stroke
2017,Alaska,436,63.7,unintentional_injuries
2010,West Virginia,1234,63.7,unintentional_injuries
2014,Kentucky,3214,63.8,clrd
2011,Oklahoma,2637,63.8,clrd
2009,New Mexico,1281,63.8,unintentional_injuries
2002,Louisiana,2595,63.8,stroke
2009,West Virginia,1490,63.9,clrd
2000,California,18185,64.0,stroke
2016,Oklahoma,2592,64.1,unintentional_injuries
2011,Kentucky,3020,64.1,clrd
2012,Kentucky,3100,64.2,clrd
1999,Hawaii,762,64.2,stroke
2017,West Virginia,1681,64.3,clrd
2015,Kentucky,3331,64.3,clrd
2008,Wyoming,351,64.3,unintentional_injuries
2001,Indiana,3877,64.3,stroke
1999,Michigan,6041,64.3,stroke
2011,New Mexico,1336,64.4,unintentional_injuries
1999,Illinois,7714,64.4,stroke
2017,Kentucky,3480,64.5,clrd
2000,Alaska,343,64.5,unintentional_injuries
1999,California,17962,64.5,stroke
2015,West Virginia,1628,64.6,clrd
2013,Kentucky,3187,64.6,clrd
2013,West Virginia,1590,64.6,clrd
2004,Tennessee,3680,64.6,stroke
2006,Mississippi,1856,64.7,unintentional_injuries
1999,Nevada,1029,64.7,clrd
2002,Kentucky,2554,64.9,stroke
2012,New Mexico,1351,65.0,unintentional_injuries
2001,Texas,10612,65.0,stroke
2009,Oklahoma,2595,65.1,clrd
2000,Missouri,3940,65.1,stroke
2008,Kentucky,2926,65.2,clrd
2001,Kentucky,2557,65.2,stroke
2004,Arkansas,1948,65.3,stroke
2001,Idaho,781,65.4,stroke
2001,Louisiana,2638,65.4,stroke
2008,West Virginia,1253,65.5,unintentional_injuries
2004,Alabama,2986,65.5,stroke
2003,Georgia,4301,65.6,stroke
2001,Nevada,1136,65.6,clrd
1999,Missouri,3950,65.6,stroke
2015,Wyoming,400,65.8,unintentional_injuries
2015,Oklahoma,2924,65.8,clrd
2007,West Virginia,1241,65.8,unintentional_injuries
2017,Oklahoma,3035,65.9,clrd
2002,Nevada,1174,65.9,clrd
1999,Texas,10414,65.9,stroke
2015,Kentucky,2962,66.0,unintentional_injuries
2004,New Mexico,1223,66.0,unintentional_injuries
2000,Utah,975,66.0,stroke
2011,West Virginia,1571,66.1,clrd
2000,Alaska,170,66.1,stroke
2016,Kentucky,3486,66.3,clrd
2001,Virginia,4129,66.3,stroke
2003,North Carolina,5203,66.4,stroke
2001,Oklahoma,2384,66.4,stroke
2004,South Carolina,2643,66.5,stroke
2002,Georgia,4261,66.5,stroke
2000,Texas,10684,66.5,stroke
2016,New Hampshire,924,66.6,unintentional_injuries
2016,Ohio,7999,66.6,unintentional_injuries
2002,Washington,3753,66.6,stroke
2017,Arkansas,2517,66.7,clrd
2003,Oregon,2554,66.7,stroke
2001,Alabama,2998,66.9,stroke
2005,New Mexico,1267,67.0,unintentional_injuries
2003,Alabama,3028,67.0,stroke
2005,Mississippi,1936,67.1,unintentional_injuries
2015,New Mexico,1430,67.3,unintentional_injuries
2003,New Mexico,1227,67.3,unintentional_injuries
2010,Oklahoma,2720,67.4,clrd
2006,Wyoming,345,67.4,clrd
2000,Virginia,4104,67.4,stroke
2002,Oklahoma,2427,67.5,stroke
1999,Idaho,771,67.5,stroke
1999,Wisconsin,3869,67.5,stroke
2006,New Mexico,1297,67.6,unintentional_injuries
2007,New Mexico,1329,67.7,unintentional_injuries
2000,Kentucky,2637,67.7,stroke
2017,Maine,990,68.0,unintentional_injuries
2001,Washington,3765,68.1,stroke
2017,New Mexico,1460,68.3,unintentional_injuries
2001,Georgia,4312,68.3,stroke
1999,Louisiana,2684,68.3,stroke
2005,Louisiana,3072,68.5,unintentional_injuries
2002,Wyoming,324,68.7,clrd
2000,Washington,3714,68.7,stroke
1999,Virginia,4110,68.7,stroke
2002,North Carolina,5259,68.8,stroke
2008,Oklahoma,2694,68.9,clrd
2008,West Virginia,1590,68.9,clrd
2003,Oklahoma,2485,68.9,stroke
1999,Indiana,4057,69.0,stroke
2003,Tennessee,3883,69.2,stroke
1999,Mississippi,1854,69.2,stroke
2008,New Mexico,1366,69.3,unintentional_injuries
2016,New Mexico,1487,69.5,unintentional_injuries
2000,Oklahoma,2493,69.5,stroke
1999,Oklahoma,2481,69.6,stroke
1999,Washington,3718,69.9,stroke
2017,Pennsylvania,9527,70.2,unintentional_injuries
2001,Oregon,2588,70.2,stroke
2002,Oregon,2645,70.4,stroke
1999,Kentucky,2710,70.4,stroke
2012,West Virginia,1371,70.8,unintentional_injuries
2002,Mississippi,1926,70.9,stroke
2016,Kentucky,3194,71.0,unintentional_injuries
2014,West Virginia,1380,71.0,unintentional_injuries
2003,Arkansas,2107,71.1,stroke
2003,South Carolina,2748,71.2,stroke
2002,Alabama,3201,71.2,stroke
1999,Alaska,171,71.2,stroke
2001,Mississippi,1935,71.5,stroke
2000,Alabama,3183,71.5,stroke
2000,Indiana,4247,71.5,stroke
1999,Alabama,3148,71.5,stroke
2002,Tennessee,3980,71.6,stroke
2000,Oregon,2585,71.6,stroke
2013,West Virginia,1395,71.7,unintentional_injuries
2014,New Mexico,1534,72.1,unintentional_injuries
2001,North Carolina,5401,72.1,stroke
1999,Georgia,4416,72.3,stroke
2017,Kentucky,3264,72.9,unintentional_injuries
2001,Tennessee,4037,73.1,stroke
2000,Mississippi,1999,74.1,stroke
2002,South Carolina,2822,74.4,stroke
2011,West Virginia,1432,74.8,unintentional_injuries
2000,Georgia,4625,74.8,stroke
2017,Ohio,8971,75.1,unintentional_injuries
1999,Wyoming,338,75.6,clrd
2002,Arkansas,2232,75.7,stroke
2001,South Carolina,2832,76.2,stroke
1999,Tennessee,4103,76.3,stroke
2001,Arkansas,2256,76.8,stroke
2000,Arkansas,2255,77.2,stroke
1999,Arkansas,2255,77.7,stroke
2015,West Virginia,1516,77.9,unintentional_injuries
1999,North Carolina,5626,77.9,stroke
2000,North Carolina,5749,78.5,stroke
2000,Tennessee,4266,78.5,stroke
1999,Oregon,2799,78.6,stroke
2000,South Carolina,2956,81.4,stroke
1999,South Carolina,2974,83.4,stroke
2016,West Virginia,1705,89.7,unintentional_injuries
2017,West Virginia,1892,100.3,unintentional_injuries
2016,Minnesota,7825,114.9,heart_disease
2014,Minnesota,7659,116.5,heart_disease
2015,Minnesota,7844,116.6,heart_disease
2011,Minnesota,7240,117.0,heart_disease
2017,Minnesota,8230,119.1,heart_disease
2012,Minnesota,7496,119.2,heart_disease
2010,Minnesota,7185,119.4,heart_disease
2013,Minnesota,7714,119.6,heart_disease
2017,Utah,3161,120.3,cancer
2009,Minnesota,7238,122.1,heart_disease
2016,Utah,3125,122.4,cancer
2017,Colorado,7060,122.7,heart_disease
2009,Utah,2555,124.7,cancer
2015,Utah,3091,125.2,cancer
2008,Utah,2492,125.4,cancer
2013,Colorado,6456,125.7,heart_disease
2011,Utah,2746,125.7,cancer
2008,Minnesota,7367,126.6,heart_disease
2016,Hawaii,2488,127.0,heart_disease
2012,Colorado,6311,127.3,heart_disease
2014,Utah,3043,127.4,cancer
2013,Utah,2971,127.6,cancer
2012,Utah,2876,128.2,cancer
2015,Colorado,7009,128.4,heart_disease
2017,Hawaii,2456,128.6,cancer
2016,Hawaii,2401,128.7,cancer
2017,Hawaii,2575,129.8,heart_disease
2016,Colorado,7277,129.8,heart_disease
2011,Colorado,6177,129.8,heart_disease
2014,Colorado,6900,130.3,heart_disease
2012,Oregon,6180,130.3,heart_disease
2007,Minnesota,7477,130.7,heart_disease
2017,Colorado,7829,131.0,cancer
2014,Oregon,6524,132.1,heart_disease
2010,Colorado,6038,132.8,heart_disease
2011,Hawaii,2312,132.9,heart_disease
2007,Utah,2572,133.2,cancer
2010,Utah,2810,133.7,cancer
2017,Oregon,6942,134.0,heart_disease
2015,Colorado,7604,134.4,cancer
2012,Hawaii,2284,134.5,cancer
2017,Massachusetts,12140,134.7,heart_disease
2010,Hawaii,2239,134.7,heart_disease
2016,Massachusetts,11921,134.8,heart_disease
2006,Minnesota,7525,134.9,heart_disease
2017,Alaska,814,135.0,heart_disease
2016,Oregon,6968,135.0,heart_disease
2013,Alaska,706,135.0,heart_disease
2013,Oregon,6523,135.1,heart_disease
2012,Hawaii,2430,135.2,heart_disease
2015,Hawaii,2462,135.3,cancer
2011,Oregon,6255,135.3,heart_disease
2013,Hawaii,2332,135.5,cancer
2015,Hawaii,2605,135.6,heart_disease
2017,Arizona,12008,135.8,cancer
2014,Colorado,7405,136.0,cancer
2017,Wyoming,948,136.1,cancer
2016,Washington,11161,136.1,heart_disease
2015,Oregon,6859,136.1,heart_disease
2014,Arizona,10805,136.4,heart_disease
2012,Alaska,708,136.5,heart_disease
2009,Colorado,6093,136.5,heart_disease
2014,Hawaii,2528,136.7,heart_disease
2017,California,59516,136.8,cancer
2016,Arizona,11876,136.8,cancer
2016,Colorado,7928,137.1,cancer
2014,Massachusetts,11817,137.1,heart_disease
2014,Washington,10710,137.2,heart_disease
2015,Washington,11025,137.6,heart_disease
2017,North Dakota,1326,137.8,heart_disease
2010,Oregon,6198,137.9,heart_disease
2011,Hawaii,2278,138.1,cancer
2013,Washington,10524,138.2,heart_disease
2017,New Mexico,3620,138.3,cancer
2015,Massachusetts,12130,138.5,heart_disease
2017,Washington,11582,138.8,heart_disease
2016,New Mexico,3560,138.8,cancer
2015,Arizona,11458,138.8,heart_disease
2016,Arizona,11957,138.9,heart_disease
2013,Hawaii,2521,139.0,heart_disease
2012,Massachusetts,11602,139.1,heart_disease
2017,Alaska,926,139.2,cancer
2013,Colorado,7357,139.2,cancer
2012,Washington,10360,139.3,heart_disease
2015,Wyoming,931,139.4,cancer
2017,Connecticut,6608,139.6,cancer
2016,California,59515,139.7,cancer
2006,Utah,2615,139.9,cancer
2014,Hawaii,2493,140.0,cancer
2016,Nebraska,3322,140.3,heart_disease
2014,Wyoming,922,140.7,cancer
2016,North Dakota,1338,140.9,heart_disease
2016,Wyoming,962,140.9,cancer
2010,Hawaii,2266,140.9,cancer
2005,Utah,2520,140.9,cancer
2016,Alaska,831,141.0,heart_disease
2013,Arizona,10755,141.1,heart_disease
2004,Utah,2445,141.1,cancer
2017,New York,34956,141.2,cancer
2009,Oregon,6262,141.2,heart_disease
2015,Arizona,11776,141.3,cancer
2009,Hawaii,2244,141.3,cancer
2013,Massachusetts,12023,141.5,heart_disease
2017,Connecticut,7138,141.6,heart_disease
2017,Arizona,12398,141.9,heart_disease
2014,California,58189,142.2,heart_disease
2009,Utah,2813,142.2,heart_disease
2015,New Mexico,3508,142.4,heart_disease
2015,North Dakota,1323,142.4,heart_disease
2014,New Mexico,3478,142.4,cancer
2012,Utah,3091,142.4,heart_disease
2008,Colorado,6118,142.5,heart_disease
2008,Hawaii,2194,142.5,cancer
2017,North Dakota,1280,142.6,cancer
2016,North Dakota,1253,142.7,cancer
2014,Arizona,11455,142.7,cancer
2015,California,59629,142.8,cancer
2017,California,62797,142.9,heart_disease
2014,Nebraska,3296,143.0,heart_disease
2016,California,61573,143.1,heart_disease
2012,Colorado,7306,143.1,cancer
2010,Utah,2889,143.2,heart_disease
2015,New Mexico,3591,143.3,cancer
2014,New Mexico,3424,143.3,heart_disease
2017,Maine,2844,143.5,heart_disease
2011,Massachusetts,11765,143.8,heart_disease
2011,Washington,10439,143.8,heart_disease
2011,Colorado,7051,143.9,cancer
2014,California,58412,144.1,cancer
2016,Connecticut,7051,144.3,heart_disease
2001,Utah,2313,144.3,cancer
2011,Utah,3036,144.4,heart_disease
2002,Utah,2376,144.4,cancer
2017,New Jersey,16264,144.6,cancer
2011,North Dakota,1290,144.6,heart_disease
2003,Utah,2444,144.6,cancer
2016,Connecticut,6696,144.9,cancer
2013,Idaho,2495,145.4,heart_disease
2013,New Mexico,3482,145.4,cancer
2005,Minnesota,7926,145.4,heart_disease
2012,Arizona,10689,145.5,heart_disease
2015,California,61289,145.6,heart_disease
2014,Connecticut,7018,145.6,heart_disease
2017,Florida,46440,145.8,heart_disease
2017,Florida,45131,145.9,cancer
2016,Montana,2031,145.9,cancer
2012,Maine,2623,145.9,heart_disease
2012,New Hampshire,2324,146.1,heart_disease
2016,Florida,45659,146.2,heart_disease
2015,Connecticut,6666,146.2,cancer
2017,Texas,40668,146.5,cancer
2014,Alaska,782,146.6,heart_disease
2009,Hawaii,2363,146.6,heart_disease
2014,Connecticut,6621,146.7,cancer
2010,Arizona,9954,146.7,heart_disease
2007,Hawaii,2227,146.7,heart_disease
2004,Minnesota,7891,146.7,heart_disease
2017,Minnesota,9896,146.8,cancer
2016,Florida,44266,146.9,cancer
2012,Nebraska,3307,146.9,heart_disease
2011,Nebraska,3265,146.9,heart_disease
2011,New Mexico,3328,146.9,cancer
2013,Arizona,11347,147.0,cancer
2013,California,57714,147.0,cancer
2007,Colorado,6106,147.0,heart_disease
2013,New Mexico,3425,147.1,heart_disease
2002,Hawaii,1945,147.2,cancer
2016,New York,35368,147.5,cancer
2008,Hawaii,2313,147.7,heart_disease
2015,Connecticut,7205,147.8,heart_disease
2014,Montana,1957,147.8,heart_disease
2012,New Mexico,3352,147.8,heart_disease
2006,Hawaii,2171,147.8,cancer
2014,Maine,2776,147.9,heart_disease
2014,New Hampshire,2464,147.9,heart_disease
2013,Nebraska,3381,147.9,heart_disease
2007,Hawaii,2214,148.0,cancer
2012,New Mexico,3462,148.1,cancer
2013,Wyoming,946,148.2,cancer
2017,Washington,12664,148.4,cancer
2015,New York,35089,148.4,cancer
2013,Connecticut,6619,148.4,cancer
2016,Texas,40195,148.5,cancer
2011,Arizona,10690,148.5,cancer
2016,Minnesota,9857,148.6,cancer
2012,Arizona,11085,148.6,cancer
2008,Utah,2844,148.7,heart_disease
2017,Wyoming,1001,148.9,heart_disease
2013,Connecticut,7090,148.9,heart_disease
2013,New Hampshire,2434,148.9,heart_disease
2015,New Hampshire,2571,149.0,heart_disease
2013,Utah,3323,149.0,heart_disease
2009,New Mexico,3202,149.0,cancer
2015,Texas,39121,149.2,cancer
2014,North Dakota,1381,149.2,heart_disease
2017,Nebraska,3581,149.3,heart_disease
2017,Massachusetts,12934,149.3,cancer
2016,Maine,2907,149.5,heart_disease
2011,Maine,2648,149.5,heart_disease
2010,Colorado,7035,149.5,cancer
2013,Vermont,1220,149.6,heart_disease
2011,Alaska,739,149.6,heart_disease
2017,New Hampshire,2721,149.7,heart_disease
2016,New Jersey,16377,149.7,cancer
2015,Florida,45441,149.8,heart_disease
2013,Florida,42656,149.8,heart_disease
2016,Utah,3636,150.0,heart_disease
2010,Massachusetts,12043,150.0,heart_disease
2017,South Dakota,1710,150.1,heart_disease
2013,South Dakota,1630,150.1,heart_disease
2008,Alaska,634,150.1,heart_disease
2017,Utah,3749,150.2,heart_disease
2016,Massachusetts,12717,150.2,cancer
2011,Arizona,10662,150.3,heart_disease
2011,New Mexico,3333,150.3,heart_disease
2004,Hawaii,2088,150.5,cancer
2016,New Mexico,3800,150.6,heart_disease
2015,Florida,44027,150.6,cancer
2012,Vermont,1206,150.6,heart_disease
2016,Virginia,14124,150.7,heart_disease
2013,North Dakota,1382,150.7,heart_disease
2012,North Dakota,1253,150.7,cancer
2015,New Jersey,16270,150.8,cancer
2008,Oregon,6519,150.8,heart_disease
2016,Idaho,2884,150.9,cancer
2016,Washington,12594,150.9,cancer
2015,South Dakota,1711,150.9,heart_disease
2012,Idaho,2515,150.9,heart_disease
2012,California,57676,150.9,cancer
2008,Colorado,6719,150.9,cancer
2014,Utah,3431,151.0,heart_disease
2011,New Hampshire,2333,151.0,heart_disease
2016,New Hampshire,2631,151.1,heart_disease
2012,Montana,1903,151.1,heart_disease
2010,Maine,2628,151.1,heart_disease
2010,New Mexico,3224,151.2,heart_disease
2000,Utah,2359,151.2,cancer
2014,Florida,44511,151.3,heart_disease
2005,Hawaii,2169,151.3,cancer
2017,New Mexico,3896,151.4,heart_disease
2009,Colorado,6950,151.4,cancer
2006,Hawaii,2244,151.4,heart_disease
2017,Maryland,10796,151.5,cancer
2010,Alaska,707,151.5,heart_disease
2010,Washington,10602,151.5,heart_disease
2012,North Dakota,1368,151.6,heart_disease
2011,Vermont,1187,151.7,heart_disease
2014,New York,35392,151.8,cancer
2013,California,60299,151.8,heart_disease
2013,North Dakota,1286,151.8,cancer
2012,Connecticut,6681,152.0,cancer
2012,Idaho,2572,152.0,cancer
2011,California,56449,152.0,cancer
2009,Arizona,10271,152.0,cancer
2014,North Dakota,1304,152.3,cancer
2013,Maine,2807,152.3,heart_disease
2016,Rhode Island,2256,152.4,heart_disease
2013,Wyoming,939,152.4,heart_disease
2010,New Mexico,3358,152.4,cancer
2017,Vermont,1332,152.5,heart_disease
2017,United States,599108,152.5,cancer
2015,Vermont,1311,152.5,heart_disease
2017,Montana,2145,152.6,cancer
2017,Nebraska,3502,152.6,cancer
2017,Virginia,15064,152.6,cancer
2014,Minnesota,9649,152.6,cancer
2010,New Hampshire,2290,152.7,heart_disease
2006,Colorado,6124,152.7,heart_disease
2017,District of Columbia,1031,152.8,cancer
2014,Idaho,2676,152.8,heart_disease
2015,Utah,3598,152.9,heart_disease
2015,Massachusetts,12750,152.9,cancer
2015,North Dakota,1320,152.9,cancer
2014,Florida,43212,152.9,cancer
2014,Texas,38847,152.9,cancer
2015,Minnesota,9925,153.0,cancer
2012,Florida,42125,153.0,heart_disease
2011,Florida,40919,153.1,heart_disease
2017,Idaho,3020,153.2,cancer
2017,Wisconsin,11318,153.2,cancer
2009,Nebraska,3277,153.2,heart_disease
2008,Arizona,10081,153.2,cancer
2012,California,59371,153.3,heart_disease
2016,South Dakota,1729,153.4,heart_disease
2009,New Hampshire,2268,153.4,heart_disease
2017,New Hampshire,2760,153.5,cancer
2016,Nebraska,3477,153.6,cancer
2015,Idaho,2849,153.6,cancer
2010,Vermont,1172,153.6,heart_disease
2009,New Mexico,3214,153.6,heart_disease
2009,Washington,10561,153.9,heart_disease
2015,South Dakota,1640,154.0,cancer
2011,South Dakota,1625,154.0,heart_disease
2015,Alaska,846,154.1,heart_disease
2013,Montana,1997,154.1,cancer
2007,Colorado,6617,154.1,cancer
2003,Minnesota,8144,154.1,heart_disease
2017,Oregon,8083,154.2,cancer
2017,Rhode Island,2154,154.2,cancer
2015,Virginia,14077,154.2,heart_disease
2012,Wyoming,955,154.2,cancer
2010,Montana,1849,154.2,heart_disease
2010,Nebraska,3355,154.2,heart_disease
2010,Arizona,10678,154.2,cancer
2007,Alaska,613,154.2,heart_disease
2013,Montana,2004,154.3,heart_disease
2009,Montana,1832,154.3,heart_disease
2016,Montana,2138,154.4,heart_disease
2017,Virginia,14861,154.5,heart_disease
2015,Nebraska,3591,154.5,heart_disease
2013,South Dakota,1577,154.5,cancer
2014,South Dakota,1704,154.6,heart_disease
2017,Georgia,17135,154.9,cancer
2016,Wisconsin,11526,154.9,heart_disease
2017,Montana,2164,155.0,heart_disease
2015,Maryland,10568,155.0,cancer
2014,Wisconsin,11229,155.1,heart_disease
2012,Montana,1954,155.1,cancer
2011,Connecticut,7206,155.2,heart_disease
2010,South Dakota,1616,155.2,heart_disease
2017,Nevada,5283,155.3,cancer
2012,Connecticut,7282,155.3,heart_disease
2014,Idaho,2795,155.4,cancer
2013,Minnesota,9601,155.4,cancer
2012,South Dakota,1668,155.4,heart_disease
2014,Massachusetts,12787,155.5,cancer
2014,Washington,12205,155.5,cancer
2017,Rhode Island,2339,155.7,heart_disease
2010,Connecticut,7127,155.7,heart_disease
2009,Arizona,10273,155.7,heart_disease
2009,Idaho,2398,155.7,heart_disease
2000,Hawaii,1943,155.7,cancer
1999,Utah,2393,155.7,cancer
2016,North Carolina,18266,155.8,heart_disease
2016,United States,598038,155.8,cancer
2015,Montana,2104,155.8,heart_disease
2016,Oregon,8078,155.9,cancer
2013,Florida,42735,155.9,cancer
2013,New York,35738,155.9,cancer
2012,Minnesota,9424,155.9,cancer
2011,Idaho,2522,155.9,heart_disease
2015,Wisconsin,11473,156.0,heart_disease
2011,Wyoming,936,156.0,cancer
2016,Virginia,15027,156.1,cancer
2014,Virginia,13874,156.1,heart_disease
2014,New Jersey,16591,156.1,cancer
2013,Kansas,5364,156.1,heart_disease
2013,Washington,11928,156.1,cancer
2009,Massachusetts,12322,156.1,heart_disease
2009,Vermont,1171,156.1,heart_disease
2013,Idaho,2707,156.2,cancer
2013,New Jersey,16315,156.2,cancer
2014,Montana,2066,156.3,cancer
2009,North Dakota,1243,156.3,cancer
2015,Idaho,2825,156.4,heart_disease
2015,Washington,12687,156.4,cancer
2009,Maine,2674,156.4,heart_disease
2017,North Carolina,18808,156.5,heart_disease
2016,Maryland,10911,156.5,cancer
2014,Vermont,1311,156.6,heart_disease
1999,Hawaii,1916,156.6,cancer
2016,South Dakota,1694,156.7,cancer
2008,Wyoming,874,156.7,cancer
2017,South Dakota,1715,156.9,cancer
2015,Montana,2130,156.9,cancer
2013,Texas,38412,156.9,cancer
2011,Montana,1921,156.9,heart_disease
2010,California,56453,156.9,cancer
2017,North Carolina,19474,157.1,cancer
2010,North Dakota,1269,157.1,cancer
2008,Idaho,2330,157.1,heart_disease
2017,Kansas,5494,157.2,cancer
2015,Nevada,5015,157.2,cancer
2001,Hawaii,2024,157.2,cancer
2016,Nevada,5214,157.3,cancer
2015,Maine,3009,157.3,heart_disease
2014,Iowa,6615,157.3,heart_disease
2013,Virginia,13663,157.3,heart_disease
2014,Kansas,5479,157.4,heart_disease
2011,Idaho,2573,157.4,cancer
2003,Hawaii,2133,157.4,cancer
2006,Colorado,6550,157.5,cancer
2017,Wisconsin,11860,157.6,heart_disease
2007,Oregon,6655,157.6,heart_disease
2009,Connecticut,7105,157.7,heart_disease
2016,Wyoming,1051,157.8,heart_disease
2015,Nebraska,3514,157.8,cancer
2017,Illinois,24150,157.9,cancer
2017,Kansas,5723,158.0,heart_disease
2017,Iowa,6449,158.0,cancer
2016,Rhode Island,2171,158.0,cancer
2016,Wisconsin,11498,158.0,cancer
2013,New Hampshire,2584,158.0,cancer
2010,North Dakota,1395,158.0,heart_disease
2007,New Mexico,3238,158.1,cancer
2012,Kansas,5366,158.2,heart_disease
2011,Kansas,5327,158.3,heart_disease
2017,Delaware,1990,158.4,heart_disease
2016,Vermont,1356,158.4,cancer
2011,Connecticut,6837,158.4,cancer
2015,Kansas,5624,158.5,heart_disease
2015,United States,595930,158.5,cancer
2006,New Mexico,3147,158.5,cancer
2016,Kansas,5484,158.6,cancer
2012,Virginia,13386,158.6,heart_disease
2016,Alaska,995,158.7,cancer
2014,North Carolina,17592,158.7,heart_disease
2009,South Dakota,1503,158.7,cancer
2016,Vermont,1366,158.8,heart_disease
2012,Florida,42188,158.8,cancer
2009,California,55991,158.8,cancer
2008,California,54686,158.8,cancer
2011,Wyoming,926,158.9,heart_disease
2009,Alaska,714,158.9,heart_disease
2009,Idaho,2458,158.9,cancer
2007,Arizona,10134,158.9,cancer
2011,California,59772,159.0,heart_disease
2016,Kansas,5672,159.2,heart_disease
2015,Wisconsin,11423,159.3,cancer
2013,Wisconsin,11362,159.3,heart_disease
2010,Idaho,2495,159.3,heart_disease
2015,Wyoming,1030,159.4,heart_disease
2012,New York,35882,159.4,cancer
2004,Colorado,6196,159.4,cancer
2015,Virginia,14947,159.5,cancer
2014,Nebraska,3459,159.6,cancer
2013,Massachusetts,12858,159.6,cancer
2005,Colorado,6395,159.7,cancer
2016,Iowa,6432,159.8,cancer
2015,Alaska,978,159.8,cancer
2010,Idaho,2530,159.9,cancer
2016,Idaho,2969,160.0,heart_disease
2006,Arizona,9919,160.0,cancer
2016,District of Columbia,1044,160.1,cancer
2004,Alaska,589,160.1,heart_disease
2016,Georgia,17184,160.2,cancer
2015,Oregon,8093,160.2,cancer
2014,Oregon,7863,160.2,cancer
2012,New Jersey,16485,160.3,cancer
2012,Texas,38142,160.3,cancer
2008,New Mexico,3355,160.3,cancer
2017,Delaware,2085,160.4,cancer
2015,Rhode Island,2371,160.4,heart_disease
2014,New Hampshire,2698,160.4,cancer
2011,New York,35469,160.6,cancer
2012,Wisconsin,11282,160.7,heart_disease
2014,Rhode Island,2341,160.8,heart_disease
2011,Minnesota,9489,160.8,cancer
2008,North Dakota,1391,160.8,heart_disease
2015,Iowa,6813,160.9,heart_disease
2006,Oregon,6620,160.9,heart_disease
2005,Hawaii,2319,160.9,heart_disease
2017,Pennsylvania,28387,161.0,cancer
2011,North Dakota,1321,161.0,cancer
2010,Montana,1923,161.0,cancer
2007,Utah,2980,161.0,heart_disease
2014,United States,591700,161.2,cancer
2011,Florida,41681,161.2,cancer
2017,Michigan,20671,161.3,cancer
2015,New Hampshire,2773,161.3,cancer
2013,Nebraska,3459,161.3,cancer
2008,New Mexico,3275,161.3,heart_disease
2008,Montana,1862,161.3,cancer
2012,Washington,11952,161.4,cancer
2014,Virginia,14749,161.5,cancer
2016,North Carolina,19523,161.6,cancer
2014,Maryland,10759,161.7,cancer
2014,Wisconsin,11393,161.8,cancer
2010,California,58641,161.9,heart_disease
2013,Virginia,14414,162.0,cancer
2014,Wyoming,1035,162.2,heart_disease
2011,Virginia,13272,162.2,heart_disease
2017,New Jersey,18840,162.3,heart_disease
2011,Texas,37351,162.3,cancer
2010,Florida,41737,162.3,heart_disease
2008,Arizona,10385,162.3,heart_disease
2015,North Carolina,18474,162.4,heart_disease
2007,Vermont,1166,162.4,heart_disease
2017,Idaho,3084,162.5,heart_disease
2004,New Mexico,3036,162.5,cancer
2007,North Dakota,1264,162.6,cancer
2017,South Carolina,10356,162.7,cancer
2016,Iowa,6937,162.8,heart_disease
2009,Connecticut,6819,162.8,cancer
2013,Maryland,10609,162.9,cancer
2005,New Mexico,3141,162.9,cancer
2015,Georgia,16945,163.0,cancer
2012,South Dakota,1630,163.0,cancer
2009,Kansas,5294,163.0,heart_disease
2009,Montana,1914,163.0,cancer
2015,Rhode Island,2226,163.1,cancer
2013,Kansas,5379,163.1,cancer
2010,New York,35431,163.1,cancer
2009,Wisconsin,10834,163.1,heart_disease
2016,Delaware,1974,163.2,heart_disease
2013,United States,584881,163.2,cancer
2008,Nebraska,3459,163.2,heart_disease
2006,Idaho,2306,163.2,cancer
2017,Illinois,25394,163.3,heart_disease
2012,Massachusetts,12864,163.3,cancer
2014,South Dakota,1698,163.4,cancer
2013,Rhode Island,2364,163.4,heart_disease
2013,Oregon,7799,163.4,cancer
2013,Vermont,1318,163.4,cancer
2010,Connecticut,6954,163.4,cancer
2016,Illinois,24389,163.5,cancer
2012,Rhode Island,2148,163.5,cancer
2012,Nevada,4610,163.6,cancer
2004,Colorado,6079,163.6,heart_disease
2006,Utah,2932,163.7,heart_disease
2011,Wisconsin,11266,163.8,heart_disease
2009,Florida,41274,163.8,heart_disease
2007,California,55011,163.8,cancer
2008,Washington,10916,164.0,heart_disease
2016,New Hampshire,2875,164.1,cancer
2015,Iowa,6513,164.1,cancer
2011,Nebraska,3410,164.1,cancer
2008,Massachusetts,12776,164.1,heart_disease
2014,Alaska,972,164.2,cancer
2009,New York,35216,164.2,cancer
2005,Arizona,9820,164.2,cancer
2016,Maryland,11390,164.3,heart_disease
2009,Texas,35591,164.4,cancer
2017,Maryland,11653,164.5,heart_disease
2017,Vermont,1434,164.5,cancer
2014,Nevada,5015,164.5,cancer
2007,Montana,1870,164.5,heart_disease
2006,California,54140,164.5,cancer
2015,Kansas,5604,164.6,cancer
2008,Maine,2785,164.6,heart_disease
2016,New Jersey,18597,164.7,heart_disease
2016,Pennsylvania,28492,164.7,cancer
2015,North Carolina,19322,164.7,cancer
2012,Nebraska,3479,164.7,cancer
2009,Wyoming,936,164.7,cancer
2013,Nevada,4817,164.8,cancer
2011,Montana,2022,164.8,cancer
2008,Connecticut,6830,164.8,cancer
2005,Colorado,6307,164.8,heart_disease
2010,Kansas,5433,164.9,heart_disease
2007,South Dakota,1633,164.9,heart_disease
2017,United States,647457,165.0,heart_disease
2012,Vermont,1325,165.0,cancer
2012,Virginia,14294,165.0,cancer
2010,Wisconsin,11115,165.1,heart_disease
2009,Nebraska,3336,165.1,cancer
2015,Delaware,1940,165.2,heart_disease
2013,Wisconsin,11425,165.2,cancer
2012,Rhode Island,2360,165.2,heart_disease
2015,Vermont,1399,165.3,cancer
2013,North Carolina,17830,165.3,heart_disease
2016,United States,635260,165.5,heart_disease
2014,Georgia,16684,165.5,cancer
2015,Delaware,2010,165.6,cancer
2012,Maryland,10525,165.6,cancer
2010,Florida,41467,165.6,cancer
2008,Connecticut,7355,165.6,heart_disease
2016,Illinois,25013,165.7,heart_disease
2009,North Dakota,1431,165.8,heart_disease
2010,Texas,36717,165.9,cancer
2007,North Dakota,1414,165.9,heart_disease
2002,Minnesota,8602,165.9,heart_disease
2014,Iowa,6504,166.0,cancer
2011,Iowa,6736,166.0,heart_disease
2011,New Jersey,16708,166.0,cancer
2008,New Hampshire,2409,166.0,heart_disease
2007,Arizona,10302,166.0,heart_disease
2012,North Carolina,17348,166.1,heart_disease
2011,Maryland,10249,166.1,cancer
2011,Washington,12002,166.1,cancer
2005,Alaska,627,166.1,heart_disease
2008,Vermont,1216,166.2,heart_disease
2014,New Jersey,18319,166.3,heart_disease
2012,Wisconsin,11252,166.3,cancer
2007,Idaho,2405,166.3,cancer
2016,Michigan,20870,166.4,cancer
2007,Massachusetts,12710,166.4,heart_disease
2012,Alaska,925,166.5,cancer
2012,United States,582623,166.5,cancer
2015,South Carolina,9950,166.6,cancer
2009,Florida,40932,166.6,cancer
2015,New Jersey,18647,166.7,heart_disease
2008,Idaho,2511,166.7,cancer
2014,Kansas,5587,166.8,cancer
2004,North Dakota,1265,166.8,cancer
2011,Massachusetts,12895,166.9,cancer
2009,California,59206,166.9,heart_disease
2008,New York,35351,166.9,cancer
2016,Missouri,12696,167.0,cancer
2014,United States,614348,167.0,heart_disease
2014,Rhode Island,2242,167.0,cancer
2010,Rhode Island,2322,167.1,heart_disease
2015,Pennsylvania,28697,167.2,cancer
2012,Wyoming,1005,167.2,heart_disease
2010,Minnesota,9612,167.2,cancer
2007,New Mexico,3305,167.2,heart_disease
2007,Connecticut,6827,167.2,cancer
2017,Missouri,12971,167.3,cancer
2014,Delaware,1972,167.3,cancer
2001,New Mexico,2900,167.3,cancer
2017,Iowa,7180,167.4,heart_disease
2010,Nebraska,3438,167.4,cancer
2008,South Dakota,1681,167.4,heart_disease
2007,Connecticut,7289,167.4,heart_disease
2015,District of Columbia,1072,167.5,cancer
2004,Arizona,9618,167.5,cancer
2015,Illinois,24713,167.6,cancer
2013,Delaware,1905,167.6,cancer
2013,North Carolina,18589,167.6,cancer
2011,Rhode Island,2170,167.6,cancer
2016,Texas,43772,167.7,heart_disease
2016,South Carolina,10356,167.7,cancer
2013,Georgia,16417,167.7,cancer
2011,Rhode Island,2390,167.7,heart_disease
2014,Maryland,11135,167.8,heart_disease
2012,New Hampshire,2660,167.8,cancer
2014,Vermont,1379,167.9,cancer
2011,North Carolina,17003,167.9,heart_disease
2010,New Hampshire,2525,167.9,cancer
2007,Idaho,2433,167.9,heart_disease
2005,Utah,2872,167.9,heart_disease
2015,Michigan,20732,168.0,cancer
2013,Delaware,1861,168.0,heart_disease
2012,Oregon,7832,168.0,cancer
2006,Nebraska,3445,168.0,heart_disease
2007,Nebraska,3520,168.1,heart_disease
2012,Kansas,5429,168.2,cancer
2013,Iowa,6509,168.4,cancer
2008,South Dakota,1570,168.4,cancer
2006,Washington,10604,168.4,heart_disease
2015,United States,633842,168.5,heart_disease
2010,Virginia,13404,168.5,heart_disease
2012,Iowa,6438,168.6,cancer
2014,Delaware,1921,168.7,heart_disease
2009,Minnesota,9580,168.7,cancer
2007,Minnesota,9176,168.7,cancer
2012,Delaware,1790,168.8,heart_disease
2016,Maine,3275,168.9,cancer
2014,Illinois,24501,168.9,cancer
2013,Iowa,6995,168.9,heart_disease
2005,California,54732,168.9,cancer
2011,United States,576691,169.0,cancer
2009,New Jersey,16541,169.0,cancer
2005,Minnesota,8823,169.0,cancer
2012,Georgia,16021,169.1,cancer
2017,Texas,45346,169.2,heart_disease
2009,Vermont,1254,169.2,cancer
2005,Wyoming,886,169.2,cancer
2004,California,53700,169.2,cancer
2015,Maryland,11481,169.3,heart_disease
2014,North Carolina,19342,169.3,cancer
2002,Alaska,567,169.3,heart_disease
2006,Montana,1869,169.4,heart_disease
2003,Colorado,6417,169.4,cancer
2010,New Jersey,16815,169.5,cancer
2009,Wisconsin,10866,169.5,cancer
2008,Florida,40814,169.5,cancer
2014,Pennsylvania,28692,169.6,cancer
2004,Idaho,2227,169.6,cancer
2014,Illinois,25024,169.7,heart_disease
2011,South Dakota,1665,169.7,cancer
2008,Nebraska,3376,169.7,cancer
2005,Oregon,6791,169.7,heart_disease
2013,United States,611105,169.8,heart_disease
2010,Wyoming,962,169.8,heart_disease
2007,Florida,40088,169.8,cancer
2007,New York,35485,169.8,cancer
2014,Texas,41479,169.9,heart_disease
2008,Texas,35713,169.9,cancer
2017,Alabama,10410,170.0,cancer
2017,Indiana,13462,170.0,cancer
2000,Colorado,5922,170.0,cancer
2013,New Jersey,18460,170.1,heart_disease
2007,Washington,11037,170.1,heart_disease
2003,New Mexico,3103,170.1,cancer
2012,North Carolina,18405,170.2,cancer
2011,Nevada,4606,170.2,cancer
2008,Minnesota,9446,170.2,cancer
2014,Maine,3209,170.3,cancer
2011,Georgia,15602,170.3,cancer
2011,Kansas,5440,170.3,cancer
2012,Iowa,7005,170.4,heart_disease
2009,Iowa,6249,170.4,cancer
2013,Michigan,20367,170.5,cancer
2012,United States,599711,170.5,heart_disease
2010,Washington,11874,170.5,cancer
2005,North Dakota,1302,170.5,cancer
2013,Pennsylvania,28512,170.6,cancer
2008,Montana,1975,170.6,heart_disease
2006,Alaska,645,170.6,heart_disease
2013,Texas,40203,170.7,heart_disease
2007,Montana,1921,170.7,cancer
2006,Minnesota,9079,170.7,cancer
2017,Maine,3391,170.8,cancer
2016,Delaware,2124,170.8,cancer
2011,Virginia,14376,170.8,cancer
2008,Florida,42067,170.8,heart_disease
2013,Illinois,24839,170.9,heart_disease
2006,New York,35284,170.9,cancer
2001,Colorado,6145,170.9,cancer
2010,South Dakota,1655,171.0,cancer
2005,Alaska,732,171.0,cancer
1999,Colorado,5863,171.1,cancer
2017,New York,44092,171.2,heart_disease
2017,Ohio,25643,171.2,cancer
2011,Maryland,10557,171.2,heart_disease
2010,Maryland,10269,171.2,cancer
2012,Texas,39061,171.3,heart_disease
2010,Kansas,5377,171.3,cancer
2010,Massachusetts,12993,171.3,cancer
2006,Idaho,2399,171.3,heart_disease
2014,South Carolina,9930,171.4,cancer
2008,North Dakota,1354,171.4,cancer
2015,Illinois,25652,171.5,heart_disease
2012,New Jersey,18340,171.5,heart_disease
2015,Texas,43298,171.6,heart_disease
2006,Massachusetts,12947,171.7,heart_disease
2004,Wyoming,875,171.7,cancer
2016,Louisiana,9149,171.9,cancer
2013,Illinois,24491,171.9,cancer
2010,Iowa,6358,171.9,cancer
2009,Kansas,5319,171.9,cancer
2008,Wyoming,937,171.9,heart_disease
2007,Texas,35074,171.9,cancer
2017,South Carolina,10418,172.0,heart_disease
2013,Alaska,1016,172.0,cancer
2009,Virginia,13397,172.0,heart_disease
2001,Minnesota,8760,172.0,heart_disease
2009,Wyoming,964,172.1,heart_disease
2008,Wisconsin,11275,172.2,heart_disease
2005,Montana,1855,172.2,heart_disease
2002,Idaho,2138,172.3,cancer
2000,New Mexico,2906,172.3,cancer
2010,Virginia,14080,172.4,cancer
2004,Oregon,6725,172.4,heart_disease
2016,Indiana,13424,172.5,cancer
2011,Texas,38094,172.5,heart_disease
2011,Oregon,7802,172.6,cancer
2010,Wyoming,1016,172.6,cancer
2006,Vermont,1214,172.6,cancer
2013,Maryland,11244,172.7,heart_disease
2012,Illinois,24667,172.7,heart_disease
2009,Oregon,7487,172.7,cancer
2007,Wisconsin,11110,172.7,heart_disease
2010,United States,574743,172.8,cancer
2001,Idaho,2093,172.8,cancer
2007,Wyoming,940,172.9,cancer
2007,Maine,2852,173.0,heart_disease
2003,Arizona,9627,173.0,cancer
2011,Iowa,6481,173.1,cancer
2008,Kansas,5294,173.1,cancer
2006,South Dakota,1570,173.1,cancer
2002,Arizona,9359,173.2,cancer
2002,New Mexico,3067,173.2,cancer
2010,Iowa,6880,173.3,heart_disease
2009,South Dakota,1778,173.3,heart_disease
2009,New Hampshire,2562,173.3,cancer
1999,New Mexico,2857,173.3,cancer
2017,Tennessee,14302,173.4,cancer
2016,Ohio,25509,173.4,cancer
2015,Missouri,12965,173.4,cancer
2005,New York,35556,173.4,cancer
2009,United States,567628,173.5,cancer
2017,Arkansas,6517,173.6,cancer
2011,United States,596577,173.7,heart_disease
2004,Nebraska,3270,173.7,cancer
2002,Colorado,6384,173.7,cancer
2016,South Carolina,10195,173.8,heart_disease
2009,Rhode Island,2411,173.8,heart_disease
2001,Arizona,9143,173.8,cancer
2010,Oregon,7638,173.9,cancer
2016,Alabama,10419,174.0,cancer
2013,South Carolina,9745,174.0,cancer
2003,California,54319,174.0,cancer
2014,Michigan,21169,174.1,cancer
2010,Nevada,4529,174.2,cancer
2007,South Dakota,1612,174.3,cancer
2006,Maine,2815,174.3,heart_disease
2012,Maryland,11023,174.4,heart_disease
2010,Wisconsin,11279,174.5,cancer
2013,Rhode Island,2326,174.6,cancer
2006,Florida,40415,174.6,cancer
2006,Wyoming,927,174.6,cancer
2005,Idaho,2368,174.6,cancer
2006,Connecticut,7490,174.7,heart_disease
2012,Michigan,20496,174.8,cancer
2010,Georgia,15435,174.8,cancer
2017,Louisiana,9513,174.9,cancer
2011,New Jersey,18330,174.9,heart_disease
2010,North Carolina,17154,174.9,heart_disease
2009,Rhode Island,2220,174.9,cancer
2009,Washington,11922,174.9,cancer
2011,Illinois,24007,175.0,cancer
2011,North Carolina,18284,175.0,cancer
2008,New Jersey,16876,175.0,cancer
2015,Ohio,25396,175.1,cancer
2008,Georgia,14621,175.1,cancer
2004,Montana,1838,175.1,heart_disease
2013,Maine,3227,175.2,cancer
2011,Delaware,1809,175.2,heart_disease
2009,Nevada,4461,175.3,cancer
2006,Washington,11055,175.3,cancer
2008,Kansas,5643,175.4,heart_disease
2012,Pennsylvania,28909,175.5,cancer
2011,Alaska,935,175.5,cancer
2011,Wisconsin,11608,175.5,cancer
2009,Massachusetts,13112,175.5,cancer
2008,Washington,11618,175.5,cancer
2006,Connecticut,7044,175.5,cancer
2005,Nebraska,3355,175.5,cancer
2002,North Dakota,1293,175.5,cancer
2015,Alabama,10354,175.6,cancer
2012,Illinois,24562,175.6,cancer
2009,Georgia,15143,175.6,cancer
2010,Delaware,1776,175.7,heart_disease
2017,Georgia,18389,175.8,heart_disease
2014,Pennsylvania,31353,175.8,heart_disease
2007,Florida,42254,175.8,heart_disease
2011,Vermont,1347,175.9,cancer
2005,Vermont,1202,175.9,cancer
2017,Pennsylvania,32312,176.0,heart_disease
2009,Iowa,6938,176.1,heart_disease
2006,Texas,34939,176.1,cancer
2016,Pennsylvania,31990,176.2,heart_disease
2009,Virginia,14122,176.2,cancer
2008,California,60709,176.2,heart_disease
2015,Indiana,13511,176.3,cancer
2008,Vermont,1279,176.3,cancer
2008,United States,565469,176.4,cancer
2006,Arizona,10607,176.5,heart_disease
2007,Nebraska,3479,176.6,cancer
2006,Nebraska,3430,176.6,cancer
2004,Hawaii,2457,176.6,heart_disease
2009,Maryland,10412,176.7,cancer
2007,Iowa,6376,176.8,cancer
2005,Connecticut,7052,176.8,cancer
2010,Alaska,884,176.9,cancer
2009,North Carolina,17513,176.9,cancer
2007,New Hampshire,2511,176.9,heart_disease
2012,Delaware,1935,177.0,cancer
2008,Oregon,7479,177.0,cancer
2004,Minnesota,9093,177.0,cancer
2008,Iowa,6424,177.1,cancer
2002,Wyoming,859,177.1,cancer
2008,Massachusetts,13031,177.2,cancer
2007,Iowa,6880,177.2,heart_disease
2007,Wisconsin,10963,177.2,cancer
2006,Vermont,1244,177.2,heart_disease
2017,Oklahoma,8203,177.3,cancer
2008,New Hampshire,2576,177.3,cancer
2002,California,54143,177.3,cancer
2011,New Hampshire,2740,177.5,cancer
2004,South Dakota,1555,177.5,cancer
2014,Alabama,10286,177.6,cancer
2013,Ohio,24986,177.6,cancer
2012,Georgia,15825,177.6,heart_disease
2014,Missouri,13067,177.7,cancer
2012,Pennsylvania,30952,177.7,heart_disease
2000,Minnesota,8885,177.7,heart_disease
2016,New York,44076,177.8,heart_disease
2016,Oklahoma,8115,177.8,cancer
2015,Pennsylvania,32042,177.8,heart_disease
2015,South Carolina,10092,177.8,heart_disease
2014,Ohio,25433,177.8,cancer
2011,Michigan,20420,177.8,cancer
2008,Wisconsin,11185,177.8,cancer
2006,Alaska,790,177.8,cancer
2004,New York,36100,177.8,cancer
2006,Montana,1943,177.9,cancer
2000,Arizona,9073,177.9,cancer
2015,Maine,3398,178.0,cancer
2011,Pennsylvania,28895,178.0,cancer
2004,North Dakota,1470,178.0,heart_disease
2011,Illinois,24987,178.1,heart_disease
2008,Rhode Island,2227,178.1,cancer
2004,Utah,2942,178.1,heart_disease
2013,District of Columbia,1095,178.2,cancer
2014,New York,43116,178.3,heart_disease
2010,District of Columbia,1041,178.3,cancer
2010,Rhode Island,2266,178.3,cancer
2007,Rhode Island,2213,178.4,cancer
2005,Florida,40592,178.4,cancer
2014,District of Columbia,1116,178.6,cancer
2010,Illinois,24070,178.6,cancer
2009,New Jersey,18086,178.6,heart_disease
2013,Georgia,16550,178.7,heart_disease
2009,Delaware,1813,178.7,cancer
2016,Arkansas,6612,178.8,cancer
2012,District of Columbia,1081,178.8,cancer
2012,South Carolina,9728,178.8,cancer
2007,Oregon,7393,178.8,cancer
2005,Texas,34291,178.9,cancer
2016,Georgia,18143,179.0,heart_disease
2013,Pennsylvania,31629,179.0,heart_disease
2010,North Carolina,18061,179.0,cancer
2007,Washington,11568,179.0,cancer
2006,Iowa,6359,179.0,cancer
2005,Massachusetts,13280,179.0,heart_disease
2003,Nebraska,3339,179.0,cancer
2010,United States,597689,179.1,heart_disease
2008,Virginia,13983,179.1,cancer
2007,Kansas,5406,179.2,cancer
2003,North Dakota,1334,179.2,cancer
2012,Maine,3226,179.3,cancer
2007,United States,562875,179.3,cancer
2004,Washington,10644,179.3,heart_disease
2017,West Virginia,4654,179.4,cancer
2013,Missouri,12955,179.4,cancer
2011,Missouri,12473,179.4,cancer
2008,Nevada,4404,179.4,cancer
2005,Nebraska,3640,179.4,heart_disease
2004,Florida,39840,179.4,cancer
2013,Indiana,13258,179.5,cancer
2007,Massachusetts,13003,179.5,cancer
2006,New Mexico,3411,179.5,heart_disease
2004,Vermont,1212,179.5,cancer
2004,Montana,1867,179.6,cancer
2014,Georgia,17107,179.7,heart_disease
2014,Indiana,13519,179.7,cancer
2009,North Carolina,17203,179.7,heart_disease
2011,Delaware,1906,179.8,cancer
2016,Tennessee,14450,179.9,cancer
2014,Oklahoma,7934,179.9,cancer
2006,Wisconsin,10925,179.9,cancer
1999,Arizona,9006,179.9,cancer
2013,South Carolina,9648,180.0,heart_disease
2008,Maryland,10360,180.1,cancer
2007,New Jersey,17096,180.1,cancer
2006,Kansas,5343,180.1,cancer
2015,Georgia,17769,180.2,heart_disease
2015,Louisiana,9397,180.2,cancer
2012,South Carolina,9364,180.2,heart_disease
2006,North Dakota,1387,180.2,cancer
2003,New York,36238,180.2,cancer
2001,California,53924,180.2,cancer
2003,Colorado,6499,180.3,heart_disease
2007,Wyoming,957,180.4,heart_disease
2015,Tennessee,14214,180.5,cancer
2007,Maryland,10179,180.5,cancer
2005,Vermont,1234,180.5,heart_disease
2005,Washington,10985,180.5,heart_disease
2016,Indiana,13952,180.6,heart_disease
2008,Virginia,13675,180.6,heart_disease
2006,South Dakota,1757,180.6,heart_disease
2000,Idaho,2128,180.6,cancer
2011,District of Columbia,1070,180.7,cancer
2005,Connecticut,7650,180.7,heart_disease
2007,Kansas,5749,180.8,heart_disease
2007,Nevada,4331,180.8,cancer
2006,Oregon,7309,180.9,cancer
2005,Washington,11048,181.0,cancer
2014,South Carolina,9964,181.1,heart_disease
2010,Texas,38253,181.1,heart_disease
2008,Alaska,867,181.1,cancer
2006,New Hampshire,2501,181.1,heart_disease
2006,Wisconsin,11451,181.1,heart_disease
2008,North Carolina,17453,181.3,cancer
2005,North Dakota,1512,181.3,heart_disease
2006,Rhode Island,2250,181.4,cancer
2015,New York,44450,181.6,heart_disease
2010,Pennsylvania,29055,181.6,cancer
2010,Illinois,24959,181.7,heart_disease
2003,Florida,39404,181.7,cancer
2003,Minnesota,9183,181.7,cancer
2003,Montana,1847,181.7,cancer
2001,Hawaii,2310,181.7,heart_disease
2009,Illinois,24185,181.8,cancer
2006,United States,559888,181.8,cancer
2003,Idaho,2321,181.8,cancer
2011,South Carolina,9543,182.0,cancer
2010,New Jersey,18730,182.0,heart_disease
2006,North Dakota,1527,182.0,heart_disease
2004,Texas,33937,182.1,cancer
2000,California,53158,182.1,cancer
2016,West Virginia,4659,182.2,cancer
2013,Alabama,10328,182.2,cancer
2011,Maine,3201,182.2,cancer
2010,Maryland,10915,182.2,heart_disease
2009,Michigan,20257,182.2,cancer
2003,Hawaii,2461,182.2,heart_disease
2015,Indiana,13948,182.3,heart_disease
2012,Missouri,12919,182.3,cancer
2009,Delaware,1796,182.3,heart_disease
2004,Iowa,6340,182.3,cancer
2004,Connecticut,7175,182.4,cancer
2011,Georgia,15773,182.5,heart_disease
2009,Pennsylvania,28881,182.5,cancer
2007,Alaska,839,182.6,cancer
2005,Idaho,2450,182.6,heart_disease
2005,South Dakota,1612,182.6,cancer
2014,Indiana,13764,182.7,heart_disease
2012,Ohio,25261,182.7,cancer
2002,Colorado,6425,182.7,heart_disease
2009,United States,599413,182.8,heart_disease
2009,South Carolina,9123,182.8,cancer
2005,Wisconsin,10943,182.8,cancer
2010,Michigan,20620,182.9,cancer
2009,Alaska,895,183.0,cancer
2006,New Jersey,17180,183.0,cancer
2003,Connecticut,7131,183.0,cancer
2017,Mississippi,6526,183.1,cancer
2014,Arkansas,6546,183.1,cancer
2004,New Mexico,3264,183.1,heart_disease
2004,Kansas,5312,183.1,cancer
2017,Indiana,14445,183.2,heart_disease
2010,Vermont,1392,183.3,cancer
2002,South Dakota,1562,183.3,cancer
2001,Colorado,6293,183.3,heart_disease
2003,Wisconsin,10648,183.4,cancer
2010,South Carolina,9356,183.6,cancer
2003,Vermont,1210,183.6,cancer
2005,Iowa,6453,183.7,cancer
2000,North Dakota,1346,183.7,cancer
2002,Florida,39140,183.8,cancer
2001,Minnesota,8967,183.8,cancer
2007,California,61690,183.9,heart_disease
2006,New Hampshire,2534,183.9,cancer
2009,Illinois,24931,184.0,heart_disease
2007,Virginia,14009,184.0,cancer
2006,Georgia,14474,184.0,cancer
2009,Texas,38077,184.1,heart_disease
2014,Tennessee,14173,184.2,cancer
2005,Montana,1956,184.2,cancer
2004,Alaska,728,184.2,cancer
2015,Oklahoma,8280,184.3,cancer
2008,Delaware,1777,184.3,heart_disease
2012,Indiana,13368,184.4,cancer
2008,Michigan,20211,184.4,cancer
2003,Oregon,7049,184.4,heart_disease
2002,New York,36661,184.4,cancer
2011,South Carolina,9295,184.5,heart_disease
2006,Nevada,4226,184.5,cancer
2004,Washington,10989,184.6,cancer
2008,Pennsylvania,28964,184.7,cancer
2007,New Hampshire,2609,184.7,cancer
2004,Wisconsin,10861,184.7,cancer
2013,New York,44039,184.8,heart_disease
2011,Ohio,25140,184.9,cancer
1999,California,53067,184.9,cancer
2008,Illinois,24300,185.0,cancer
2008,Maine,3093,185.0,cancer
2005,New Jersey,17171,185.0,cancer
2016,Ohio,27410,185.1,heart_disease
2005,United States,559312,185.1,cancer
2012,Alabama,10276,185.2,cancer
2009,Maine,3133,185.2,cancer
2006,Virginia,13829,185.3,cancer
2002,Minnesota,9210,185.3,cancer
2000,Colorado,6184,185.3,heart_disease
2015,Arkansas,6727,185.4,cancer
2011,Indiana,13180,185.4,cancer
2013,Tennessee,13953,185.5,cancer
2008,Iowa,7284,185.5,heart_disease
2007,Georgia,14983,185.5,cancer
2003,Alaska,626,185.5,heart_disease
2001,Nebraska,3389,185.5,cancer
2000,Wyoming,868,185.5,cancer
2010,Missouri,12626,185.6,cancer
2005,Kansas,5428,185.6,cancer
2017,Kentucky,10145,185.7,cancer
2013,Oklahoma,8039,185.7,cancer
2010,Delaware,1909,185.7,cancer
2009,Missouri,12472,185.7,cancer
2011,Pennsylvania,31934,185.9,heart_disease
2003,Kansas,5332,185.9,cancer
2014,Louisiana,9455,186.1,cancer
2003,Texas,33867,186.1,cancer
2002,Nebraska,3433,186.1,cancer
2017,Ohio,28008,186.2,heart_disease
2013,Indiana,13773,186.2,heart_disease
2000,Nebraska,3382,186.2,cancer
2006,Kansas,5849,186.3,heart_disease
2005,New Mexico,3435,186.3,heart_disease
2005,South Dakota,1776,186.3,heart_disease
2005,Massachusetts,13182,186.3,cancer
2002,Connecticut,7163,186.3,cancer
2014,Ohio,27000,186.4,heart_disease
2008,North Carolina,17335,186.4,heart_disease
2007,Michigan,20087,186.4,cancer
1999,Idaho,2162,186.4,cancer
2012,New York,43795,186.5,heart_disease
2005,Maine,2941,186.5,heart_disease
2005,Oregon,7326,186.5,cancer
2007,Illinois,24115,186.6,cancer
2007,Virginia,13750,186.7,heart_disease
1999,North Dakota,1366,186.7,cancer
2005,Rhode Island,2292,186.8,cancer
2004,United States,553888,186.8,cancer
2007,Pennsylvania,29014,186.9,cancer
2010,Pennsylvania,31556,187.0,heart_disease
2006,Maryland,10350,187.0,cancer
2000,Kansas,5223,187.0,cancer
1999,Minnesota,8892,187.0,cancer
2007,North Carolina,17478,187.1,cancer
2006,Iowa,7172,187.1,heart_disease
2004,New Jersey,17208,187.1,cancer
2011,Indiana,13372,187.2,heart_disease
2004,Nebraska,3738,187.2,heart_disease
2003,Utah,3018,187.4,heart_disease
2001,Florida,39090,187.4,cancer
2006,Massachusetts,13407,187.5,cancer
2015,District of Columbia,1217,187.6,heart_disease
2012,Tennessee,13765,187.6,cancer
2001,Connecticut,7093,187.6,cancer
2016,Mississippi,6568,187.7,cancer
2012,Ohio,26426,187.7,heart_disease
2010,Ohio,25083,187.7,cancer
2001,Utah,2896,187.7,heart_disease
2011,Alabama,10233,187.8,cancer
2003,Iowa,6469,187.8,cancer
2013,Ohio,26878,187.9,heart_disease
2010,Maine,3248,187.9,cancer
2006,Florida,44305,187.9,heart_disease
2005,Wyoming,952,188.3,heart_disease
2002,Vermont,1224,188.3,cancer
2015,Mississippi,6485,188.4,cancer
2012,Indiana,13675,188.4,heart_disease
2003,Alaska,735,188.4,cancer
2001,New York,36975,188.4,cancer
2013,Louisiana,9419,188.5,cancer
2007,South Carolina,8867,188.5,cancer
2004,Virginia,13385,188.5,cancer
2001,South Dakota,1590,188.5,cancer
2010,Indiana,13164,188.6,cancer
2007,Vermont,1346,188.6,cancer
2004,Idaho,2450,188.6,heart_disease
2002,Utah,2977,188.6,heart_disease
2006,Illinois,24084,188.7,cancer
2002,Kansas,5362,188.7,cancer
2004,Oregon,7236,188.8,cancer
2004,Massachusetts,13824,188.9,heart_disease
2003,Wyoming,943,188.9,cancer
2001,Iowa,6404,188.9,cancer
2011,Tennessee,13562,189.0,cancer
1999,Nebraska,3410,189.0,cancer
2012,Arkansas,6540,189.1,cancer
2001,Alaska,603,189.1,heart_disease
1999,Iowa,6346,189.1,cancer
2009,Oklahoma,7639,189.2,cancer
2004,South Dakota,1783,189.2,heart_disease
2001,North Dakota,1391,189.2,cancer
2002,Iowa,6473,189.3,cancer
2009,South Carolina,9068,189.5,heart_disease
2008,Missouri,12523,189.5,cancer
2004,Connecticut,7868,189.5,heart_disease
2000,Connecticut,7065,189.5,cancer
2002,Wisconsin,10828,189.6,cancer
2017,District of Columbia,1284,189.8,heart_disease
2005,Arizona,10966,189.8,heart_disease
2005,New Hampshire,2530,189.8,heart_disease
2005,New Hampshire,2549,189.8,cancer
2002,Alaska,715,189.8,cancer
2012,Oklahoma,8040,189.9,cancer
2010,South Carolina,9295,189.9,heart_disease
2007,Maine,3112,189.9,cancer
2005,Georgia,14358,189.9,cancer
2004,Maine,2948,189.9,heart_disease
2013,Arkansas,6688,190.0,cancer
2011,Ohio,26298,190.0,heart_disease
2009,Ohio,25453,190.0,heart_disease
2008,South Carolina,9199,190.0,cancer
2005,Virginia,13877,190.0,cancer
2004,Arizona,10539,190.0,heart_disease
2004,Massachusetts,13337,190.1,cancer
1999,Utah,2786,190.1,heart_disease
2003,South Dakota,1636,190.3,cancer
2015,West Virginia,4839,190.4,cancer
2009,Indiana,13093,190.4,cancer
2005,Maryland,10371,190.4,cancer
2003,Washington,11064,190.4,cancer
2009,Ohio,25149,190.5,cancer
2006,Michigan,20192,190.5,cancer
2006,Pennsylvania,29172,190.5,cancer
2004,Maryland,10168,190.5,cancer
2000,South Dakota,1597,190.5,cancer
1999,Alaska,633,190.5,cancer
2005,Wisconsin,11842,190.6,heart_disease
2002,Washington,10858,190.6,cancer
1999,Florida,38478,190.6,cancer
2012,Louisiana,9308,190.7,cancer
2006,Delaware,1780,190.7,cancer
2013,West Virginia,4718,190.8,cancer
2009,Maryland,11210,190.8,heart_disease
2007,Missouri,12380,190.9,cancer
2004,Michigan,19653,190.9,cancer
2003,United States,556902,190.9,cancer
2016,West Virginia,4767,191.0,heart_disease
2005,Nevada,4238,191.0,cancer
1999,Connecticut,7054,191.0,cancer
2017,Missouri,14820,191.1,heart_disease
2011,Arkansas,6497,191.1,cancer
2011,Oklahoma,7997,191.1,cancer
2002,Montana,1911,191.1,cancer
2005,North Carolina,16724,191.2,cancer
2015,West Virginia,4727,191.3,heart_disease
2010,Oklahoma,7831,191.3,cancer
2006,North Carolina,17318,191.4,cancer
2008,New Jersey,19056,191.6,heart_disease
2001,Wisconsin,10777,191.6,cancer
2000,Florida,39183,191.6,cancer
2015,Ohio,28069,191.7,heart_disease
2010,Alabama,10196,191.7,cancer
2008,Texas,38384,191.7,heart_disease
2000,Iowa,6448,191.7,cancer
2000,Wisconsin,10638,191.7,cancer
2012,West Virginia,4684,191.8,cancer
2010,Indiana,13388,191.8,heart_disease
2002,Hawaii,2512,191.8,heart_disease
2000,Minnesota,9215,191.8,cancer
2008,Ohio,24998,191.9,cancer
2004,Nevada,4119,191.9,cancer
2017,West Virginia,4849,192.0,heart_disease
2016,Missouri,14579,192.1,heart_disease
2008,United States,616828,192.1,heart_disease
2005,Illinois,24250,192.1,cancer
2003,Rhode Island,2328,192.1,cancer
2002,Texas,34164,192.2,cancer
2000,New York,37198,192.2,cancer
2004,Vermont,1289,192.3,heart_disease
2010,Ohio,26164,192.4,heart_disease
1999,Minnesota,9533,192.4,heart_disease
1999,Kansas,5334,192.4,cancer
2012,Nevada,5166,192.5,heart_disease
2004,Wyoming,950,192.5,heart_disease
2003,Oregon,7232,192.5,cancer
2010,Georgia,15987,192.6,heart_disease
2007,Indiana,12778,192.6,cancer
2005,Kansas,5960,192.6,heart_disease
2005,Michigan,20094,192.6,cancer
2001,Texas,33488,192.6,cancer
2006,Maine,3089,192.7,cancer
2003,Washington,11185,192.8,heart_disease
2002,Montana,1944,192.8,heart_disease
2014,West Virginia,4692,192.9,heart_disease
2006,Wyoming,994,192.9,heart_disease
2007,New Jersey,18831,193.0,heart_disease
2007,North Carolina,17395,193.0,heart_disease
2014,Mississippi,6534,193.1,cancer
2008,Oklahoma,7657,193.1,cancer
2001,Oregon,7075,193.2,heart_disease
2008,Delaware,1912,193.3,cancer
2003,Montana,1984,193.3,heart_disease
2012,Missouri,13742,193.4,heart_disease
2008,South Carolina,8996,193.4,heart_disease
2007,Delaware,1853,193.5,cancer
2008,Rhode Island,2657,193.6,heart_disease
2013,West Virginia,4666,193.7,heart_disease
2011,Louisiana,9233,193.7,cancer
2004,North Carolina,16477,193.7,cancer
2003,New Hampshire,2485,193.7,cancer
2001,Alaska,689,193.7,cancer
2016,Kentucky,10363,193.8,cancer
2011,New York,44501,193.8,heart_disease
2009,Pennsylvania,32297,193.8,heart_disease
2001,Kansas,5448,193.8,cancer
2003,North Carolina,16145,193.9,cancer
2001,Wyoming,923,194.0,cancer
2000,Utah,2909,194.0,heart_disease
2000,Montana,1867,194.0,cancer
2003,Michigan,19713,194.1,cancer
2002,Oregon,7262,194.2,heart_disease
2001,Washington,10802,194.2,cancer
2008,Indiana,13137,194.3,cancer
2002,United States,557271,194.3,cancer
2011,District of Columbia,1171,194.4,heart_disease
2003,Massachusetts,13551,194.6,cancer
2014,Missouri,14338,194.7,heart_disease
2013,Missouri,14095,194.7,heart_disease
2010,Arkansas,6475,194.7,cancer
2009,Nevada,4687,194.7,heart_disease
2006,South Carolina,8853,194.7,cancer
2004,Illinois,24289,194.8,cancer
2004,New Hampshire,2554,194.8,cancer
2003,New Mexico,3402,194.8,heart_disease
2002,Delaware,1621,194.8,cancer
2004,Iowa,7299,195.0,heart_disease
2000,Hawaii,2390,195.0,heart_disease
2014,West Virginia,4880,195.1,cancer
2013,Nevada,5434,195.1,heart_disease
2008,Illinois,26078,195.1,heart_disease
2008,Maryland,11157,195.1,heart_disease
1999,Montana,1854,195.1,cancer
1999,Wyoming,899,195.1,cancer
2006,Virginia,14021,195.2,heart_disease
2006,Oklahoma,7491,195.2,cancer
2004,Wisconsin,11909,195.4,heart_disease
2004,Georgia,14313,195.5,cancer
1999,Wisconsin,10755,195.5,cancer
2005,Pennsylvania,29616,195.6,cancer
2010,Tennessee,13593,195.7,cancer
2006,Missouri,12519,195.8,cancer
2004,South Carolina,8348,195.8,cancer
2000,Washington,10668,195.8,cancer
2017,Kentucky,10343,195.9,heart_disease
2015,Kentucky,10312,195.9,cancer
2001,New Hampshire,2398,195.9,cancer
2007,Illinois,25813,196.0,heart_disease
2004,Oklahoma,7269,196.0,cancer
2017,Michigan,25187,196.1,heart_disease
2007,United States,616067,196.1,heart_disease
2004,Pennsylvania,29424,196.1,cancer
1999,Texas,32755,196.1,cancer
2011,Nevada,5043,196.3,heart_disease
2009,Alabama,10289,196.3,cancer
2007,Ohio,25230,196.3,cancer
2003,Georgia,14032,196.3,cancer
2000,Texas,33300,196.3,cancer
1999,Colorado,6420,196.3,heart_disease
2003,Maryland,10292,196.4,cancer
2002,New Mexico,3360,196.4,heart_disease
2002,Washington,11141,196.4,heart_disease
2001,Vermont,1249,196.4,cancer
2001,Oregon,7057,196.5,cancer
2001,United States,553768,196.5,cancer
2005,Iowa,7437,196.6,heart_disease
2000,New Mexico,3191,196.6,heart_disease
1999,New York,37609,196.6,cancer
2009,Indiana,13509,196.7,heart_disease
2006,Arkansas,6177,196.7,cancer
2004,Rhode Island,2418,196.8,cancer
2013,Mississippi,6527,197.0,cancer
2014,Nevada,5761,197.2,heart_disease
2008,Tennessee,13162,197.2,cancer
2010,Nevada,4811,197.3,heart_disease
2006,Ohio,24975,197.3,cancer
2003,New Jersey,17957,197.3,cancer
2002,Oregon,7249,197.3,cancer
2000,Oregon,6951,197.3,cancer
2011,Missouri,13810,197.4,heart_disease
2011,Mississippi,6278,197.4,cancer
2009,District of Columbia,1131,197.4,cancer
1999,South Dakota,1632,197.4,cancer
2009,Tennessee,13482,197.5,cancer
2008,Alabama,10182,197.5,cancer
2006,Indiana,12903,197.5,cancer
2010,Louisiana,9203,197.6,cancer
2006,North Carolina,17271,197.6,heart_disease
2015,Kentucky,10077,197.8,heart_disease
2015,Missouri,14808,197.9,heart_disease
2012,Michigan,23520,197.9,heart_disease
2010,West Virginia,4685,198.0,cancer
2005,Missouri,12419,198.0,cancer
2005,Oklahoma,7446,198.0,cancer
2000,Vermont,1240,198.0,cancer
1999,Alaska,563,198.0,heart_disease
2005,Ohio,24702,198.1,cancer
2003,Virginia,13781,198.1,cancer
2002,New Jersey,17827,198.1,cancer
2000,Oregon,7094,198.1,heart_disease
2005,South Carolina,8652,198.2,cancer
2003,Illinois,24464,198.2,cancer
1999,Oregon,6905,198.2,cancer
2009,Arkansas,6513,198.3,cancer
1999,Washington,10653,198.3,cancer
2009,Georgia,16165,198.5,heart_disease
2008,West Virginia,4605,198.5,cancer
2007,Oklahoma,7727,198.5,cancer
2009,Louisiana,9098,198.6,cancer
2007,Alabama,10025,198.7,cancer
2016,Tennessee,15429,198.8,heart_disease
2014,Kentucky,10263,198.8,cancer
2006,California,64871,198.8,heart_disease
2015,Michigan,24794,198.9,heart_disease
2004,Kansas,6048,198.9,heart_disease
2001,Montana,1970,199.0,heart_disease
2008,Georgia,15721,199.1,heart_disease
2005,Delaware,1799,199.1,cancer
2004,Indiana,12552,199.1,cancer
2017,Nevada,6417,199.3,heart_disease
2013,Kentucky,10085,199.3,cancer
2007,Louisiana,8736,199.3,cancer
2002,Rhode Island,2404,199.3,cancer
2006,Alabama,9899,199.4,cancer
2001,Montana,1956,199.4,cancer
2003,Nebraska,3954,199.6,heart_disease
2000,United States,553091,199.6,cancer
2013,Michigan,24156,199.8,heart_disease
2009,Mississippi,6131,199.8,cancer
2005,Indiana,12796,199.8,cancer
2003,Oklahoma,7338,199.8,cancer
2007,South Carolina,8992,199.9,heart_disease
2002,Michigan,19985,199.9,cancer
2002,North Carolina,16210,199.9,cancer
2001,Michigan,19689,199.9,cancer
2010,New York,44981,200.0,heart_disease
2005,Florida,46279,200.0,heart_disease
2003,Pennsylvania,29841,200.0,cancer
2002,Georgia,13975,200.0,cancer
2002,Virginia,13602,200.0,cancer
2011,Michigan,23358,200.1,heart_disease
2011,West Virginia,4782,200.1,cancer
2007,Texas,38912,200.1,heart_disease
2003,Nevada,4138,200.2,cancer
2012,Mississippi,6499,200.4,cancer
2014,Kentucky,10013,200.5,heart_disease
2001,Virginia,13345,200.5,cancer
2016,Michigan,25304,200.6,heart_disease
2011,Kentucky,9733,200.8,cancer
1999,United States,549838,200.8,cancer
2015,Nevada,6114,200.9,heart_disease
2014,Michigan,24692,200.9,heart_disease
2003,District of Columbia,1122,200.9,cancer
2004,Missouri,12450,201.1,cancer
2001,Massachusetts,13750,201.2,cancer
2007,Pennsylvania,32862,201.3,heart_disease
2007,Arkansas,6388,201.3,cancer
2002,Nevada,3937,201.3,cancer
2010,Mississippi,6271,201.4,cancer
2008,Arkansas,6526,201.4,cancer
2002,Massachusetts,13914,201.4,cancer
2012,Kentucky,10012,201.5,cancer
2006,Rhode Island,2718,201.5,heart_disease
2003,Massachusetts,14634,201.5,heart_disease
2003,Delaware,1719,201.5,cancer
2008,Indiana,13663,201.6,heart_disease
2008,District of Columbia,1143,201.6,cancer
2007,Tennessee,13161,201.6,cancer
1999,Hawaii,2410,201.7,heart_disease
2010,Missouri,13840,201.8,heart_disease
2008,Pennsylvania,33308,201.8,heart_disease
2007,Mississippi,6002,201.8,cancer
2003,North Dakota,1632,201.8,heart_disease
2002,New Hampshire,2529,201.8,cancer
2002,Pennsylvania,29849,201.9,cancer
2008,Nevada,4646,202.0,heart_disease
2004,Ohio,24940,202.1,cancer
2003,Idaho,2566,202.1,heart_disease
2003,Wyoming,975,202.1,heart_disease
2003,Missouri,12354,202.1,cancer
2017,Tennessee,16019,202.2,heart_disease
2004,Maine,3124,202.2,cancer
2003,Arizona,10887,202.2,heart_disease
2002,Maryland,10395,202.2,cancer
1999,Georgia,13225,202.3,cancer
2001,Rhode Island,2398,202.5,cancer
2001,North Carolina,16065,202.7,cancer
2002,Illinois,24737,202.8,cancer
2001,Georgia,13818,202.8,cancer
2008,Mississippi,6166,202.9,cancer
2016,Kentucky,10519,203.0,heart_disease
2007,Maryland,11314,203.0,heart_disease
2007,Rhode Island,2751,203.0,heart_disease
2005,California,64916,203.0,heart_disease
2005,Virginia,14192,203.0,heart_disease
2003,Maine,3106,203.0,heart_disease
2002,North Dakota,1623,203.1,heart_disease
2001,Washington,11281,203.3,heart_disease
2000,Delaware,1609,203.3,cancer
2013,Kentucky,9971,203.4,heart_disease
2004,New Hampshire,2639,203.4,heart_disease
2006,West Virginia,4613,203.6,cancer
1999,New Hampshire,2408,203.6,cancer
2012,Tennessee,14454,203.7,heart_disease
1999,Vermont,1255,203.7,cancer
2006,New Jersey,19548,203.9,heart_disease
2000,Michigan,19798,204.0,cancer
2013,Tennessee,14803,204.1,heart_disease
2003,Connecticut,8389,204.1,heart_disease
2003,Vermont,1349,204.1,heart_disease
2002,Missouri,12322,204.1,cancer
2009,West Virginia,4786,204.2,cancer
2000,North Carolina,15786,204.2,cancer
2010,Michigan,23326,204.3,heart_disease
2007,West Virginia,4690,204.3,cancer
2005,Alabama,9913,204.4,cancer
2003,South Carolina,8512,204.4,cancer
2001,New Jersey,18165,204.4,cancer
2001,Pennsylvania,29914,204.4,cancer
2004,Alabama,9756,204.5,cancer
2006,Tennessee,13051,204.6,cancer
2005,Maine,3218,204.8,cancer
2001,New Mexico,3423,204.8,heart_disease
2009,Kentucky,9634,204.9,cancer
2007,Delaware,1914,205.1,heart_disease
2003,Arkansas,6119,205.1,cancer
2001,Illinois,24778,205.1,cancer
2001,Nevada,3815,205.1,cancer
2006,Texas,38782,205.2,heart_disease
2002,Idaho,2532,205.2,heart_disease
1999,Michigan,19744,205.2,cancer
2005,District of Columbia,1151,205.3,cancer
2003,Ohio,25076,205.3,cancer
2011,Tennessee,14235,205.4,heart_disease
2003,Maine,3120,205.4,cancer
2001,Maryland,10322,205.4,cancer
2009,Michigan,23099,205.5,heart_disease
2006,United States,631636,205.5,heart_disease
2002,Massachusetts,14736,205.5,heart_disease
2014,Tennessee,15223,205.6,heart_disease
2007,Nevada,4591,205.6,heart_disease
2008,Louisiana,9197,205.7,cancer
2007,Ohio,26757,205.7,heart_disease
2002,Oklahoma,7474,205.7,cancer
2000,Montana,1995,205.7,heart_disease
1999,Oregon,7263,205.7,heart_disease
2002,South Carolina,8333,205.8,cancer
2016,Nevada,6457,205.9,heart_disease
2007,Indiana,13682,205.9,heart_disease
2000,Missouri,12144,205.9,cancer
2000,New Jersey,18073,205.9,cancer
2006,Delaware,1866,206.0,heart_disease
2009,Missouri,13916,206.1,heart_disease
2006,Louisiana,8853,206.1,cancer
2001,Oklahoma,7411,206.3,cancer
2004,District of Columbia,1152,206.4,cancer
2000,Rhode Island,2433,206.4,cancer
1999,Massachusetts,13853,206.4,cancer
2006,Maryland,11268,206.6,heart_disease
2000,Georgia,13690,206.7,cancer
1999,Nevada,3556,206.7,cancer
1999,Oklahoma,7312,206.7,cancer
2006,South Carolina,9030,206.8,heart_disease
2008,Ohio,27324,206.9,heart_disease
2000,New Hampshire,2484,206.9,cancer
2001,Idaho,2489,207.0,heart_disease
2000,Pennsylvania,30161,207.0,cancer
2001,Missouri,12365,207.1,cancer
1999,North Carolina,15815,207.1,cancer
2000,Massachusetts,14027,207.2,cancer
2015,Tennessee,15730,207.3,heart_disease
2001,Arizona,10588,207.3,heart_disease
2005,West Virginia,4617,207.4,cancer
2000,Oklahoma,7402,207.4,cancer
2003,Indiana,12933,207.5,cancer
2005,Arkansas,6361,207.7,cancer
2014,District of Columbia,1324,207.8,heart_disease
2008,Kentucky,9589,207.8,cancer
2003,Wisconsin,12479,207.9,heart_disease
2002,Arizona,10852,207.9,heart_disease
1999,Missouri,12186,207.9,cancer
2012,West Virginia,4942,208.1,heart_disease
2004,Tennessee,12586,208.1,cancer
2012,Kentucky,10024,208.2,heart_disease
2007,District of Columbia,1169,208.2,cancer
2003,Alabama,9812,208.2,cancer
2000,Alaska,704,208.2,cancer
2010,Kentucky,9930,208.3,cancer
2004,Delaware,1827,208.3,cancer
2002,Alabama,9698,208.3,cancer
2001,Maine,3045,208.3,cancer
2001,South Carolina,8272,208.3,cancer
2001,Ohio,24804,208.4,cancer
2006,Illinois,27007,208.5,heart_disease
2005,Louisiana,9249,208.6,cancer
2004,Arkansas,6304,208.6,cancer
2000,Virginia,13528,208.6,cancer
2004,Florida,47160,208.7,heart_disease
2001,Arkansas,6092,208.8,cancer
2005,Mississippi,6065,208.9,cancer
2004,California,64999,209.0,heart_disease
2002,Ohio,25173,209.0,cancer
1999,Virginia,13365,209.1,cancer
1999,New Jersey,18178,209.3,cancer
1999,Maryland,10143,209.5,cancer
1999,Pennsylvania,30312,209.5,cancer
2002,Indiana,12865,209.7,cancer
2000,Washington,11370,209.7,heart_disease
2000,Maryland,10290,209.7,cancer
2004,Mississippi,5983,209.8,cancer
2011,Kentucky,9905,210.0,heart_disease
2011,West Virginia,4914,210.1,heart_disease
2010,Kentucky,9662,210.1,heart_disease
2003,South Dakota,1943,210.2,heart_disease
2005,Tennessee,12995,210.3,cancer
1999,Rhode Island,2463,210.3,cancer
2006,Pennsylvania,33744,210.4,heart_disease
2004,Virginia,14284,210.4,heart_disease
1999,Illinois,25024,210.4,cancer
2006,District of Columbia,1178,210.5,cancer
2000,Arkansas,6090,210.5,cancer
2002,Maine,3170,210.6,heart_disease
2003,Iowa,7840,210.9,heart_disease
1999,Alabama,9506,210.9,cancer
2010,West Virginia,4897,211.2,heart_disease
2003,West Virginia,4610,211.6,cancer
2016,District of Columbia,1375,211.7,heart_disease
2005,North Carolina,17765,211.7,heart_disease
2000,Alaska,607,211.7,heart_disease
1999,South Carolina,8089,211.7,cancer
2001,Wyoming,985,211.9,heart_disease
2001,Indiana,12831,211.9,cancer
2007,Georgia,16184,212.0,heart_disease
2006,Kentucky,9394,212.0,cancer
2002,Vermont,1370,212.0,heart_disease
2001,Nebraska,4150,212.0,heart_disease
2000,Illinois,25365,212.0,cancer
2000,Ohio,24988,212.0,cancer
2015,Louisiana,10665,212.1,heart_disease
2002,South Dakota,1937,212.1,heart_disease
2004,West Virginia,4694,212.2,cancer
2003,Mississippi,5960,212.2,cancer
2001,North Dakota,1700,212.3,heart_disease
2011,Louisiana,9781,212.4,heart_disease
2000,South Carolina,8250,212.6,cancer
2006,Mississippi,6236,212.7,cancer
2003,Tennessee,12613,212.7,cancer
2002,Arkansas,6282,212.8,cancer
2000,North Dakota,1679,212.8,heart_disease
2012,District of Columbia,1298,213.0,heart_disease
2001,Alabama,9801,213.0,cancer
2016,Louisiana,10943,213.1,heart_disease
2012,Louisiana,10074,213.1,heart_disease
2001,Tennessee,12229,213.1,cancer
2009,New York,47283,213.2,heart_disease
2013,District of Columbia,1340,213.5,heart_disease
2001,Massachusetts,15144,213.5,heart_disease
2000,Maine,3070,213.6,cancer
2000,Nevada,3763,213.6,cancer
2011,Arkansas,7168,213.8,heart_disease
1999,Tennessee,11943,213.9,cancer
2000,Arizona,10584,214.0,heart_disease
2013,Arkansas,7377,214.1,heart_disease
2013,Louisiana,10346,214.1,heart_disease
1999,Arkansas,6137,214.1,cancer
2009,Kentucky,9728,214.3,heart_disease
2017,Louisiana,11260,214.4,heart_disease
2002,Wyoming,1005,214.5,heart_disease
2002,Tennessee,12518,214.6,cancer
1999,Montana,2049,214.6,heart_disease
1999,Maine,3035,214.6,cancer
2007,Kentucky,9692,214.7,cancer
2003,Kansas,6491,214.7,heart_disease
2000,Indiana,12842,214.7,cancer
2002,Maine,3206,214.9,cancer
2004,North Carolina,17607,215.2,heart_disease
2002,West Virginia,4652,215.2,cancer
2000,Idaho,2519,215.2,heart_disease
2000,Alabama,9807,215.4,cancer
1999,Ohio,25233,215.4,cancer
2004,Kentucky,9159,215.5,cancer
2002,Nebraska,4242,215.5,heart_disease
1999,Washington,11515,215.7,heart_disease
2014,Louisiana,10647,216.3,heart_disease
2004,Louisiana,9434,216.3,cancer
2009,Tennessee,14257,216.5,heart_disease
2003,New Hampshire,2725,216.7,heart_disease
2005,United States,652091,216.8,heart_disease
2001,Mississippi,5958,217.1,cancer
2000,Nebraska,4197,217.1,heart_disease
2003,Florida,48141,217.3,heart_disease
2010,Tennessee,14582,217.4,heart_disease
2000,Wyoming,992,217.4,heart_disease
1999,Vermont,1342,217.4,heart_disease
1999,Indiana,12898,217.4,cancer
2014,Arkansas,7581,217.5,heart_disease
2005,Maryland,11594,217.9,heart_disease
2000,Massachusetts,15314,217.9,heart_disease
2001,Connecticut,8582,218.0,heart_disease
1999,New Mexico,3452,218.0,heart_disease
2006,Ohio,27886,218.5,heart_disease
2004,Maryland,11346,218.5,heart_disease
2012,Arkansas,7407,218.6,heart_disease
2002,Wisconsin,12923,218.8,heart_disease
2002,Mississippi,6069,218.8,cancer
2000,Tennessee,12339,218.8,cancer
2007,Missouri,14338,218.9,heart_disease
2005,New Jersey,20655,219.1,heart_disease
2005,Kentucky,9505,219.1,cancer
2001,West Virginia,4685,219.2,cancer
2002,Connecticut,8815,219.3,heart_disease
2009,West Virginia,5038,219.6,heart_disease
2008,Missouri,14644,219.8,heart_disease
2001,South Dakota,1985,219.9,heart_disease
2012,Oklahoma,9198,220.4,heart_disease
2005,Texas,40152,220.4,heart_disease
1999,Idaho,2532,220.5,heart_disease
2008,Michigan,24344,220.6,heart_disease
2005,Illinois,28226,220.7,heart_disease
2001,Maine,3272,220.7,heart_disease
2006,Indiana,14375,220.8,heart_disease
2001,Delaware,1786,221.0,cancer
2002,Iowa,8181,221.5,heart_disease
2004,United States,652486,221.6,heart_disease
2004,New Jersey,20560,221.8,heart_disease
2003,Louisiana,9533,221.8,cancer
2003,Virginia,14756,222.1,heart_disease
2006,Georgia,16478,222.2,heart_disease
2010,District of Columbia,1306,222.4,heart_disease
2016,Alabama,12832,222.5,heart_disease
2010,Arkansas,7274,222.5,heart_disease
2007,Michigan,24149,222.5,heart_disease
2002,Louisiana,9441,222.8,cancer
1999,Arizona,10800,223.1,heart_disease
2017,Alabama,13110,223.2,heart_disease
2015,Arkansas,7938,223.2,heart_disease
2002,Kansas,6680,223.2,heart_disease
1999,Delaware,1737,223.3,cancer
2000,Mississippi,6075,223.6,cancer
2016,Arkansas,8090,223.7,heart_disease
2003,Kentucky,9378,223.7,cancer
2017,Arkansas,8270,223.8,heart_disease
2005,South Carolina,9359,223.9,heart_disease
2000,West Virginia,4753,223.9,cancer
2014,Alabama,12461,224.0,heart_disease
2009,District of Columbia,1288,224.1,heart_disease
2001,Vermont,1429,224.1,heart_disease
1999,Kentucky,8925,224.2,cancer
2004,Illinois,28284,224.3,heart_disease
2001,Wisconsin,13023,224.3,heart_disease
2002,New Hampshire,2776,225.0,heart_disease
2012,Alabama,12036,225.1,heart_disease
2003,California,68864,225.1,heart_disease
2001,Iowa,8250,225.1,heart_disease
1999,West Virginia,4762,225.1,cancer
2008,Kentucky,10061,225.5,heart_disease
2004,South Carolina,9182,225.6,heart_disease
2001,Kansas,6716,225.6,heart_disease
2008,New York,49324,225.8,heart_disease
2004,Rhode Island,2969,225.9,heart_disease
2009,Arkansas,7295,226.1,heart_disease
2002,Florida,49235,226.1,heart_disease
2005,Rhode Island,3005,226.9,heart_disease
2004,Texas,40196,226.9,heart_disease
2007,Kentucky,9916,227.0,heart_disease
2007,Tennessee,14280,227.2,heart_disease
1999,Wyoming,1009,227.8,heart_disease
2005,Indiana,14542,227.9,heart_disease
2000,Louisiana,9400,227.9,cancer
1999,Mississippi,6143,227.9,cancer
2001,Louisiana,9517,228.0,cancer
2014,Oklahoma,9868,228.1,heart_disease
2008,Tennessee,14661,228.1,heart_disease
2006,Michigan,24255,228.1,heart_disease
2016,Oklahoma,10209,228.2,heart_disease
2013,Alabama,12472,228.4,heart_disease
2013,Oklahoma,9721,228.5,heart_disease
1999,Massachusetts,15871,228.5,heart_disease
2002,Kentucky,9438,228.6,cancer
1999,South Dakota,2024,228.6,heart_disease
2011,Alabama,11942,228.7,heart_disease
2000,Kentucky,9207,228.7,cancer
2011,Oklahoma,9399,228.8,heart_disease
2006,Missouri,14749,228.8,heart_disease
2005,Pennsylvania,36207,229.3,heart_disease
2010,Louisiana,10282,229.4,heart_disease
2000,Vermont,1438,229.4,heart_disease
2015,Alabama,12981,229.7,heart_disease
2001,Kentucky,9358,229.7,cancer
2014,Mississippi,7538,229.9,heart_disease
2009,Louisiana,10169,229.9,heart_disease
2002,Virginia,14952,230.0,heart_disease
2007,Arkansas,7214,230.1,heart_disease
2007,New York,49528,230.4,heart_disease
2002,California,68797,230.4,heart_disease
1999,Louisiana,9412,230.5,cancer
2012,Mississippi,7269,231.3,heart_disease
2017,Mississippi,7944,231.6,heart_disease
2002,District of Columbia,1298,231.8,cancer
2005,Ohio,29003,231.9,heart_disease
2003,Rhode Island,3011,231.9,heart_disease
2005,Delaware,2031,232.3,heart_disease
2008,West Virginia,5264,232.5,heart_disease
2007,West Virginia,5208,232.5,heart_disease
2009,Oklahoma,9202,232.6,heart_disease
2000,Connecticut,8993,232.7,heart_disease
2016,Mississippi,7865,233.1,heart_disease
2004,Indiana,14636,233.2,heart_disease
2003,North Carolina,18674,233.3,heart_disease
2001,California,68234,233.6,heart_disease
2006,Nevada,5013,233.7,heart_disease
2004,Pennsylvania,36434,233.8,heart_disease
2000,Maine,3400,233.9,heart_disease
2015,Oklahoma,10310,234.0,heart_disease
2000,Kansas,6931,234.2,heart_disease
1999,North Dakota,1833,234.2,heart_disease
2001,Virginia,14913,234.5,heart_disease
2000,South Dakota,2105,234.5,heart_disease
2001,New Hampshire,2835,234.6,heart_disease
2007,Louisiana,9947,234.9,heart_disease
1999,Nebraska,4497,235.0,heart_disease
2010,Oklahoma,9426,235.2,heart_disease
2004,Ohio,29078,235.8,heart_disease
2010,Alabama,12083,236.0,heart_disease
2005,Georgia,16781,236.0,heart_disease
2001,Florida,50629,236.0,heart_disease
2008,Arkansas,7516,236.1,heart_disease
2000,Iowa,8559,236.1,heart_disease
1999,New Hampshire,2751,236.2,heart_disease
2003,United States,685089,236.3,heart_disease
2005,Missouri,14974,236.8,heart_disease
1999,Kansas,6975,237.0,heart_disease
2017,Oklahoma,10772,237.2,heart_disease
2000,New Hampshire,2811,237.3,heart_disease
2000,Wisconsin,13601,237.3,heart_disease
2001,District of Columbia,1327,237.5,cancer
2002,North Carolina,18524,237.6,heart_disease
2009,Alabama,12021,238.0,heart_disease
2006,Tennessee,14642,238.0,heart_disease
2004,Delaware,2015,238.1,heart_disease
2006,New York,50470,238.2,heart_disease
2000,District of Columbia,1335,238.3,cancer
2008,Louisiana,10347,238.5,heart_disease
2000,Florida,50336,238.6,heart_disease
1999,Maine,3418,238.7,heart_disease
1999,Connecticut,9127,238.8,heart_disease
2003,Illinois,29816,239.2,heart_disease
2003,Maryland,12164,239.8,heart_disease
2003,New Jersey,22043,239.9,heart_disease
2002,Delaware,1918,239.9,heart_disease
2000,California,68426,239.9,heart_disease
2013,Mississippi,7715,240.0,heart_disease
2004,Nevada,4693,240.0,heart_disease
2011,Mississippi,7335,240.1,heart_disease
2003,South Carolina,9510,240.1,heart_disease
2004,Georgia,16557,240.3,heart_disease
1999,Iowa,8699,240.3,heart_disease
2015,Mississippi,7969,240.5,heart_disease
2006,Arkansas,7431,240.5,heart_disease
2006,West Virginia,5311,240.5,heart_disease
2003,Texas,41779,241.2,heart_disease
2005,Michigan,25128,241.3,heart_disease
2006,Kentucky,10353,241.4,heart_disease
2006,Louisiana,10026,241.4,heart_disease
1999,District of Columbia,1340,241.4,cancer
2002,Maryland,12008,242.4,heart_disease
2004,Michigan,24825,242.7,heart_disease
2008,Alabama,12074,243.3,heart_disease
2002,Rhode Island,3109,243.6,heart_disease
1999,Wisconsin,13827,243.7,heart_disease
2003,Nevada,4599,244.0,heart_disease
1999,Rhode Island,3008,244.1,heart_disease
2008,District of Columbia,1389,244.3,heart_disease
2001,Rhode Island,3076,244.3,heart_disease
2002,United States,696947,244.6,heart_disease
2007,Alabama,11926,245.0,heart_disease
2000,Virginia,15264,245.5,heart_disease
2001,North Carolina,18792,246.1,heart_disease
2003,Pennsylvania,38075,246.2,heart_disease
2005,Nevada,5094,246.7,heart_disease
2003,Delaware,2027,247.2,heart_disease
2002,Nevada,4421,247.5,heart_disease
1999,Florida,51434,247.7,heart_disease
2005,New York,51985,248.3,heart_disease
2004,Missouri,15500,248.5,heart_disease
2002,New Jersey,22510,248.6,heart_disease
2001,South Carolina,9471,248.6,heart_disease
2003,Indiana,15467,249.4,heart_disease
2002,South Carolina,9659,249.4,heart_disease
2001,United States,700142,249.5,heart_disease
2000,Rhode Island,3115,249.5,heart_disease
2002,Illinois,30821,250.2,heart_disease
2005,Arkansas,7575,250.3,heart_disease
2002,Indiana,15321,250.9,heart_disease
1999,Virginia,15329,250.9,heart_disease
2010,Mississippi,7542,251.1,heart_disease
2007,Oklahoma,9602,251.1,heart_disease
2005,Tennessee,14946,251.2,heart_disease
2003,Ohio,30667,251.2,heart_disease
2008,Oklahoma,9767,252.0,heart_disease
2004,Arkansas,7534,252.1,heart_disease
2007,District of Columbia,1434,253.6,heart_disease
2005,West Virginia,5538,253.6,heart_disease
2009,Mississippi,7530,253.8,heart_disease
2001,Illinois,30990,253.8,heart_disease
2001,Maryland,12310,253.8,heart_disease
2001,New Jersey,22704,254.0,heart_disease
2004,New York,52480,254.6,heart_disease
2002,Pennsylvania,38852,254.7,heart_disease
2004,Kentucky,10465,254.8,heart_disease
2003,Georgia,17188,255.2,heart_disease
2000,Nevada,4089,255.3,heart_disease
2002,Texas,43452,256.3,heart_disease
2005,Louisiana,11008,256.9,heart_disease
2005,Kentucky,10782,257.3,heart_disease
1999,California,71930,257.3,heart_disease
2000,United States,710760,257.6,heart_disease
2001,Nevada,4393,257.8,heart_disease
2004,Louisiana,10852,257.9,heart_disease
2003,Michigan,26010,258.0,heart_disease
2004,Tennessee,15038,258.6,heart_disease
2001,Texas,43199,259.1,heart_disease
1999,Maryland,12080,259.2,heart_disease
2001,Indiana,15682,259.8,heart_disease
2006,Oklahoma,9798,260.1,heart_disease
1999,North Carolina,19191,260.9,heart_disease
2001,Pennsylvania,39438,261.1,heart_disease
2002,Ohio,31388,261.2,heart_disease
2001,Delaware,2033,261.2,heart_disease
2000,Maryland,12348,261.3,heart_disease
2003,Arkansas,7786,262.5,heart_disease
2000,Delaware,1983,262.5,heart_disease
2006,Alabama,12583,263.0,heart_disease
2000,Texas,43020,263.5,heart_disease
2004,West Virginia,5674,263.6,heart_disease
2000,Illinois,31844,263.7,heart_disease
2000,North Carolina,19723,264.5,heart_disease
2003,Missouri,16410,264.9,heart_disease
2002,Georgia,17529,265.8,heart_disease
2000,South Carolina,9893,265.8,heart_disease
1999,United States,725192,266.5,heart_disease
1999,Delaware,2011,269.2,heart_disease
2000,New Jersey,23724,269.4,heart_disease
2002,Michigan,26659,269.6,heart_disease
1999,Texas,43418,270.1,heart_disease
2005,District of Columbia,1518,270.3,heart_disease
1999,New Jersey,23493,270.5,heart_disease
2003,New York,55276,270.9,heart_disease
2001,Georgia,17478,271.4,heart_disease
2000,Pennsylvania,40708,271.9,heart_disease
2000,Indiana,16210,272.3,heart_disease
2005,Oklahoma,10043,272.4,heart_disease
2002,Louisiana,11185,272.4,heart_disease
2002,Missouri,16708,272.7,heart_disease
2008,Mississippi,7997,273.2,heart_disease
2001,Missouri,16633,273.4,heart_disease
1999,South Carolina,9981,273.4,heart_disease
2001,Ohio,32453,273.5,heart_disease
1999,Nevada,4231,274.3,heart_disease
2005,Alabama,12869,274.5,heart_disease
2000,Georgia,17406,276.0,heart_disease
2004,District of Columbia,1544,276.4,heart_disease
2001,Michigan,26896,276.4,heart_disease
2003,Louisiana,11540,277.5,heart_disease
2003,Tennessee,15919,277.6,heart_disease
2004,Alabama,12774,278.1,heart_disease
2007,Mississippi,8037,278.5,heart_disease
1999,Illinois,33387,279.1,heart_disease
2003,Kentucky,11319,279.2,heart_disease
2000,Ohio,32722,279.2,heart_disease
2001,Tennessee,15688,280.6,heart_disease
2006,District of Columbia,1566,280.9,heart_disease
2002,New York,56672,281.4,heart_disease
1999,Pennsylvania,41707,281.7,heart_disease
2001,Arkansas,8263,281.8,heart_disease
1999,Indiana,16661,282.5,heart_disease
2001,Louisiana,11474,282.6,heart_disease
2002,Arkansas,8330,282.8,heart_disease
1999,Georgia,17597,282.8,heart_disease
2004,Oklahoma,10335,283.2,heart_disease
2000,Arkansas,8278,283.8,heart_disease
2001,New York,56643,284.9,heart_disease
2006,Mississippi,8097,285.4,heart_disease
1999,Ohio,33192,285.7,heart_disease
2000,Michigan,27325,285.9,heart_disease
2000,Missouri,17235,286.0,heart_disease
2002,Tennessee,16226,287.3,heart_disease
1999,Arkansas,8315,287.8,heart_disease
2003,West Virginia,6186,288.1,heart_disease
2003,Alabama,13150,288.5,heart_disease
2000,Louisiana,11629,288.7,heart_disease
2002,West Virginia,6189,291.2,heart_disease
2002,Alabama,13197,291.3,heart_disease
2003,District of Columbia,1630,291.9,heart_disease
2002,Kentucky,11696,292.2,heart_disease
2001,Alabama,13207,292.7,heart_disease
1999,Michigan,27693,292.9,heart_disease
2000,Tennessee,16174,293.6,heart_disease
2000,New York,57474,293.8,heart_disease
1999,District of Columbia,1652,296.2,heart_disease
2002,District of Columbia,1666,296.6,heart_disease
2001,Kentucky,11808,297.3,heart_disease
2004,Mississippi,8282,298.8,heart_disease
2001,West Virginia,6325,298.8,heart_disease
1999,Tennessee,16280,299.0,heart_disease
2000,Alabama,13406,299.5,heart_disease
1999,Missouri,17974,300.5,heart_disease
2001,Oklahoma,10840,301.6,heart_disease
1999,Louisiana,12007,302.3,heart_disease
1999,Alabama,13419,303.0,heart_disease
2000,Kentucky,11936,303.6,heart_disease
2003,Oklahoma,11061,304.9,heart_disease
2000,West Virginia,6435,305.0,heart_disease
1999,New York,58987,306.1,heart_disease
2005,Mississippi,8637,306.4,heart_disease
2000,District of Columbia,1756,310.6,heart_disease
1999,Kentucky,12098,310.9,heart_disease
2002,Oklahoma,11230,311.3,heart_disease
2001,District of Columbia,1761,312.8,heart_disease
2000,Oklahoma,11297,315.0,heart_disease
1999,Oklahoma,11263,316.1,heart_disease
2003,Mississippi,8683,317.1,heart_disease
1999,West Virginia,6822,325.5,heart_disease
2002,Mississippi,9061,332.6,heart_disease
2001,Mississippi,9050,333.5,heart_disease
2000,Mississippi,9256,341.2,heart_disease
1999,Mississippi,9336,347.4,heart_disease
2016,Hawaii,10913,572.0,all_causes
2017,Hawaii,11390,584.9,all_causes
2011,Hawaii,9923,584.9,all_causes
2012,Hawaii,10274,586.5,all_causes
2015,Hawaii,11053,588.2,all_causes
2014,Hawaii,10767,588.7,all_causes
2010,Hawaii,9617,589.6,all_causes
2013,Hawaii,10505,590.8,all_causes
2014,California,245929,605.7,all_causes
2008,Hawaii,9501,613.6,all_causes
2016,California,262240,616.9,all_causes
2017,California,268189,618.7,all_causes
2015,California,259206,621.6,all_causes
2009,Hawaii,9914,621.9,all_causes
2017,New York,155358,623.6,all_causes
2013,California,248359,630.1,all_causes
2012,California,242554,630.4,all_causes
2007,Hawaii,9495,631.0,all_causes
2014,New York,149944,636.5,all_causes
2005,Hawaii,9136,638.3,all_causes
2016,New York,154358,640.7,all_causes
2011,California,239942,641.3,all_causes
2006,Hawaii,9432,643.4,all_causes
2015,New York,153628,644.0,all_causes
2013,Connecticut,29632,646.3,all_causes
2014,Connecticut,29860,646.5,all_causes
2010,California,234012,646.7,all_causes
2014,Minnesota,41445,647.0,all_causes
2016,Minnesota,43078,648.1,all_causes
2012,Connecticut,29316,648.2,all_causes
2013,New York,150919,649.3,all_causes
2012,Minnesota,40016,649.5,all_causes
2013,Minnesota,40987,651.0,all_causes
2017,Connecticut,31312,651.2,all_causes
2012,New York,148991,652.1,all_causes
2009,Minnesota,37851,652.1,all_causes
2010,Connecticut,28692,652.9,all_causes
2004,Hawaii,9030,652.9,all_causes
2015,Minnesota,42800,653.8,all_causes
2016,Connecticut,30543,654.0,all_causes
2013,Colorado,33712,655.4,all_causes
2009,California,232736,655.5,all_causes
2015,Connecticut,30535,656.1,all_causes
2017,Minnesota,44371,656.4,all_causes
2012,Massachusetts,53177,657.9,all_causes
2011,Minnesota,39820,659.2,all_causes
2009,Connecticut,28585,659.3,all_causes
2001,Hawaii,8394,660.4,all_causes
2011,Connecticut,29526,660.6,all_causes
2010,Minnesota,38972,661.5,all_causes
2014,Arizona,51538,661.7,all_causes
2014,Florida,185956,662.0,all_causes
2015,Florida,191737,662.9,all_causes
2014,Massachusetts,55200,663.0,all_causes
2007,Minnesota,37138,663.1,all_causes
2017,Colorado,38063,663.4,all_causes
2013,Florida,181112,663.4,all_causes
2013,Massachusetts,54567,663.5,all_causes
2014,Colorado,35237,664.4,all_causes
2015,Colorado,36349,665.0,all_causes
2011,New York,149174,665.4,all_causes
2010,New York,146432,665.5,all_causes
2012,Colorado,33133,665.6,all_causes
2014,New Jersey,71316,665.7,all_causes
2015,New Jersey,72271,666.0,all_causes
2016,Florida,197313,666.6,all_causes
2003,Hawaii,8978,667.1,all_causes
2017,New Jersey,74846,667.5,all_causes
2016,New Jersey,73155,668.5,all_causes
2016,Massachusetts,56961,669.0,all_causes
2016,Colorado,37530,669.5,all_causes
2012,Florida,177291,669.9,all_causes
2015,Arizona,54299,671.8,all_causes
2008,Connecticut,28794,671.9,all_causes
2016,Washington,54769,672.0,all_causes
2017,Florida,203636,672.1,all_causes
2014,Washington,52099,672.9,all_causes
2002,Hawaii,8801,673.4,all_causes
2008,Minnesota,38499,674.0,all_causes
2013,Arizona,50534,674.2,all_causes
2009,New York,146475,674.6,all_causes
2010,Massachusetts,52583,675.0,all_causes
2006,Minnesota,37028,675.6,all_causes
2016,Arizona,56645,675.8,all_causes
2000,Hawaii,8290,675.9,all_causes
2011,Massachusetts,53710,676.3,all_causes
2013,New Jersey,71403,676.4,all_causes
2017,Massachusetts,58803,677.1,all_causes
2011,Florida,173976,677.1,all_causes
2012,New Jersey,70534,677.6,all_causes
2011,Colorado,32563,677.8,all_causes
2008,California,234766,677.9,all_causes
2017,Arizona,57758,678.5,all_causes
2013,New Hampshire,10897,679.1,all_causes
2013,South Dakota,7099,679.3,all_causes
2013,Washington,51264,679.3,all_causes
2007,North Dakota,5561,680.4,all_causes
2007,Connecticut,28651,680.5,all_causes
2009,Massachusetts,52308,681.4,all_causes
2012,Washington,50105,681.5,all_causes
2010,Colorado,31465,682.7,all_causes
2012,Arizona,49549,682.9,all_causes
2009,Vermont,5034,683.2,all_causes
2015,Massachusetts,57806,684.8,all_causes
2012,Rhode Island,9354,686.5,all_causes
2009,Utah,14138,686.5,all_causes
2015,Washington,54595,687.4,all_causes
2012,New Hampshire,10730,687.5,all_causes
2016,North Dakota,6242,688.4,all_causes
2017,Washington,56995,688.6,all_causes
1999,Hawaii,8270,688.8,all_causes
2011,Arizona,48381,688.9,all_causes
2009,New Jersey,68277,689.3,all_causes
2009,Colorado,31173,689.7,all_causes
2016,Rhode Island,9735,690.1,all_causes
2011,Washington,49691,690.4,all_causes
2010,New Hampshire,10201,690.4,all_causes
2011,New Jersey,70558,690.6,all_causes
2010,New Jersey,69495,691.1,all_causes
2009,New Hampshire,10100,691.6,all_causes
2007,California,233720,691.7,all_causes
2010,Washington,48146,692.3,all_causes
2017,North Dakota,6415,692.7,all_causes
2014,North Dakota,6184,692.7,all_causes
2010,Arizona,46762,693.1,all_causes
2008,New York,148698,693.7,all_causes
2009,Arizona,45816,693.8,all_causes
2014,Vermont,5623,694.8,all_causes
2015,North Dakota,6223,696.8,all_causes
2011,North Dakota,5965,697.4,all_causes
2005,Minnesota,37535,698.6,all_causes
2007,New York,147680,698.9,all_causes
2011,Utah,15266,699.1,all_causes
2014,Maryland,45867,699.5,all_causes
2004,Minnesota,37034,699.7,all_causes
2012,Utah,15676,700.0,all_causes
2017,Utah,18035,700.1,all_causes
2012,Vermont,5491,700.1,all_causes
2009,Florida,169924,700.1,all_causes
2014,Rhode Island,9770,700.9,all_causes
2010,Florida,173791,701.1,all_causes
2012,North Dakota,6038,701.2,all_causes
2004,North Dakota,5601,702.2,all_causes
2009,Wisconsin,45697,703.0,all_causes
2010,Utah,14776,703.2,all_causes
2008,Utah,14040,703.8,all_causes
2010,North Dakota,5944,704.3,all_causes
2006,Connecticut,29260,704.6,all_causes
2015,Maryland,47247,705.7,all_causes
2016,Oregon,35778,705.9,all_causes
2008,Massachusetts,53518,706.1,all_causes
2014,New Hampshire,11516,706.2,all_causes
2009,South Dakota,6923,706.2,all_causes
2012,Oregon,32759,706.6,all_causes
2014,Oregon,34151,706.7,all_causes
2016,Nebraska,16217,707.0,all_causes
2011,Rhode Island,9581,707.3,all_causes
2012,Wisconsin,48384,707.8,all_causes
2007,Colorado,29993,708.0,all_causes
2009,Washington,48270,708.4,all_causes
2017,Alaska,4411,708.8,all_causes
2012,Maryland,44477,709.1,all_causes
2014,Utah,16719,709.6,all_causes
2013,Rhode Island,9792,709.6,all_causes
2013,North Dakota,6233,709.7,all_causes
2007,Massachusetts,52917,709.8,all_causes
2014,South Dakota,7507,710.4,all_causes
2013,Maryland,45689,710.4,all_causes
2013,Utah,16366,710.4,all_causes
2011,New Hampshire,10823,710.4,all_causes
2013,Vermont,5639,710.6,all_causes
2009,Nebraska,14810,710.9,all_causes
2011,Vermont,5433,711.0,all_causes
2009,Rhode Island,9395,711.0,all_causes
2015,Utah,17334,712.1,all_causes
2014,Wisconsin,50291,712.1,all_causes
2012,South Dakota,7333,712.3,all_causes
2009,North Dakota,5914,712.7,all_causes
2016,Vermont,5909,712.8,all_causes
2007,South Dakota,6826,712.9,all_causes
2008,North Dakota,5871,713.3,all_causes
2017,Rhode Island,10157,713.4,all_causes
2006,New York,148806,713.7,all_causes
2008,Arizona,45823,714.5,all_causes
2017,Wyoming,4768,714.6,all_causes
2016,Utah,17913,714.7,all_causes
2015,Vermont,5919,714.7,all_causes
2013,Nebraska,15754,714.7,all_causes
2017,Vermont,6007,714.9,all_causes
2010,South Dakota,7100,715.1,all_causes
2008,New Hampshire,10268,715.3,all_causes
2015,South Dakota,7731,715.4,all_causes
2016,Virginia,66473,715.5,all_causes
2011,Maryland,43745,715.8,all_causes
2008,Colorado,31274,715.8,all_causes
2015,Wisconsin,51264,715.9,all_causes
2005,North Dakota,5744,716.3,all_causes
2017,Oregon,36624,717.2,all_causes
2017,New Hampshire,12504,717.3,all_causes
2014,Virginia,63598,717.5,all_causes
2013,Oregon,33939,717.5,all_causes
2016,Maryland,48824,717.6,all_causes
2005,Connecticut,29467,717.7,all_causes
2010,Nebraska,15171,717.8,all_causes
2016,Wisconsin,51815,717.9,all_causes
2017,Maryland,49926,718.1,all_causes
2008,Florida,170703,718.1,all_causes
2014,Nebraska,15978,718.2,all_causes
2006,California,237126,718.2,all_causes
2012,Iowa,28389,718.3,all_causes
2008,New Jersey,70026,718.3,all_causes
2010,Vermont,5380,718.7,all_causes
2012,Nebraska,15659,719.0,all_causes
2010,Wisconsin,47308,719.0,all_causes
2017,Virginia,68579,719.4,all_causes
2016,South Dakota,7845,719.5,all_causes
2011,Nebraska,15476,719.8,all_causes
2013,Wisconsin,50026,720.1,all_causes
2015,New Hampshire,11984,720.6,all_causes
2011,South Dakota,7314,720.6,all_causes
2016,Wyoming,4722,720.9,all_causes
2006,Colorado,29521,720.9,all_causes
2003,Minnesota,37620,720.9,all_causes
2016,Iowa,29538,721.1,all_causes
2011,Wisconsin,48410,721.1,all_causes
2016,New Hampshire,12203,721.5,all_causes
2015,Virginia,65577,721.6,all_causes
2010,Iowa,27745,721.7,all_causes
2010,Rhode Island,9579,721.7,all_causes
2015,Rhode Island,10163,721.9,all_causes
2017,Wisconsin,52681,722.0,all_causes
2015,Oregon,35705,722.3,all_causes
2008,Vermont,5211,722.5,all_causes
2011,Iowa,28184,722.7,all_causes
2014,Iowa,29190,722.9,all_causes
2009,Iowa,27544,723.0,all_causes
2010,Oregon,31890,723.1,all_causes
2007,Florida,168096,723.3,all_causes
2013,Iowa,28948,723.7,all_causes
2014,Idaho,12613,723.8,all_causes
2013,Illinois,103401,724.0,all_causes
2011,Oregon,32788,724.1,all_causes
2017,Illinois,109721,724.2,all_causes
2007,Iowa,27221,724.2,all_causes
2016,Illinois,107020,724.3,all_causes
2013,Alaska,3997,724.4,all_causes
2006,North Dakota,5868,724.4,all_causes
2015,Iowa,29600,724.6,all_causes
2014,United States,2626418,724.6,all_causes
2013,Virginia,62716,724.8,all_causes
2016,Idaho,13366,725.0,all_causes
2009,Idaho,11098,725.1,all_causes
2004,Connecticut,29314,725.1,all_causes
2017,District of Columbia,4965,725.4,all_causes
2017,Nebraska,16878,726.0,all_causes
2014,Illinois,105293,726.0,all_causes
2012,Idaho,11998,726.6,all_causes
2013,Delaware,7967,726.8,all_causes
2006,Massachusetts,53450,726.8,all_causes
2007,New Jersey,69662,726.9,all_causes
2015,Idaho,13026,727.8,all_causes
2006,Vermont,5048,728.0,all_causes
2015,Illinois,106872,728.3,all_causes
2009,Oregon,31636,728.4,all_causes
2010,Maryland,43325,728.6,all_causes
2012,Illinois,102433,728.7,all_causes
2016,United States,2744248,728.8,all_causes
2007,Utah,14143,729.4,all_causes
2012,Virginia,61564,730.2,all_causes
2008,Wisconsin,46815,730.3,all_causes
2012,Maine,12870,730.4,all_causes
2016,Texas,191966,730.6,all_causes
2013,Idaho,12434,730.6,all_causes
2005,California,237037,730.7,all_causes
2007,Arizona,45554,731.0,all_causes
2006,Washington,46120,731.2,all_causes
2012,Alaska,3912,731.4,all_causes
2010,Idaho,11429,731.6,all_causes
2013,Wyoming,4516,731.7,all_causes
2013,New Mexico,16805,731.8,all_causes
2017,United States,2813503,731.9,all_causes
2013,United States,2596993,731.9,all_causes
2008,South Dakota,7083,731.9,all_causes
2007,Washington,47323,731.9,all_causes
2014,Montana,9381,732.1,all_causes
2012,Montana,8976,732.4,all_causes
2012,United States,2543279,732.8,all_causes
2007,Vermont,5179,733.0,all_causes
2015,United States,2712630,733.1,all_causes
2007,New Hampshire,10303,733.2,all_causes
2006,New Hampshire,10060,733.7,all_causes
2006,Utah,13764,733.7,all_causes
2014,Delaware,8260,734.0,all_causes
2007,Wisconsin,46241,734.2,all_causes
2008,Washington,48627,734.3,all_causes
2004,California,232525,734.3,all_causes
2017,Texas,198106,735.7,all_causes
2006,Iowa,27362,736.1,all_causes
2017,South Dakota,7996,736.6,all_causes
2014,Alaska,4128,736.8,all_causes
2008,Idaho,10962,736.8,all_causes
2010,Illinois,99931,736.9,all_causes
2017,Iowa,30530,737.0,all_causes
2011,Illinois,101906,737.4,all_causes
2005,New York,152427,738.0,all_causes
2004,Iowa,26897,738.3,all_causes
2004,Colorado,28309,738.5,all_causes
2014,Maine,13510,739.0,all_causes
2015,Nebraska,16740,739.2,all_causes
2003,Connecticut,29627,739.7,all_causes
2011,United States,2515458,741.3,all_causes
2015,Delaware,8582,741.5,all_causes
2015,New Mexico,17685,741.5,all_causes
2011,Virginia,60804,741.6,all_causes
2010,Virginia,59032,741.6,all_causes
2005,Massachusetts,53874,741.6,all_causes
2017,Idaho,14011,741.8,all_causes
2014,Wyoming,4666,742.4,all_causes
2008,Rhode Island,9738,742.9,all_causes
2016,Montana,9905,743.2,all_causes
2006,Nebraska,14899,743.7,all_causes
2014,District of Columbia,4723,743.8,all_causes
2012,New Mexico,16710,744.6,all_causes
2006,New Jersey,70356,744.9,all_causes
2015,Texas,189654,745.0,all_causes
2011,Idaho,12027,745.0,all_causes
2014,Texas,183912,745.3,all_causes
2006,Wisconsin,46153,745.3,all_causes
2012,Delaware,7875,745.4,all_causes
2016,Alaska,4494,745.6,all_causes
2006,Florida,170066,745.6,all_causes
2016,Delaware,8874,746.2,all_causes
2009,Illinois,100056,746.9,all_causes
2010,United States,2468435,747.0,all_causes
2007,Idaho,10822,747.0,all_causes
2007,Rhode Island,9723,747.2,all_causes
2015,Alaska,4316,747.4,all_causes
2011,Alaska,3849,747.8,all_causes
2001,Minnesota,37735,748.2,all_causes
2015,Wyoming,4778,748.3,all_causes
2012,Wyoming,4481,748.3,all_causes
2004,New York,152681,748.4,all_causes
2015,District of Columbia,4871,748.6,all_causes
2011,New Mexico,16452,748.9,all_causes
2010,New Mexico,15931,749.0,all_causes
2006,Rhode Island,9690,749.1,all_causes
2014,Nevada,21793,749.2,all_causes
2005,Utah,13432,749.4,all_causes
2004,Vermont,4995,749.4,all_causes
2017,Delaware,9178,749.6,all_causes
2014,New Mexico,17579,749.6,all_causes
2010,Maine,12750,749.6,all_causes
2009,United States,2437163,749.6,all_causes
2009,New Mexico,15643,749.8,all_causes
2014,Pennsylvania,128434,750.2,all_causes
2009,Maryland,43843,750.2,all_causes
2007,Nebraska,15263,750.4,all_causes
2009,Virginia,58653,750.8,all_causes
2008,Nebraska,15461,751.3,all_causes
2002,Minnesota,38510,751.3,all_causes
2013,Texas,179183,751.6,all_causes
2011,Texas,168640,751.6,all_causes
2005,Vermont,5066,751.6,all_causes
2004,Nebraska,14657,751.9,all_causes
2004,Washington,44770,751.9,all_causes
2013,District of Columbia,4719,752.0,all_causes
2005,Colorado,29627,752.1,all_causes
2004,South Dakota,6833,752.4,all_causes
2006,South Dakota,7084,752.5,all_causes
2009,Maine,12594,752.6,all_causes
2008,Iowa,28541,752.6,all_causes
2011,Maine,13001,752.8,all_causes
2008,Oregon,31967,753.2,all_causes
2012,Texas,174187,753.3,all_causes
2016,New Mexico,18365,753.4,all_causes
2013,Maine,13547,754.2,all_causes
2011,Wyoming,4387,754.6,all_causes
2017,New Mexico,18673,754.7,all_causes
2010,Montana,8827,754.7,all_causes
2002,North Dakota,5892,755.5,all_causes
2011,District of Columbia,4589,755.9,all_causes
2007,Oregon,31403,756.0,all_causes
2006,Idaho,10613,756.0,all_causes
2004,Alaska,3051,756.7,all_causes
2016,Kansas,26245,756.8,all_causes
2015,Nevada,22879,757.2,all_causes
2012,District of Columbia,4650,757.2,all_causes
2017,Montana,10200,757.5,all_causes
2005,Iowa,27811,757.5,all_causes
2005,Washington,46203,757.6,all_causes
2013,Kansas,25414,757.7,all_causes
2009,Kansas,24024,757.8,all_causes
2005,Nebraska,14963,757.8,all_causes
2009,Montana,8730,758.0,all_causes
2004,Massachusetts,54511,758.3,all_causes
2016,Maine,14182,759.0,all_causes
2012,Pennsylvania,126981,759.2,all_causes
2014,Kansas,25793,759.3,all_causes
2008,Maine,12541,759.4,all_causes
2004,Wisconsin,45600,760.0,all_causes
2011,Montana,9115,760.6,all_causes
2000,Minnesota,37690,760.7,all_causes
2012,Kansas,25145,761.0,all_causes
2013,Montana,9511,761.3,all_causes
2013,Pennsylvania,129123,761.3,all_causes
2008,Alaska,3494,761.3,all_causes
2000,North Dakota,5856,761.8,all_causes
2005,Florida,170791,761.9,all_causes
2010,Kansas,24502,762.2,all_causes
2005,Alaska,3168,762.3,all_causes
2016,Nevada,23902,762.6,all_causes
2015,Montana,9942,762.7,all_causes
2009,Alaska,3618,763.8,all_causes
2011,Delaware,7845,764.2,all_causes
2017,Nevada,24657,765.5,all_causes
2010,Pennsylvania,124596,765.9,all_causes
2005,Wisconsin,46709,765.9,all_causes
2016,District of Columbia,5037,766.0,all_causes
2004,Rhode Island,9769,766.0,all_causes
2002,Connecticut,30122,766.1,all_causes
2004,Idaho,10028,766.2,all_causes
2005,New Hampshire,10194,766.7,all_causes
2006,Arizona,46365,767.1,all_causes
2011,Kansas,25116,767.2,all_causes
2003,New Hampshire,9708,767.3,all_causes
2009,Delaware,7534,768.0,all_causes
2015,Pennsylvania,132598,768.3,all_causes
2003,California,239371,768.4,all_causes
2004,Utah,13331,768.8,all_causes
2009,Wyoming,4283,769.6,all_causes
2008,Maryland,43892,769.6,all_causes
2013,Nevada,21468,769.8,all_causes
2010,Delaware,7706,769.9,all_causes
2002,California,234565,770.0,all_causes
2016,Pennsylvania,133040,770.1,all_causes
2007,Illinois,100503,770.3,all_causes
2005,South Dakota,7086,770.7,all_causes
2004,Arizona,43198,771.1,all_causes
2003,New York,155877,771.1,all_causes
2017,Kansas,27063,771.2,all_causes
2010,Alaska,3728,771.5,all_causes
2017,Maine,14676,771.6,all_causes
2007,Maine,12493,771.6,all_causes
2004,Florida,169008,771.6,all_causes
2009,Texas,163249,772.1,all_causes
2001,Connecticut,29827,772.1,all_causes
2010,Texas,166527,772.3,all_causes
2005,New Jersey,71963,772.4,all_causes
2006,Oregon,31380,773.3,all_causes
2015,Kansas,26664,774.1,all_causes
2012,Michigan,89901,774.2,all_causes
2012,Nevada,20785,774.6,all_causes
2008,United States,2471984,774.9,all_causes
2006,Maine,12294,775.1,all_causes
2007,United States,2423712,775.3,all_causes
2009,Pennsylvania,124780,775.3,all_causes
2007,Montana,8624,775.4,all_causes
2004,New Jersey,71371,775.8,all_causes
2014,North Carolina,85367,775.9,all_causes
2011,Pennsylvania,128237,776.0,all_causes
2003,North Dakota,6090,776.1,all_causes
2003,Iowa,28062,776.2,all_causes
2008,Virginia,59100,776.7,all_causes
2017,Pennsylvania,135656,777.3,all_causes
2013,North Carolina,83329,777.6,all_causes
2007,New Mexico,15482,778.6,all_causes
2002,South Dakota,6898,778.6,all_causes
2010,Wyoming,4438,778.8,all_causes
2008,Wyoming,4227,778.9,all_causes
2004,New Hampshire,10111,778.9,all_causes
2003,Vermont,5120,779.7,all_causes
2002,Iowa,27978,779.9,all_causes
2003,Wisconsin,46177,780.1,all_causes
2001,Iowa,27791,780.1,all_causes
2001,North Dakota,6048,780.2,all_causes
2007,Alaska,3463,780.6,all_causes
2005,Idaho,10556,781.2,all_causes
2005,Rhode Island,10007,781.2,all_causes
1999,Utah,12058,781.6,all_causes
2008,Illinois,103471,782.0,all_causes
2006,Montana,8472,782.2,all_causes
2013,Michigan,92408,782.3,all_causes
2016,North Carolina,90465,782.4,all_causes
2004,Montana,8094,783.0,all_causes
2009,Michigan,86455,783.1,all_causes
2001,California,234044,783.2,all_causes
1999,Connecticut,29446,783.2,all_causes
2017,Michigan,97602,783.5,all_causes
2015,Maine,14479,783.5,all_causes
2014,Michigan,93914,783.7,all_causes
2007,Maryland,43757,784.0,all_causes
2007,Virginia,58225,784.0,all_causes
2011,Michigan,89508,784.2,all_causes
2015,Michigan,95140,784.4,all_causes
1999,Minnesota,38537,784.5,all_causes
2001,Utah,12662,785.2,all_causes
2016,Michigan,96231,785.4,all_causes
2017,North Carolina,93157,785.6,all_causes
2007,Delaware,7327,786.1,all_causes
2010,Michigan,88021,786.2,all_causes
2012,North Carolina,81925,786.4,all_causes
2004,Oregon,30313,786.4,all_causes
2005,Arizona,45827,786.7,all_causes
2004,New Mexico,14298,786.7,all_causes
2003,Florida,168657,786.7,all_causes
2002,Vermont,5075,786.8,all_causes
2006,Alaska,3354,787.6,all_causes
2005,Oregon,31091,787.6,all_causes
2007,Kansas,24491,787.8,all_causes
2000,California,229551,787.9,all_causes
2008,New Mexico,16005,788.6,all_causes
2000,Utah,12364,788.6,all_causes
2008,Montana,8913,788.7,all_causes
2003,Massachusetts,56291,788.7,all_causes
2003,Washington,45920,789.2,all_causes
2011,Nevada,20343,789.7,all_causes
2015,North Carolina,89133,789.9,all_causes
2001,South Dakota,6923,790.0,all_causes
2011,North Carolina,79882,790.9,all_causes
2002,New York,158118,791.4,all_causes
2006,United States,2426264,791.8,all_causes
2003,Colorado,29506,792.0,all_causes
2000,Colorado,27288,792.1,all_causes
2010,District of Columbia,4672,792.4,all_causes
2000,Connecticut,30129,793.0,all_causes
2006,New Mexico,15296,793.1,all_causes
2007,Pennsylvania,125104,793.2,all_causes
2008,Delaware,7622,793.5,all_causes
2003,Utah,13412,793.6,all_causes
2017,Georgia,83098,793.7,all_causes
2002,Utah,13116,794.0,all_causes
2008,Kansas,24975,794.3,all_causes
2006,Illinois,102171,794.4,all_causes
2009,Nevada,19224,794.6,all_causes
2000,Nebraska,14992,794.6,all_causes
2000,Iowa,28060,794.7,all_causes
2004,Wyoming,3955,794.8,all_causes
2006,Virginia,57690,795.0,all_causes
2002,Washington,45338,795.0,all_causes
2010,Nevada,19623,795.4,all_causes
2006,Delaware,7204,795.7,all_causes
2006,Maryland,43582,795.9,all_causes
2001,Arizona,41058,795.9,all_causes
2002,New Hampshire,9853,796.0,all_causes
2001,Colorado,28294,796.1,all_causes
2002,Florida,167814,796.2,all_causes
2003,South Dakota,7132,796.6,all_causes
2001,Nebraska,15174,796.6,all_causes
1999,North Dakota,6103,796.8,all_causes
2004,Kansas,23818,798.0,all_causes
2003,Nebraska,15465,798.2,all_causes
2003,Arizona,43392,798.4,all_causes
2003,Rhode Island,10039,798.7,all_causes
2002,Idaho,9923,798.8,all_causes
2008,Pennsylvania,127462,799.1,all_causes
2001,Washington,44642,799.4,all_causes
2005,New Mexico,14983,800.1,all_causes
2016,Georgia,81428,800.4,all_causes
1999,Colorado,27114,801.8,all_causes
2014,Georgia,76887,801.9,all_causes
2006,Kansas,24553,802.2,all_causes
1999,California,229380,802.3,all_causes
2002,Alaska,3030,802.4,all_causes
2012,Missouri,56094,803.0,all_causes
2007,Texas,160548,803.1,all_causes
2001,Idaho,9753,803.5,all_causes
2008,Texas,164914,803.6,all_causes
2009,North Carolina,77117,804.3,all_causes
2002,Colorado,29210,804.4,all_causes
2000,Washington,43941,804.6,all_causes
2010,North Carolina,78773,804.9,all_causes
2000,South Dakota,7021,805.7,all_causes
2002,Massachusetts,56928,806.0,all_causes
2002,Wisconsin,46981,806.1,all_causes
2001,Florida,167269,806.1,all_causes
2013,Georgia,75088,806.2,all_causes
1999,Iowa,28411,806.4,all_causes
2007,Wyoming,4266,806.5,all_causes
2005,Wyoming,4099,806.5,all_causes
2001,New York,159240,806.6,all_causes
2014,Missouri,58320,807.0,all_causes
2005,Montana,8528,807.1,all_causes
1999,Rhode Island,9708,807.5,all_causes
2013,Missouri,57444,807.7,all_causes
2006,Texas,157150,807.7,all_causes
2003,New Jersey,73689,807.8,all_causes
2000,Florida,164395,807.8,all_causes
2015,Georgia,79942,808.1,all_causes
2007,Michigan,86721,808.1,all_causes
2016,Missouri,59873,808.2,all_causes
2006,Pennsylvania,125539,808.4,all_causes
1999,South Dakota,6953,808.4,all_causes
2012,Georgia,72847,808.6,all_causes
2000,New Mexico,13425,808.6,all_causes
2001,New Hampshire,9815,809.3,all_causes
2000,Idaho,9563,809.4,all_causes
2014,Ohio,114509,810.0,all_causes
2000,Arizona,40500,810.4,all_causes
2013,Ohio,113258,811.2,all_causes
2002,Arizona,42816,811.2,all_causes
2001,Massachusetts,56754,811.4,all_causes
2011,Missouri,55848,812.0,all_causes
2008,Michigan,88445,812.0,all_causes
2001,Wisconsin,46628,812.5,all_causes
2003,Idaho,10380,812.8,all_causes
1999,Florida,163224,812.8,all_causes
1999,Vermont,4993,812.9,all_causes
2004,Maine,12443,813.0,all_causes
2000,New York,158203,813.6,all_causes
2004,United States,2397615,813.7,all_causes
1999,Massachusetts,55840,814.1,all_causes
2009,Ohio,107156,814.5,all_causes
2005,United States,2448017,815.0,all_causes
1999,Washington,43865,815.1,all_causes
2009,Missouri,54263,815.3,all_causes
2000,New Hampshire,9697,815.5,all_causes
1999,New Hampshire,9537,815.5,all_causes
2011,Georgia,71248,815.7,all_causes
2010,Ohio,108711,815.7,all_causes
2006,Michigan,86042,816.0,all_causes
2005,Kansas,24682,816.8,all_causes
2004,Illinois,102670,816.8,all_causes
2015,Missouri,59871,816.9,all_causes
2003,Oregon,30912,816.9,all_causes
2001,Rhode Island,10021,816.9,all_causes
2007,Indiana,54000,817.1,all_causes
2005,Virginia,57855,817.4,all_causes
2005,Illinois,103974,817.5,all_causes
2012,Ohio,112498,817.9,all_causes
2000,Massachusetts,56681,817.9,all_causes
2005,Maryland,43892,818.1,all_causes
1999,Arizona,40050,818.4,all_causes
2010,Missouri,55281,819.5,all_causes
2001,Vermont,5201,819.6,all_causes
2017,Missouri,61876,820.1,all_causes
2000,Wisconsin,46461,820.1,all_causes
2002,Nebraska,15738,820.2,all_causes
2004,Virginia,56550,820.5,all_causes
2010,Indiana,56743,820.6,all_causes
2009,Indiana,55973,820.6,all_causes
2002,New Jersey,74009,821.7,all_causes
2011,Ohio,111427,821.8,all_causes
2000,Vermont,5127,821.8,all_causes
2007,Nevada,18687,822.0,all_causes
2014,Indiana,60940,822.3,all_causes
2002,Rhode Island,10246,823.0,all_causes
2004,Maryland,43232,823.7,all_causes
2000,Rhode Island,10027,823.7,all_causes
2002,New Mexico,14344,823.8,all_causes
2011,Indiana,58202,825.1,all_causes
1999,Idaho,9579,825.2,all_causes
2012,Indiana,59332,827.5,all_causes
2017,South Carolina,49441,828.0,all_causes
2008,North Carolina,77283,828.1,all_causes
2005,Maine,12868,828.2,all_causes
2015,Ohio,118188,828.4,all_causes
2008,Nevada,19335,828.7,all_causes
2014,South Carolina,45454,829.1,all_causes
2003,Kansas,24593,829.5,all_causes
2001,New Mexico,14129,829.5,all_causes
2016,South Carolina,48130,829.8,all_causes
2003,Maine,12540,829.8,all_causes
1999,Nebraska,15579,830.1,all_causes
2001,Oregon,30158,830.5,all_causes
2000,Oregon,29552,830.9,all_causes
2007,Ohio,106534,831.1,all_causes
2006,Wyoming,4311,831.1,all_causes
2001,Alaska,2974,831.3,all_causes
1999,Wisconsin,46672,831.5,all_causes
2005,Texas,156457,832.1,all_causes
2003,New Mexico,14805,832.1,all_causes
2013,Indiana,60716,832.2,all_causes
2016,Ohio,119572,832.3,all_causes
2009,District of Columbia,4834,833.3,all_causes
1999,New York,159927,833.4,all_causes
2015,Indiana,62713,833.9,all_causes
2004,Michigan,85169,834.1,all_causes
2016,Indiana,63473,835.0,all_causes
2012,South Carolina,43198,835.2,all_causes
2004,Texas,152870,835.9,all_causes
2003,Montana,8467,837.6,all_causes
1999,Oregon,29422,837.6,all_causes
2007,Missouri,54166,837.7,all_causes
2013,South Carolina,44582,837.8,all_causes
2004,Delaware,7143,838.2,all_causes
2007,North Carolina,76046,838.5,all_causes
2005,Michigan,86867,838.6,all_causes
1999,Alaska,2708,838.9,all_causes
2011,South Carolina,42072,839.5,all_causes
2002,Oregon,31119,839.6,all_causes
2015,South Carolina,47198,840.0,all_causes
2001,New Jersey,74710,840.3,all_causes
2004,Pennsylvania,127640,841.3,all_causes
1999,New Mexico,13676,842.2,all_causes
2009,Georgia,69712,842.3,all_causes
2000,Montana,8096,843.3,all_causes
2003,Alaska,3180,843.5,all_causes
2003,United States,2448288,843.5,all_causes
2008,Indiana,56752,843.8,all_causes
2001,Montana,8265,844.1,all_causes
2008,Ohio,109767,844.3,all_causes
2005,Pennsylvania,129532,844.4,all_causes
2001,Kansas,24647,844.4,all_causes
2010,Georgia,71263,845.4,all_causes
2006,Ohio,106825,846.6,all_causes
2003,Illinois,105325,846.6,all_causes
2009,South Carolina,40449,846.9,all_causes
1999,Kansas,24472,848.1,all_causes
2017,Indiana,65597,848.6,all_causes
2001,Maine,12421,848.7,all_causes
2006,North Carolina,74716,849.3,all_causes
2002,Delaware,6861,849.3,all_causes
2017,Ohio,123648,849.7,all_causes
2000,Kansas,24717,850.5,all_causes
2002,Kansas,25021,851.3,all_causes
2005,Delaware,7472,851.4,all_causes
2000,Wyoming,3920,851.8,all_causes
2000,New Jersey,74800,852.6,all_causes
2003,Delaware,7070,852.9,all_causes
2002,Maine,12694,853.7,all_causes
1999,New Jersey,73981,853.7,all_causes
2002,Montana,8506,854.4,all_causes
2010,South Carolina,41614,854.8,all_causes
2002,United States,2443387,855.9,all_causes
2006,Indiana,55622,856.8,all_causes
1999,Montana,8128,857.6,all_causes
2003,Wyoming,4172,857.7,all_causes
2001,United States,2416425,858.8,all_causes
2001,Wyoming,4029,858.8,all_causes
2006,Missouri,54681,859.0,all_causes
2000,Maine,12354,859.4,all_causes
2003,Michigan,86728,860.5,all_causes
2003,Pennsylvania,129769,860.8,all_causes
2008,Missouri,56578,861.3,all_causes
2003,Virginia,58282,863.3,all_causes
2001,Illinois,105430,863.5,all_causes
2008,Georgia,69640,864.1,all_causes
2004,Indiana,54211,864.1,all_causes
2003,Maryland,44499,864.5,all_causes
2006,Nevada,18872,864.7,all_causes
2003,Texas,154870,865.1,all_causes
2002,Virginia,57196,865.9,all_causes
1999,Maine,12261,865.9,all_causes
2002,Illinois,106667,866.7,all_causes
2008,South Carolina,40289,867.0,all_causes
2004,Ohio,106288,867.1,all_causes
2000,United States,2403351,869.0,all_causes
2000,Alaska,2914,869.1,all_causes
2001,Virginia,56280,869.9,all_causes
2016,Louisiana,44306,870.5,all_causes
2007,Georgia,68331,872.0,all_causes
2002,Maryland,43970,872.3,all_causes
2004,Missouri,53950,872.7,all_causes
2005,Missouri,54656,873.3,all_causes
2007,South Carolina,39439,873.9,all_causes
2002,Pennsylvania,130223,874.1,all_causes
2015,Louisiana,43716,874.2,all_causes
2005,Indiana,55675,874.3,all_causes
1999,United States,2391399,875.6,all_causes
2004,North Carolina,72384,876.1,all_causes
2002,Wyoming,4174,878.2,all_causes
2001,Pennsylvania,129729,878.5,all_causes
2011,Tennessee,60541,879.0,all_causes
2005,Ohio,109031,879.1,all_causes
2014,Tennessee,64661,880.0,all_causes
2012,Tennessee,61956,880.6,all_causes
2017,Louisiana,45804,881.1,all_causes
2013,Tennessee,63406,881.1,all_causes
2005,North Carolina,74638,881.3,all_causes
1999,Delaware,6666,881.6,all_causes
2000,Illinois,106634,883.0,all_causes
2014,Arkansas,30467,883.7,all_causes
2001,Michigan,86424,884.0,all_causes
2009,Tennessee,58288,885.6,all_causes
2002,Michigan,87795,885.7,all_causes
2016,Tennessee,67857,886.3,all_causes
2015,Tennessee,66570,886.4,all_causes
2011,Louisiana,40890,886.6,all_causes
1999,Texas,146858,886.6,all_causes
2006,South Carolina,38761,886.8,all_causes
2004,Nevada,17929,887.6,all_causes
2001,Maryland,43839,888.0,all_causes
2016,Oklahoma,39276,888.4,all_causes
2002,Texas,155524,888.4,all_causes
2001,Texas,152779,888.9,all_causes
1999,Virginia,55320,889.6,all_causes
2006,Georgia,67808,890.2,all_causes
2000,Virginia,56282,890.4,all_causes
2010,Tennessee,59578,890.8,all_causes
2000,Texas,149939,891.0,all_causes
2012,Oklahoma,36870,891.5,all_causes
2000,Pennsylvania,130813,891.9,all_causes
2010,Arkansas,28916,892.7,all_causes
2016,Arkansas,31756,893.2,all_causes
2013,Arkansas,30437,893.8,all_causes
2014,Louisiana,43869,894.2,all_causes
2011,Arkansas,29653,895.3,all_causes
1999,Wyoming,4042,895.4,all_causes
2009,Arkansas,28673,896.4,all_causes
1999,Pennsylvania,130283,896.4,all_causes
2017,Tennessee,70096,897.1,all_causes
2000,Delaware,6875,897.1,all_causes
2014,Oklahoma,38464,897.5,all_causes
2012,Arkansas,30117,897.5,all_causes
2008,District of Columbia,5140,897.6,all_causes
2013,Louisiana,43270,897.7,all_causes
2003,Ohio,109110,898.5,all_causes
2012,Louisiana,42320,898.6,all_causes
2013,Kentucky,43759,899.9,all_causes
2017,Arkansas,32588,900.1,all_causes
2015,Arkansas,31617,901.8,all_causes
2003,Indiana,55968,902.2,all_causes
2017,Oklahoma,40452,902.4,all_causes
2001,Delaware,7112,903.1,all_causes
2010,Louisiana,40667,903.8,all_causes
2009,Oklahoma,35601,903.8,all_causes
2000,Michigan,86953,904.2,all_causes
2015,Oklahoma,39422,904.3,all_causes
2005,Nevada,19029,904.8,all_causes
1999,Illinois,108436,905.1,all_causes
2007,Tennessee,57087,905.4,all_causes
2002,Indiana,55396,906.1,all_causes
2007,Arkansas,28191,906.2,all_causes
2014,Kentucky,44838,906.3,all_causes
2003,Missouri,55582,907.0,all_causes
1999,Maryland,43089,907.0,all_causes
2009,Louisiana,40282,907.8,all_causes
2000,Maryland,43753,908.9,all_causes
2003,North Carolina,73459,909.0,all_causes
2014,Alabama,50215,909.1,all_causes
2006,Arkansas,27901,909.5,all_causes
2004,South Carolina,37276,909.5,all_causes
2011,Kentucky,42626,910.3,all_causes
2005,Georgia,66736,910.5,all_causes
2013,Oklahoma,38384,910.7,all_causes
2011,Oklahoma,37175,910.9,all_causes
2007,District of Columbia,5188,911.2,all_causes
2001,Ohio,108027,912.4,all_causes
2009,Kentucky,41380,912.5,all_causes
2002,North Carolina,72027,912.6,all_causes
2001,Indiana,55198,912.7,all_causes
2008,Tennessee,58820,913.4,all_causes
2001,Missouri,54982,913.4,all_causes
2010,Kentucky,41983,915.0,all_causes
2007,Kentucky,40090,915.3,all_causes
2010,Oklahoma,36529,915.5,all_causes
2012,Kentucky,43664,916.3,all_causes
1999,Michigan,87232,916.4,all_causes
2002,Ohio,109766,916.7,all_causes
2001,North Carolina,70934,917.1,all_causes
2017,Alabama,53238,917.7,all_causes
2000,Nevada,15261,918.7,all_causes
2016,Alabama,52466,920.4,all_causes
2000,Missouri,54865,920.8,all_causes
2005,South Carolina,38707,920.9,all_causes
2006,Tennessee,56838,921.2,all_causes
2002,Missouri,55940,922.3,all_causes
2002,Nevada,16927,922.3,all_causes
2001,Nevada,16285,923.5,all_causes
2000,Ohio,108125,923.5,all_causes
2013,West Virginia,21843,923.8,all_causes
2015,Alabama,51909,924.5,all_causes
2015,Kentucky,46564,924.7,all_causes
2013,Alabama,50189,925.2,all_causes
2004,Georgia,65818,926.4,all_causes
2012,Alabama,49301,926.7,all_causes
2008,Kentucky,41329,926.7,all_causes
2008,Arkansas,29322,927.3,all_causes
2003,Nevada,17858,927.3,all_causes
2004,Arkansas,27528,927.4,all_causes
2014,West Virginia,22186,929.1,all_causes
2000,Indiana,55469,929.6,all_causes
2017,Kentucky,48212,929.9,all_causes
2005,Arkansas,28055,931.5,all_causes
2006,Kentucky,40102,932.3,all_causes
1999,North Carolina,69600,933.0,all_causes
2011,Alabama,48681,933.6,all_causes
2010,West Virginia,21275,933.6,all_causes
1999,Ohio,108517,934.0,all_causes
1999,Indiana,55303,934.7,all_causes
2004,Kentucky,38646,935.3,all_causes
1999,Nevada,15082,935.9,all_causes
2007,Louisiana,39966,937.5,all_causes
2014,Mississippi,30557,937.6,all_causes
2016,Kentucky,47827,938.4,all_causes
2012,West Virginia,21915,939.3,all_causes
2010,Alabama,48038,939.7,all_causes
2009,Alabama,47470,940.2,all_causes
2006,Oklahoma,35427,942.5,all_causes
2012,Mississippi,29544,942.9,all_causes
2016,West Virginia,22732,943.3,all_causes
2015,West Virginia,22752,943.4,all_causes
1999,Missouri,55931,945.0,all_causes
2007,Oklahoma,36032,945.1,all_causes
2004,Oklahoma,34483,945.6,all_causes
2008,Louisiana,41220,946.0,all_causes
2006,West Virginia,20672,947.5,all_causes
2009,West Virginia,21386,947.7,all_causes
2003,Arkansas,27918,948.2,all_causes
2016,Mississippi,31741,948.9,all_causes
2001,South Carolina,36612,949.6,all_causes
2009,Mississippi,28275,950.5,all_causes
2017,Mississippi,32280,951.3,all_causes
2006,District of Columbia,5344,951.7,all_causes
2003,South Carolina,38112,952.7,all_causes
2000,North Carolina,71935,952.7,all_causes
2004,Tennessee,55829,952.8,all_causes
2011,West Virginia,21867,953.2,all_causes
2007,West Virginia,21086,954.2,all_causes
2005,Kentucky,40223,954.7,all_causes
2001,Arkansas,27759,955.4,all_causes
2011,Mississippi,29278,956.1,all_causes
2008,Oklahoma,37014,956.5,all_causes
2005,Tennessee,57260,956.6,all_causes
2003,Georgia,66478,956.8,all_causes
2017,West Virginia,23276,957.1,all_causes
2007,Alabama,46696,957.2,all_causes
2013,Mississippi,30703,959.6,all_causes
2008,Alabama,47707,959.7,all_causes
2006,Louisiana,40045,960.5,all_causes
2002,Georgia,65449,961.6,all_causes
2010,Mississippi,28965,962.0,all_causes
2015,Mississippi,31783,963.7,all_causes
2008,West Virginia,21557,964.3,all_causes
2002,South Carolina,37736,964.3,all_causes
1999,Georgia,62028,964.9,all_causes
2005,West Virginia,20780,965.1,all_causes
2001,Georgia,64485,966.4,all_causes
2001,Oklahoma,34682,968.5,all_causes
2005,District of Columbia,5483,970.6,all_causes
2004,District of Columbia,5454,972.1,all_causes
2004,West Virginia,20793,973.0,all_causes
2007,Mississippi,28255,973.3,all_causes
1999,South Carolina,36053,973.5,all_causes
2002,Arkansas,28513,975.2,all_causes
1999,Arkansas,27925,975.3,all_causes
2000,Arkansas,28217,977.1,all_causes
1999,Oklahoma,34700,979.0,all_causes
2006,Alabama,46977,979.5,all_causes
2001,Tennessee,55151,979.5,all_causes
2000,South Carolina,36948,980.2,all_causes
1999,Tennessee,53765,980.4,all_causes
2000,Georgia,63870,981.0,all_causes
2005,Oklahoma,36180,981.4,all_causes
2008,Mississippi,28984,982.8,all_causes
2000,Oklahoma,35079,983.0,all_causes
2003,Kentucky,40241,986.4,all_causes
2002,Oklahoma,35502,986.4,all_causes
2003,Oklahoma,35721,986.5,all_causes
2004,Louisiana,42215,989.4,all_causes
2003,District of Columbia,5573,993.0,all_causes
2003,Tennessee,57313,994.0,all_causes
2002,Tennessee,56606,995.3,all_causes
2004,Mississippi,27871,996.6,all_causes
2000,Tennessee,55246,996.9,all_causes
2001,Kentucky,39861,997.1,all_causes
2004,Alabama,46121,998.3,all_causes
2000,Kentucky,39504,998.6,all_causes
2002,West Virginia,21016,999.0,all_causes
2006,Mississippi,28564,999.1,all_causes
2001,West Virginia,20967,1000.9,all_causes
2005,Alabama,47090,1001.3,all_causes
2001,Alabama,45316,1002.1,all_causes
2003,West Virginia,21306,1003.1,all_causes
1999,Kentucky,39321,1004.1,all_causes
2000,Alabama,45062,1004.8,all_causes
2000,Louisiana,41138,1006.3,all_causes
2002,Louisiana,41984,1008.5,all_causes
1999,Alabama,44806,1009.3,all_causes
2002,Kentucky,40697,1009.7,all_causes
2000,West Virginia,21114,1011.1,all_causes
1999,West Virginia,21049,1012.3,all_causes
2001,Louisiana,41757,1013.1,all_causes
2002,Alabama,46069,1013.4,all_causes
2003,Louisiana,42719,1013.7,all_causes
2003,Alabama,46716,1020.2,all_causes
1999,Louisiana,41238,1021.6,all_causes
2005,Louisiana,44355,1023.7,all_causes
2005,Mississippi,29196,1028.7,all_causes
2003,Mississippi,28489,1031.6,all_causes
2002,District of Columbia,5851,1034.1,all_causes
2001,Mississippi,28259,1034.3,all_causes
1999,Mississippi,28185,1043.4,all_causes
2001,District of Columbia,5951,1049.9,all_causes
2002,Mississippi,28853,1051.6,all_causes
2000,Mississippi,28654,1051.9,all_causes
2000,District of Columbia,6001,1061.2,all_causes
1999,District of Columbia,6076,1087.3,all_causes
