mec_id,molecule_chembl_id,target_chembl_id,action_type,mechanism_of_action,max_phase,direct_interaction,disease_efficacy,molecular_mechanism
13,CHEMBL19,CHEMBL2326,INHIBITOR,Carbonic anhydrase VII inhibitor,4,True,True,True
14,CHEMBL1201117,CHEMBL261,INHIBITOR,Carbonic anhydrase I inhibitor,4,True,True,True
15,CHEMBL1200814,CHEMBL261,INHIBITOR,Carbonic anhydrase I inhibitor,4,True,True,True
16,CHEMBL17,CHEMBL261,INHIBITOR,Carbonic anhydrase I inhibitor,4,True,True,True
17,CHEMBL20,CHEMBL261,INHIBITOR,Carbonic anhydrase I inhibitor,4,True,True,True
18,CHEMBL19,CHEMBL261,INHIBITOR,Carbonic anhydrase I inhibitor,4,True,True,True
19,CHEMBL1450,CHEMBL1777,INHIBITOR,Cytochrome b inhibitor,4,True,True,True
20,CHEMBL1200771,CHEMBL245,ANTAGONIST,Muscarinic acetylcholine receptor M3 antagonist,4,True,True,True
21,CHEMBL1722209,CHEMBL245,ANTAGONIST,Muscarinic acetylcholine receptor M3 antagonist,4,True,True,True
22,CHEMBL1240,CHEMBL245,ANTAGONIST,Muscarinic acetylcholine receptor M3 antagonist,4,True,True,True
23,CHEMBL1200906,CHEMBL245,ANTAGONIST,Muscarinic acetylcholine receptor M3 antagonist,4,True,True,True
24,CHEMBL1724,CHEMBL245,ANTAGONIST,Muscarinic acetylcholine receptor M3 antagonist,4,True,True,True
25,CHEMBL1626570,CHEMBL245,ANTAGONIST,Muscarinic acetylcholine receptor M3 antagonist,4,True,True,True
26,CHEMBL1200880,CHEMBL245,ANTAGONIST,Muscarinic acetylcholine receptor M3 antagonist,4,True,True,True
27,CHEMBL1200479,CHEMBL245,ANTAGONIST,Muscarinic acetylcholine receptor M3 antagonist,4,True,True,True
28,CHEMBL1768,CHEMBL245,AGONIST,Muscarinic acetylcholine receptor M3 agonist,4,True,True,True
29,CHEMBL1578,CHEMBL245,ANTAGONIST,Muscarinic acetylcholine receptor M3 antagonist,4,True,True,True
30,CHEMBL2146146,CHEMBL245,ANTAGONIST,Muscarinic acetylcholine receptor M3 antagonist,4,True,True,True
31,CHEMBL517712,CHEMBL245,ANTAGONIST,Muscarinic acetylcholine receptor M3 antagonist,4,True,True,True
32,CHEMBL1200604,CHEMBL245,ANTAGONIST,Muscarinic acetylcholine receptor M3 antagonist,4,True,True,True
33,CHEMBL1200803,CHEMBL245,ANTAGONIST,Muscarinic acetylcholine receptor M3 antagonist,4,True,True,True
34,CHEMBL1200935,CHEMBL245,ANTAGONIST,Muscarinic acetylcholine receptor M3 antagonist,4,True,True,True
35,CHEMBL551466,CHEMBL245,ANTAGONIST,Muscarinic acetylcholine receptor M3 antagonist,4,True,True,True
36,CHEMBL1200764,CHEMBL245,AGONIST,Muscarinic acetylcholine receptor M3 agonist,4,True,True,True
37,CHEMBL3545181,CHEMBL245,ANTAGONIST,Muscarinic acetylcholine receptor M3 antagonist,4,True,True,True
38,CHEMBL1201765,CHEMBL245,ANTAGONIST,Muscarinic acetylcholine receptor M3 antagonist,4,True,True,True
39,CHEMBL1200473,CHEMBL245,ANTAGONIST,Muscarinic acetylcholine receptor M3 antagonist,4,True,True,True
40,CHEMBL1184,CHEMBL245,AGONIST,Muscarinic acetylcholine receptor M3 agonist,4,True,True,True
41,CHEMBL14,CHEMBL245,AGONIST,Muscarinic acetylcholine receptor M3 agonist,4,True,True,True
42,CHEMBL550,CHEMBL245,AGONIST,Muscarinic acetylcholine receptor M3 agonist,4,True,True,True
43,CHEMBL1200330,CHEMBL245,AGONIST,Muscarinic acetylcholine receptor M3 agonist,4,True,True,True
44,CHEMBL2218917,CHEMBL245,AGONIST,Muscarinic acetylcholine receptor M3 agonist,4,True,True,True
45,CHEMBL1200950,CHEMBL245,ANTAGONIST,Muscarinic acetylcholine receptor M3 antagonist,4,True,True,True
46,CHEMBL2134724,CHEMBL245,ANTAGONIST,Muscarinic acetylcholine receptor M3 antagonist,4,True,True,True
47,CHEMBL1354199,CHEMBL245,ANTAGONIST,Muscarinic acetylcholine receptor M3 antagonist,4,True,True,True
48,CHEMBL1231,CHEMBL245,ANTAGONIST,Muscarinic acetylcholine receptor M3 antagonist,4,True,True,True
49,CHEMBL1133,CHEMBL245,ANTAGONIST,Muscarinic acetylcholine receptor M3 antagonist,4,True,True,True
50,CHEMBL1200891,CHEMBL245,ANTAGONIST,Muscarinic acetylcholine receptor M3 antagonist,4,True,True,True
51,CHEMBL1201027,CHEMBL245,ANTAGONIST,Muscarinic acetylcholine receptor M3 antagonist,4,True,True,True
52,CHEMBL1200347,CHEMBL245,ANTAGONIST,Muscarinic acetylcholine receptor M3 antagonist,4,True,True,True
53,CHEMBL3084748,CHEMBL245,ANTAGONIST,Muscarinic acetylcholine receptor M3 antagonist,4,True,True,True
54,CHEMBL3989514,CHEMBL1781,INHIBITOR,DNA topoisomerase I inhibitor,4,True,True,True
55,CHEMBL1201421,CHEMBL1783,ANTAGONIST,Vascular endothelial growth factor A antagonist,4,True,True,True
56,CHEMBL1201825,CHEMBL1783,INHIBITOR,Vascular endothelial growth factor A inhibitor,4,True,True,True
57,CHEMBL1742982,CHEMBL1783,INHIBITOR,Vascular endothelial growth factor A inhibitor,4,True,True,True
58,CHEMBL1201583,CHEMBL1783,INHIBITOR,Vascular endothelial growth factor A inhibitor,4,True,True,True
59,CHEMBL4084119,CHEMBL1784,AGONIST,Glucagon-like peptide 1 receptor agonist,4,True,True,True
60,CHEMBL414357,CHEMBL1784,AGONIST,Glucagon-like peptide 1 receptor agonist,4,True,True,True
61,CHEMBL1200826,CHEMBL1786,INHIBITOR,Inositol-1(or 4)-monophosphatase 1 inhibitor,4,True,True,True
62,CHEMBL2103738,CHEMBL1786,INHIBITOR,Inositol-1(or 4)-monophosphatase 1 inhibitor,4,True,True,True
63,CHEMBL1201528,CHEMBL1790,AGONIST,Vasopressin V2 receptor agonist,4,True,True,True
64,CHEMBL344159,CHEMBL1790,ANTAGONIST,Vasopressin V2 receptor antagonist,4,True,True,True
65,CHEMBL1201108,CHEMBL1790,ANTAGONIST,Vasopressin V2 receptor antagonist,4,True,True,True
66,CHEMBL5314380,CHEMBL1792,AGONIST,Somatostatin receptor 5 agonist,4,True,True,True
67,CHEMBL1201184,CHEMBL1792,AGONIST,Somatostatin receptor 5 agonist,4,True,True,True
68,CHEMBL525610,CHEMBL1793,AGONIST,Parathyroid hormone receptor agonist,4,True,True,True
69,CHEMBL1201549,CHEMBL1793,AGONIST,Parathyroid hormone receptor agonist,4,True,True,True
70,CHEMBL175247,CHEMBL1796,INHIBITOR,Gastric lipase inhibitor,4,True,True,True
71,CHEMBL603,CHEMBL1798,ANTAGONIST,Cysteinyl leukotriene receptor 1 antagonist,4,True,True,True
72,CHEMBL1200681,CHEMBL1798,ANTAGONIST,Cysteinyl leukotriene receptor 1 antagonist,4,True,True,True
73,CHEMBL1201662,CHEMBL204,INHIBITOR,Thrombin inhibitor,4,True,True,True
74,CHEMBL5314348,CHEMBL204,INHIBITOR,Thrombin inhibitor,4,True,True,True
75,CHEMBL1201666,CHEMBL204,INHIBITOR,Thrombin inhibitor,4,True,True,True
77,CHEMBL1615369,CHEMBL204,INHIBITOR,Thrombin inhibitor,4,True,True,True
78,CHEMBL1166,CHEMBL204,INHIBITOR,Thrombin inhibitor,4,True,True,True
79,CHEMBL2108791,CHEMBL1873,EXOGENOUS PROTEIN,Tissue-type plasminogen activator exogenous protein,4,True,True,True
80,CHEMBL2108147,CHEMBL1801,ACTIVATOR,Plasminogen activator,4,True,True,True
81,CHEMBL2107885,CHEMBL1873,EXOGENOUS PROTEIN,Tissue-type plasminogen activator exogenous protein,4,True,True,True
82,CHEMBL1201420,CHEMBL3286,EXOGENOUS PROTEIN,Urokinase-type plasminogen activator exogenous protein,4,True,True,True
83,CHEMBL1201619,CHEMBL1801,INHIBITOR,Plasminogen inhibitor,4,True,True,True
84,CHEMBL1201593,CHEMBL1873,EXOGENOUS PROTEIN,Tissue-type plasminogen activator exogenous protein,4,True,True,True
85,CHEMBL877,CHEMBL1801,INHIBITOR,Plasminogen inhibitor,4,True,True,True
86,CHEMBL1046,CHEMBL1801,INHIBITOR,Plasminogen inhibitor,4,True,True,True
87,CHEMBL220491,CHEMBL205,INHIBITOR,Carbonic anhydrase II inhibitor,4,True,True,True
88,CHEMBL1201162,CHEMBL205,INHIBITOR,Carbonic anhydrase II inhibitor,4,True,True,True
89,CHEMBL17,CHEMBL205,INHIBITOR,Carbonic anhydrase II inhibitor,4,True,True,True
90,CHEMBL19,CHEMBL205,INHIBITOR,Carbonic anhydrase II inhibitor,4,True,True,True
91,CHEMBL220492,CHEMBL205,INHIBITOR,Carbonic anhydrase II inhibitor,4,True,True,True
92,CHEMBL20,CHEMBL205,INHIBITOR,Carbonic anhydrase II inhibitor,4,True,True,True
93,CHEMBL1200814,CHEMBL205,INHIBITOR,Carbonic anhydrase II inhibitor,4,True,True,True
94,CHEMBL5314380,CHEMBL1804,AGONIST,Somatostatin receptor 2 agonist,4,True,True,True
95,CHEMBL1201184,CHEMBL1804,AGONIST,Somatostatin receptor 2 agonist,4,True,True,True
96,CHEMBL1201003,CHEMBL1805,AGONIST,Serotonin 1f (5-HT1f) receptor agonist,4,True,True,True
97,CHEMBL1200521,CHEMBL1805,AGONIST,Serotonin 1f (5-HT1f) receptor agonist,4,True,True,True
99,CHEMBL1200645,CHEMBL1806,INHIBITOR,DNA topoisomerase II alpha inhibitor,4,True,True,True
100,CHEMBL1200475,CHEMBL1806,INHIBITOR,DNA topoisomerase II alpha inhibitor,4,True,True,True
101,CHEMBL1563,CHEMBL1806,INHIBITOR,DNA topoisomerase II alpha inhibitor,4,True,True,True
102,CHEMBL359744,CHEMBL1806,INHIBITOR,DNA topoisomerase II alpha inhibitor,4,True,True,True
103,CHEMBL1417019,CHEMBL1806,INHIBITOR,DNA topoisomerase II alpha inhibitor,4,True,True,True
104,CHEMBL1096885,CHEMBL1806,INHIBITOR,DNA topoisomerase II alpha inhibitor,4,True,True,True
105,CHEMBL1200976,CHEMBL1806,INHIBITOR,DNA topoisomerase II alpha inhibitor,4,True,True,True
106,CHEMBL1201011,CHEMBL1808,INHIBITOR,Angiotensin-converting enzyme inhibitor,4,True,True,True
107,CHEMBL1519,CHEMBL1808,INHIBITOR,Angiotensin-converting enzyme inhibitor,4,True,True,True
108,CHEMBL1200534,CHEMBL1808,INHIBITOR,Angiotensin-converting enzyme inhibitor,4,True,True,True
109,CHEMBL3989406,CHEMBL1808,INHIBITOR,Angiotensin-converting enzyme inhibitor,4,True,True,True
110,CHEMBL1168,CHEMBL1808,INHIBITOR,Angiotensin-converting enzyme inhibitor,4,True,True,True
111,CHEMBL3039596,CHEMBL1808,INHIBITOR,Angiotensin-converting enzyme inhibitor,4,True,True,True
113,CHEMBL1694,CHEMBL1808,INHIBITOR,Angiotensin-converting enzyme inhibitor,4,True,True,True
114,CHEMBL1560,CHEMBL1808,INHIBITOR,Angiotensin-converting enzyme inhibitor,4,True,True,True
115,CHEMBL1200343,CHEMBL1808,INHIBITOR,Angiotensin-converting enzyme inhibitor,4,True,True,True
116,CHEMBL419213,CHEMBL1808,INHIBITOR,Angiotensin-converting enzyme inhibitor,4,True,True,True
117,CHEMBL1200659,CHEMBL1808,INHIBITOR,Angiotensin-converting enzyme inhibitor,4,True,True,True
118,CHEMBL1200831,CHEMBL1808,INHIBITOR,Angiotensin-converting enzyme inhibitor,4,True,True,True
119,CHEMBL1472,CHEMBL1810,AGONIST,Thyrotropin-releasing hormone receptor agonist,4,True,True,True
120,CHEMBL495,CHEMBL1811,AGONIST,Prostanoid EP1 receptor agonist,4,True,True,True
121,CHEMBL98,CHEMBL325,INHIBITOR,Histone deacetylase 1 inhibitor,4,True,True,True
122,CHEMBL175247,CHEMBL1812,INHIBITOR,Pancreatic lipase inhibitor,4,True,True,True
123,CHEMBL1963684,CHEMBL1817,AGONIST,Erythropoietin receptor agonist,4,True,True,True
124,CHEMBL1201565,CHEMBL1817,AGONIST,Erythropoietin receptor agonist,4,True,True,True
125,CHEMBL1201566,CHEMBL1817,AGONIST,Erythropoietin receptor agonist,4,True,True,True
126,CHEMBL1643,CHEMBL1822,INHIBITOR,Inosine-5'-monophosphate dehydrogenase 1 inhibitor,4,True,True,True
127,CHEMBL1201585,CHEMBL1824,INHIBITOR,Receptor protein-tyrosine kinase erbB-2 inhibitor,4,True,True,True
128,CHEMBL2007641,CHEMBL1824,INHIBITOR,Receptor protein-tyrosine kinase erbB-2 inhibitor,4,True,True,True
129,CHEMBL1743082,CHEMBL1824,BINDING AGENT,Receptor protein-tyrosine kinase erbB-2 binding agent,4,True,True,True
130,CHEMBL1201179,CHEMBL1824,INHIBITOR,Receptor protein-tyrosine kinase erbB-2 inhibitor,4,True,True,True
131,CHEMBL1201659,CHEMBL231,ANTAGONIST,Histamine H1 receptor antagonist,4,True,True,True
132,CHEMBL3989885,CHEMBL231,ANTAGONIST,Histamine H1 receptor antagonist,4,True,True,True
133,CHEMBL1200491,CHEMBL231,ANTAGONIST,Histamine H1 receptor antagonist,4,True,True,True
134,CHEMBL1200497,CHEMBL231,ANTAGONIST,Histamine H1 receptor antagonist,4,True,True,True
135,CHEMBL1200618,CHEMBL231,ANTAGONIST,Histamine H1 receptor antagonist,4,True,True,True
136,CHEMBL1716,CHEMBL231,ANTAGONIST,Histamine H1 receptor antagonist,4,True,True,True
137,CHEMBL3544908,CHEMBL231,ANTAGONIST,Histamine H1 receptor antagonist,4,True,True,True
138,CHEMBL1200638,CHEMBL231,ANTAGONIST,Histamine H1 receptor antagonist,4,True,True,True
139,CHEMBL1200750,CHEMBL231,ANTAGONIST,Histamine H1 receptor antagonist,4,True,True,True
140,CHEMBL1200809,CHEMBL231,ANTAGONIST,Histamine H1 receptor antagonist,4,True,True,True
141,CHEMBL1200961,CHEMBL231,ANTAGONIST,Histamine H1 receptor antagonist,4,True,True,True
142,CHEMBL1201006,CHEMBL231,ANTAGONIST,Histamine H1 receptor antagonist,4,True,True,True
143,CHEMBL1607273,CHEMBL231,ANTAGONIST,Histamine H1 receptor antagonist,4,True,True,True
144,CHEMBL1719,CHEMBL231,ANTAGONIST,Histamine H1 receptor antagonist,4,True,True,True
145,CHEMBL1200532,CHEMBL231,ANTAGONIST,Histamine H1 receptor antagonist,4,True,True,True
146,CHEMBL1200927,CHEMBL231,ANTAGONIST,Histamine H1 receptor antagonist,4,True,True,True
147,CHEMBL998,CHEMBL231,ANTAGONIST,Histamine H1 receptor antagonist,4,True,True,True
148,CHEMBL1659,CHEMBL231,ANTAGONIST,Histamine H1 receptor antagonist,4,True,True,True
149,CHEMBL1200795,CHEMBL231,ANTAGONIST,Histamine H1 receptor antagonist,4,True,True,True
150,CHEMBL1237102,CHEMBL231,ANTAGONIST,Histamine H1 receptor antagonist,4,True,True,True
151,CHEMBL1200967,CHEMBL231,ANTAGONIST,Histamine H1 receptor antagonist,4,True,True,True
152,CHEMBL1201068,CHEMBL231,ANTAGONIST,Histamine H1 receptor antagonist,4,True,True,True
153,CHEMBL3989555,CHEMBL231,ANTAGONIST,Histamine H1 receptor antagonist,4,True,True,True
154,CHEMBL3989520,CHEMBL231,AGONIST,Histamine H1 receptor agonist,4,True,True,True
155,CHEMBL1200974,CHEMBL231,ANTAGONIST,Histamine H1 receptor antagonist,4,True,True,True
156,CHEMBL1201747,CHEMBL231,ANTAGONIST,Histamine H1 receptor antagonist,4,True,True,True
157,CHEMBL1224,CHEMBL231,ANTAGONIST,Histamine H1 receptor antagonist,4,True,True,True
158,CHEMBL3188034,CHEMBL231,ANTAGONIST,Histamine H1 receptor antagonist,4,True,True,True
159,CHEMBL1200769,CHEMBL231,ANTAGONIST,Histamine H1 receptor antagonist,4,True,True,True
160,CHEMBL3186993,CHEMBL231,ANTAGONIST,Histamine H1 receptor antagonist,4,True,True,True
161,CHEMBL1172,CHEMBL231,ANTAGONIST,Histamine H1 receptor antagonist,4,True,True,True
162,CHEMBL1620,CHEMBL231,ANTAGONIST,Histamine H1 receptor antagonist,4,True,True,True
163,CHEMBL1653,CHEMBL231,ANTAGONIST,Histamine H1 receptor antagonist,4,True,True,True
164,CHEMBL1200392,CHEMBL231,ANTAGONIST,Histamine H1 receptor antagonist,4,True,True,True
165,CHEMBL1200446,CHEMBL231,ANTAGONIST,Histamine H1 receptor antagonist,4,True,True,True
166,CHEMBL1200550,CHEMBL231,ANTAGONIST,Histamine H1 receptor antagonist,4,True,True,True
167,CHEMBL1201190,CHEMBL231,ANTAGONIST,Histamine H1 receptor antagonist,4,True,True,True
168,CHEMBL1201759,CHEMBL231,ANTAGONIST,Histamine H1 receptor antagonist,4,True,True,True
169,CHEMBL1564,CHEMBL231,ANTAGONIST,Histamine H1 receptor antagonist,4,True,True,True
170,CHEMBL1633,CHEMBL231,ANTAGONIST,Histamine H1 receptor antagonist,4,True,True,True
171,CHEMBL2360580,CHEMBL231,ANTAGONIST,Histamine H1 receptor antagonist,4,True,True,True
172,CHEMBL1200406,CHEMBL231,ANTAGONIST,Histamine H1 receptor antagonist,4,True,True,True
173,CHEMBL2103739,CHEMBL231,ANTAGONIST,Histamine H1 receptor antagonist,4,True,True,True
174,CHEMBL1200959,CHEMBL231,ANTAGONIST,Histamine H1 receptor antagonist,4,True,True,True
175,CHEMBL1201089,CHEMBL231,ANTAGONIST,Histamine H1 receptor antagonist,4,True,True,True
176,CHEMBL1201023,CHEMBL231,ANTAGONIST,Histamine H1 receptor antagonist,4,True,True,True
177,CHEMBL1200395,CHEMBL231,ANTAGONIST,Histamine H1 receptor antagonist,4,True,True,True
178,CHEMBL1689,CHEMBL231,AGONIST,Histamine H1 receptor agonist,4,True,True,True
179,CHEMBL1200948,CHEMBL231,ANTAGONIST,Histamine H1 receptor antagonist,4,True,True,True
180,CHEMBL1201581,CHEMBL1825,INHIBITOR,TNF-alpha inhibitor,4,True,True,True
181,CHEMBL1201831,CHEMBL1825,INHIBITOR,TNF-alpha inhibitor,4,True,True,True
182,CHEMBL1201580,CHEMBL1825,INHIBITOR,TNF-alpha inhibitor,4,True,True,True
183,CHEMBL1201572,CHEMBL1825,INHIBITOR,TNF-alpha inhibitor,4,True,True,True
184,CHEMBL1201833,CHEMBL1825,INHIBITOR,TNF-alpha inhibitor,4,True,True,True
185,CHEMBL779,CHEMBL1827,INHIBITOR,Phosphodiesterase 5A inhibitor,4,True,True,True
186,CHEMBL1339,CHEMBL1827,INHIBITOR,Phosphodiesterase 5A inhibitor,4,True,True,True
187,CHEMBL1737,CHEMBL1827,INHIBITOR,Phosphodiesterase 5A inhibitor,4,True,True,True
188,CHEMBL1963681,CHEMBL1827,INHIBITOR,Phosphodiesterase 5A inhibitor,4,True,True,True
190,CHEMBL98,CHEMBL1829,INHIBITOR,Histone deacetylase 3 inhibitor,4,True,True,True
191,CHEMBL2359670,CHEMBL217,ANTAGONIST,Dopamine D2 receptor antagonist,4,True,True,True
192,CHEMBL3989478,CHEMBL217,ANTAGONIST,Dopamine D2 receptor antagonist,4,True,True,True
193,CHEMBL1200951,CHEMBL217,ANTAGONIST,Dopamine D2 receptor antagonist,4,True,True,True
194,CHEMBL567,CHEMBL217,ANTAGONIST,Dopamine D2 receptor antagonist,4,True,True,True
195,CHEMBL1200707,CHEMBL217,MODULATOR,Dopamine D2 receptor modulator,4,True,True,True
196,CHEMBL728,CHEMBL217,ANTAGONIST,Dopamine D2 receptor antagonist,4,True,True,True
197,CHEMBL1448187,CHEMBL217,ANTAGONIST,Dopamine D2 receptor antagonist,4,True,True,True
198,CHEMBL1201087,CHEMBL217,AGONIST,Dopamine D2 receptor agonist,4,True,True,True
199,CHEMBL1314751,CHEMBL217,ANTAGONIST,Dopamine D2 receptor antagonist,4,True,True,True
200,CHEMBL1200854,CHEMBL217,ANTAGONIST,Dopamine D2 receptor antagonist,4,True,True,True
201,CHEMBL2360079,CHEMBL217,ANTAGONIST,Dopamine D2 receptor antagonist,4,True,True,True
202,CHEMBL908,CHEMBL217,ANTAGONIST,Dopamine D2 receptor antagonist,4,True,True,True
203,CHEMBL1201102,CHEMBL217,ANTAGONIST,Dopamine D2 receptor antagonist,4,True,True,True
204,CHEMBL3544974,CHEMBL217,ANTAGONIST,Dopamine D2 receptor antagonist,4,True,True,True
205,CHEMBL1112,CHEMBL217,PARTIAL AGONIST,Dopamine D2 receptor partial agonist,4,True,True,True
206,CHEMBL2107360,CHEMBL217,ANTAGONIST,Dopamine D2 receptor antagonist,4,True,True,True
207,CHEMBL14376,CHEMBL217,ANTAGONIST,Dopamine D2 receptor antagonist,4,True,True,True
208,CHEMBL1201052,CHEMBL217,ANTAGONIST,Dopamine D2 receptor antagonist,4,True,True,True
209,CHEMBL1200940,CHEMBL217,ANTAGONIST,Dopamine D2 receptor antagonist,4,True,True,True
210,CHEMBL1200419,CHEMBL217,ANTAGONIST,Dopamine D2 receptor antagonist,4,True,True,True
211,CHEMBL1621,CHEMBL217,ANTAGONIST,Dopamine D2 receptor antagonist,4,True,True,True
212,CHEMBL1201,CHEMBL217,ANTAGONIST,Dopamine D2 receptor antagonist,4,True,True,True
213,CHEMBL3989824,CHEMBL217,ANTAGONIST,Dopamine D2 receptor antagonist,4,True,True,True
214,CHEMBL570,CHEMBL217,ANTAGONIST,Dopamine D2 receptor antagonist,4,True,True,True
215,CHEMBL1200948,CHEMBL217,ANTAGONIST,Dopamine D2 receptor antagonist,4,True,True,True
216,CHEMBL4594248,CHEMBL1832,AGONIST,Calcitonin receptor agonist,4,True,True,True
217,CHEMBL3989767,CHEMBL1832,AGONIST,Calcitonin receptor agonist,4,True,True,True
219,CHEMBL2103795,CHEMBL227,ANTAGONIST,Type-1 angiotensin II receptor antagonist,4,True,True,True
220,CHEMBL995,CHEMBL227,ANTAGONIST,Type-1 angiotensin II receptor antagonist,4,True,True,True
221,CHEMBL1513,CHEMBL227,ANTAGONIST,Type-1 angiotensin II receptor antagonist,4,True,True,True
222,CHEMBL1069,CHEMBL227,ANTAGONIST,Type-1 angiotensin II receptor antagonist,4,True,True,True
223,CHEMBL1200670,CHEMBL227,ANTAGONIST,Type-1 angiotensin II receptor antagonist,4,True,True,True
224,CHEMBL1200692,CHEMBL227,ANTAGONIST,Type-1 angiotensin II receptor antagonist,4,True,True,True
225,CHEMBL1014,CHEMBL227,ANTAGONIST,Type-1 angiotensin II receptor antagonist,4,True,True,True
226,CHEMBL1200987,CHEMBL227,ANTAGONIST,Type-1 angiotensin II receptor antagonist,4,True,True,True
227,CHEMBL1017,CHEMBL227,ANTAGONIST,Type-1 angiotensin II receptor antagonist,4,True,True,True
228,CHEMBL1200843,CHEMBL1833,PARTIAL AGONIST,Serotonin 2b (5-HT2b) receptor partial agonist,4,True,True,True
229,CHEMBL1200938,CHEMBL1833,ANTAGONIST,Serotonin 2b (5-HT2b) receptor antagonist,4,True,True,True
230,CHEMBL1201589,CHEMBL1834,INHIBITOR,Ig epsilon chain C region inhibitor,4,True,True,True
231,CHEMBL1515,CHEMBL1839,INHIBITOR,Thyroid peroxidase inhibitor,4,True,True,True
232,CHEMBL1518,CHEMBL1839,INHIBITOR,Thyroid peroxidase inhibitor,4,True,True,True
233,CHEMBL1201506,CHEMBL1842,BINDING AGENT,Myeloid cell surface antigen CD33 binding agent,4,True,True,True
234,CHEMBL1200748,CHEMBL1843,INHIBITOR,DOPA decarboxylase inhibitor,4,True,True,True
235,CHEMBL1201733,CHEMBL1844,INHIBITOR,Macrophage colony stimulating factor receptor inhibitor,4,True,True,True
236,CHEMBL1567,CHEMBL1844,INHIBITOR,Macrophage colony stimulating factor receptor inhibitor,4,True,True,True
237,CHEMBL1201535,CHEMBL229,AGONIST,Alpha-1a adrenergic receptor agonist,4,True,True,True
238,CHEMBL24778,CHEMBL229,ANTAGONIST,Alpha-1a adrenergic receptor antagonist,4,True,True,True
239,CHEMBL1201044,CHEMBL229,ANTAGONIST,Alpha-1a adrenergic receptor antagonist,4,True,True,True
240,CHEMBL1200695,CHEMBL229,AGONIST,Alpha-1a adrenergic receptor agonist,4,True,True,True
241,CHEMBL1201827,CHEMBL203,INHIBITOR,Epidermal growth factor receptor erbB1 inhibitor,4,True,True,True
242,CHEMBL1201577,CHEMBL203,INHIBITOR,Epidermal growth factor receptor erbB1 inhibitor,4,True,True,True
243,CHEMBL1079742,CHEMBL203,INHIBITOR,Epidermal growth factor receptor erbB1 inhibitor,4,True,True,True
244,CHEMBL939,CHEMBL203,INHIBITOR,Epidermal growth factor receptor erbB1 inhibitor,4,True,True,True
245,CHEMBL1201179,CHEMBL203,INHIBITOR,Epidermal growth factor receptor erbB1 inhibitor,4,True,True,True
246,CHEMBL1009,CHEMBL234,AGONIST,Dopamine D3 receptor agonist,4,True,True,True
247,CHEMBL908,CHEMBL234,ANTAGONIST,Dopamine D3 receptor antagonist,4,True,True,True
248,CHEMBL928,CHEMBL1846,ANTAGONIST,Ryanodine receptor 1 antagonist,4,True,True,True
249,CHEMBL64,CHEMBL1849,INHIBITOR,Enoyl-[acyl-carrier-protein] reductase inhibitor,4,True,True,True
250,CHEMBL1441,CHEMBL1849,INHIBITOR,Enoyl-[acyl-carrier-protein] reductase inhibitor,4,True,True,True
251,CHEMBL1201419,CHEMBL1854,AGONIST,Luteinizing hormone/Choriogonadotropin receptor agonist,4,True,True,True
252,CHEMBL1201464,CHEMBL1854,AGONIST,Luteinizing hormone/Choriogonadotropin receptor agonist,4,True,True,True
253,CHEMBL1201509,CHEMBL1854,AGONIST,Luteinizing hormone/Choriogonadotropin receptor agonist,4,True,True,True
254,CHEMBL1201697,CHEMBL1854,AGONIST,Luteinizing hormone/Choriogonadotropin receptor agonist,4,True,True,True
255,CHEMBL2103735,CHEMBL1855,ANTAGONIST,Gonadotropin-releasing hormone receptor antagonist,4,True,True,True
256,CHEMBL1200671,CHEMBL1855,AGONIST,Gonadotropin-releasing hormone receptor agonist,4,True,True,True
257,CHEMBL1200511,CHEMBL1855,AGONIST,Gonadotropin-releasing hormone receptor agonist,4,True,True,True
258,CHEMBL1252,CHEMBL1855,ANTAGONIST,Gonadotropin-releasing hormone receptor antagonist,4,True,True,True
259,CHEMBL2028987,CHEMBL1855,ANTAGONIST,Gonadotropin-releasing hormone receptor antagonist,4,True,True,True
260,CHEMBL1200501,CHEMBL1855,AGONIST,Gonadotropin-releasing hormone receptor agonist,4,True,True,True
261,CHEMBL1200509,CHEMBL1855,AGONIST,Gonadotropin-releasing hormone receptor agonist,4,True,True,True
262,CHEMBL1200516,CHEMBL1855,AGONIST,Gonadotropin-releasing hormone receptor agonist,4,True,True,True
263,CHEMBL1200554,CHEMBL1855,AGONIST,Gonadotropin-releasing hormone receptor agonist,4,True,True,True
264,CHEMBL5314377,CHEMBL1855,ANTAGONIST,Gonadotropin-releasing hormone receptor antagonist,4,True,True,True
265,CHEMBL1200775,CHEMBL1855,AGONIST,Gonadotropin-releasing hormone receptor agonist,4,True,True,True
266,CHEMBL710,CHEMBL1856,INHIBITOR,Steroid 5-alpha-reductase 2 inhibitor,4,True,True,True
267,CHEMBL93,CHEMBL215,INHIBITOR,Arachidonate 5-lipoxygenase inhibitor,4,True,True,True
268,CHEMBL1200760,CHEMBL215,INHIBITOR,Arachidonate 5-lipoxygenase inhibitor,4,True,True,True
269,CHEMBL1562610,CHEMBL215,INHIBITOR,Arachidonate 5-lipoxygenase inhibitor,4,True,True,True
270,CHEMBL704,CHEMBL215,INHIBITOR,Arachidonate 5-lipoxygenase inhibitor,4,True,True,True
271,CHEMBL1201013,CHEMBL215,INHIBITOR,Arachidonate 5-lipoxygenase inhibitor,4,True,True,True
272,CHEMBL421,CHEMBL215,INHIBITOR,Arachidonate 5-lipoxygenase inhibitor,4,True,True,True
273,CHEMBL1200906,CHEMBL216,ANTAGONIST,Muscarinic acetylcholine receptor M1 antagonist,4,True,True,True
274,CHEMBL1200347,CHEMBL216,ANTAGONIST,Muscarinic acetylcholine receptor M1 antagonist,4,True,True,True
275,CHEMBL2218917,CHEMBL216,AGONIST,Muscarinic acetylcholine receptor M1 agonist,4,True,True,True
276,CHEMBL1200880,CHEMBL216,ANTAGONIST,Muscarinic acetylcholine receptor M1 antagonist,4,True,True,True
277,CHEMBL1240,CHEMBL216,ANTAGONIST,Muscarinic acetylcholine receptor M1 antagonist,4,True,True,True
278,CHEMBL1724,CHEMBL216,ANTAGONIST,Muscarinic acetylcholine receptor M1 antagonist,4,True,True,True
279,CHEMBL1578,CHEMBL216,ANTAGONIST,Muscarinic acetylcholine receptor M1 antagonist,4,True,True,True
280,CHEMBL1092,CHEMBL216,ANTAGONIST,Muscarinic acetylcholine receptor M1 antagonist,4,True,True,True
281,CHEMBL1200828,CHEMBL216,ANTAGONIST,Muscarinic acetylcholine receptor M1 antagonist,4,True,True,True
282,CHEMBL1201035,CHEMBL216,ANTAGONIST,Muscarinic acetylcholine receptor M1 antagonist,4,True,True,True
283,CHEMBL1626570,CHEMBL216,ANTAGONIST,Muscarinic acetylcholine receptor M1 antagonist,4,True,True,True
284,CHEMBL1201067,CHEMBL216,ANTAGONIST,Muscarinic acetylcholine receptor M1 antagonist,4,True,True,True
285,CHEMBL1200479,CHEMBL216,ANTAGONIST,Muscarinic acetylcholine receptor M1 antagonist,4,True,True,True
286,CHEMBL1200771,CHEMBL216,ANTAGONIST,Muscarinic acetylcholine receptor M1 antagonist,4,True,True,True
287,CHEMBL2146146,CHEMBL216,ANTAGONIST,Muscarinic acetylcholine receptor M1 antagonist,4,True,True,True
288,CHEMBL1761,CHEMBL216,ANTAGONIST,Muscarinic acetylcholine receptor M1 antagonist,4,True,True,True
289,CHEMBL517712,CHEMBL216,ANTAGONIST,Muscarinic acetylcholine receptor M1 antagonist,4,True,True,True
290,CHEMBL1529,CHEMBL216,ANTAGONIST,Muscarinic acetylcholine receptor M1 antagonist,4,True,True,True
291,CHEMBL569713,CHEMBL216,ANTAGONIST,Muscarinic acetylcholine receptor M1 antagonist,4,True,True,True
292,CHEMBL1200426,CHEMBL216,ANTAGONIST,Muscarinic acetylcholine receptor M1 antagonist,4,True,True,True
293,CHEMBL1200970,CHEMBL216,ANTAGONIST,Muscarinic acetylcholine receptor M1 antagonist,4,True,True,True
294,CHEMBL1200950,CHEMBL216,ANTAGONIST,Muscarinic acetylcholine receptor M1 antagonist,4,True,True,True
295,CHEMBL1354199,CHEMBL216,ANTAGONIST,Muscarinic acetylcholine receptor M1 antagonist,4,True,True,True
296,CHEMBL1200383,CHEMBL216,ANTAGONIST,Muscarinic acetylcholine receptor M1 antagonist,4,True,True,True
297,CHEMBL1201027,CHEMBL216,ANTAGONIST,Muscarinic acetylcholine receptor M1 antagonist,4,True,True,True
298,CHEMBL1200891,CHEMBL216,ANTAGONIST,Muscarinic acetylcholine receptor M1 antagonist,4,True,True,True
300,CHEMBL1201740,CHEMBL1862,INHIBITOR,Tyrosine-protein kinase ABL inhibitor,4,True,True,True
301,CHEMBL1421,CHEMBL1862,INHIBITOR,Tyrosine-protein kinase ABL inhibitor,4,True,True,True
302,CHEMBL288441,CHEMBL1862,INHIBITOR,Tyrosine-protein kinase ABL inhibitor,4,True,True,True
303,CHEMBL1946170,CHEMBL1862,INHIBITOR,Tyrosine-protein kinase ABL inhibitor,4,True,True,True
304,CHEMBL1642,CHEMBL1862,INHIBITOR,Tyrosine-protein kinase ABL inhibitor,4,True,True,True
305,CHEMBL1201832,CHEMBL1864,AGONIST,Thrombopoietin receptor agonist,4,True,True,True
306,CHEMBL3989691,CHEMBL1864,AGONIST,Thrombopoietin receptor agonist,4,True,True,True
307,CHEMBL98,CHEMBL1865,INHIBITOR,Histone deacetylase 6 inhibitor,4,True,True,True
309,CHEMBL24,CHEMBL213,ANTAGONIST,Beta-1 adrenergic receptor antagonist,4,True,True,True
310,CHEMBL1200837,CHEMBL213,ANTAGONIST,Beta-1 adrenergic receptor antagonist,4,True,True,True
311,CHEMBL1200813,CHEMBL213,ANTAGONIST,Beta-1 adrenergic receptor antagonist,4,True,True,True
312,CHEMBL1201115,CHEMBL213,ANTAGONIST,Beta-1 adrenergic receptor antagonist,4,True,True,True
313,CHEMBL1200745,CHEMBL213,ANTAGONIST,Beta-1 adrenergic receptor antagonist,4,True,True,True
314,CHEMBL1472989,CHEMBL213,ANTAGONIST,Beta-1 adrenergic receptor antagonist,4,True,True,True
315,CHEMBL1201177,CHEMBL213,ANTAGONIST,Beta-1 adrenergic receptor antagonist,4,True,True,True
316,CHEMBL500,CHEMBL213,PARTIAL AGONIST,Beta-1 adrenergic receptor partial agonist,4,True,True,True
317,CHEMBL1200947,CHEMBL213,ANTAGONIST,Beta-1 adrenergic receptor antagonist,4,True,True,True
318,CHEMBL1200418,CHEMBL213,AGONIST,Beta-1 adrenergic receptor agonist,4,True,True,True
319,CHEMBL1557,CHEMBL213,AGONIST,Beta-1 adrenergic receptor agonist,4,True,True,True
320,CHEMBL521606,CHEMBL213,ANTAGONIST,Beta-1 adrenergic receptor antagonist,4,True,True,True
321,CHEMBL1671,CHEMBL213,ANTAGONIST,Beta-1 adrenergic receptor antagonist,4,True,True,True
322,CHEMBL2361370,CHEMBL213,ANTAGONIST,Beta-1 adrenergic receptor antagonist,4,True,True,True
323,CHEMBL1700,CHEMBL213,ANTAGONIST,Beta-1 adrenergic receptor antagonist,4,True,True,True
324,CHEMBL3989566,CHEMBL213,ANTAGONIST,Beta-1 adrenergic receptor antagonist,4,True,True,True
325,CHEMBL1691,CHEMBL213,ANTAGONIST,Beta-1 adrenergic receptor antagonist,4,True,True,True
326,CHEMBL1200870,CHEMBL213,ANTAGONIST,Beta-1 adrenergic receptor antagonist,4,True,True,True
327,CHEMBL2356097,CHEMBL213,ANTAGONIST,Beta-1 adrenergic receptor antagonist,4,True,True,True
328,CHEMBL2062335,CHEMBL213,ANTAGONIST,Beta-1 adrenergic receptor antagonist,4,True,True,True
329,CHEMBL1201731,CHEMBL213,ANTAGONIST,Beta-1 adrenergic receptor antagonist,4,True,True,True
330,CHEMBL1201063,CHEMBL213,ANTAGONIST,Beta-1 adrenergic receptor antagonist,4,True,True,True
331,CHEMBL499,CHEMBL213,ANTAGONIST,Beta-1 adrenergic receptor antagonist,4,True,True,True
332,CHEMBL1201461,CHEMBL287,AGONIST,Sigma opioid receptor agonist,4,True,True,True
333,CHEMBL3989509,CHEMBL287,MODULATOR,Sigma opioid receptor modulator,4,True,True,True
334,CHEMBL3989510,CHEMBL287,MODULATOR,Sigma opioid receptor modulator,4,True,True,True
335,CHEMBL1256818,CHEMBL287,AGONIST,Sigma opioid receptor agonist,4,True,True,True
336,CHEMBL1046,CHEMBL1873,INHIBITOR,Tissue-type plasminogen activator inhibitor,4,True,True,True
337,CHEMBL1072,CHEMBL1874,INHIBITOR,Sodium-(potassium)-chloride cotransporter 2 inhibitor,4,True,True,True
338,CHEMBL456,CHEMBL1874,INHIBITOR,Sodium-(potassium)-chloride cotransporter 2 inhibitor,4,True,True,True
339,CHEMBL1148,CHEMBL1874,INHIBITOR,Sodium-(potassium)-chloride cotransporter 2 inhibitor,4,True,True,True
340,CHEMBL35,CHEMBL1874,INHIBITOR,Sodium-(potassium)-chloride cotransporter 2 inhibitor,4,True,True,True
341,CHEMBL1200487,CHEMBL1874,INHIBITOR,Sodium-(potassium)-chloride cotransporter 2 inhibitor,4,True,True,True
342,CHEMBL406,CHEMBL1876,INHIBITOR,Thiazide-sensitive sodium-chloride cotransporter inhibitor,4,True,True,True
343,CHEMBL878,CHEMBL1876,INHIBITOR,Thiazide-sensitive sodium-chloride cotransporter inhibitor,4,True,True,True
344,CHEMBL61593,CHEMBL1876,INHIBITOR,Thiazide-sensitive sodium-chloride cotransporter inhibitor,4,True,True,True
345,CHEMBL1201039,CHEMBL1876,INHIBITOR,Thiazide-sensitive sodium-chloride cotransporter inhibitor,4,True,True,True
346,CHEMBL842,CHEMBL1876,INHIBITOR,Thiazide-sensitive sodium-chloride cotransporter inhibitor,4,True,True,True
347,CHEMBL1200616,CHEMBL1876,INHIBITOR,Thiazide-sensitive sodium-chloride cotransporter inhibitor,4,True,True,True
348,CHEMBL1532,CHEMBL1876,INHIBITOR,Thiazide-sensitive sodium-chloride cotransporter inhibitor,4,True,True,True
349,CHEMBL1577,CHEMBL1876,INHIBITOR,Thiazide-sensitive sodium-chloride cotransporter inhibitor,4,True,True,True
350,CHEMBL435,CHEMBL1876,INHIBITOR,Thiazide-sensitive sodium-chloride cotransporter inhibitor,4,True,True,True
351,CHEMBL1684,CHEMBL1876,INHIBITOR,Thiazide-sensitive sodium-chloride cotransporter inhibitor,4,True,True,True
352,CHEMBL1763,CHEMBL1876,INHIBITOR,Thiazide-sensitive sodium-chloride cotransporter inhibitor,4,True,True,True
353,CHEMBL1054,CHEMBL1876,INHIBITOR,Thiazide-sensitive sodium-chloride cotransporter inhibitor,4,True,True,True
354,CHEMBL1055,CHEMBL1876,INHIBITOR,Thiazide-sensitive sodium-chloride cotransporter inhibitor,4,True,True,True
355,CHEMBL1587,CHEMBL1876,INHIBITOR,Thiazide-sensitive sodium-chloride cotransporter inhibitor,4,True,True,True
356,CHEMBL3140361,CHEMBL1877,INHIBITOR,Arabinosyltransferase A inhibitor,4,True,True,True
357,CHEMBL1200776,CHEMBL1878,POSITIVE ALLOSTERIC MODULATOR,Calcium sensing receptor positive allosteric modulator,4,True,True,True
358,CHEMBL495,CHEMBL1881,AGONIST,Prostanoid EP2 receptor agonist,4,True,True,True
359,CHEMBL1770,CHEMBL1884,AGONIST,Nicotinic acetylcholine receptor alpha subunit agonist,4,True,True,True
360,CHEMBL181,CHEMBL1886,OPENER,"Potassium channel, inwardly rectifying, subfamily J, member 11 opener",4,True,True,True
361,CHEMBL1201528,CHEMBL1889,AGONIST,Vasopressin V1a receptor agonist,4,True,True,True
362,CHEMBL1201108,CHEMBL1889,ANTAGONIST,Vasopressin V1a receptor antagonist,4,True,True,True
363,CHEMBL2311030,CHEMBL1898,AGONIST,Serotonin 1b (5-HT1b) receptor agonist,4,True,True,True
364,CHEMBL1185,CHEMBL1898,AGONIST,Serotonin 1b (5-HT1b) receptor agonist,4,True,True,True
365,CHEMBL1201003,CHEMBL1898,AGONIST,Serotonin 1b (5-HT1b) receptor agonist,4,True,True,True
366,CHEMBL2138684,CHEMBL1898,AGONIST,Serotonin 1b (5-HT1b) receptor agonist,4,True,True,True
368,CHEMBL1200521,CHEMBL1898,AGONIST,Serotonin 1b (5-HT1b) receptor agonist,4,True,True,True
369,CHEMBL1200601,CHEMBL1898,AGONIST,Serotonin 1b (5-HT1b) receptor agonist,4,True,True,True
370,CHEMBL1201032,CHEMBL1898,AGONIST,Serotonin 1b (5-HT1b) receptor agonist,4,True,True,True
371,CHEMBL128,CHEMBL1898,AGONIST,Serotonin 1b (5-HT1b) receptor agonist,4,True,True,True
372,CHEMBL1201150,CHEMBL1898,AGONIST,Serotonin 1b (5-HT1b) receptor agonist,4,True,True,True
373,CHEMBL2368924,CHEMBL1899,ANTAGONIST,Serotonin 3a (5-HT3a) receptor antagonist,4,True,True,True
374,CHEMBL46,CHEMBL1899,ANTAGONIST,Serotonin 3a (5-HT3a) receptor antagonist,4,True,True,True
375,CHEMBL1237080,CHEMBL1899,ANTAGONIST,Serotonin 3a (5-HT3a) receptor antagonist,4,True,True,True
376,CHEMBL289469,CHEMBL1899,ANTAGONIST,Serotonin 3a (5-HT3a) receptor antagonist,4,True,True,True
377,CHEMBL1720,CHEMBL1899,ANTAGONIST,Serotonin 3a (5-HT3a) receptor antagonist,4,True,True,True
378,CHEMBL3186492,CHEMBL1899,ANTAGONIST,Serotonin 3a (5-HT3a) receptor antagonist,4,True,True,True
379,CHEMBL1200885,CHEMBL1899,ANTAGONIST,Serotonin 3a (5-HT3a) receptor antagonist,4,True,True,True
380,CHEMBL1200940,CHEMBL1899,ANTAGONIST,Serotonin 3a (5-HT3a) receptor antagonist,4,True,True,True
381,CHEMBL1200755,CHEMBL1901,AGONIST,Cholecystokinin A receptor agonist,4,True,True,True
382,CHEMBL1201182,CHEMBL1902,INHIBITOR,FK506-binding protein 1A inhibitor,4,True,True,True
383,CHEMBL413,CHEMBL1902,INHIBITOR,FK506-binding protein 1A inhibitor,4,True,True,True
384,CHEMBL1908360,CHEMBL1902,INHIBITOR,FK506-binding protein 1A inhibitor,4,True,True,True
385,CHEMBL1200686,CHEMBL1902,INHIBITOR,FK506-binding protein 1A inhibitor,4,True,True,True
386,CHEMBL3989887,CHEMBL1902,INHIBITOR,FK506-binding protein 1A inhibitor,4,True,True,True
387,CHEMBL1946170,CHEMBL1906,INHIBITOR,Serine/threonine-protein kinase RAF inhibitor,4,True,True,True
388,CHEMBL1200485,CHEMBL1906,INHIBITOR,Serine/threonine-protein kinase RAF inhibitor,4,True,True,True
389,CHEMBL1580,CHEMBL1910,INHIBITOR,Adenosine deaminase inhibitor,4,True,True,True
390,CHEMBL2105613,CHEMBL1911,INHIBITOR,Succinate semialdehyde dehydrogenase inhibitor,4,True,True,True
391,CHEMBL433,CHEMBL1911,INHIBITOR,Succinate semialdehyde dehydrogenase inhibitor,4,True,True,True
392,CHEMBL109,CHEMBL1911,INHIBITOR,Succinate semialdehyde dehydrogenase inhibitor,4,True,True,True
393,CHEMBL1118,CHEMBL228,INHIBITOR,Serotonin transporter inhibitor,4,True,True,True
394,CHEMBL6067650,CHEMBL228,INHIBITOR,Serotonin transporter inhibitor,4,True,True,True
395,CHEMBL1200322,CHEMBL228,INHIBITOR,Serotonin transporter inhibitor,4,True,True,True
396,CHEMBL1200710,CHEMBL228,INHIBITOR,Serotonin transporter inhibitor,4,True,True,True
397,CHEMBL1200781,CHEMBL228,INHIBITOR,Serotonin transporter inhibitor,4,True,True,True
398,CHEMBL1409,CHEMBL228,INHIBITOR,Serotonin transporter inhibitor,4,True,True,True
399,CHEMBL1709,CHEMBL228,INHIBITOR,Serotonin transporter inhibitor,4,True,True,True
400,CHEMBL1200609,CHEMBL228,INHIBITOR,Serotonin transporter inhibitor,4,True,True,True
401,CHEMBL1201082,CHEMBL228,INHIBITOR,Serotonin transporter inhibitor,4,True,True,True
402,CHEMBL1200595,CHEMBL228,SUBSTRATE,Serotonin transporter substrate,4,True,True,True
403,CHEMBL1615374,CHEMBL228,INHIBITOR,Serotonin transporter inhibitor,4,True,True,True
404,CHEMBL1200798,CHEMBL228,INHIBITOR,Serotonin transporter inhibitor,4,True,True,True
405,CHEMBL1201066,CHEMBL228,INHIBITOR,Serotonin transporter inhibitor,4,True,True,True
406,CHEMBL1200964,CHEMBL228,INHIBITOR,Serotonin transporter inhibitor,4,True,True,True
407,CHEMBL1113,CHEMBL228,INHIBITOR,Serotonin transporter inhibitor,4,True,True,True
408,CHEMBL1201728,CHEMBL228,INHIBITOR,Serotonin transporter inhibitor,4,True,True,True
409,CHEMBL1200328,CHEMBL228,INHIBITOR,Serotonin transporter inhibitor,4,True,True,True
410,CHEMBL1692,CHEMBL228,INHIBITOR,Serotonin transporter inhibitor,4,True,True,True
411,CHEMBL3989845,CHEMBL228,INHIBITOR,Serotonin transporter inhibitor,4,True,True,True
412,CHEMBL4297064,CHEMBL228,INHIBITOR,Serotonin transporter inhibitor,4,True,True,True
413,CHEMBL1200492,CHEMBL228,INHIBITOR,Serotonin transporter inhibitor,4,True,True,True
414,CHEMBL1201156,CHEMBL228,INHIBITOR,Serotonin transporter inhibitor,4,True,True,True
415,CHEMBL1200332,CHEMBL228,INHIBITOR,Serotonin transporter inhibitor,4,True,True,True
416,CHEMBL1421,CHEMBL1913,INHIBITOR,Platelet-derived growth factor receptor beta inhibitor,4,True,True,True
417,CHEMBL1200485,CHEMBL1913,INHIBITOR,Platelet-derived growth factor receptor beta inhibitor,4,True,True,True
418,CHEMBL1642,CHEMBL1913,INHIBITOR,Platelet-derived growth factor receptor beta inhibitor,4,True,True,True
419,CHEMBL5314380,CHEMBL1917,AGONIST,Somatostatin receptor 1 agonist,4,True,True,True
420,CHEMBL1201528,CHEMBL1921,AGONIST,Vasopressin V1b receptor agonist,4,True,True,True
422,CHEMBL1715,CHEMBL235,AGONIST,Peroxisome proliferator-activated receptor gamma agonist,4,True,True,True
423,CHEMBL843,CHEMBL235,AGONIST,Peroxisome proliferator-activated receptor gamma agonist,4,True,True,True
424,CHEMBL408,CHEMBL235,AGONIST,Peroxisome proliferator-activated receptor gamma agonist,4,True,True,True
425,CHEMBL1200760,CHEMBL235,AGONIST,Peroxisome proliferator-activated receptor gamma agonist,4,True,True,True
426,CHEMBL704,CHEMBL235,AGONIST,Peroxisome proliferator-activated receptor gamma agonist,4,True,True,True
427,CHEMBL1201013,CHEMBL235,AGONIST,Peroxisome proliferator-activated receptor gamma agonist,4,True,True,True
428,CHEMBL1201488,CHEMBL1925,AGONIST,Secretin receptor agonist,4,True,True,True
429,CHEMBL1201616,CHEMBL1925,AGONIST,Secretin receptor agonist,4,True,True,True
430,CHEMBL6067494,CHEMBL1925,AGONIST,Secretin receptor agonist,4,True,True,True
431,CHEMBL1201745,CHEMBL239,AGONIST,Peroxisome proliferator-activated receptor alpha agonist,4,True,True,True
432,CHEMBL457,CHEMBL239,AGONIST,Peroxisome proliferator-activated receptor alpha agonist,4,True,True,True
433,CHEMBL672,CHEMBL239,AGONIST,Peroxisome proliferator-activated receptor alpha agonist,4,True,True,True
434,CHEMBL565,CHEMBL239,AGONIST,Peroxisome proliferator-activated receptor alpha agonist,4,True,True,True
435,CHEMBL981,CHEMBL239,AGONIST,Peroxisome proliferator-activated receptor alpha agonist,4,True,True,True
436,CHEMBL5483015,CHEMBL1927,INHIBITOR,Thioredoxin reductase 1 inhibitor,4,True,True,True
437,CHEMBL1200477,CHEMBL1929,INHIBITOR,Xanthine dehydrogenase inhibitor,4,True,True,True
438,CHEMBL1164729,CHEMBL1929,INHIBITOR,Xanthine dehydrogenase inhibitor,4,True,True,True
439,CHEMBL1467,CHEMBL1929,INHIBITOR,Xanthine dehydrogenase inhibitor,4,True,True,True
440,CHEMBL1465,CHEMBL1930,INHIBITOR,Vitamin k epoxide reductase complex subunit 1 isoform 1 inhibitor,4,True,True,True
441,CHEMBL711,CHEMBL1930,INHIBITOR,Vitamin k epoxide reductase complex subunit 1 isoform 1 inhibitor,4,True,True,True
442,CHEMBL1466,CHEMBL1930,INHIBITOR,Vitamin k epoxide reductase complex subunit 1 isoform 1 inhibitor,4,True,True,True
443,CHEMBL1200772,CHEMBL1930,INHIBITOR,Vitamin k epoxide reductase complex subunit 1 isoform 1 inhibitor,4,True,True,True
444,CHEMBL1200879,CHEMBL1930,INHIBITOR,Vitamin k epoxide reductase complex subunit 1 isoform 1 inhibitor,4,True,True,True
445,CHEMBL964,CHEMBL1935,INHIBITOR,Aldehyde dehydrogenase inhibitor,4,True,True,True
446,CHEMBL1421,CHEMBL1936,INHIBITOR,Stem cell growth factor receptor inhibitor,4,True,True,True
447,CHEMBL1201733,CHEMBL1936,INHIBITOR,Stem cell growth factor receptor inhibitor,4,True,True,True
448,CHEMBL1946170,CHEMBL1936,INHIBITOR,Stem cell growth factor receptor inhibitor,4,True,True,True
449,CHEMBL1200485,CHEMBL1936,INHIBITOR,Stem cell growth factor receptor inhibitor,4,True,True,True
450,CHEMBL1567,CHEMBL1936,INHIBITOR,Stem cell growth factor receptor inhibitor,4,True,True,True
451,CHEMBL1642,CHEMBL1936,INHIBITOR,Stem cell growth factor receptor inhibitor,4,True,True,True
452,CHEMBL256907,CHEMBL274,ANTAGONIST,C-C chemokine receptor type 5 antagonist,4,True,True,True
453,CHEMBL36,CHEMBL1939,INHIBITOR,Dihydrofolate reductase inhibitor,4,True,True,True
454,CHEMBL3989825,CHEMBL1939,INHIBITOR,Dihydrofolate reductase inhibitor,2,True,True,True
455,CHEMBL1201059,CHEMBL1939,INHIBITOR,Dihydrofolate reductase inhibitor,4,True,True,True
456,CHEMBL902,CHEMBL1941,ANTAGONIST,Histamine H2 receptor antagonist,4,True,True,True
457,CHEMBL1201051,CHEMBL1941,ANTAGONIST,Histamine H2 receptor antagonist,4,True,True,True
458,CHEMBL1200949,CHEMBL1941,AGONIST,Histamine H2 receptor agonist,4,True,True,True
459,CHEMBL3183075,CHEMBL1941,ANTAGONIST,Histamine H2 receptor antagonist,4,True,True,True
460,CHEMBL2110372,CHEMBL1941,ANTAGONIST,Histamine H2 receptor antagonist,4,True,True,True
461,CHEMBL30,CHEMBL1941,ANTAGONIST,Histamine H2 receptor antagonist,4,True,True,True
462,CHEMBL2111286,CHEMBL1941,ANTAGONIST,Histamine H2 receptor antagonist,4,True,True,True
463,CHEMBL1200988,CHEMBL1941,ANTAGONIST,Histamine H2 receptor antagonist,4,True,True,True
464,CHEMBL1689,CHEMBL1941,AGONIST,Histamine H2 receptor agonist,4,True,True,True
465,CHEMBL227529,CHEMBL284,INHIBITOR,Dipeptidyl peptidase IV inhibitor,4,True,True,True
466,CHEMBL1201174,CHEMBL284,INHIBITOR,Dipeptidyl peptidase IV inhibitor,4,True,True,True
467,CHEMBL237500,CHEMBL284,INHIBITOR,Dipeptidyl peptidase IV inhibitor,4,True,True,True
468,CHEMBL1201743,CHEMBL284,INHIBITOR,Dipeptidyl peptidase IV inhibitor,4,True,True,True
469,CHEMBL1200399,CHEMBL214,PARTIAL AGONIST,Serotonin 1a (5-HT1a) receptor partial agonist,4,True,True,True
470,CHEMBL2311030,CHEMBL214,AGONIST,Serotonin 1a (5-HT1a) receptor agonist,4,True,True,True
471,CHEMBL1200938,CHEMBL214,PARTIAL AGONIST,Serotonin 1a (5-HT1a) receptor partial agonist,4,True,True,True
472,CHEMBL1112,CHEMBL214,PARTIAL AGONIST,Serotonin 1a (5-HT1a) receptor partial agonist,4,True,True,True
473,CHEMBL1615374,CHEMBL214,PARTIAL AGONIST,Serotonin 1a (5-HT1a) receptor partial agonist,4,True,True,True
474,CHEMBL160,CHEMBL1949,MODULATOR,Cyclophilin A modulator,4,True,True,True
475,CHEMBL1201414,CHEMBL1950,ACTIVATOR,Antithrombin-III activator,4,True,True,True
476,CHEMBL1201476,CHEMBL1950,ACTIVATOR,Antithrombin-III activator,4,True,True,True
477,CHEMBL1201460,CHEMBL1950,ACTIVATOR,Antithrombin-III activator,4,True,True,True
478,CHEMBL1201534,CHEMBL1950,ACTIVATOR,Antithrombin-III activator,4,True,True,True
479,CHEMBL1201657,CHEMBL1950,ACTIVATOR,Antithrombin-III activator,4,True,True,True
480,CHEMBL1201513,CHEMBL1950,ACTIVATOR,Antithrombin-III activator,4,True,True,True
481,CHEMBL1201448,CHEMBL1950,ACTIVATOR,Antithrombin-III activator,4,True,True,True
482,CHEMBL1200644,CHEMBL1950,ACTIVATOR,Antithrombin-III activator,4,True,True,True
483,CHEMBL917,CHEMBL1952,INHIBITOR,Thymidylate synthase inhibitor,4,True,True,True
484,CHEMBL2360464,CHEMBL1952,INHIBITOR,Thymidylate synthase inhibitor,4,True,True,True
485,CHEMBL1773,CHEMBL1952,INHIBITOR,Thymidylate synthase inhibitor,4,True,True,True
486,CHEMBL185,CHEMBL1952,INHIBITOR,Thymidylate synthase inhibitor,4,True,True,True
487,CHEMBL1201717,CHEMBL1957,AGONIST,Insulin-like growth factor I receptor agonist,4,True,True,True
488,CHEMBL1201716,CHEMBL1957,AGONIST,Insulin-like growth factor I receptor agonist,4,True,True,True
489,CHEMBL1201570,CHEMBL1959,ANTAGONIST,Interleukin-1 receptor antagonist,4,True,True,True
490,CHEMBL1201533,CHEMBL1963,AGONIST,Thyroid stimulating hormone receptor agonist,4,True,True,True
491,CHEMBL1201532,CHEMBL1963,AGONIST,Thyroid stimulating hormone receptor agonist,4,True,True,True
492,CHEMBL1201610,CHEMBL1965,AGONIST,Melanocortin receptor 2 agonist,4,True,True,True
493,CHEMBL1201609,CHEMBL1965,AGONIST,Melanocortin receptor 2 agonist,4,True,True,True
494,CHEMBL2103784,CHEMBL1965,AGONIST,Melanocortin receptor 2 agonist,4,True,True,True
495,CHEMBL1201489,CHEMBL1965,AGONIST,Melanocortin receptor 2 agonist,4,True,True,True
497,CHEMBL960,CHEMBL1966,INHIBITOR,Dihydroorotate dehydrogenase inhibitor,4,True,True,True
498,CHEMBL973,CHEMBL1966,INHIBITOR,Dihydroorotate dehydrogenase inhibitor,4,True,True,True
499,CHEMBL1200862,CHEMBL1969,INHIBITOR,Tyrosine 3-hydroxylase inhibitor,4,True,True,True
500,CHEMBL473,CHEMBL240,BLOCKER,HERG blocker,4,True,True,True
501,CHEMBL2355456,CHEMBL240,BLOCKER,HERG blocker,4,True,True,True
502,CHEMBL1083993,CHEMBL240,BLOCKER,HERG blocker,4,True,True,True
504,CHEMBL1700,CHEMBL240,BLOCKER,HERG blocker,4,True,True,True
505,CHEMBL1201461,CHEMBL1972,ANTAGONIST,Glutamate [NMDA] receptor subunit epsilon 1 antagonist,4,True,True,True
506,CHEMBL1256818,CHEMBL1972,ANTAGONIST,Glutamate [NMDA] receptor subunit epsilon 1 antagonist,4,True,True,True
508,CHEMBL1388,CHEMBL1973,INHIBITOR,Tyrosinase inhibitor,4,True,True,True
509,CHEMBL544,CHEMBL1973,INHIBITOR,Tyrosinase inhibitor,4,True,True,True
510,CHEMBL1200485,CHEMBL1974,INHIBITOR,Tyrosine-protein kinase receptor FLT3 inhibitor,4,True,True,True
511,CHEMBL1567,CHEMBL1974,INHIBITOR,Tyrosine-protein kinase receptor FLT3 inhibitor,4,True,True,True
512,CHEMBL1201620,CHEMBL1976,AGONIST,Growth hormone receptor agonist,4,True,True,True
513,CHEMBL1201621,CHEMBL1976,AGONIST,Growth hormone receptor agonist,4,True,True,True
514,CHEMBL1201515,CHEMBL1976,ANTAGONIST,Growth hormone receptor antagonist,4,True,True,True
515,CHEMBL1042,CHEMBL1977,AGONIST,Vitamin D receptor agonist,4,True,True,True
516,CHEMBL1536,CHEMBL1977,AGONIST,Vitamin D receptor agonist,4,True,True,True
517,CHEMBL1200666,CHEMBL1977,AGONIST,Vitamin D receptor agonist,4,True,True,True
518,CHEMBL1200622,CHEMBL1977,AGONIST,Vitamin D receptor agonist,4,True,True,True
519,CHEMBL846,CHEMBL1977,AGONIST,Vitamin D receptor agonist,4,True,True,True
520,CHEMBL3544909,CHEMBL1977,AGONIST,Vitamin D receptor agonist,4,True,True,True
521,CHEMBL1200810,CHEMBL1977,AGONIST,Vitamin D receptor agonist,4,True,True,True
522,CHEMBL1571,CHEMBL1978,INHIBITOR,Cytochrome P450 19A1 inhibitor,4,True,True,True
523,CHEMBL1399,CHEMBL1978,INHIBITOR,Cytochrome P450 19A1 inhibitor,4,True,True,True
524,CHEMBL1444,CHEMBL1978,INHIBITOR,Cytochrome P450 19A1 inhibitor,4,True,True,True
525,CHEMBL1200374,CHEMBL1978,INHIBITOR,Cytochrome P450 19A1 inhibitor,4,True,True,True
526,CHEMBL488,CHEMBL1978,INHIBITOR,Cytochrome P450 19A1 inhibitor,4,True,True,True
527,CHEMBL1200822,CHEMBL1980,BLOCKER,Sodium channel protein type V alpha subunit blocker,4,True,True,True
528,CHEMBL1200612,CHEMBL1980,BLOCKER,Sodium channel protein type V alpha subunit blocker,4,True,True,True
529,CHEMBL1404,CHEMBL1980,BLOCKER,Sodium channel protein type V alpha subunit blocker,4,True,True,True
531,CHEMBL1201540,CHEMBL1981,AGONIST,Insulin receptor agonist,4,True,True,True
532,CHEMBL1201629,CHEMBL1981,AGONIST,Insulin receptor agonist,4,True,True,True
533,CHEMBL1201644,CHEMBL1981,AGONIST,Insulin receptor agonist,4,True,True,True
537,CHEMBL1201631,CHEMBL1981,AGONIST,Insulin receptor agonist,4,True,True,True
542,CHEMBL1201630,CHEMBL1981,AGONIST,Insulin receptor agonist,4,True,True,True
543,CHEMBL1201545,CHEMBL1981,AGONIST,Insulin receptor agonist,4,True,True,True
545,CHEMBL1201611,CHEMBL1981,AGONIST,Insulin receptor agonist,4,True,True,True
547,CHEMBL1201538,CHEMBL1981,AGONIST,Insulin receptor agonist,4,True,True,True
548,CHEMBL1201613,CHEMBL1981,AGONIST,Insulin receptor agonist,4,True,True,True
550,CHEMBL1201497,CHEMBL1981,AGONIST,Insulin receptor agonist,4,True,True,True
551,CHEMBL1201539,CHEMBL1981,AGONIST,Insulin receptor agonist,4,True,True,True
556,CHEMBL1201627,CHEMBL1981,AGONIST,Insulin receptor agonist,4,True,True,True
559,CHEMBL1201496,CHEMBL1981,AGONIST,Insulin receptor agonist,4,True,True,True
560,CHEMBL1201664,CHEMBL1981,AGONIST,Insulin receptor agonist,4,True,True,True
561,CHEMBL2104391,CHEMBL1981,AGONIST,Insulin receptor agonist,4,True,True,True
562,CHEMBL719,CHEMBL1982,INHIBITOR,Isoleucyl-tRNA synthetase inhibitor,4,True,True,True
563,CHEMBL3989715,CHEMBL1982,INHIBITOR,Isoleucyl-tRNA synthetase inhibitor,4,True,True,True
565,CHEMBL1200517,CHEMBL1983,AGONIST,Serotonin 1d (5-HT1d) receptor agonist,4,True,True,True
566,CHEMBL2448612,CHEMBL1983,AGONIST,Serotonin 1d (5-HT1d) receptor agonist,4,True,True,True
567,CHEMBL1201003,CHEMBL1983,AGONIST,Serotonin 1d (5-HT1d) receptor agonist,4,True,True,True
569,CHEMBL1200601,CHEMBL1983,AGONIST,Serotonin 1d (5-HT1d) receptor agonist,4,True,True,True
570,CHEMBL1185,CHEMBL1983,AGONIST,Serotonin 1d (5-HT1d) receptor agonist,4,True,True,True
571,CHEMBL1200521,CHEMBL1983,AGONIST,Serotonin 1d (5-HT1d) receptor agonist,4,True,True,True
572,CHEMBL2138684,CHEMBL1983,AGONIST,Serotonin 1d (5-HT1d) receptor agonist,4,True,True,True
573,CHEMBL1201032,CHEMBL1983,AGONIST,Serotonin 1d (5-HT1d) receptor agonist,4,True,True,True
574,CHEMBL1201150,CHEMBL1983,AGONIST,Serotonin 1d (5-HT1d) receptor agonist,4,True,True,True
575,CHEMBL128,CHEMBL1983,AGONIST,Serotonin 1d (5-HT1d) receptor agonist,4,True,True,True
576,CHEMBL831,CHEMBL224,ANTAGONIST,Serotonin 2a (5-HT2a) receptor antagonist,4,True,True,True
577,CHEMBL908,CHEMBL224,ANTAGONIST,Serotonin 2a (5-HT2a) receptor antagonist,4,True,True,True
578,CHEMBL1713,CHEMBL224,ANTAGONIST,Serotonin 2a (5-HT2a) receptor antagonist,4,True,True,True
579,CHEMBL42,CHEMBL224,ANTAGONIST,Serotonin 2a (5-HT2a) receptor antagonist,4,True,True,True
580,CHEMBL1200636,CHEMBL224,ANTAGONIST,Serotonin 2a (5-HT2a) receptor antagonist,4,True,True,True
581,CHEMBL71,CHEMBL224,ANTAGONIST,Serotonin 2a (5-HT2a) receptor antagonist,4,True,True,True
582,CHEMBL1200798,CHEMBL224,ANTAGONIST,Serotonin 2a (5-HT2a) receptor antagonist,4,True,True,True
583,CHEMBL2358147,CHEMBL224,ANTAGONIST,Serotonin 2a (5-HT2a) receptor antagonist,4,True,True,True
584,CHEMBL1108,CHEMBL224,ANTAGONIST,Serotonin 2a (5-HT2a) receptor antagonist,4,True,True,True
585,CHEMBL1112,CHEMBL224,ANTAGONIST,Serotonin 2a (5-HT2a) receptor antagonist,4,True,True,True
586,CHEMBL3544974,CHEMBL224,ANTAGONIST,Serotonin 2a (5-HT2a) receptor antagonist,4,True,True,True
587,CHEMBL1201060,CHEMBL224,ANTAGONIST,Serotonin 2a (5-HT2a) receptor antagonist,4,True,True,True
588,CHEMBL1201155,CHEMBL224,ANTAGONIST,Serotonin 2a (5-HT2a) receptor antagonist,4,True,True,True
589,CHEMBL1615372,CHEMBL224,ANTAGONIST,Serotonin 2a (5-HT2a) receptor antagonist,4,True,True,True
590,CHEMBL1201052,CHEMBL224,ANTAGONIST,Serotonin 2a (5-HT2a) receptor antagonist,4,True,True,True
591,CHEMBL654,CHEMBL224,ANTAGONIST,Serotonin 2a (5-HT2a) receptor antagonist,4,True,True,True
592,CHEMBL1200419,CHEMBL224,ANTAGONIST,Serotonin 2a (5-HT2a) receptor antagonist,4,True,True,True
593,CHEMBL1200492,CHEMBL224,ANTAGONIST,Serotonin 2a (5-HT2a) receptor antagonist,4,True,True,True
594,CHEMBL715,CHEMBL224,ANTAGONIST,Serotonin 2a (5-HT2a) receptor antagonist,4,True,True,True
595,CHEMBL3989694,CHEMBL224,ANTAGONIST,Serotonin 2a (5-HT2a) receptor antagonist,4,True,True,True
596,CHEMBL1621,CHEMBL224,ANTAGONIST,Serotonin 2a (5-HT2a) receptor antagonist,4,True,True,True
597,CHEMBL2107360,CHEMBL224,ANTAGONIST,Serotonin 2a (5-HT2a) receptor antagonist,4,True,True,True
598,CHEMBL1200469,CHEMBL224,ANTAGONIST,Serotonin 2a (5-HT2a) receptor antagonist,4,True,True,True
599,CHEMBL3188993,CHEMBL224,ANTAGONIST,Serotonin 2a (5-HT2a) receptor antagonist,4,True,True,True
600,CHEMBL1423,CHEMBL224,ANTAGONIST,Serotonin 2a (5-HT2a) receptor antagonist,4,True,True,True
601,CHEMBL85,CHEMBL224,ANTAGONIST,Serotonin 2a (5-HT2a) receptor antagonist,4,True,True,True
602,CHEMBL54,CHEMBL224,ANTAGONIST,Serotonin 2a (5-HT2a) receptor antagonist,4,True,True,True
603,CHEMBL1200986,CHEMBL224,ANTAGONIST,Serotonin 2a (5-HT2a) receptor antagonist,4,True,True,True
604,CHEMBL4297147,CHEMBL224,ANTAGONIST,Serotonin 2a (5-HT2a) receptor antagonist,4,True,True,True
605,CHEMBL14376,CHEMBL224,ANTAGONIST,Serotonin 2a (5-HT2a) receptor antagonist,4,True,True,True
606,CHEMBL479,CHEMBL224,ANTAGONIST,Serotonin 2a (5-HT2a) receptor antagonist,4,True,True,True
607,CHEMBL1200916,CHEMBL224,ANTAGONIST,Serotonin 2a (5-HT2a) receptor antagonist,4,True,True,True
608,CHEMBL1201,CHEMBL224,ANTAGONIST,Serotonin 2a (5-HT2a) receptor antagonist,4,True,True,True
609,CHEMBL3989824,CHEMBL224,ANTAGONIST,Serotonin 2a (5-HT2a) receptor antagonist,4,True,True,True
610,CHEMBL1257040,CHEMBL224,ANTAGONIST,Serotonin 2a (5-HT2a) receptor antagonist,4,True,True,True
611,CHEMBL1200948,CHEMBL224,ANTAGONIST,Serotonin 2a (5-HT2a) receptor antagonist,4,True,True,True
612,CHEMBL1375743,CHEMBL224,ANTAGONIST,Serotonin 2a (5-HT2a) receptor antagonist,4,True,True,True
613,CHEMBL3989833,CHEMBL224,ANTAGONIST,Serotonin 2a (5-HT2a) receptor antagonist,4,True,True,True
614,CHEMBL831,CHEMBL225,ANTAGONIST,Serotonin 2c (5-HT2c) receptor antagonist,4,True,True,True
615,CHEMBL2095211,CHEMBL225,AGONIST,Serotonin 2c (5-HT2c) receptor agonist,4,True,True,True
616,CHEMBL1200426,CHEMBL225,ANTAGONIST,Serotonin 2c (5-HT2c) receptor antagonist,4,True,True,True
617,CHEMBL1200938,CHEMBL225,ANTAGONIST,Serotonin 2c (5-HT2c) receptor antagonist,4,True,True,True
618,CHEMBL654,CHEMBL225,ANTAGONIST,Serotonin 2c (5-HT2c) receptor antagonist,4,True,True,True
619,CHEMBL1200492,CHEMBL225,ANTAGONIST,Serotonin 2c (5-HT2c) receptor antagonist,4,True,True,True
620,CHEMBL715,CHEMBL225,ANTAGONIST,Serotonin 2c (5-HT2c) receptor antagonist,4,True,True,True
621,CHEMBL3989694,CHEMBL225,ANTAGONIST,Serotonin 2c (5-HT2c) receptor antagonist,4,True,True,True
622,CHEMBL3188993,CHEMBL225,ANTAGONIST,Serotonin 2c (5-HT2c) receptor antagonist,4,True,True,True
623,CHEMBL85,CHEMBL225,ANTAGONIST,Serotonin 2c (5-HT2c) receptor antagonist,4,True,True,True
624,CHEMBL479,CHEMBL225,ANTAGONIST,Serotonin 2c (5-HT2c) receptor antagonist,4,True,True,True
625,CHEMBL1200916,CHEMBL225,ANTAGONIST,Serotonin 2c (5-HT2c) receptor antagonist,4,True,True,True
626,CHEMBL1200798,CHEMBL225,ANTAGONIST,Serotonin 2c (5-HT2c) receptor antagonist,4,True,True,True
627,CHEMBL1257040,CHEMBL225,ANTAGONIST,Serotonin 2c (5-HT2c) receptor antagonist,4,True,True,True
628,CHEMBL1200948,CHEMBL225,ANTAGONIST,Serotonin 2c (5-HT2c) receptor antagonist,4,True,True,True
629,CHEMBL1375743,CHEMBL225,ANTAGONIST,Serotonin 2c (5-HT2c) receptor antagonist,4,True,True,True
630,CHEMBL3989833,CHEMBL225,ANTAGONIST,Serotonin 2c (5-HT2c) receptor antagonist,4,True,True,True
631,CHEMBL2358147,CHEMBL225,ANTAGONIST,Serotonin 2c (5-HT2c) receptor antagonist,4,True,True,True
632,CHEMBL908,CHEMBL225,ANTAGONIST,Serotonin 2c (5-HT2c) receptor antagonist,4,True,True,True
633,CHEMBL1200636,CHEMBL225,ANTAGONIST,Serotonin 2c (5-HT2c) receptor antagonist,4,True,True,True
634,CHEMBL1201155,CHEMBL225,ANTAGONIST,Serotonin 2c (5-HT2c) receptor antagonist,4,True,True,True
635,CHEMBL1201060,CHEMBL225,ANTAGONIST,Serotonin 2c (5-HT2c) receptor antagonist,4,True,True,True
636,CHEMBL1200331,CHEMBL1984,INHIBITOR,UDP-N-acetylglucosamine 1-carboxyvinyltransferase inhibitor,4,True,True,True
637,CHEMBL5314342,CHEMBL1985,AGONIST,Glucagon receptor agonist,4,True,True,True
638,CHEMBL5314341,CHEMBL1985,AGONIST,Glucagon receptor agonist,4,True,True,True
640,CHEMBL3545059,CHEMBL286,INHIBITOR,Renin inhibitor,4,True,True,True
641,CHEMBL1963683,CHEMBL1987,AGONIST,Prostanoid FP receptor agonist,4,True,True,True
642,CHEMBL1051,CHEMBL1987,AGONIST,Prostanoid FP receptor agonist,4,True,True,True
643,CHEMBL1200799,CHEMBL1987,AGONIST,Prostanoid FP receptor agonist,4,True,True,True
644,CHEMBL1200896,CHEMBL1987,AGONIST,Prostanoid FP receptor agonist,4,True,True,True
645,CHEMBL1200963,CHEMBL1987,AGONIST,Prostanoid FP receptor agonist,4,True,True,True
646,CHEMBL1237105,CHEMBL1987,AGONIST,Prostanoid FP receptor agonist,4,True,True,True
647,CHEMBL1200721,CHEMBL242,MODULATOR,Estrogen receptor beta modulator,4,True,True,True
648,CHEMBL1200761,CHEMBL242,MODULATOR,Estrogen receptor beta modulator,4,True,True,True
649,CHEMBL1116,CHEMBL242,MODULATOR,Estrogen receptor beta modulator,4,True,True,True
650,CHEMBL1201668,CHEMBL1988,AGONIST,Atrial natriuretic peptide receptor A agonist,4,True,True,True
651,CHEMBL1201057,CHEMBL1989,INHIBITOR,Renal dipeptidase inhibitor,4,True,True,True
652,CHEMBL1489,CHEMBL1992,INHIBITOR,DNA (cytosine-5)-methyltransferase 3A inhibitor,4,True,True,True
653,CHEMBL1201129,CHEMBL1992,INHIBITOR,DNA (cytosine-5)-methyltransferase 3A inhibitor,4,True,True,True
654,CHEMBL1489,CHEMBL1993,INHIBITOR,DNA (cytosine-5)-methyltransferase 1 inhibitor,4,True,True,True
655,CHEMBL1201129,CHEMBL1993,INHIBITOR,DNA (cytosine-5)-methyltransferase 1 inhibitor,4,True,True,True
656,CHEMBL1095097,CHEMBL1994,ANTAGONIST,Mineralocorticoid receptor antagonist,4,True,True,True
657,CHEMBL1200542,CHEMBL1994,AGONIST,Mineralocorticoid receptor agonist,4,True,True,True
658,CHEMBL1201010,CHEMBL1994,AGONIST,Mineralocorticoid receptor agonist,4,True,True,True
659,CHEMBL1393,CHEMBL1994,ANTAGONIST,Mineralocorticoid receptor antagonist,4,True,True,True
660,CHEMBL1200592,CHEMBL1994,AGONIST,Mineralocorticoid receptor agonist,4,True,True,True
661,CHEMBL1509,CHEMBL1994,ANTAGONIST,Mineralocorticoid receptor antagonist,4,True,True,True
662,CHEMBL1428,CHEMBL1994,ANTAGONIST,Mineralocorticoid receptor antagonist,4,True,True,True
663,CHEMBL1480,CHEMBL1994,ANTAGONIST,Mineralocorticoid receptor antagonist,4,True,True,True
664,CHEMBL1237119,CHEMBL1995,AGONIST,Prostanoid IP receptor agonist,4,True,True,True
665,CHEMBL494,CHEMBL1995,AGONIST,Prostanoid IP receptor agonist,4,True,True,True
666,CHEMBL962,CHEMBL1995,AGONIST,Prostanoid IP receptor agonist,4,True,True,True
668,CHEMBL3989695,CHEMBL251,AGONIST,Adenosine A2a receptor agonist,4,True,True,True
669,CHEMBL1201567,CHEMBL1996,AGONIST,Granulocyte colony stimulating factor receptor agonist,4,True,True,True
670,CHEMBL1201568,CHEMBL1996,AGONIST,Granulocyte colony stimulating factor receptor agonist,4,True,True,True
671,CHEMBL932,CHEMBL1997,INHIBITOR,Equilibrative nucleoside transporter 1 inhibitor,4,True,True,True
672,CHEMBL1286,CHEMBL1998,MODULATOR,Synaptic vesicle glycoprotein 2A modulator,4,True,True,True
673,CHEMBL1201837,CHEMBL2000,INHIBITOR,Plasma kallikrein inhibitor,4,True,True,True
674,CHEMBL1201619,CHEMBL2000,INHIBITOR,Plasma kallikrein inhibitor,4,True,True,True
677,CHEMBL1265,CHEMBL2363069,AGONIST,Retinoic acid receptor agonist,4,True,True,True
678,CHEMBL614,CHEMBL2011,INHIBITOR,Fatty acid synthase inhibitor,4,True,True,True
679,CHEMBL712,CHEMBL2012,INHIBITOR,Vitamin K-dependent gamma-carboxylase inhibitor,4,True,True,True
680,CHEMBL1539,CHEMBL2013,INHIBITOR,Dihydropteroate synthetase inhibitor,4,True,True,True
681,CHEMBL1201056,CHEMBL2013,INHIBITOR,Dihydropteroate synthetase inhibitor,4,True,True,True
682,CHEMBL288441,CHEMBL267,INHIBITOR,Tyrosine-protein kinase SRC inhibitor,4,True,True,True
683,CHEMBL24828,CHEMBL267,INHIBITOR,Tyrosine-protein kinase SRC inhibitor,4,True,True,True
684,CHEMBL1373,CHEMBL238,INHIBITOR,Dopamine transporter inhibitor,4,True,True,True
685,CHEMBL1201192,CHEMBL238,INHIBITOR,Dopamine transporter inhibitor,4,True,True,True
686,CHEMBL1200377,CHEMBL238,RELEASING AGENT,Dopamine transporter releasing agent,4,True,True,True
687,CHEMBL405,CHEMBL238,RELEASING AGENT,Dopamine transporter releasing agent,4,True,True,True
688,CHEMBL501,CHEMBL238,RELEASING AGENT,Dopamine transporter releasing agent,4,True,True,True
689,CHEMBL1201735,CHEMBL238,INHIBITOR,Dopamine transporter inhibitor,4,True,True,True
690,CHEMBL1698,CHEMBL238,INHIBITOR,Dopamine transporter inhibitor,4,True,True,True
691,CHEMBL904,CHEMBL238,INHIBITOR,Dopamine transporter inhibitor,4,True,True,True
692,CHEMBL1200387,CHEMBL238,RELEASING AGENT,Dopamine transporter releasing agent,4,True,True,True
693,CHEMBL612,CHEMBL238,RELEASING AGENT,Dopamine transporter releasing agent,4,True,True,True
694,CHEMBL1200782,CHEMBL238,RELEASING AGENT,Dopamine transporter releasing agent,4,True,True,True
695,CHEMBL3544971,CHEMBL238,RELEASING AGENT,Dopamine transporter releasing agent,4,True,True,True
696,CHEMBL3989844,CHEMBL238,RELEASING AGENT,Dopamine transporter releasing agent,4,True,True,True
697,CHEMBL1693,CHEMBL238,INHIBITOR,Dopamine transporter inhibitor,4,True,True,True
698,CHEMBL1201178,CHEMBL238,RELEASING AGENT,Dopamine transporter releasing agent,4,True,True,True
699,CHEMBL1722,CHEMBL238,INHIBITOR,Dopamine transporter inhibitor,4,True,True,True
700,CHEMBL796,CHEMBL238,INHIBITOR,Dopamine transporter inhibitor,4,True,True,True
701,CHEMBL2062163,CHEMBL238,INHIBITOR,Dopamine transporter inhibitor,4,True,True,True
702,CHEMBL1200483,CHEMBL238,INHIBITOR,Dopamine transporter inhibitor,4,True,True,True
704,CHEMBL1237055,CHEMBL233,AGONIST,Mu opioid receptor agonist,4,True,True,True
705,CHEMBL3989826,CHEMBL233,AGONIST,Mu opioid receptor agonist,4,True,True,True
706,CHEMBL1707,CHEMBL233,AGONIST,Mu opioid receptor agonist,4,True,True,True
707,CHEMBL1237065,CHEMBL233,AGONIST,Mu opioid receptor agonist,4,True,True,True
708,CHEMBL1200531,CHEMBL233,AGONIST,Mu opioid receptor agonist,4,True,True,True
709,CHEMBL1200599,CHEMBL233,AGONIST,Mu opioid receptor agonist,4,True,True,True
710,CHEMBL1200665,CHEMBL233,AGONIST,Mu opioid receptor agonist,4,True,True,True
711,CHEMBL1201159,CHEMBL233,AGONIST,Mu opioid receptor agonist,4,True,True,True
712,CHEMBL688,CHEMBL233,AGONIST,Mu opioid receptor agonist,4,True,True,True
713,CHEMBL1200890,CHEMBL233,AGONIST,Mu opioid receptor agonist,4,True,True,True
714,CHEMBL2103744,CHEMBL233,AGONIST,Mu opioid receptor agonist,4,True,True,True
715,CHEMBL3989716,CHEMBL233,AGONIST,Mu opioid receptor agonist,4,True,True,True
716,CHEMBL270190,CHEMBL233,ANTAGONIST,Mu opioid receptor antagonist,4,True,True,True
717,CHEMBL1701,CHEMBL233,AGONIST,Mu opioid receptor agonist,4,True,True,True
718,CHEMBL1200825,CHEMBL233,AGONIST,Mu opioid receptor agonist,4,True,True,True
719,CHEMBL1237104,CHEMBL233,AGONIST,Mu opioid receptor agonist,4,True,True,True
720,CHEMBL3989768,CHEMBL233,AGONIST,Mu opioid receptor agonist,4,True,True,True
721,CHEMBL2062266,CHEMBL233,AGONIST,Mu opioid receptor agonist,4,True,True,True
722,CHEMBL1201120,CHEMBL233,AGONIST,Mu opioid receptor agonist,4,True,True,True
723,CHEMBL1201770,CHEMBL233,ANTAGONIST,Mu opioid receptor antagonist,4,True,True,True
724,CHEMBL1201163,CHEMBL233,AGONIST,Mu opioid receptor agonist,4,True,True,True
725,CHEMBL596,CHEMBL233,AGONIST,Mu opioid receptor agonist,4,True,True,True
726,CHEMBL1200817,CHEMBL233,AGONIST,Mu opioid receptor agonist,4,True,True,True
727,CHEMBL2368861,CHEMBL233,AGONIST,Mu opioid receptor agonist,4,True,True,True
728,CHEMBL1201047,CHEMBL233,AGONIST,Mu opioid receptor agonist,4,True,True,True
729,CHEMBL1685,CHEMBL233,PARTIAL AGONIST,Mu opioid receptor partial agonist,4,True,True,True
730,CHEMBL1200543,CHEMBL233,AGONIST,Mu opioid receptor agonist,4,True,True,True
731,CHEMBL1201777,CHEMBL233,AGONIST,Mu opioid receptor agonist,4,True,True,True
732,CHEMBL299400,CHEMBL233,PARTIAL AGONIST,Mu opioid receptor partial agonist,4,True,True,True
733,CHEMBL511142,CHEMBL233,AGONIST,Mu opioid receptor agonist,4,True,True,True
734,CHEMBL2062276,CHEMBL233,ANTAGONIST,Mu opioid receptor antagonist,4,True,True,True
735,CHEMBL1324,CHEMBL2023,INHIBITOR,Catechol O-methyltransferase inhibitor,4,True,True,True
736,CHEMBL953,CHEMBL2023,INHIBITOR,Catechol O-methyltransferase inhibitor,4,True,True,True
737,CHEMBL211471,CHEMBL220,INHIBITOR,Acetylcholinesterase inhibitor,4,True,True,True
738,CHEMBL1678,CHEMBL220,INHIBITOR,Acetylcholinesterase inhibitor,4,True,True,True
739,CHEMBL1200933,CHEMBL220,INHIBITOR,Acetylcholinesterase inhibitor,4,True,True,True
740,CHEMBL812,CHEMBL220,INHIBITOR,Acetylcholinesterase inhibitor,4,True,True,True
741,CHEMBL1555,CHEMBL220,INHIBITOR,Acetylcholinesterase inhibitor,4,True,True,True
742,CHEMBL1025,CHEMBL220,INHIBITOR,Acetylcholinesterase inhibitor,4,True,True,True
743,CHEMBL1128,CHEMBL220,INHIBITOR,Acetylcholinesterase inhibitor,4,True,True,True
744,CHEMBL1200367,CHEMBL220,INHIBITOR,Acetylcholinesterase inhibitor,4,True,True,True
745,CHEMBL1200514,CHEMBL220,INHIBITOR,Acetylcholinesterase inhibitor,4,True,True,True
746,CHEMBL1200541,CHEMBL220,INHIBITOR,Acetylcholinesterase inhibitor,4,True,True,True
747,CHEMBL748,CHEMBL220,ACTIVATOR,Acetylcholinesterase activator,4,True,True,True
749,CHEMBL4297955,CHEMBL2024,AGONIST,Follicle stimulating hormone receptor agonist,4,True,True,True
750,CHEMBL1201520,CHEMBL2024,AGONIST,Follicle stimulating hormone receptor agonist,4,True,True,True
751,CHEMBL5315126,CHEMBL2024,AGONIST,Follicle stimulating hormone receptor agonist,4,True,True,True
753,CHEMBL2103868,CHEMBL279,INHIBITOR,Vascular endothelial growth factor receptor 2 inhibitor,4,True,True,True
754,CHEMBL5314380,CHEMBL2028,AGONIST,Somatostatin receptor 3 agonist,4,True,True,True
755,CHEMBL771,CHEMBL2030,INHIBITOR,D-alanylalanine synthetase inhibitor,4,True,True,True
756,CHEMBL1201490,CHEMBL2032,AGONIST,Growth hormone-releasing hormone receptor agonist,4,True,True,True
757,CHEMBL2111290,CHEMBL2032,AGONIST,Growth hormone-releasing hormone receptor agonist,4,True,True,True
758,CHEMBL488,CHEMBL2033,INHIBITOR,Cytochrome P450 11A1 inhibitor,4,True,True,True
759,CHEMBL1670,CHEMBL2033,INHIBITOR,Cytochrome P450 11A1 inhibitor,4,True,True,True
760,CHEMBL635,CHEMBL2034,AGONIST,Glucocorticoid receptor agonist,4,True,True,True
761,CHEMBL1200845,CHEMBL2034,AGONIST,Glucocorticoid receptor agonist,4,True,True,True
762,CHEMBL1201173,CHEMBL2034,AGONIST,Glucocorticoid receptor agonist,4,True,True,True
763,CHEMBL1201749,CHEMBL2034,AGONIST,Glucocorticoid receptor agonist,4,True,True,True
764,CHEMBL632,CHEMBL2034,AGONIST,Glucocorticoid receptor agonist,4,True,True,True
765,CHEMBL389621,CHEMBL2034,AGONIST,Glucocorticoid receptor agonist,4,True,True,True
766,CHEMBL1504,CHEMBL2034,AGONIST,Glucocorticoid receptor agonist,4,True,True,True
767,CHEMBL1549,CHEMBL2034,AGONIST,Glucocorticoid receptor agonist,4,True,True,True
768,CHEMBL1159650,CHEMBL2034,AGONIST,Glucocorticoid receptor agonist,4,True,True,True
769,CHEMBL1200495,CHEMBL2034,AGONIST,Glucocorticoid receptor agonist,4,True,True,True
770,CHEMBL1200600,CHEMBL2034,AGONIST,Glucocorticoid receptor agonist,4,True,True,True
771,CHEMBL1200635,CHEMBL2034,AGONIST,Glucocorticoid receptor agonist,4,True,True,True
772,CHEMBL1200762,CHEMBL2034,AGONIST,Glucocorticoid receptor agonist,4,True,True,True
773,CHEMBL1200865,CHEMBL2034,AGONIST,Glucocorticoid receptor agonist,4,True,True,True
774,CHEMBL1200909,CHEMBL2034,AGONIST,Glucocorticoid receptor agonist,4,True,True,True
775,CHEMBL131,CHEMBL2034,AGONIST,Glucocorticoid receptor agonist,4,True,True,True
776,CHEMBL1512,CHEMBL2034,AGONIST,Glucocorticoid receptor agonist,4,True,True,True
777,CHEMBL1200342,CHEMBL2034,AGONIST,Glucocorticoid receptor agonist,4,True,True,True
778,CHEMBL1200384,CHEMBL2034,AGONIST,Glucocorticoid receptor agonist,4,True,True,True
779,CHEMBL1200538,CHEMBL2034,AGONIST,Glucocorticoid receptor agonist,4,True,True,True
780,CHEMBL2021430,CHEMBL2034,AGONIST,Glucocorticoid receptor agonist,4,True,True,True
781,CHEMBL1201081,CHEMBL2034,AGONIST,Glucocorticoid receptor agonist,4,True,True,True
782,CHEMBL1201109,CHEMBL2034,AGONIST,Glucocorticoid receptor agonist,4,True,True,True
783,CHEMBL1200386,CHEMBL2034,AGONIST,Glucocorticoid receptor agonist,4,True,True,True
784,CHEMBL1200500,CHEMBL2034,AGONIST,Glucocorticoid receptor agonist,4,True,True,True
785,CHEMBL1200545,CHEMBL2034,AGONIST,Glucocorticoid receptor agonist,4,True,True,True
786,CHEMBL1200877,CHEMBL2034,AGONIST,Glucocorticoid receptor agonist,4,True,True,True
787,CHEMBL1200908,CHEMBL2034,AGONIST,Glucocorticoid receptor agonist,4,True,True,True
788,CHEMBL1200968,CHEMBL2034,AGONIST,Glucocorticoid receptor agonist,4,True,True,True
789,CHEMBL1201064,CHEMBL2034,AGONIST,Glucocorticoid receptor agonist,4,True,True,True
790,CHEMBL650,CHEMBL2034,AGONIST,Glucocorticoid receptor agonist,4,True,True,True
791,CHEMBL1451,CHEMBL2034,AGONIST,Glucocorticoid receptor agonist,4,True,True,True
792,CHEMBL1501,CHEMBL2034,AGONIST,Glucocorticoid receptor agonist,4,True,True,True
793,CHEMBL1676,CHEMBL2034,AGONIST,Glucocorticoid receptor agonist,4,True,True,True
794,CHEMBL1766,CHEMBL2034,AGONIST,Glucocorticoid receptor agonist,4,True,True,True
795,CHEMBL1200376,CHEMBL2034,AGONIST,Glucocorticoid receptor agonist,4,True,True,True
796,CHEMBL1200449,CHEMBL2034,AGONIST,Glucocorticoid receptor agonist,4,True,True,True
797,CHEMBL1200562,CHEMBL2034,AGONIST,Glucocorticoid receptor agonist,4,True,True,True
798,CHEMBL1200732,CHEMBL2034,AGONIST,Glucocorticoid receptor agonist,4,True,True,True
799,CHEMBL1200989,CHEMBL2034,AGONIST,Glucocorticoid receptor agonist,4,True,True,True
800,CHEMBL1201014,CHEMBL2034,AGONIST,Glucocorticoid receptor agonist,4,True,True,True
801,CHEMBL1091,CHEMBL2034,AGONIST,Glucocorticoid receptor agonist,4,True,True,True
802,CHEMBL1161,CHEMBL2034,AGONIST,Glucocorticoid receptor agonist,4,True,True,True
803,CHEMBL1530428,CHEMBL2034,AGONIST,Glucocorticoid receptor agonist,4,True,True,True
804,CHEMBL1683,CHEMBL2034,AGONIST,Glucocorticoid receptor agonist,4,True,True,True
805,CHEMBL1200774,CHEMBL2034,AGONIST,Glucocorticoid receptor agonist,4,True,True,True
806,CHEMBL1200878,CHEMBL2034,AGONIST,Glucocorticoid receptor agonist,4,True,True,True
807,CHEMBL1200975,CHEMBL2034,AGONIST,Glucocorticoid receptor agonist,4,True,True,True
808,CHEMBL1201148,CHEMBL2034,AGONIST,Glucocorticoid receptor agonist,4,True,True,True
809,CHEMBL2040682,CHEMBL2034,AGONIST,Glucocorticoid receptor agonist,4,True,True,True
810,CHEMBL989,CHEMBL2034,AGONIST,Glucocorticoid receptor agonist,4,True,True,True
811,CHEMBL1152,CHEMBL2034,AGONIST,Glucocorticoid receptor agonist,4,True,True,True
812,CHEMBL1370,CHEMBL2034,AGONIST,Glucocorticoid receptor agonist,4,True,True,True
813,CHEMBL384467,CHEMBL2034,AGONIST,Glucocorticoid receptor agonist,4,True,True,True
814,CHEMBL1497,CHEMBL2034,AGONIST,Glucocorticoid receptor agonist,4,True,True,True
815,CHEMBL1650,CHEMBL2034,AGONIST,Glucocorticoid receptor agonist,4,True,True,True
816,CHEMBL1200617,CHEMBL2034,AGONIST,Glucocorticoid receptor agonist,4,True,True,True
817,CHEMBL1364144,CHEMBL2034,AGONIST,Glucocorticoid receptor agonist,4,True,True,True
818,CHEMBL1200953,CHEMBL2034,AGONIST,Glucocorticoid receptor agonist,4,True,True,True
819,CHEMBL1201012,CHEMBL2034,AGONIST,Glucocorticoid receptor agonist,4,True,True,True
820,CHEMBL1473,CHEMBL2034,AGONIST,Glucocorticoid receptor agonist,4,True,True,True
821,CHEMBL1276308,CHEMBL2034,ANTAGONIST,Glucocorticoid receptor antagonist,4,True,True,True
822,CHEMBL853,CHEMBL247,INHIBITOR,Human immunodeficiency virus type 1 reverse transcriptase inhibitor,4,True,True,True
823,CHEMBL929,CHEMBL247,INHIBITOR,Human immunodeficiency virus type 1 reverse transcriptase inhibitor,4,True,True,True
824,CHEMBL1460,CHEMBL247,INHIBITOR,Human immunodeficiency virus type 1 reverse transcriptase inhibitor,4,True,True,True
825,CHEMBL1486,CHEMBL247,INHIBITOR,Human immunodeficiency virus type 1 reverse transcriptase inhibitor,4,True,True,True
826,CHEMBL885,CHEMBL247,INHIBITOR,Human immunodeficiency virus type 1 reverse transcriptase inhibitor,4,True,True,True
827,CHEMBL223228,CHEMBL247,INHIBITOR,Human immunodeficiency virus type 1 reverse transcriptase inhibitor,4,True,True,True
828,CHEMBL129,CHEMBL247,INHIBITOR,Human immunodeficiency virus type 1 reverse transcriptase inhibitor,4,True,True,True
829,CHEMBL4303288,CHEMBL247,INHIBITOR,Human immunodeficiency virus type 1 reverse transcriptase inhibitor,4,True,True,True
830,CHEMBL57,CHEMBL247,INHIBITOR,Human immunodeficiency virus type 1 reverse transcriptase inhibitor,4,True,True,True
831,CHEMBL991,CHEMBL247,INHIBITOR,Human immunodeficiency virus type 1 reverse transcriptase inhibitor,4,True,True,True
832,CHEMBL1628504,CHEMBL247,INHIBITOR,Human immunodeficiency virus type 1 reverse transcriptase inhibitor,4,True,True,True
833,CHEMBL308954,CHEMBL247,INHIBITOR,Human immunodeficiency virus type 1 reverse transcriptase inhibitor,4,True,True,True
834,CHEMBL141,CHEMBL247,INHIBITOR,Human immunodeficiency virus type 1 reverse transcriptase inhibitor,4,True,True,True
835,CHEMBL1201142,CHEMBL2039,INHIBITOR,Monoamine oxidase B inhibitor,4,True,True,True
836,CHEMBL1200904,CHEMBL2039,INHIBITOR,Monoamine oxidase B inhibitor,4,True,True,True
837,CHEMBL972,CHEMBL2039,INHIBITOR,Monoamine oxidase B inhibitor,4,True,True,True
838,CHEMBL1201571,CHEMBL2040,INHIBITOR,T-cell surface antigen CD2 inhibitor,4,True,True,True
840,CHEMBL1201733,CHEMBL258,INHIBITOR,Tyrosine-protein kinase LCK inhibitor,4,True,True,True
841,CHEMBL404271,CHEMBL2045,INHIBITOR,Pancreatic alpha-amylase inhibitor,4,True,True,True
842,CHEMBL1551,CHEMBL2047,AGONIST,Bile acid receptor FXR agonist,4,True,True,True
843,CHEMBL240597,CHEMBL2047,AGONIST,Bile acid receptor FXR agonist,4,True,True,True
844,CHEMBL395429,CHEMBL2049,AGONIST,Oxytocin receptor agonist,4,True,True,True
845,CHEMBL1200340,CHEMBL2051,INHIBITOR,Neuraminidase inhibitor,4,True,True,True
846,CHEMBL222813,CHEMBL2051,INHIBITOR,Neuraminidase inhibitor,4,True,True,True
847,CHEMBL535396,CHEMBL2052,INHIBITOR,Influenza virus A matrix protein M2 inhibitor,4,True,True,True
848,CHEMBL1201746,CHEMBL202,INHIBITOR,Dihydrofolate reductase inhibitor,4,True,True,True
849,CHEMBL3244648,CHEMBL202,INHIBITOR,Dihydrofolate reductase inhibitor,4,True,True,True
850,CHEMBL2360464,CHEMBL202,INHIBITOR,Dihydrofolate reductase inhibitor,4,True,True,True
851,CHEMBL1026,CHEMBL2056,AGONIST,Dopamine D1 receptor agonist,4,True,True,True
852,CHEMBL1200843,CHEMBL2056,ANTAGONIST,Dopamine D1 receptor antagonist,4,True,True,True
853,CHEMBL1029,CHEMBL2063,INHIBITOR,Ceramide glucosyltransferase inhibitor,4,True,True,True
854,CHEMBL1421,CHEMBL2068,INHIBITOR,Ephrin type-A receptor 2 inhibitor,4,True,True,True
855,CHEMBL1201477,CHEMBL206,AGONIST,Estrogen receptor alpha agonist,4,True,True,True
856,CHEMBL786,CHEMBL206,MODULATOR,Estrogen receptor alpha modulator,4,True,True,True
857,CHEMBL1405,CHEMBL206,AGONIST,Estrogen receptor alpha agonist,4,True,True,True
858,CHEMBL135,CHEMBL206,AGONIST,Estrogen receptor alpha agonist,4,True,True,True
859,CHEMBL1200430,CHEMBL206,AGONIST,Estrogen receptor alpha agonist,4,True,True,True
860,CHEMBL1511,CHEMBL206,AGONIST,Estrogen receptor alpha agonist,4,True,True,True
861,CHEMBL3185958,CHEMBL206,MODULATOR,Estrogen receptor alpha modulator,4,True,True,True
862,CHEMBL691,CHEMBL206,AGONIST,Estrogen receptor alpha agonist,4,True,True,True
863,CHEMBL1018,CHEMBL206,AGONIST,Estrogen receptor alpha agonist,4,True,True,True
864,CHEMBL1200973,CHEMBL206,AGONIST,Estrogen receptor alpha agonist,4,True,True,True
865,CHEMBL1200980,CHEMBL206,AGONIST,Estrogen receptor alpha agonist,4,True,True,True
866,CHEMBL1201151,CHEMBL206,AGONIST,Estrogen receptor alpha agonist,4,True,True,True
867,CHEMBL411,CHEMBL206,AGONIST,Estrogen receptor alpha agonist,4,True,True,True
868,CHEMBL1200749,CHEMBL2072,BLOCKER,Sodium channel protein type IV alpha subunit blocker,4,True,True,True
869,CHEMBL1098,CHEMBL2072,BLOCKER,Sodium channel protein type IV alpha subunit blocker,4,True,True,True
870,CHEMBL1200396,CHEMBL2072,BLOCKER,Sodium channel protein type IV alpha subunit blocker,4,True,True,True
871,CHEMBL1404,CHEMBL2072,BLOCKER,Sodium channel protein type IV alpha subunit blocker,4,True,True,True
872,CHEMBL1561,CHEMBL2074,INHIBITOR,Maltase-glucoamylase inhibitor,4,True,True,True
873,CHEMBL404271,CHEMBL2074,INHIBITOR,Maltase-glucoamylase inhibitor,4,True,True,True
874,CHEMBL1201483,CHEMBL222,RELEASING AGENT,Norepinephrine transporter releasing agent,4,True,True,True
875,CHEMBL2110368,CHEMBL222,SUBSTRATE,Norepinephrine transporter substrate,4,True,True,True
876,CHEMBL1118,CHEMBL222,INHIBITOR,Norepinephrine transporter inhibitor,4,True,True,True
877,CHEMBL1201535,CHEMBL222,RELEASING AGENT,Norepinephrine transporter releasing agent,4,True,True,True
878,CHEMBL1237135,CHEMBL222,INHIBITOR,Norepinephrine transporter inhibitor,4,True,True,True
879,CHEMBL3184143,CHEMBL222,SUBSTRATE,Norepinephrine transporter substrate,4,True,True,True
880,CHEMBL1574,CHEMBL222,RELEASING AGENT,Norepinephrine transporter releasing agent,4,True,True,True
881,CHEMBL1628234,CHEMBL222,INHIBITOR,Norepinephrine transporter inhibitor,4,True,True,True
882,CHEMBL1696,CHEMBL222,INHIBITOR,Norepinephrine transporter inhibitor,4,True,True,True
883,CHEMBL1095292,CHEMBL222,SUBSTRATE,Norepinephrine transporter substrate,4,True,True,True
884,CHEMBL1345,CHEMBL222,SUBSTRATE,Norepinephrine transporter substrate,4,True,True,True
885,CHEMBL1702,CHEMBL222,INHIBITOR,Norepinephrine transporter inhibitor,4,True,True,True
886,CHEMBL1200912,CHEMBL222,RELEASING AGENT,Norepinephrine transporter releasing agent,4,True,True,True
887,CHEMBL3544906,CHEMBL222,RELEASING AGENT,Norepinephrine transporter releasing agent,4,True,True,True
888,CHEMBL1201735,CHEMBL222,INHIBITOR,Norepinephrine transporter inhibitor,4,True,True,True
889,CHEMBL1201728,CHEMBL222,INHIBITOR,Norepinephrine transporter inhibitor,4,True,True,True
890,CHEMBL904,CHEMBL222,INHIBITOR,Norepinephrine transporter inhibitor,4,True,True,True
891,CHEMBL612,CHEMBL222,RELEASING AGENT,Norepinephrine transporter releasing agent,4,True,True,True
892,CHEMBL1200782,CHEMBL222,RELEASING AGENT,Norepinephrine transporter releasing agent,4,True,True,True
893,CHEMBL3544971,CHEMBL222,RELEASING AGENT,Norepinephrine transporter releasing agent,4,True,True,True
894,CHEMBL3989844,CHEMBL222,RELEASING AGENT,Norepinephrine transporter releasing agent,4,True,True,True
895,CHEMBL1693,CHEMBL222,INHIBITOR,Norepinephrine transporter inhibitor,4,True,True,True
896,CHEMBL1200483,CHEMBL222,INHIBITOR,Norepinephrine transporter inhibitor,4,True,True,True
897,CHEMBL1200377,CHEMBL222,RELEASING AGENT,Norepinephrine transporter releasing agent,4,True,True,True
898,CHEMBL3989845,CHEMBL222,INHIBITOR,Norepinephrine transporter inhibitor,4,True,True,True
899,CHEMBL1113,CHEMBL222,INHIBITOR,Norepinephrine transporter inhibitor,4,True,True,True
900,CHEMBL501,CHEMBL222,RELEASING AGENT,Norepinephrine transporter releasing agent,4,True,True,True
901,CHEMBL1200328,CHEMBL222,INHIBITOR,Norepinephrine transporter inhibitor,4,True,True,True
902,CHEMBL405,CHEMBL222,RELEASING AGENT,Norepinephrine transporter releasing agent,4,True,True,True
903,CHEMBL3989855,CHEMBL222,RELEASING AGENT,Norepinephrine transporter releasing agent,4,True,True,True
904,CHEMBL1200964,CHEMBL222,INHIBITOR,Norepinephrine transporter inhibitor,4,True,True,True
905,CHEMBL1200332,CHEMBL222,INHIBITOR,Norepinephrine transporter inhibitor,4,True,True,True
906,CHEMBL1200387,CHEMBL222,RELEASING AGENT,Norepinephrine transporter releasing agent,4,True,True,True
907,CHEMBL1698,CHEMBL222,INHIBITOR,Norepinephrine transporter inhibitor,4,True,True,True
908,CHEMBL4297064,CHEMBL222,INHIBITOR,Norepinephrine transporter inhibitor,4,True,True,True
909,CHEMBL796,CHEMBL222,INHIBITOR,Norepinephrine transporter inhibitor,4,True,True,True
910,CHEMBL1722,CHEMBL222,INHIBITOR,Norepinephrine transporter inhibitor,4,True,True,True
911,CHEMBL1200492,CHEMBL222,INHIBITOR,Norepinephrine transporter inhibitor,4,True,True,True
912,CHEMBL1201156,CHEMBL222,INHIBITOR,Norepinephrine transporter inhibitor,4,True,True,True
913,CHEMBL1201023,CHEMBL222,INHIBITOR,Norepinephrine transporter inhibitor,4,True,True,True
914,CHEMBL1200395,CHEMBL222,INHIBITOR,Norepinephrine transporter inhibitor,4,True,True,True
915,CHEMBL1200724,CHEMBL222,RELEASING AGENT,Norepinephrine transporter releasing agent,4,True,True,True
916,CHEMBL2062163,CHEMBL222,INHIBITOR,Norepinephrine transporter inhibitor,4,True,True,True
917,CHEMBL1200695,CHEMBL222,RELEASING AGENT,Norepinephrine transporter releasing agent,4,True,True,True
918,CHEMBL1201777,CHEMBL222,INHIBITOR,Norepinephrine transporter inhibitor,4,True,True,True
919,CHEMBL1692,CHEMBL222,INHIBITOR,Norepinephrine transporter inhibitor,4,True,True,True
920,CHEMBL1201178,CHEMBL222,RELEASING AGENT,Norepinephrine transporter releasing agent,4,True,True,True
921,CHEMBL1200948,CHEMBL222,INHIBITOR,Norepinephrine transporter inhibitor,4,True,True,True
922,CHEMBL1201066,CHEMBL222,INHIBITOR,Norepinephrine transporter inhibitor,4,True,True,True
923,CHEMBL18442,CHEMBL2107,PARTIAL AGONIST,C-X-C chemokine receptor type 4 partial agonist,4,True,True,True
924,CHEMBL2109065,CHEMBL3143,INHIBITOR,Coagulation factor VIII inhibitor,4,True,True,True
925,CHEMBL2028852,CHEMBL3157,ANTAGONIST,Bradykinin B2 receptor antagonist,4,True,True,True
926,CHEMBL288441,CHEMBL3234,INHIBITOR,Tyrosine-protein kinase HCK inhibitor,4,True,True,True
927,CHEMBL17,CHEMBL3242,INHIBITOR,Carbonic anhydrase XII inhibitor,4,True,True,True
928,CHEMBL20,CHEMBL3242,INHIBITOR,Carbonic anhydrase XII inhibitor,4,True,True,True
929,CHEMBL1200814,CHEMBL3242,INHIBITOR,Carbonic anhydrase XII inhibitor,4,True,True,True
930,CHEMBL1561,CHEMBL2608,INHIBITOR,Lysosomal alpha-glucosidase inhibitor,4,True,True,True
931,CHEMBL1201733,CHEMBL2742,INHIBITOR,Fibroblast growth factor receptor 3 inhibitor,4,True,True,True
932,CHEMBL1372,CHEMBL2755,OTHER,Glutathione reductase other,4,True,True,True
933,CHEMBL513,CHEMBL2755,INHIBITOR,Glutathione reductase inhibitor,4,True,True,True
934,CHEMBL1795071,CHEMBL2835,INHIBITOR,Tyrosine-protein kinase JAK1 inhibitor,4,True,True,True
935,CHEMBL2105741,CHEMBL2964,INHIBITOR,Dual specificity mitogen-activated protein kinase kinase 2 inhibitor,4,True,True,True
936,CHEMBL1795071,CHEMBL2971,INHIBITOR,Tyrosine-protein kinase JAK2 inhibitor,4,True,True,True
937,CHEMBL1201775,CHEMBL3076,ACTIVATOR,Phenylalanine-4-hydroxylase activator,4,True,True,True
938,CHEMBL2095222,CHEMBL3810,PROTEOLYTIC ENZYME,Fibronectin proteolytic enzyme,4,True,True,True
939,CHEMBL4594217,CHEMBL3884,INHIBITOR,Sodium/glucose cotransporter 2 inhibitor,4,True,True,True
940,CHEMBL288441,CHEMBL3905,INHIBITOR,Tyrosine-protein kinase Lyn inhibitor,4,True,True,True
941,CHEMBL6067980,CHEMBL3295,INHIBITOR,Pepsin A inhibitor,4,True,True,True
942,CHEMBL256087,CHEMBL1075319,OPENER,Transient receptor potential cation channel subfamily M member 8 opener,4,True,True,True
943,CHEMBL222813,CHEMBL3377,INHIBITOR,Neuraminidase inhibitor,4,True,True,True
944,CHEMBL1200340,CHEMBL3377,INHIBITOR,Neuraminidase inhibitor,4,True,True,True
945,CHEMBL204656,CHEMBL3471,INHIBITOR,Human immunodeficiency virus type 1 integrase inhibitor,4,True,True,True
946,CHEMBL518520,CHEMBL3471,INHIBITOR,Human immunodeficiency virus type 1 integrase inhibitor,4,True,True,True
947,CHEMBL271227,CHEMBL3522,INHIBITOR,Cytochrome P450 17A1 inhibitor,4,True,True,True
948,CHEMBL2105741,CHEMBL3587,INHIBITOR,Dual specificity mitogen-activated protein kinase kinase 1 inhibitor,4,True,True,True
949,CHEMBL2109065,CHEMBL3618,INHIBITOR,Coagulation factor V inhibitor,4,True,True,True
950,CHEMBL1201733,CHEMBL3650,INHIBITOR,Fibroblast growth factor receptor 1 inhibitor,4,True,True,True
951,CHEMBL1946170,CHEMBL3650,INHIBITOR,Fibroblast growth factor receptor 1 inhibitor,4,True,True,True
952,CHEMBL1200907,CHEMBL3670,INHIBITOR,3-beta-hydroxysteroid dehydrogenase/delta 5-->4-isomerase type II inhibitor,4,True,True,True
953,CHEMBL606,CHEMBL3710,AGONIST,Prostanoid EP3 receptor agonist,4,True,True,True
954,CHEMBL2103868,CHEMBL3717,INHIBITOR,Hepatocyte growth factor receptor inhibitor,4,True,True,True
955,CHEMBL601719,CHEMBL3717,INHIBITOR,Hepatocyte growth factor receptor inhibitor,4,True,True,True
956,CHEMBL17,CHEMBL3729,INHIBITOR,Carbonic anhydrase IV inhibitor,4,True,True,True
957,CHEMBL19,CHEMBL3729,INHIBITOR,Carbonic anhydrase IV inhibitor,4,True,True,True
958,CHEMBL220492,CHEMBL3729,INHIBITOR,Carbonic anhydrase IV inhibitor,4,True,True,True
959,CHEMBL20,CHEMBL3729,INHIBITOR,Carbonic anhydrase IV inhibitor,4,True,True,True
960,CHEMBL1200814,CHEMBL3729,INHIBITOR,Carbonic anhydrase IV inhibitor,4,True,True,True
961,CHEMBL2095212,CHEMBL246,AGONIST,Beta-3 adrenergic receptor agonist,4,True,True,True
962,CHEMBL1946170,CHEMBL3961,INHIBITOR,MAP kinase p38 beta inhibitor,4,True,True,True
963,CHEMBL2360464,CHEMBL3972,INHIBITOR,GAR transformylase inhibitor,4,True,True,True
964,CHEMBL2108184,CHEMBL4051,INHIBITOR,Cystic fibrosis transmembrane conductance regulator inhibitor,4,True,True,True
965,CHEMBL2010601,CHEMBL4051,POSITIVE MODULATOR,Cystic fibrosis transmembrane conductance regulator positive modulator,4,True,True,True
966,CHEMBL1200699,CHEMBL4073,INHIBITOR,Matrix metalloproteinase 7 inhibitor,4,True,True,True
967,CHEMBL2364574,CHEMBL4073,INHIBITOR,Matrix metalloproteinase 7 inhibitor,4,True,True,True
968,CHEMBL3989740,CHEMBL4073,INHIBITOR,Matrix metalloproteinase 7 inhibitor,4,True,True,True
969,CHEMBL1201821,CHEMBL4142,AGONIST,Fibroblast growth factor receptor 2 agonist,4,True,True,True
970,CHEMBL1946170,CHEMBL4142,INHIBITOR,Fibroblast growth factor receptor 2 inhibitor,4,True,True,True
972,CHEMBL1946170,CHEMBL4223,INHIBITOR,Tyrosine-protein kinase FRK inhibitor,4,True,True,True
973,CHEMBL601719,CHEMBL4247,INHIBITOR,ALK tyrosine kinase receptor inhibitor,4,True,True,True
974,CHEMBL1371,CHEMBL4305,OPENER,Intermediate conductance calcium-activated potassium channel protein 4 opener,4,True,True,True
975,CHEMBL1463,CHEMBL4665,INHIBITOR,Thymidylate synthase inhibitor,4,True,True,True
976,CHEMBL1795072,CHEMBL4478,BLOCKER,Voltage-gated N-type calcium channel alpha-1B subunit blocker,4,True,True,True
978,CHEMBL1200699,CHEMBL4588,INHIBITOR,Matrix metalloproteinase 8 inhibitor,4,True,True,True
979,CHEMBL2364574,CHEMBL4588,INHIBITOR,Matrix metalloproteinase 8 inhibitor,4,True,True,True
980,CHEMBL3989740,CHEMBL4588,INHIBITOR,Matrix metalloproteinase 8 inhibitor,4,True,True,True
981,CHEMBL1200699,CHEMBL280,INHIBITOR,Matrix metalloproteinase 13 inhibitor,4,True,True,True
982,CHEMBL2364574,CHEMBL280,INHIBITOR,Matrix metalloproteinase 13 inhibitor,4,True,True,True
983,CHEMBL3989740,CHEMBL280,INHIBITOR,Matrix metalloproteinase 13 inhibitor,4,True,True,True
984,CHEMBL24828,CHEMBL4601,INHIBITOR,Tyrosine-protein kinase BRK inhibitor,4,True,True,True
985,CHEMBL181,CHEMBL4770,OPENER,"Potassium channel, inwardly rectifying, subfamily J, member 8 opener",4,True,True,True
986,CHEMBL294199,CHEMBL4794,OPENER,Vanilloid receptor opener,4,True,True,True
987,CHEMBL1200699,CHEMBL332,INHIBITOR,Matrix metalloproteinase-1 inhibitor,4,True,True,True
988,CHEMBL3989740,CHEMBL332,INHIBITOR,Matrix metalloproteinase-1 inhibitor,4,True,True,True
989,CHEMBL2364574,CHEMBL332,INHIBITOR,Matrix metalloproteinase-1 inhibitor,4,True,True,True
990,CHEMBL1286,CHEMBL4478,BLOCKER,Voltage-gated N-type calcium channel alpha-1B subunit blocker,4,True,True,True
991,CHEMBL1946170,CHEMBL5122,INHIBITOR,Discoidin domain-containing receptor 2 inhibitor,4,True,True,True
992,CHEMBL2105729,CHEMBL5145,INHIBITOR,Serine/threonine-protein kinase B-raf inhibitor,4,True,True,True
993,CHEMBL1946170,CHEMBL5145,INHIBITOR,Serine/threonine-protein kinase B-raf inhibitor,4,True,True,True
994,CHEMBL1200485,CHEMBL5145,INHIBITOR,Serine/threonine-protein kinase B-raf inhibitor,4,True,True,True
995,CHEMBL1229517,CHEMBL5145,INHIBITOR,Serine/threonine-protein kinase B-raf inhibitor,4,True,True,True
997,CHEMBL535650,CHEMBL613897,INHIBITOR,Ferriprotoporphyrin IX inhibitor,4,True,True,True
998,CHEMBL1200901,CHEMBL613897,INHIBITOR,Ferriprotoporphyrin IX inhibitor,4,True,True,True
999,CHEMBL1357648,CHEMBL613897,INHIBITOR,Ferriprotoporphyrin IX inhibitor,4,True,True,True
1000,CHEMBL58510,CHEMBL613897,INHIBITOR,Ferriprotoporphyrin IX inhibitor,4,True,True,True
1001,CHEMBL566534,CHEMBL613897,INHIBITOR,Ferriprotoporphyrin IX inhibitor,4,True,True,True
1002,CHEMBL2359966,CHEMBL613897,INHIBITOR,Ferriprotoporphyrin IX inhibitor,4,True,True,True
1003,CHEMBL4297165,CHEMBL613897,BINDING AGENT,Ferriprotoporphyrin IX binding agent,4,True,True,True
1004,CHEMBL38827,CHEMBL613897,INHIBITOR,Ferriprotoporphyrin IX inhibitor,4,True,True,True
1005,CHEMBL1690,CHEMBL613897,INHIBITOR,Ferriprotoporphyrin IX inhibitor,4,True,True,True
1006,CHEMBL1643,CHEMBL4296320,INHIBITOR,RNA-directed RNA polymerase inhibitor,4,True,True,True
1007,CHEMBL1200612,CHEMBL5451,BLOCKER,Sodium channel protein type X alpha subunit blocker,4,True,True,True
1008,CHEMBL2104987,CHEMBL5844,AGONIST,Glucagon-like peptide 2 receptor agonist,4,True,True,True
1009,CHEMBL1201134,CHEMBL1628478,OPENER,Chloride channel protein 2 opener,4,True,True,True
1010,CHEMBL1387,CHEMBL208,AGONIST,Progesterone receptor agonist,4,True,True,True
1011,CHEMBL1531,CHEMBL208,AGONIST,Progesterone receptor agonist,4,True,True,True
1012,CHEMBL1201139,CHEMBL208,AGONIST,Progesterone receptor agonist,4,True,True,True
1013,CHEMBL1201146,CHEMBL208,AGONIST,Progesterone receptor agonist,4,True,True,True
1014,CHEMBL717,CHEMBL208,AGONIST,Progesterone receptor agonist,4,True,True,True
1015,CHEMBL1162,CHEMBL208,AGONIST,Progesterone receptor agonist,4,True,True,True
1016,CHEMBL1200848,CHEMBL208,AGONIST,Progesterone receptor agonist,4,True,True,True
1017,CHEMBL1200853,CHEMBL208,AGONIST,Progesterone receptor agonist,4,True,True,True
1018,CHEMBL103,CHEMBL208,AGONIST,Progesterone receptor agonist,4,True,True,True
1019,CHEMBL2107797,CHEMBL208,AGONIST,Progesterone receptor agonist,4,True,True,True
1020,CHEMBL1200934,CHEMBL208,AGONIST,Progesterone receptor agonist,4,True,True,True
1021,CHEMBL1389,CHEMBL208,AGONIST,Progesterone receptor agonist,4,True,True,True
1022,CHEMBL1533,CHEMBL208,AGONIST,Progesterone receptor agonist,4,True,True,True
1023,CHEMBL260538,CHEMBL208,MODULATOR,Progesterone receptor modulator,4,True,True,True
1024,CHEMBL1200807,CHEMBL208,AGONIST,Progesterone receptor agonist,4,True,True,True
1025,CHEMBL1200624,CHEMBL208,AGONIST,Progesterone receptor agonist,4,True,True,True
1026,CHEMBL1276308,CHEMBL208,ANTAGONIST,Progesterone receptor antagonist,4,True,True,True
1027,CHEMBL1509,CHEMBL208,AGONIST,Progesterone receptor agonist,4,True,True,True
1028,CHEMBL1479,CHEMBL208,AGONIST,Progesterone receptor agonist,4,True,True,True
1030,CHEMBL473417,CHEMBL5971,INHIBITOR,Smoothened homolog inhibitor,4,True,True,True
1031,CHEMBL256087,CHEMBL6007,OPENER,Transient receptor potential cation channel subfamily A member 1 opener,4,True,True,True
1032,CHEMBL832,CHEMBL6120,INHIBITOR,Solute carrier family 22 member 12 inhibitor,4,True,True,True
1033,CHEMBL1946170,CHEMBL4128,INHIBITOR,Tyrosine-protein kinase TIE-2 inhibitor,4,True,True,True
1034,CHEMBL24828,CHEMBL4128,INHIBITOR,Tyrosine-protein kinase TIE-2 inhibitor,4,True,True,True
1035,CHEMBL1742982,CHEMBL1697671,INHIBITOR,Placenta growth factor inhibitor,4,True,True,True
1036,CHEMBL897,CHEMBL1641347,INHIBITOR,Solute carrier family 22 member 6 inhibitor,4,True,True,True
1037,CHEMBL897,CHEMBL1641348,INHIBITOR,Solute carrier family 22 member 8 inhibitor,4,True,True,True
1038,CHEMBL1214124,CHEMBL2096670,ANTAGONIST,Glutamate receptor ionotropic AMPA antagonist,4,True,True,True
1039,CHEMBL220492,CHEMBL2096670,ANTAGONIST,Glutamate receptor ionotropic AMPA antagonist,4,True,True,True
1040,CHEMBL957,CHEMBL2096678,ANTAGONIST,"Endothelin receptor, ET-A/ET-B antagonist",4,True,True,True
1041,CHEMBL1111,CHEMBL2096678,ANTAGONIST,"Endothelin receptor, ET-A/ET-B antagonist",4,True,True,True
1042,CHEMBL897,CHEMBL2073677,INHIBITOR,Solute carrier family 22 member 11 inhibitor,4,True,True,True
1043,CHEMBL1201536,CHEMBL1907589,AGONIST,Neuronal acetylcholine receptor; alpha4/beta2 agonist,4,True,True,True
1044,CHEMBL3,CHEMBL1907589,AGONIST,Neuronal acetylcholine receptor; alpha4/beta2 agonist,4,True,True,True
1045,CHEMBL6067972,CHEMBL1907589,AGONIST,Neuronal acetylcholine receptor; alpha4/beta2 agonist,4,True,True,True
1046,CHEMBL3301675,CHEMBL1795197,AGONIST,Heat-stable enterotoxin receptor agonist,4,True,True,True
1047,CHEMBL675,CHEMBL1782,INHIBITOR,Farnesyl diphosphate synthase inhibitor,4,True,True,True
1048,CHEMBL1654,CHEMBL1782,INHIBITOR,Farnesyl diphosphate synthase inhibitor,4,True,True,True
1049,CHEMBL4303669,CHEMBL1782,INHIBITOR,Farnesyl diphosphate synthase inhibitor,4,True,True,True
1050,CHEMBL3989569,CHEMBL1782,INHIBITOR,Farnesyl diphosphate synthase inhibitor,4,True,True,True
1051,CHEMBL3989401,CHEMBL1782,INHIBITOR,Farnesyl diphosphate synthase inhibitor,4,True,True,True
1052,CHEMBL503,CHEMBL402,INHIBITOR,HMG-CoA reductase inhibitor,4,True,True,True
1053,CHEMBL1200563,CHEMBL402,INHIBITOR,HMG-CoA reductase inhibitor,4,True,True,True
1054,CHEMBL1237061,CHEMBL402,INHIBITOR,HMG-CoA reductase inhibitor,4,True,True,True
1055,CHEMBL2218894,CHEMBL402,INHIBITOR,HMG-CoA reductase inhibitor,4,True,True,True
1056,CHEMBL1744447,CHEMBL402,INHIBITOR,HMG-CoA reductase inhibitor,4,True,True,True
1057,CHEMBL690,CHEMBL402,INHIBITOR,HMG-CoA reductase inhibitor,4,True,True,True
1058,CHEMBL393220,CHEMBL402,INHIBITOR,HMG-CoA reductase inhibitor,4,True,True,True
1059,CHEMBL1064,CHEMBL402,INHIBITOR,HMG-CoA reductase inhibitor,4,True,True,True
1060,CHEMBL1096,CHEMBL2093863,INHIBITOR,Phosphodiesterase 4 inhibitor,4,True,True,True
1061,CHEMBL1752,CHEMBL2093863,INHIBITOR,Phosphodiesterase 4 inhibitor,4,True,True,True
1062,CHEMBL193240,CHEMBL2093863,INHIBITOR,Phosphodiesterase 4 inhibitor,4,True,True,True
1063,CHEMBL1355736,CHEMBL2093863,INHIBITOR,Phosphodiesterase 4 inhibitor,4,True,True,True
1064,CHEMBL1200578,CHEMBL2093863,INHIBITOR,Phosphodiesterase 4 inhibitor,4,True,True,True
1065,CHEMBL1200875,CHEMBL2093863,INHIBITOR,Phosphodiesterase 4 inhibitor,4,True,True,True
1066,CHEMBL1370561,CHEMBL2093863,INHIBITOR,Phosphodiesterase 4 inhibitor,4,True,True,True
1067,CHEMBL343448,CHEMBL2093865,INHIBITOR,Histone deacetylase inhibitor,4,True,True,True
1068,CHEMBL1201468,CHEMBL2093866,AGONIST,Estrogen receptor agonist,4,True,True,True
1069,CHEMBL1201466,CHEMBL2093866,AGONIST,Estrogen receptor agonist,4,True,True,True
1070,CHEMBL1201649,CHEMBL2093866,AGONIST,Estrogen receptor agonist,4,True,True,True
1071,CHEMBL1201467,CHEMBL2093866,AGONIST,Estrogen receptor agonist,4,True,True,True
1072,CHEMBL2105395,CHEMBL2093866,MODULATOR,Estrogen receptor modulator,4,True,True,True
1073,CHEMBL1200598,CHEMBL2093866,AGONIST,Estrogen receptor agonist,4,True,True,True
1074,CHEMBL1201165,CHEMBL2093866,AGONIST,Estrogen receptor agonist,4,True,True,True
1075,CHEMBL1358,CHEMBL206,ANTAGONIST,Estrogen receptor alpha antagonist,4,True,True,True
1076,CHEMBL1200675,CHEMBL2093866,MODULATOR,Estrogen receptor modulator,4,True,True,True
1077,CHEMBL1201584,CHEMBL2093869,INHIBITOR,Integrin alpha-IIb/beta-3 inhibitor,4,True,True,True
1078,CHEMBL1174,CHEMBL2093869,INHIBITOR,Integrin alpha-IIb/beta-3 inhibitor,4,True,True,True
1079,CHEMBL3189072,CHEMBL2093869,INHIBITOR,Integrin alpha-IIb/beta-3 inhibitor,4,True,True,True
1080,CHEMBL1503,CHEMBL2095173,INHIBITOR,Potassium-transporting ATPase inhibitor,4,True,True,True
1081,CHEMBL1201863,CHEMBL2095173,INHIBITOR,Potassium-transporting ATPase inhibitor,4,True,True,True
1082,CHEMBL1567328,CHEMBL2095173,INHIBITOR,Potassium-transporting ATPase inhibitor,4,True,True,True
1083,CHEMBL1200930,CHEMBL2095173,INHIBITOR,Potassium-transporting ATPase inhibitor,4,True,True,True
1084,CHEMBL3989559,CHEMBL2095173,INHIBITOR,Potassium-transporting ATPase inhibitor,4,True,True,True
1085,CHEMBL480,CHEMBL2095173,INHIBITOR,Potassium-transporting ATPase inhibitor,4,True,True,True
1086,CHEMBL1200470,CHEMBL2095173,INHIBITOR,Potassium-transporting ATPase inhibitor,4,True,True,True
1087,CHEMBL5314366,CHEMBL2095173,INHIBITOR,Potassium-transporting ATPase inhibitor,4,True,True,True
1088,CHEMBL18,CHEMBL2095180,INHIBITOR,Carbonic anhydrase inhibitor,4,True,True,True
1089,CHEMBL1201470,CHEMBL2095181,AGONIST,Opioid receptors; mu/kappa/delta agonist,4,True,True,True
1090,CHEMBL1201463,CHEMBL2095181,AGONIST,Opioid receptors; mu/kappa/delta agonist,4,True,True,True
1091,CHEMBL1200794,CHEMBL2095181,AGONIST,Opioid receptors; mu/kappa/delta agonist,4,True,True,True
1092,CHEMBL19019,CHEMBL2095181,ANTAGONIST,Opioid receptors; mu/kappa/delta antagonist,4,True,True,True
1093,CHEMBL6067642,CHEMBL2095181,AGONIST,Opioid receptors; mu/kappa/delta agonist,4,True,True,True
1094,CHEMBL4297091,CHEMBL2095181,AGONIST,Opioid receptors; mu/kappa/delta agonist,4,True,True,True
1095,CHEMBL1201149,CHEMBL2095181,ANTAGONIST,Opioid receptors; mu/kappa/delta antagonist,4,True,True,True
1096,CHEMBL1201132,CHEMBL2095181,AGONIST,Opioid receptors; mu/kappa/delta agonist,4,True,True,True
1098,CHEMBL1718,CHEMBL2095181,ANTAGONIST,Opioid receptors; mu/kappa/delta antagonist,4,True,True,True
1099,CHEMBL3989677,CHEMBL2095181,AGONIST,Opioid receptors; mu/kappa/delta agonist,4,True,True,True
1100,CHEMBL1743082,CHEMBL2095182,INHIBITOR,Tubulin inhibitor,4,True,True,True
1101,CHEMBL1742994,CHEMBL2095182,INHIBITOR,Tubulin inhibitor,4,True,True,True
1102,CHEMBL428647,CHEMBL2095182,INHIBITOR,Tubulin inhibitor,4,True,True,True
1103,CHEMBL3545252,CHEMBL2095182,INHIBITOR,Tubulin inhibitor,4,True,True,True
1104,CHEMBL1683544,CHEMBL2095182,INHIBITOR,Tubulin inhibitor,4,True,True,True
1105,CHEMBL1201748,CHEMBL2095182,INHIBITOR,Tubulin inhibitor,4,True,True,True
1106,CHEMBL107,CHEMBL2095182,INHIBITOR,Tubulin inhibitor,4,True,True,True
1107,CHEMBL1201752,CHEMBL2095182,INHIBITOR,Tubulin inhibitor,4,True,True,True
1108,CHEMBL501867,CHEMBL2095182,INHIBITOR,Tubulin inhibitor,4,True,True,True
1109,CHEMBL538943,CHEMBL2095182,INHIBITOR,Tubulin inhibitor,4,True,True,True
1110,CHEMBL378544,CHEMBL2095182,INHIBITOR,Tubulin inhibitor,4,True,True,True
1112,CHEMBL1201607,CHEMBL2095184,INHIBITOR,Integrin alpha-4/beta-7 inhibitor,4,True,True,True
1113,CHEMBL1200826,CHEMBL2095188,INHIBITOR,Glycogen synthase kinase-3 inhibitor,4,True,True,True
1114,CHEMBL2103738,CHEMBL2095188,INHIBITOR,Glycogen synthase kinase-3 inhibitor,4,True,True,True
1115,CHEMBL1201556,CHEMBL2095189,AGONIST,Platelet-derived growth factor receptor agonist,4,True,True,True
1116,CHEMBL1201733,CHEMBL2095189,INHIBITOR,Platelet-derived growth factor receptor inhibitor,4,True,True,True
1117,CHEMBL1946170,CHEMBL2095189,INHIBITOR,Platelet-derived growth factor receptor inhibitor,4,True,True,True
1118,CHEMBL1567,CHEMBL2095189,INHIBITOR,Platelet-derived growth factor receptor inhibitor,4,True,True,True
1119,CHEMBL2105708,CHEMBL2096618,INHIBITOR,Bcr/Abl fusion protein inhibitor,4,True,True,True
1120,CHEMBL723,CHEMBL2094118,ANTAGONIST,Adrenergic receptor beta antagonist,4,True,True,True
1121,CHEMBL1201167,CHEMBL2094118,ANTAGONIST,Adrenergic receptor beta antagonist,4,True,True,True
1123,CHEMBL3989521,CHEMBL2094118,AGONIST,Adrenergic receptor beta agonist,4,True,True,True
1124,CHEMBL1201002,CHEMBL2094118,ANTAGONIST,Adrenergic receptor beta antagonist,4,True,True,True
1125,CHEMBL1711,CHEMBL2094118,AGONIST,Adrenergic receptor beta agonist,4,True,True,True
1126,CHEMBL1200395,CHEMBL2094124,ANTAGONIST,Glutamate [NMDA] receptor antagonist,4,True,True,True
1127,CHEMBL2068724,CHEMBL2094124,ANTAGONIST,Glutamate [NMDA] receptor antagonist,4,True,True,True
1128,CHEMBL1569,CHEMBL2094124,ANTAGONIST,Glutamate [NMDA] receptor antagonist,4,True,True,True
1129,CHEMBL1699,CHEMBL2094124,NEGATIVE ALLOSTERIC MODULATOR,Glutamate [NMDA] receptor negative allosteric modulator,4,True,True,True
1130,CHEMBL1201023,CHEMBL2094124,ANTAGONIST,Glutamate [NMDA] receptor antagonist,4,True,True,True
1131,CHEMBL1094,CHEMBL2094124,ANTAGONIST,Glutamate [NMDA] receptor antagonist,4,True,True,True
1132,CHEMBL1714,CHEMBL2094124,NEGATIVE ALLOSTERIC MODULATOR,Glutamate [NMDA] receptor negative allosteric modulator,4,True,True,True
1133,CHEMBL1200578,CHEMBL2094125,INHIBITOR,Phosphodiesterase 3 inhibitor,4,True,True,True
1134,CHEMBL1200759,CHEMBL2094125,INHIBITOR,Phosphodiesterase 3 inhibitor,4,True,True,True
1135,CHEMBL1370561,CHEMBL2094125,INHIBITOR,Phosphodiesterase 3 inhibitor,4,True,True,True
1136,CHEMBL1355736,CHEMBL2094125,INHIBITOR,Phosphodiesterase 3 inhibitor,4,True,True,True
1137,CHEMBL1218,CHEMBL2094268,AGONIST,Melatonin receptor agonist,4,True,True,True
1138,CHEMBL1200389,CHEMBL2095158,AGONIST,Adrenergic receptor alpha-2 agonist,4,True,True,True
1139,CHEMBL2106195,CHEMBL2095158,AGONIST,Adrenergic receptor alpha-2 agonist,4,True,True,True
1140,CHEMBL1200329,CHEMBL2095158,AGONIST,Adrenergic receptor alpha-2 agonist,4,True,True,True
1141,CHEMBL654,CHEMBL2095158,ANTAGONIST,Adrenergic receptor alpha-2 antagonist,4,True,True,True
1142,CHEMBL1705,CHEMBL2095158,AGONIST,Adrenergic receptor alpha-2 agonist,4,True,True,True
1143,CHEMBL1200432,CHEMBL2095158,AGONIST,Adrenergic receptor alpha-2 agonist,4,True,True,True
1144,CHEMBL1200494,CHEMBL2095158,AGONIST,Adrenergic receptor alpha-2 agonist,4,True,True,True
1145,CHEMBL134,CHEMBL2095158,AGONIST,Adrenergic receptor alpha-2 agonist,4,True,True,True
1146,CHEMBL1200379,CHEMBL2095158,AGONIST,Adrenergic receptor alpha-2 agonist,4,True,True,True
1147,CHEMBL459,CHEMBL2095158,AGONIST,Adrenergic receptor alpha-2 agonist,4,True,True,True
1148,CHEMBL1200560,CHEMBL2095158,AGONIST,Adrenergic receptor alpha-2 agonist,4,True,True,True
1149,CHEMBL677,CHEMBL2095158,AGONIST,Adrenergic receptor alpha-2 agonist,4,True,True,True
1150,CHEMBL2311030,CHEMBL2096905,AGONIST,Dopamine receptor agonist,4,True,True,True
1151,CHEMBL1275,CHEMBL2096905,AGONIST,Dopamine receptor agonist,4,True,True,True
1152,CHEMBL1113,CHEMBL2096905,ANTAGONIST,Dopamine receptor antagonist,4,True,True,True
1153,CHEMBL1423,CHEMBL2096905,ANTAGONIST,Dopamine receptor antagonist,4,True,True,True
1155,CHEMBL220492,CHEMBL2109241,ANTAGONIST,Glutamate receptor ionotropic kainate antagonist,4,True,True,True
1156,CHEMBL3833353,CHEMBL2111189,AGONIST,"Amylin receptor AMY1, CALCR/RAMP1 agonist",4,True,True,True
1157,CHEMBL3833353,CHEMBL2111190,AGONIST,Amylin receptor AMY3; CALCR/RAMP3 agonist,4,True,True,True
1158,CHEMBL1200948,CHEMBL2094251,ANTAGONIST,Adrenergic receptor alpha-1 antagonist,4,True,True,True
1159,CHEMBL2062264,CHEMBL2094251,AGONIST,Adrenergic receptor alpha-1 agonist,4,True,True,True
1160,CHEMBL723,CHEMBL2094251,ANTAGONIST,Adrenergic receptor alpha-1 antagonist,4,True,True,True
1161,CHEMBL1723,CHEMBL2094251,AGONIST,Adrenergic receptor alpha-1 agonist,4,True,True,True
1162,CHEMBL1200561,CHEMBL2094251,ANTAGONIST,Adrenergic receptor alpha-1 antagonist,4,True,True,True
1163,CHEMBL1201103,CHEMBL2094251,AGONIST,Adrenergic receptor alpha-1 agonist,4,True,True,True
1164,CHEMBL2062262,CHEMBL2094251,AGONIST,Adrenergic receptor alpha-1 agonist,4,True,True,True
1165,CHEMBL1201167,CHEMBL2094251,ANTAGONIST,Adrenergic receptor alpha-1 antagonist,4,True,True,True
1166,CHEMBL1200461,CHEMBL2094251,AGONIST,Adrenergic receptor alpha-1 agonist,4,True,True,True
1167,CHEMBL1200339,CHEMBL2094251,AGONIST,Adrenergic receptor alpha-1 agonist,4,True,True,True
1168,CHEMBL1558,CHEMBL2094251,ANTAGONIST,Adrenergic receptor alpha-1 antagonist,4,True,True,True
1169,CHEMBL1200914,CHEMBL2094251,ANTAGONIST,Adrenergic receptor alpha-1 antagonist,4,True,True,True
1170,CHEMBL3989562,CHEMBL2094251,ANTAGONIST,Adrenergic receptor alpha-1 antagonist,4,True,True,True
1171,CHEMBL3989408,CHEMBL2094253,INHIBITOR,Cyclooxygenase inhibitor,4,True,True,True
1172,CHEMBL112,CHEMBL2094253,INHIBITOR,Cyclooxygenase inhibitor,4,True,True,True
1173,CHEMBL154,CHEMBL2094253,INHIBITOR,Cyclooxygenase inhibitor,4,True,True,True
1174,CHEMBL1200806,CHEMBL2094253,INHIBITOR,Cyclooxygenase inhibitor,4,True,True,True
1175,CHEMBL1201180,CHEMBL2094253,INHIBITOR,Cyclooxygenase inhibitor,4,True,True,True
1176,CHEMBL1034,CHEMBL2094253,INHIBITOR,Cyclooxygenase inhibitor,4,True,True,True
1177,CHEMBL2103736,CHEMBL2094253,INHIBITOR,Cyclooxygenase inhibitor,4,True,True,True
1178,CHEMBL898,CHEMBL2094253,INHIBITOR,Cyclooxygenase inhibitor,4,True,True,True
1179,CHEMBL421,CHEMBL2094253,INHIBITOR,Cyclooxygenase inhibitor,4,True,True,True
1180,CHEMBL521,CHEMBL2094253,INHIBITOR,Cyclooxygenase inhibitor,4,True,True,True
1181,CHEMBL1562610,CHEMBL2094253,INHIBITOR,Cyclooxygenase inhibitor,4,True,True,True
1182,CHEMBL1120,CHEMBL2094253,INHIBITOR,Cyclooxygenase inhibitor,4,True,True,True
1183,CHEMBL1021,CHEMBL2094253,INHIBITOR,Cyclooxygenase inhibitor,4,True,True,True
1184,CHEMBL3989676,CHEMBL2094253,INHIBITOR,Cyclooxygenase inhibitor,4,True,True,True
1186,CHEMBL3989754,CHEMBL2094253,INHIBITOR,Cyclooxygenase inhibitor,4,True,True,True
1187,CHEMBL25,CHEMBL2094253,INHIBITOR,Cyclooxygenase inhibitor,4,True,True,True
1188,CHEMBL1200613,CHEMBL2094253,INHIBITOR,Cyclooxygenase inhibitor,4,True,True,True
1189,CHEMBL1200804,CHEMBL2094253,INHIBITOR,Cyclooxygenase inhibitor,4,True,True,True
1191,CHEMBL1200760,CHEMBL2094253,INHIBITOR,Cyclooxygenase inhibitor,4,True,True,True
1192,CHEMBL6,CHEMBL2094253,INHIBITOR,Cyclooxygenase inhibitor,4,True,True,True
1193,CHEMBL3181947,CHEMBL2094253,INHIBITOR,Cyclooxygenase inhibitor,4,True,True,True
1194,CHEMBL563,CHEMBL2094253,INHIBITOR,Cyclooxygenase inhibitor,4,True,True,True
1195,CHEMBL1201124,CHEMBL2094253,INHIBITOR,Cyclooxygenase inhibitor,4,True,True,True
1196,CHEMBL15770,CHEMBL2094253,INHIBITOR,Cyclooxygenase inhibitor,4,True,True,True
1197,CHEMBL1201013,CHEMBL2094253,INHIBITOR,Cyclooxygenase inhibitor,4,True,True,True
1199,CHEMBL3989410,CHEMBL2094253,INHIBITOR,Cyclooxygenase inhibitor,4,True,True,True
1200,CHEMBL1200463,CHEMBL2094253,INHIBITOR,Cyclooxygenase inhibitor,4,True,True,True
1201,CHEMBL686,CHEMBL2094253,INHIBITOR,Cyclooxygenase inhibitor,4,True,True,True
1202,CHEMBL704,CHEMBL2094253,INHIBITOR,Cyclooxygenase inhibitor,4,True,True,True
1203,CHEMBL1201141,CHEMBL2094253,INHIBITOR,Cyclooxygenase inhibitor,4,True,True,True
1204,CHEMBL1071,CHEMBL2094253,INHIBITOR,Cyclooxygenase inhibitor,4,True,True,True
1205,CHEMBL101,CHEMBL2094253,INHIBITOR,Cyclooxygenase inhibitor,4,True,True,True
1206,CHEMBL527,CHEMBL2094253,INHIBITOR,Cyclooxygenase inhibitor,4,True,True,True
1207,CHEMBL956,CHEMBL2094253,INHIBITOR,Cyclooxygenase inhibitor,4,True,True,True
1208,CHEMBL571,CHEMBL2094253,INHIBITOR,Cyclooxygenase inhibitor,4,True,True,True
1209,CHEMBL44657,CHEMBL2094255,INHIBITOR,DNA topoisomerase II inhibitor,4,True,True,True
1210,CHEMBL452231,CHEMBL2094255,INHIBITOR,DNA topoisomerase II inhibitor,4,True,True,True
1211,CHEMBL628,CHEMBL2094257,ANTAGONIST,Adenosine A2 receptor antagonist,4,True,True,True
1212,CHEMBL1370561,CHEMBL2111329,ANTAGONIST,Adenosine receptor antagonist,4,True,True,True
1213,CHEMBL1200569,CHEMBL2111329,ANTAGONIST,Adenosine receptor antagonist,4,True,True,True
1214,CHEMBL113,CHEMBL2111329,ANTAGONIST,Adenosine receptor antagonist,4,True,True,True
1215,CHEMBL477,CHEMBL2111329,AGONIST,Adenosine receptor agonist,4,True,True,True
1216,CHEMBL1355736,CHEMBL2111329,ANTAGONIST,Adenosine receptor antagonist,4,True,True,True
1217,CHEMBL1200578,CHEMBL2111329,ANTAGONIST,Adenosine receptor antagonist,4,True,True,True
1218,CHEMBL730,CHEMBL2111348,ACTIVATOR,Soluble guanylate cyclase activator,4,True,True,True
1219,CHEMBL1200689,CHEMBL2111348,ACTIVATOR,Soluble guanylate cyclase activator,4,True,True,True
1220,CHEMBL136478,CHEMBL2111348,ACTIVATOR,Soluble guanylate cyclase activator,4,True,True,True
1221,CHEMBL1311,CHEMBL2111348,ACTIVATOR,Soluble guanylate cyclase activator,4,True,True,True
1222,CHEMBL6622,CHEMBL2111348,ACTIVATOR,Soluble guanylate cyclase activator,4,True,True,True
1223,CHEMBL1456,CHEMBL2111369,INHIBITOR,Inosine-5'-monophosphate dehydrogenase (IMPDH) inhibitor,4,True,True,True
1224,CHEMBL866,CHEMBL2111369,INHIBITOR,Inosine-5'-monophosphate dehydrogenase (IMPDH) inhibitor,4,True,True,True
1225,CHEMBL1200955,CHEMBL2111369,INHIBITOR,Inosine-5'-monophosphate dehydrogenase (IMPDH) inhibitor,4,True,True,True
1226,CHEMBL727,CHEMBL2111369,INHIBITOR,Inosine-5'-monophosphate dehydrogenase (IMPDH) inhibitor,4,True,True,True
1227,CHEMBL1200875,CHEMBL2111411,INHIBITOR,Phosphodiesterase 7 inhibitor,4,True,True,True
1228,CHEMBL1200480,CHEMBL2111436,AGONIST,Somatostatin receptor agonist,4,True,True,True
1229,CHEMBL802,CHEMBL2095198,OPENER,"Sulfonylurea receptor 2, Kir6.2 opener",4,True,True,True
1230,CHEMBL1200338,CHEMBL2095198,OPENER,"Sulfonylurea receptor 2, Kir6.2 opener",4,True,True,True
1231,CHEMBL1201454,CHEMBL2095203,ANTAGONIST,Adrenergic receptor alpha antagonist,4,True,True,True
1232,CHEMBL2311030,CHEMBL2095203,ANTAGONIST,Adrenergic receptor alpha antagonist,4,True,True,True
1233,CHEMBL2448612,CHEMBL2095203,AGONIST,Adrenergic receptor alpha agonist,4,True,True,True
1234,CHEMBL1706,CHEMBL2095203,AGONIST,Adrenergic receptor alpha agonist,4,True,True,True
1235,CHEMBL1200413,CHEMBL2095203,AGONIST,Adrenergic receptor alpha agonist,4,True,True,True
1236,CHEMBL1200873,CHEMBL2095203,ANTAGONIST,Adrenergic receptor alpha antagonist,4,True,True,True
1237,CHEMBL1200791,CHEMBL2095203,AGONIST,Adrenergic receptor alpha agonist,4,True,True,True
1238,CHEMBL3559672,CHEMBL2095203,ANTAGONIST,Adrenergic receptor alpha antagonist,4,True,True,True
1239,CHEMBL1200787,CHEMBL2095203,ANTAGONIST,Adrenergic receptor alpha antagonist,4,True,True,True
1240,CHEMBL1689,CHEMBL2095203,ANTAGONIST,Adrenergic receptor alpha antagonist,4,True,True,True
1241,CHEMBL1200895,CHEMBL2095205,INHIBITOR,Monoamine oxidase inhibitor,4,True,True,True
1242,CHEMBL1200425,CHEMBL2095205,INHIBITOR,Monoamine oxidase inhibitor,4,True,True,True
1243,CHEMBL1201168,CHEMBL2095205,INHIBITOR,Monoamine oxidase inhibitor,4,True,True,True
1244,CHEMBL3989698,CHEMBL2095205,INHIBITOR,Monoamine oxidase inhibitor,4,True,True,True
1245,CHEMBL1481,CHEMBL2096972,BLOCKER,"Sulfonylurea receptor 1, Kir6.2 blocker",4,True,True,True
1246,CHEMBL472,CHEMBL2096972,BLOCKER,"Sulfonylurea receptor 1, Kir6.2 blocker",4,True,True,True
1247,CHEMBL498,CHEMBL2096972,BLOCKER,"Sulfonylurea receptor 1, Kir6.2 blocker",4,True,True,True
1248,CHEMBL1200874,CHEMBL2096972,BLOCKER,"Sulfonylurea receptor 1, Kir6.2 blocker",4,True,True,True
1249,CHEMBL1073,CHEMBL2096972,BLOCKER,"Sulfonylurea receptor 1, Kir6.2 blocker",4,True,True,True
1250,CHEMBL1589,CHEMBL2096972,BLOCKER,"Sulfonylurea receptor 1, Kir6.2 blocker",4,True,True,True
1251,CHEMBL817,CHEMBL2096972,BLOCKER,"Sulfonylurea receptor 1, Kir6.2 blocker",4,True,True,True
1252,CHEMBL1272,CHEMBL2096972,BLOCKER,"Sulfonylurea receptor 1, Kir6.2 blocker",4,True,True,True
1253,CHEMBL783,CHEMBL2096972,BLOCKER,"Sulfonylurea receptor 1, Kir6.2 blocker",4,True,True,True
1254,CHEMBL782,CHEMBL2096972,BLOCKER,"Sulfonylurea receptor 1, Kir6.2 blocker",4,True,True,True
1255,CHEMBL585,CHEMBL2107836,BLOCKER,"Amiloride-sensitive sodium channel, ENaC blocker",4,True,True,True
1256,CHEMBL1398126,CHEMBL2107836,BLOCKER,"Amiloride-sensitive sodium channel, ENaC blocker",4,True,True,True
1257,CHEMBL1201550,CHEMBL1795108,INHIBITOR,Elongation factor 2 inhibitor,4,True,True,True
1258,CHEMBL467,CHEMBL2095215,INHIBITOR,Ribonucleoside-diphosphate reductase RR1 inhibitor,4,True,True,True
1259,CHEMBL1750,CHEMBL2095215,INHIBITOR,Ribonucleoside-diphosphate reductase RR1 inhibitor,4,True,True,True
1260,CHEMBL1637,CHEMBL2095215,INHIBITOR,Ribonucleoside-diphosphate reductase RR1 inhibitor,4,True,True,True
1261,CHEMBL1096882,CHEMBL2095215,INHIBITOR,Ribonucleoside-diphosphate reductase RR1 inhibitor,4,True,True,True
1262,CHEMBL1200983,CHEMBL2095215,INHIBITOR,Ribonucleoside-diphosphate reductase RR1 inhibitor,4,True,True,True
1263,CHEMBL1567,CHEMBL2095227,INHIBITOR,Vascular endothelial growth factor receptor inhibitor,4,True,True,True
1264,CHEMBL1289926,CHEMBL2095227,INHIBITOR,Vascular endothelial growth factor receptor inhibitor,4,True,True,True
1265,CHEMBL24828,CHEMBL2095227,INHIBITOR,Vascular endothelial growth factor receptor inhibitor,4,True,True,True
1266,CHEMBL1200485,CHEMBL2095227,INHIBITOR,Vascular endothelial growth factor receptor inhibitor,4,True,True,True
1267,CHEMBL1201733,CHEMBL2095227,INHIBITOR,Vascular endothelial growth factor receptor inhibitor,4,True,True,True
1268,CHEMBL1946170,CHEMBL2095227,INHIBITOR,Vascular endothelial growth factor receptor inhibitor,4,True,True,True
1269,CHEMBL1237132,CHEMBL2095229,BLOCKER,Voltage-gated L-type calcium channel blocker,4,True,True,True
1271,CHEMBL1648,CHEMBL2095229,BLOCKER,Voltage-gated L-type calcium channel blocker,4,True,True,True
1272,CHEMBL1697,CHEMBL2095229,BLOCKER,Voltage-gated L-type calcium channel blocker,4,True,True,True
1273,CHEMBL1201729,CHEMBL2095229,BLOCKER,Voltage-gated L-type calcium channel blocker,4,True,True,True
1274,CHEMBL1200984,CHEMBL2095229,BLOCKER,Voltage-gated L-type calcium channel blocker,4,True,True,True
1275,CHEMBL1280,CHEMBL2095229,BLOCKER,Voltage-gated L-type calcium channel blocker,4,True,True,True
1276,CHEMBL193,CHEMBL2095229,BLOCKER,Voltage-gated L-type calcium channel blocker,4,True,True,True
1277,CHEMBL1200805,CHEMBL2095229,BLOCKER,Voltage-gated L-type calcium channel blocker,4,True,True,True
1278,CHEMBL1200402,CHEMBL2095229,BLOCKER,Voltage-gated L-type calcium channel blocker,4,True,True,True
1279,CHEMBL1200326,CHEMBL2095229,BLOCKER,Voltage-gated L-type calcium channel blocker,4,True,True,True
1280,CHEMBL1428,CHEMBL2095229,BLOCKER,Voltage-gated L-type calcium channel blocker,4,True,True,True
1281,CHEMBL1726,CHEMBL2095229,BLOCKER,Voltage-gated L-type calcium channel blocker,4,True,True,True
1282,CHEMBL1480,CHEMBL2095229,BLOCKER,Voltage-gated L-type calcium channel blocker,4,True,True,True
1283,CHEMBL218394,CHEMBL2095231,INHIBITOR,"Hepatitis C virus serine protease, NS3/NS4A inhibitor",4,True,True,True
1284,CHEMBL231813,CHEMBL2095231,INHIBITOR,"Hepatitis C virus serine protease, NS3/NS4A inhibitor",4,True,True,True
1285,CHEMBL1201092,CHEMBL2095233,INHIBITOR,Cholinesterases; ACHE & BCHE inhibitor,4,True,True,True
1286,CHEMBL636,CHEMBL2095233,INHIBITOR,Cholinesterases; ACHE & BCHE inhibitor,4,True,True,True
1287,CHEMBL1677,CHEMBL2095233,INHIBITOR,Cholinesterases; ACHE & BCHE inhibitor,4,True,True,True
1288,CHEMBL1201834,CHEMBL1909490,INHIBITOR,Interleukin-1 beta inhibitor,4,True,True,True
1289,CHEMBL1201830,CHEMBL1909490,INHIBITOR,Interleukin-1 beta inhibitor,4,True,True,True
1290,CHEMBL1569,CHEMBL1932894,INHIBITOR,Matrix protein 2 inhibitor,4,True,True,True
1291,CHEMBL1237082,CHEMBL1907594,NEGATIVE ALLOSTERIC MODULATOR,Neuronal acetylcholine receptor; alpha3/beta4 negative allosteric modulator,4,True,True,True
1292,CHEMBL1318287,CHEMBL1907594,ANTAGONIST,Neuronal acetylcholine receptor; alpha3/beta4 antagonist,4,True,True,True
1293,CHEMBL1245,CHEMBL1907594,ANTAGONIST,Neuronal acetylcholine receptor; alpha3/beta4 antagonist,4,True,True,True
1294,CHEMBL1201584,CHEMBL1907598,INHIBITOR,Integrin alpha-V/beta-3 inhibitor,4,True,True,True
1295,CHEMBL1201607,CHEMBL1907599,INHIBITOR,Integrin alpha-4/beta-1 inhibitor,4,True,True,True
1298,CHEMBL2107333,CHEMBL2069156,INHIBITOR,Kelch-like ECH-associated protein 1 inhibitor,4,True,True,True
1299,CHEMBL928,CHEMBL2062,ANTAGONIST,Ryanodine receptor 3 antagonist,4,True,True,True
1300,CHEMBL3545058,CHEMBL2111462,AGONIST,Thyroid hormone receptor agonist,4,True,True,True
1301,CHEMBL1201119,CHEMBL2111462,AGONIST,Thyroid hormone receptor agonist,4,True,True,True
1302,CHEMBL559,CHEMBL2111462,AGONIST,Thyroid hormone receptor agonist,4,True,True,True
1303,CHEMBL1544,CHEMBL2111462,AGONIST,Thyroid hormone receptor agonist,4,True,True,True
1304,CHEMBL2103741,CHEMBL2111462,AGONIST,Thyroid hormone receptor agonist,4,True,True,True
1305,CHEMBL1200682,CHEMBL2111463,AGONIST,GABA-B receptor agonist,4,True,True,True
1306,CHEMBL701,CHEMBL2111463,AGONIST,GABA-B receptor agonist,4,True,True,True
1307,CHEMBL1337,CHEMBL1861,INHIBITOR,4-hydroxyphenylpyruvate dioxygenase inhibitor,4,True,True,True
1308,CHEMBL1685,CHEMBL237,ANTAGONIST,Kappa opioid receptor antagonist,4,True,True,True
1309,CHEMBL1200543,CHEMBL237,AGONIST,Kappa opioid receptor agonist,4,True,True,True
1310,CHEMBL1201047,CHEMBL237,AGONIST,Kappa opioid receptor agonist,4,True,True,True
1311,CHEMBL511142,CHEMBL237,AGONIST,Kappa opioid receptor agonist,4,True,True,True
1312,CHEMBL2368861,CHEMBL237,AGONIST,Kappa opioid receptor agonist,4,True,True,True
1313,CHEMBL299400,CHEMBL237,PARTIAL AGONIST,Kappa opioid receptor partial agonist,4,True,True,True
1314,CHEMBL2062276,CHEMBL237,PARTIAL AGONIST,Kappa opioid receptor partial agonist,4,True,True,True
1315,CHEMBL1201037,CHEMBL1869,INHIBITOR,Ornithine decarboxylase inhibitor,4,True,True,True
1316,CHEMBL1200585,CHEMBL1871,AGONIST,Androgen Receptor agonist,4,True,True,True
1317,CHEMBL806,CHEMBL1871,ANTAGONIST,Androgen Receptor antagonist,4,True,True,True
1318,CHEMBL1274,CHEMBL1871,ANTAGONIST,Androgen Receptor antagonist,4,True,True,True
1319,CHEMBL1201048,CHEMBL1871,AGONIST,Androgen Receptor agonist,4,True,True,True
1320,CHEMBL409,CHEMBL1871,ANTAGONIST,Androgen Receptor antagonist,4,True,True,True
1321,CHEMBL1395,CHEMBL1871,AGONIST,Androgen Receptor agonist,4,True,True,True
1322,CHEMBL1200623,CHEMBL1871,AGONIST,Androgen Receptor agonist,4,True,True,True
1323,CHEMBL2079587,CHEMBL1871,AGONIST,Androgen Receptor agonist,4,True,True,True
1324,CHEMBL1170,CHEMBL1871,AGONIST,Androgen Receptor agonist,4,True,True,True
1325,CHEMBL1200335,CHEMBL1871,AGONIST,Androgen Receptor agonist,4,True,True,True
1326,CHEMBL1200946,CHEMBL1871,AGONIST,Androgen Receptor agonist,4,True,True,True
1327,CHEMBL1200436,CHEMBL1871,AGONIST,Androgen Receptor agonist,4,True,True,True
1328,CHEMBL1201101,CHEMBL1871,AGONIST,Androgen Receptor agonist,4,True,True,True
1329,CHEMBL386630,CHEMBL1871,AGONIST,Androgen Receptor agonist,4,True,True,True
1330,CHEMBL1445,CHEMBL1871,AGONIST,Androgen Receptor agonist,4,True,True,True
1331,CHEMBL1082407,CHEMBL1871,ANTAGONIST,Androgen Receptor antagonist,4,True,True,True
1332,CHEMBL1200412,CHEMBL1871,AGONIST,Androgen Receptor agonist,4,True,True,True
1333,CHEMBL1479,CHEMBL1871,AGONIST,Androgen Receptor agonist,4,True,True,True
1334,CHEMBL1516474,CHEMBL1875,PARTIAL AGONIST,Serotonin 4 (5-HT4) receptor partial agonist,4,True,True,True
1335,CHEMBL1200788,CHEMBL1875,AGONIST,Serotonin 4 (5-HT4) receptor agonist,4,True,True,True
1336,CHEMBL1200940,CHEMBL1875,AGONIST,Serotonin 4 (5-HT4) receptor agonist,4,True,True,True
1337,CHEMBL1084172,CHEMBL210,AGONIST,Beta-2 adrenergic receptor agonist,4,True,True,True
1338,CHEMBL714,CHEMBL210,AGONIST,Beta-2 adrenergic receptor agonist,4,True,True,True
1339,CHEMBL1200444,CHEMBL210,AGONIST,Beta-2 adrenergic receptor agonist,4,True,True,True
1340,CHEMBL1200893,CHEMBL210,AGONIST,Beta-2 adrenergic receptor agonist,4,True,True,True
1341,CHEMBL1201061,CHEMBL210,AGONIST,Beta-2 adrenergic receptor agonist,4,True,True,True
1342,CHEMBL1951071,CHEMBL210,AGONIST,Beta-2 adrenergic receptor agonist,4,True,True,True
1343,CHEMBL1200405,CHEMBL210,AGONIST,Beta-2 adrenergic receptor agonist,4,True,True,True
1344,CHEMBL1082607,CHEMBL210,AGONIST,Beta-2 adrenergic receptor agonist,4,True,True,True
1345,CHEMBL1367605,CHEMBL210,AGONIST,Beta-2 adrenergic receptor agonist,4,True,True,True
1346,CHEMBL1789842,CHEMBL210,AGONIST,Beta-2 adrenergic receptor agonist,4,True,True,True
1347,CHEMBL1315867,CHEMBL210,AGONIST,Beta-2 adrenergic receptor agonist,4,True,True,True
1348,CHEMBL3989693,CHEMBL210,AGONIST,Beta-2 adrenergic receptor agonist,4,True,True,True
1349,CHEMBL3989798,CHEMBL210,AGONIST,Beta-2 adrenergic receptor agonist,4,True,True,True
1350,CHEMBL1568057,CHEMBL210,AGONIST,Beta-2 adrenergic receptor agonist,4,True,True,True
1351,CHEMBL1441059,CHEMBL210,AGONIST,Beta-2 adrenergic receptor agonist,4,True,True,True
1352,CHEMBL1201153,CHEMBL210,AGONIST,Beta-2 adrenergic receptor agonist,4,True,True,True
1353,CHEMBL1200947,CHEMBL210,ANTAGONIST,Beta-2 adrenergic receptor antagonist,4,True,True,True
1354,CHEMBL521606,CHEMBL210,ANTAGONIST,Beta-2 adrenergic receptor antagonist,4,True,True,True
1355,CHEMBL1201731,CHEMBL210,ANTAGONIST,Beta-2 adrenergic receptor antagonist,4,True,True,True
1356,CHEMBL1200745,CHEMBL210,ANTAGONIST,Beta-2 adrenergic receptor antagonist,4,True,True,True
1357,CHEMBL2361370,CHEMBL210,ANTAGONIST,Beta-2 adrenergic receptor antagonist,4,True,True,True
1358,CHEMBL1201063,CHEMBL210,ANTAGONIST,Beta-2 adrenergic receptor antagonist,4,True,True,True
1359,CHEMBL1671,CHEMBL210,ANTAGONIST,Beta-2 adrenergic receptor antagonist,4,True,True,True
1360,CHEMBL500,CHEMBL210,PARTIAL AGONIST,Beta-2 adrenergic receptor partial agonist,4,True,True,True
1361,CHEMBL1700,CHEMBL210,ANTAGONIST,Beta-2 adrenergic receptor antagonist,4,True,True,True
1362,CHEMBL1200920,CHEMBL210,AGONIST,Beta-2 adrenergic receptor agonist,4,True,True,True
1363,CHEMBL1201177,CHEMBL210,ANTAGONIST,Beta-2 adrenergic receptor antagonist,4,True,True,True
1364,CHEMBL1200870,CHEMBL210,ANTAGONIST,Beta-2 adrenergic receptor antagonist,4,True,True,True
1365,CHEMBL499,CHEMBL210,ANTAGONIST,Beta-2 adrenergic receptor antagonist,4,True,True,True
1366,CHEMBL1200418,CHEMBL210,AGONIST,Beta-2 adrenergic receptor agonist,4,True,True,True
1367,CHEMBL1201115,CHEMBL210,ANTAGONIST,Beta-2 adrenergic receptor antagonist,4,True,True,True
1368,CHEMBL1695,CHEMBL1903,INHIBITOR,GABA transporter 1 inhibitor,4,True,True,True
1369,CHEMBL1670,CHEMBL1908,INHIBITOR,Cytochrome P450 11B1 inhibitor,4,True,True,True
1370,CHEMBL1201587,CHEMBL1912,INHIBITOR,CAMPATH-1 antigen inhibitor,4,True,True,True
1371,CHEMBL1471,CHEMBL249,ANTAGONIST,Neurokinin 1 receptor antagonist,4,True,True,True
1372,CHEMBL1201782,CHEMBL249,ANTAGONIST,Neurokinin 1 receptor antagonist,4,True,True,True
1373,CHEMBL231779,CHEMBL244,INHIBITOR,Coagulation factor X inhibitor,4,True,True,True
1375,CHEMBL198362,CHEMBL244,INHIBITOR,Coagulation factor X inhibitor,4,True,True,True
1376,CHEMBL1518,CHEMBL2019,INHIBITOR,Type I iodothyronine deiodinase (Type-I 5'-deiodinase) (DIOI) (Type 1 DI) (5DI) inhibitor,4,True,True,True
1377,CHEMBL1138,CHEMBL2027,INHIBITOR,Niemann-Pick C1-like protein 1 inhibitor,4,True,True,True
1378,CHEMBL771,CHEMBL2031,INHIBITOR,Alanine racemase inhibitor,4,True,True,True
1379,CHEMBL2096642,CHEMBL241,INHIBITOR,Phosphodiesterase 3A inhibitor,4,True,True,True
1380,CHEMBL799,CHEMBL241,INHIBITOR,Phosphodiesterase 3A inhibitor,4,True,True,True
1381,CHEMBL1200977,CHEMBL241,INHIBITOR,Phosphodiesterase 3A inhibitor,4,True,True,True
1382,CHEMBL1752,CHEMBL241,INHIBITOR,Phosphodiesterase 3A inhibitor,4,True,True,True
1384,CHEMBL89598,CHEMBL2044,INHIBITOR,Gamma-amino-N-butyrate transaminase inhibitor,4,True,True,True
1385,CHEMBL1201573,CHEMBL2050,AGONIST,Interleukin 11 receptor alpha agonist,4,True,True,True
1386,CHEMBL374478,CHEMBL2364672,INHIBITOR,Bacterial DNA-directed RNA polymerase inhibitor,4,True,True,True
1387,CHEMBL444633,CHEMBL2364672,INHIBITOR,Bacterial DNA-directed RNA polymerase inhibitor,4,True,True,True
1388,CHEMBL1660,CHEMBL2364672,INHIBITOR,Bacterial DNA-directed RNA polymerase inhibitor,4,True,True,True
1389,CHEMBL1617,CHEMBL2364672,INHIBITOR,Bacterial DNA-directed RNA polymerase inhibitor,4,True,True,True
1390,CHEMBL264241,CHEMBL2364673,INHIBITOR,"1,3-beta-glucan synthase inhibitor",4,True,True,True
1391,CHEMBL5314378,CHEMBL2364673,INHIBITOR,"1,3-beta-glucan synthase inhibitor",4,True,True,True
1392,CHEMBL1237070,CHEMBL2364673,INHIBITOR,"1,3-beta-glucan synthase inhibitor",4,True,True,True
1393,CHEMBL5314378,CHEMBL2364674,INHIBITOR,"1,3-beta-glucan synthase inhibitor",4,True,True,True
1394,CHEMBL2095208,CHEMBL2364675,INHIBITOR,Cytochrome P450 3A inhibitor,4,True,True,True
1395,CHEMBL3989678,CHEMBL2364676,POSITIVE MODULATOR,Nematode GABA-A receptor positive modulator,4,True,True,True
1396,CHEMBL937,CHEMBL2364676,POSITIVE MODULATOR,Nematode GABA-A receptor positive modulator,4,True,True,True
1397,CHEMBL1201826,CHEMBL2364677,HYDROLYTIC ENZYME,Heparan sulfate hydrolytic enzyme,4,True,True,True
1398,CHEMBL1201595,CHEMBL2364677,HYDROLYTIC ENZYME,Heparan sulfate hydrolytic enzyme,4,True,True,True
1399,CHEMBL496,CHEMBL2364678,INHIBITOR,Bacterial enoyl-[acyl-carrier-protein] reductase inhibitor,4,True,True,True
1400,CHEMBL849,CHEMBL2364678,INHIBITOR,Bacterial enoyl-[acyl-carrier-protein] reductase inhibitor,4,True,True,True
1401,CHEMBL1200397,CHEMBL2364679,INHIBITOR,Squalene monooxygenase inhibitor,4,True,True,True
1402,CHEMBL1200832,CHEMBL2364679,INHIBITOR,Squalene monooxygenase inhibitor,4,True,True,True
1403,CHEMBL822,CHEMBL2364679,INHIBITOR,Squalene monooxygenase inhibitor,4,True,True,True
1404,CHEMBL1200493,CHEMBL2364679,INHIBITOR,Squalene monooxygenase inhibitor,4,True,True,True
1405,CHEMBL1463,CHEMBL2364680,INHIBITOR,Thymidylate synthase inhibitor,4,True,True,True
1406,CHEMBL2105662,CHEMBL2364681,INHIBITOR,Microsomal triglyceride transfer protein inhibitor,4,True,True,True
1407,CHEMBL1374379,CHEMBL2364682,INHIBITOR,Slowly adapting pulmonary stretch receptor inhibitor,4,True,True,True
1408,CHEMBL734,CHEMBL2364683,INHIBITOR,Bacterial urease inhibitor,4,True,True,True
1409,CHEMBL1200453,CHEMBL2364696,INHIBITOR,Envelope glycoprotein inhibitor,4,True,True,True
1410,CHEMBL1742990,CHEMBL2364156,INHIBITOR,T-lymphocyte activation antigen CD86 inhibitor,4,True,True,True
1411,CHEMBL1201823,CHEMBL2364156,INHIBITOR,T-lymphocyte activation antigen CD86 inhibitor,4,True,True,True
1412,CHEMBL1201823,CHEMBL2364157,INHIBITOR,T-lymphocyte activation antigen CD80 inhibitor,4,True,True,True
1413,CHEMBL1742990,CHEMBL2364157,INHIBITOR,T-lymphocyte activation antigen CD80 inhibitor,4,True,True,True
1414,CHEMBL1789843,CHEMBL2364158,INHIBITOR,Tumor necrosis factor ligand superfamily member 13B inhibitor,4,True,True,True
1415,CHEMBL2108035,CHEMBL2364159,INHIBITOR,Synaptosomal nerve-associated protein 25 (SNAP-25) inhibitor,4,True,True,True
1416,CHEMBL2108570,CHEMBL2364159,INHIBITOR,Synaptosomal nerve-associated protein 25 (SNAP-25) inhibitor,4,True,True,True
1417,CHEMBL1201574,CHEMBL2364159,INHIBITOR,Synaptosomal nerve-associated protein 25 (SNAP-25) inhibitor,4,True,True,True
1418,CHEMBL1201569,CHEMBL2364160,INHIBITOR,Vesicle-associated membrane protein 2 inhibitor,4,True,True,True
1419,CHEMBL1742994,CHEMBL2364161,BINDING AGENT,Tumor necrosis factor receptor superfamily member 8 binding agent,4,True,True,True
1420,CHEMBL1237023,CHEMBL2364162,INHIBITOR,Tumor necrosis factor ligand superfamily member 11 inhibitor,4,True,True,True
1421,CHEMBL1201828,CHEMBL2364163,INHIBITOR,Complement C5 inhibitor,4,True,True,True
1422,CHEMBL1789844,CHEMBL2364164,INHIBITOR,Cytotoxic T-lymphocyte protein 4 inhibitor,4,True,True,True
1423,CHEMBL1201586,CHEMBL2364165,INHIBITOR,Fusion glycoprotein F0 inhibitor,4,True,True,True
1424,CHEMBL1201041,CHEMBL2363020,INHIBITOR,Penicillin-binding protein inhibitor,4,True,True,True
1425,CHEMBL1200388,CHEMBL2363021,INHIBITOR,Penicillin-binding protein inhibitor,4,True,True,True
1426,CHEMBL3181832,CHEMBL2363021,INHIBITOR,Penicillin-binding protein inhibitor,4,True,True,True
1427,CHEMBL2095222,CHEMBL2364187,HYDROLYTIC ENZYME,Laminin hydrolytic enzyme,4,True,True,True
1428,CHEMBL2108709,CHEMBL2364188,HYDROLYTIC ENZYME,Collagen hydrolytic enzyme,4,True,True,True
1429,CHEMBL2095222,CHEMBL2364188,HYDROLYTIC ENZYME,Collagen hydrolytic enzyme,4,True,True,True
1430,CHEMBL451887,CHEMBL2364701,INHIBITOR,26S proteasome inhibitor,4,True,True,True
1431,CHEMBL325041,CHEMBL2364701,INHIBITOR,26S proteasome inhibitor,4,True,True,True
1432,CHEMBL1201131,CHEMBL2364702,INHIBITOR,Cytochrome P450 inhibitor,4,True,True,True
1433,CHEMBL562,CHEMBL2364703,INHIBITOR,Tubulin inhibitor,4,True,True,True
1434,CHEMBL685,CHEMBL2364704,INHIBITOR,Tubulin inhibitor,4,True,True,True
1435,CHEMBL625,CHEMBL2364704,INHIBITOR,Tubulin inhibitor,4,True,True,True
1436,CHEMBL1483,CHEMBL2364704,INHIBITOR,Tubulin inhibitor,4,True,True,True
1437,CHEMBL1483,CHEMBL2364705,INHIBITOR,Tubulin inhibitor,4,True,True,True
1438,CHEMBL685,CHEMBL2364705,INHIBITOR,Tubulin inhibitor,4,True,True,True
1439,CHEMBL625,CHEMBL2364705,INHIBITOR,Tubulin inhibitor,4,True,True,True
1440,CHEMBL1282,CHEMBL5936,AGONIST,Toll-like receptor 7 agonist,4,True,True,True
1441,CHEMBL1690,CHEMBL5936,ANTAGONIST,Toll-like receptor 7 antagonist,4,True,True,True
1442,CHEMBL104,CHEMBL1780,INHIBITOR,Cytochrome P450 51 inhibitor,4,True,True,True
1443,CHEMBL1201049,CHEMBL1780,INHIBITOR,Cytochrome P450 51 inhibitor,4,True,True,True
1444,CHEMBL638,CHEMBL1780,INHIBITOR,Cytochrome P450 51 inhibitor,4,True,True,True
1445,CHEMBL157101,CHEMBL1780,INHIBITOR,Cytochrome P450 51 inhibitor,4,True,True,True
1446,CHEMBL91,CHEMBL1780,INHIBITOR,Cytochrome P450 51 inhibitor,4,True,True,True
1447,CHEMBL64391,CHEMBL1780,INHIBITOR,Cytochrome P450 51 inhibitor,4,True,True,True
1448,CHEMBL1714574,CHEMBL1780,INHIBITOR,Cytochrome P450 51 inhibitor,4,True,True,True
1449,CHEMBL1559,CHEMBL1780,INHIBITOR,Cytochrome P450 51 inhibitor,4,True,True,True
1450,CHEMBL106,CHEMBL1780,INHIBITOR,Cytochrome P450 51 inhibitor,4,True,True,True
1451,CHEMBL1200348,CHEMBL1780,INHIBITOR,Cytochrome P450 51 inhibitor,4,True,True,True
1452,CHEMBL1200438,CHEMBL1780,INHIBITOR,Cytochrome P450 51 inhibitor,4,True,True,True
1453,CHEMBL1397,CHEMBL1780,INHIBITOR,Cytochrome P450 51 inhibitor,4,True,True,True
1454,CHEMBL1200725,CHEMBL1780,INHIBITOR,Cytochrome P450 51 inhibitor,4,True,True,True
1455,CHEMBL1200398,CHEMBL1780,INHIBITOR,Cytochrome P450 51 inhibitor,4,True,True,True
1456,CHEMBL1200836,CHEMBL1780,INHIBITOR,Cytochrome P450 51 inhibitor,4,True,True,True
1457,CHEMBL122,CHEMBL230,INHIBITOR,Cyclooxygenase-2 inhibitor,4,True,True,True
1458,CHEMBL1316,CHEMBL230,INHIBITOR,Cyclooxygenase-2 inhibitor,4,True,True,True
1459,CHEMBL599,CHEMBL230,INHIBITOR,Cyclooxygenase-2 inhibitor,4,True,True,True
1460,CHEMBL1070,CHEMBL230,INHIBITOR,Cyclooxygenase-2 inhibitor,4,True,True,True
1461,CHEMBL865,CHEMBL230,INHIBITOR,Cyclooxygenase-2 inhibitor,4,True,True,True
1462,CHEMBL118,CHEMBL230,INHIBITOR,Cyclooxygenase-2 inhibitor,4,True,True,True
1463,CHEMBL622,CHEMBL230,INHIBITOR,Cyclooxygenase-2 inhibitor,4,True,True,True
1465,CHEMBL2218896,CHEMBL218,AGONIST,Cannabinoid CB1 receptor agonist,4,True,True,True
1466,CHEMBL465,CHEMBL218,AGONIST,Cannabinoid CB1 receptor agonist,4,True,True,True
1467,CHEMBL754,CHEMBL1872,INHIBITOR,Human herpesvirus 1 DNA polymerase inhibitor,4,True,True,True
1468,CHEMBL5314375,CHEMBL1872,INHIBITOR,Human herpesvirus 1 DNA polymerase inhibitor,4,True,True,True
1469,CHEMBL2079793,CHEMBL1872,INHIBITOR,Human herpesvirus 1 DNA polymerase inhibitor,4,True,True,True
1470,CHEMBL1200850,CHEMBL1872,INHIBITOR,Human herpesvirus 1 DNA polymerase inhibitor,4,True,True,True
1471,CHEMBL182,CHEMBL1872,INHIBITOR,Human herpesvirus 1 DNA polymerase inhibitor,4,True,True,True
1472,CHEMBL184,CHEMBL1872,INHIBITOR,Human herpesvirus 1 DNA polymerase inhibitor,4,True,True,True
1473,CHEMBL1200454,CHEMBL1872,INHIBITOR,Human herpesvirus 1 DNA polymerase inhibitor,4,True,True,True
1474,CHEMBL1090,CHEMBL1872,INHIBITOR,Human herpesvirus 1 DNA polymerase inhibitor,4,True,True,True
1475,CHEMBL1200380,CHEMBL1872,INHIBITOR,Human herpesvirus 1 DNA polymerase inhibitor,4,True,True,True
1476,CHEMBL880,CHEMBL1872,INHIBITOR,Human herpesvirus 1 DNA polymerase inhibitor,4,True,True,True
1477,CHEMBL1201110,CHEMBL1872,INHIBITOR,Human herpesvirus 1 DNA polymerase inhibitor,4,True,True,True
1478,CHEMBL1668,CHEMBL1893,INHIBITOR,Synaptic vesicular amine transporter inhibitor,4,True,True,True
1479,CHEMBL772,CHEMBL1893,INHIBITOR,Synaptic vesicular amine transporter inhibitor,4,True,True,True
1480,CHEMBL1200515,CHEMBL1893,INHIBITOR,Synaptic vesicular amine transporter inhibitor,4,True,True,True
1481,CHEMBL117785,CHEMBL1893,INHIBITOR,Synaptic vesicular amine transporter inhibitor,4,True,True,True
1482,CHEMBL3989844,CHEMBL1893,INHIBITOR,Synaptic vesicular amine transporter inhibitor,4,True,True,True
1483,CHEMBL3544971,CHEMBL1893,INHIBITOR,Synaptic vesicular amine transporter inhibitor,4,True,True,True
1484,CHEMBL3544906,CHEMBL1893,INHIBITOR,Synaptic vesicular amine transporter inhibitor,4,True,True,True
1485,CHEMBL1200782,CHEMBL1893,INHIBITOR,Synaptic vesicular amine transporter inhibitor,4,True,True,True
1486,CHEMBL612,CHEMBL1893,INHIBITOR,Synaptic vesicular amine transporter inhibitor,4,True,True,True
1487,CHEMBL1201178,CHEMBL1893,INHIBITOR,Synaptic vesicular amine transporter inhibitor,4,True,True,True
1488,CHEMBL2218878,CHEMBL1926,INHIBITOR,Dihydrofolate reductase inhibitor,4,True,True,True
1489,CHEMBL98,CHEMBL1937,INHIBITOR,Histone deacetylase 2 inhibitor,4,True,True,True
1490,CHEMBL282042,CHEMBL243,INHIBITOR,Human immunodeficiency virus type 1 protease inhibitor,4,True,True,True
1491,CHEMBL163,CHEMBL243,INHIBITOR,Human immunodeficiency virus type 1 protease inhibitor,4,True,True,True
1492,CHEMBL1205,CHEMBL243,INHIBITOR,Human immunodeficiency virus type 1 protease inhibitor,4,True,True,True
1493,CHEMBL116,CHEMBL243,INHIBITOR,Human immunodeficiency virus type 1 protease inhibitor,4,True,True,True
1494,CHEMBL1200734,CHEMBL243,INHIBITOR,Human immunodeficiency virus type 1 protease inhibitor,4,True,True,True
1495,CHEMBL114,CHEMBL243,INHIBITOR,Human immunodeficiency virus type 1 protease inhibitor,4,True,True,True
1496,CHEMBL729,CHEMBL243,INHIBITOR,Human immunodeficiency virus type 1 protease inhibitor,4,True,True,True
1497,CHEMBL222559,CHEMBL243,INHIBITOR,Human immunodeficiency virus type 1 protease inhibitor,4,True,True,True
1498,CHEMBL1201127,CHEMBL243,INHIBITOR,Human immunodeficiency virus type 1 protease inhibitor,4,True,True,True
1499,CHEMBL1735,CHEMBL243,INHIBITOR,Human immunodeficiency virus type 1 protease inhibitor,4,True,True,True
1500,CHEMBL1200678,CHEMBL243,INHIBITOR,Human immunodeficiency virus type 1 protease inhibitor,4,True,True,True
1501,CHEMBL1083385,CHEMBL2001,ANTAGONIST,Purinergic receptor P2Y12 antagonist,4,True,True,True
1502,CHEMBL1717,CHEMBL2001,ANTAGONIST,Purinergic receptor P2Y12 antagonist,4,True,True,True
1503,CHEMBL398435,CHEMBL2001,NEGATIVE ALLOSTERIC MODULATOR,Purinergic receptor P2Y12 negative allosteric modulator,4,True,True,True
1504,CHEMBL1201773,CHEMBL2001,ANTAGONIST,Purinergic receptor P2Y12 antagonist,4,True,True,True
1505,CHEMBL1200803,CHEMBL211,ANTAGONIST,Muscarinic acetylcholine receptor M2 antagonist,4,True,True,True
1506,CHEMBL1240,CHEMBL211,ANTAGONIST,Muscarinic acetylcholine receptor M2 antagonist,4,True,True,True
1507,CHEMBL1768,CHEMBL211,AGONIST,Muscarinic acetylcholine receptor M2 agonist,4,True,True,True
1508,CHEMBL1201765,CHEMBL211,ANTAGONIST,Muscarinic acetylcholine receptor M2 antagonist,4,True,True,True
1509,CHEMBL1200935,CHEMBL211,ANTAGONIST,Muscarinic acetylcholine receptor M2 antagonist,4,True,True,True
1510,CHEMBL517712,CHEMBL211,ANTAGONIST,Muscarinic acetylcholine receptor M2 antagonist,4,True,True,True
1511,CHEMBL2146146,CHEMBL211,ANTAGONIST,Muscarinic acetylcholine receptor M2 antagonist,4,True,True,True
1512,CHEMBL3084748,CHEMBL211,ANTAGONIST,Muscarinic acetylcholine receptor M2 antagonist,4,True,True,True
1513,CHEMBL1231,CHEMBL211,ANTAGONIST,Muscarinic acetylcholine receptor M2 antagonist,4,True,True,True
1514,CHEMBL1133,CHEMBL211,ANTAGONIST,Muscarinic acetylcholine receptor M2 antagonist,4,True,True,True
1515,CHEMBL1722209,CHEMBL211,ANTAGONIST,Muscarinic acetylcholine receptor M2 antagonist,4,True,True,True
1516,CHEMBL1946170,CHEMBL2041,INHIBITOR,Tyrosine-protein kinase receptor RET inhibitor,4,True,True,True
1517,CHEMBL1200485,CHEMBL2041,INHIBITOR,Tyrosine-protein kinase receptor RET inhibitor,4,True,True,True
1518,CHEMBL1567,CHEMBL2041,INHIBITOR,Tyrosine-protein kinase receptor RET inhibitor,4,True,True,True
1519,CHEMBL24828,CHEMBL2041,INHIBITOR,Tyrosine-protein kinase receptor RET inhibitor,4,True,True,True
1520,CHEMBL2108667,CHEMBL2058,BINDING AGENT,B-lymphocyte antigen CD20 binding agent,4,True,True,True
1521,CHEMBL1201576,CHEMBL2058,BINDING AGENT,B-lymphocyte antigen CD20 binding agent,4,True,True,True
1522,CHEMBL1201836,CHEMBL2058,BINDING AGENT,B-lymphocyte antigen CD20 binding agent,4,True,True,True
1523,CHEMBL1201604,CHEMBL2058,BINDING AGENT,B-lymphocyte antigen CD20 binding agent,4,True,True,True
1524,CHEMBL1201733,CHEMBL2959,INHIBITOR,Tyrosine-protein kinase ITK/TSK inhibitor,4,True,True,True
1525,CHEMBL1201121,CHEMBL2362973,INHIBITOR,Penicillin-binding protein inhibitor,4,True,True,True
1526,CHEMBL1201116,CHEMBL2362973,INHIBITOR,Penicillin-binding protein inhibitor,4,True,True,True
1527,CHEMBL1134,CHEMBL2362997,PARTIAL AGONIST,Muscle-type nicotinic acetylcholine receptor partial agonist,4,True,True,True
1528,CHEMBL1200757,CHEMBL2362997,ANTAGONIST,Muscle-type nicotinic acetylcholine receptor antagonist,4,True,True,True
1529,CHEMBL1200641,CHEMBL2362997,ANTAGONIST,Muscle-type nicotinic acetylcholine receptor antagonist,4,True,True,True
1530,CHEMBL1200993,CHEMBL2362997,ANTAGONIST,Muscle-type nicotinic acetylcholine receptor antagonist,4,True,True,True
1531,CHEMBL1237099,CHEMBL2362997,ANTAGONIST,Muscle-type nicotinic acetylcholine receptor antagonist,4,True,True,True
1532,CHEMBL1200549,CHEMBL2362997,ANTAGONIST,Muscle-type nicotinic acetylcholine receptor antagonist,4,True,True,True
1533,CHEMBL1200722,CHEMBL2362997,ANTAGONIST,Muscle-type nicotinic acetylcholine receptor antagonist,4,True,True,True
1534,CHEMBL1200527,CHEMBL2362997,ANTAGONIST,Muscle-type nicotinic acetylcholine receptor antagonist,4,True,True,True
1535,CHEMBL1739,CHEMBL2362997,ANTAGONIST,Muscle-type nicotinic acetylcholine receptor antagonist,4,True,True,True
1536,CHEMBL984,CHEMBL2362997,ANTAGONIST,Muscle-type nicotinic acetylcholine receptor antagonist,4,True,True,True
1537,CHEMBL1200648,CHEMBL2362997,ANTAGONIST,Muscle-type nicotinic acetylcholine receptor antagonist,4,True,True,True
1538,CHEMBL983,CHEMBL2362997,AGONIST,Muscle-type nicotinic acetylcholine receptor agonist,4,True,True,True
1539,CHEMBL3989821,CHEMBL2362997,ANTAGONIST,Muscle-type nicotinic acetylcholine receptor antagonist,4,True,True,True
1540,CHEMBL1200629,CHEMBL2362997,ANTAGONIST,Muscle-type nicotinic acetylcholine receptor antagonist,4,True,True,True
1541,CHEMBL24828,CHEMBL2363043,INHIBITOR,Ephrin receptor inhibitor,4,True,True,True
1542,CHEMBL1308,CHEMBL2363044,INHIBITOR,Alcohol dehydrogenase class I inhibitor,4,True,True,True
1543,CHEMBL141,CHEMBL2363048,INHIBITOR,DNA inhibitor,4,True,True,True
1544,CHEMBL141,CHEMBL2363046,INHIBITOR,DNA inhibitor,4,True,True,True
1545,CHEMBL141,CHEMBL2363047,INHIBITOR,DNA inhibitor,4,True,True,True
1546,CHEMBL24828,CHEMBL2363049,INHIBITOR,Epidermal growth factor receptor inhibitor,4,True,True,True
1547,CHEMBL6067487,CHEMBL2363050,MODULATOR,Glutamate-gated chloride channel modulator,4,True,True,True
1548,CHEMBL6067487,CHEMBL2363051,MODULATOR,Glutamate-gated chloride channel modulator,4,True,True,True
1549,CHEMBL1341,CHEMBL2363052,AGONIST,Glycine receptor (alpha-1/beta) agonist,4,True,True,True
1550,CHEMBL1200733,CHEMBL2363052,POSITIVE MODULATOR,Glycine receptor (alpha-1/beta) positive modulator,4,True,True,True
1551,CHEMBL1257,CHEMBL2363052,POSITIVE MODULATOR,Glycine receptor (alpha-1/beta) positive modulator,4,True,True,True
1552,CHEMBL1200694,CHEMBL2363052,POSITIVE MODULATOR,Glycine receptor (alpha-1/beta) positive modulator,4,True,True,True
1553,CHEMBL931,CHEMBL2363052,POSITIVE MODULATOR,Glycine receptor (alpha-1/beta) positive modulator,4,True,True,True
1554,CHEMBL1256,CHEMBL2363052,POSITIVE MODULATOR,Glycine receptor (alpha-1/beta) positive modulator,4,True,True,True
1555,CHEMBL1597,CHEMBL2363053,CHELATING AGENT,Heavy metals chelating agent,4,True,True,True
1556,CHEMBL6067980,CHEMBL2363054,CROSS-LINKING AGENT,Glycoproteins cross-linking agent,4,True,True,True
1557,CHEMBL1200983,CHEMBL2363055,SEQUESTERING AGENT,Hydroxyapatite sequestering agent,4,True,True,True
1558,CHEMBL497,CHEMBL2363056,CHELATING AGENT,Zinc chelating agent,4,True,True,True
1559,CHEMBL1430,CHEMBL2363057,CHELATING AGENT,Copper chelating agent,4,True,True,True
1560,CHEMBL3989777,CHEMBL2363057,CHELATING AGENT,Copper chelating agent,4,True,True,True
1561,CHEMBL497,CHEMBL2363057,CHELATING AGENT,Copper chelating agent,4,True,True,True
1562,CHEMBL550348,CHEMBL2363058,CHELATING AGENT,Iron chelating agent,4,True,True,True
1563,CHEMBL1234,CHEMBL2363058,CHELATING AGENT,Iron chelating agent,4,True,True,True
1564,CHEMBL497,CHEMBL2363058,CHELATING AGENT,Iron chelating agent,4,True,True,True
1565,CHEMBL2103743,CHEMBL2363062,INHIBITOR,Janus Kinase (JAK) inhibitor,4,True,True,True
1567,CHEMBL1200952,CHEMBL2363064,INHIBITOR,Monoamine transporter inhibitor,4,True,True,True
1568,CHEMBL781,CHEMBL2363064,INHIBITOR,Monoamine transporter inhibitor,4,True,True,True
1569,CHEMBL3989830,CHEMBL2363064,INHIBITOR,Monoamine transporter inhibitor,4,True,True,True
1570,CHEMBL1703,CHEMBL2363065,INHIBITOR,Mitochondrial complex I (NADH dehydrogenase) inhibitor,4,True,True,True
1571,CHEMBL628,CHEMBL2363066,INHIBITOR,"3',5'-cyclic phosphodiesterase inhibitor",4,True,True,True
1572,CHEMBL1200875,CHEMBL2363067,INHIBITOR,Phosphodiesterase 8 inhibitor,4,True,True,True
1573,CHEMBL548,CHEMBL2363068,AGONIST,Prostaglandin E2 receptor agonist,4,True,True,True
1574,CHEMBL1657,CHEMBL2363069,AGONIST,Retinoic acid receptor agonist,4,True,True,True
1575,CHEMBL38,CHEMBL2363069,AGONIST,Retinoic acid receptor agonist,4,True,True,True
1576,CHEMBL1023,CHEMBL2363070,AGONIST,Retinoid X receptor agonist,4,True,True,True
1577,CHEMBL705,CHEMBL2363071,AGONIST,Retinoid receptor agonist,4,True,True,True
1578,CHEMBL1131,CHEMBL2363071,AGONIST,Retinoid receptor agonist,4,True,True,True
1579,CHEMBL464,CHEMBL2363071,AGONIST,Retinoid receptor agonist,4,True,True,True
1580,CHEMBL1643,CHEMBL2363073,INHIBITOR,RNA inhibitor,4,True,True,True
1581,CHEMBL4297065,CHEMBL2364023,AGONIST,Nicotinic acetylcholine receptor agonist,4,True,True,True
1582,CHEMBL1690,CHEMBL5804,ANTAGONIST,Toll-like receptor 9 antagonist,4,True,True,True
1583,CHEMBL1614,CHEMBL2095186,INHIBITOR,Sodium/potassium-transporting ATPase inhibitor,4,True,True,True
1584,CHEMBL254219,CHEMBL2095186,INHIBITOR,Sodium/potassium-transporting ATPase inhibitor,4,True,True,True
1585,CHEMBL1751,CHEMBL2095186,INHIBITOR,Sodium/potassium-transporting ATPase inhibitor,4,True,True,True
1586,CHEMBL3545057,CHEMBL2095186,INHIBITOR,Sodium/potassium-transporting ATPase inhibitor,4,True,True,True
1587,CHEMBL1341,CHEMBL2093872,POSITIVE MODULATOR,GABA-A receptor; anion channel positive modulator,4,True,True,True
1588,CHEMBL407,CHEMBL2093872,ALLOSTERIC ANTAGONIST,GABA-A receptor; anion channel allosteric antagonist,4,True,True,True
1589,CHEMBL2096631,CHEMBL2093872,POSITIVE ALLOSTERIC MODULATOR,GABA-A receptor; anion channel positive allosteric modulator,4,True,True,True
1590,CHEMBL451,CHEMBL2093872,POSITIVE ALLOSTERIC MODULATOR,GABA-A receptor; anion channel positive allosteric modulator,4,True,True,True
1591,CHEMBL1200703,CHEMBL2093872,POSITIVE ALLOSTERIC MODULATOR,GABA-A receptor; anion channel positive allosteric modulator,4,True,True,True
1592,CHEMBL12,CHEMBL2093872,POSITIVE ALLOSTERIC MODULATOR,GABA-A receptor; anion channel positive allosteric modulator,4,True,True,True
1593,CHEMBL1522,CHEMBL2093872,POSITIVE ALLOSTERIC MODULATOR,GABA-A receptor; anion channel positive allosteric modulator,4,True,True,True
1594,CHEMBL568,CHEMBL2093872,POSITIVE ALLOSTERIC MODULATOR,GABA-A receptor; anion channel positive allosteric modulator,4,True,True,True
1595,CHEMBL979,CHEMBL2093872,AGONIST,GABA-A receptor; anion channel agonist,4,True,True,True
1596,CHEMBL70418,CHEMBL2093872,POSITIVE ALLOSTERIC MODULATOR,GABA-A receptor; anion channel positive allosteric modulator,4,True,True,True
1597,CHEMBL661,CHEMBL2093872,POSITIVE ALLOSTERIC MODULATOR,GABA-A receptor; anion channel positive allosteric modulator,4,True,True,True
1598,CHEMBL646,CHEMBL2093872,POSITIVE ALLOSTERIC MODULATOR,GABA-A receptor; anion channel positive allosteric modulator,4,True,True,True
1599,CHEMBL454,CHEMBL2093872,POSITIVE ALLOSTERIC MODULATOR,GABA-A receptor; anion channel positive allosteric modulator,4,True,True,True
1600,CHEMBL452,CHEMBL2093872,POSITIVE ALLOSTERIC MODULATOR,GABA-A receptor; anion channel positive allosteric modulator,4,True,True,True
1601,CHEMBL1200733,CHEMBL2093872,POSITIVE ALLOSTERIC MODULATOR,GABA-A receptor; anion channel positive allosteric modulator,4,True,True,True
1602,CHEMBL285674,CHEMBL2093872,POSITIVE ALLOSTERIC MODULATOR,GABA-A receptor; anion channel positive allosteric modulator,4,True,True,True
1603,CHEMBL1200802,CHEMBL2093872,POSITIVE ALLOSTERIC MODULATOR,GABA-A receptor; anion channel positive allosteric modulator,4,True,True,True
1604,CHEMBL1200982,CHEMBL2093872,POSITIVE ALLOSTERIC MODULATOR,GABA-A receptor; anion channel positive allosteric modulator,4,True,True,True
1605,CHEMBL1102,CHEMBL2093872,POSITIVE MODULATOR,GABA-A receptor; anion channel positive modulator,4,True,True,True
1606,CHEMBL2068724,CHEMBL2093872,POSITIVE MODULATOR,GABA-A receptor; anion channel positive modulator,4,True,True,True
1607,CHEMBL580,CHEMBL2093872,POSITIVE ALLOSTERIC MODULATOR,GABA-A receptor; anion channel positive allosteric modulator,4,True,True,True
1608,CHEMBL1257,CHEMBL2093872,POSITIVE MODULATOR,GABA-A receptor; anion channel positive modulator,4,True,True,True
1609,CHEMBL591,CHEMBL2093872,POSITIVE MODULATOR,GABA-A receptor; anion channel positive modulator,4,True,True,True
1610,CHEMBL450,CHEMBL2093872,POSITIVE ALLOSTERIC MODULATOR,GABA-A receptor; anion channel positive allosteric modulator,4,True,True,True
1611,CHEMBL30219,CHEMBL2093872,POSITIVE ALLOSTERIC MODULATOR,GABA-A receptor; anion channel positive allosteric modulator,4,True,True,True
1612,CHEMBL1200790,CHEMBL2093872,POSITIVE ALLOSTERIC MODULATOR,GABA-A receptor; anion channel positive allosteric modulator,4,True,True,True
1613,CHEMBL1200420,CHEMBL2093872,POSITIVE ALLOSTERIC MODULATOR,GABA-A receptor; anion channel positive allosteric modulator,4,True,True,True
1614,CHEMBL969,CHEMBL2093872,POSITIVE ALLOSTERIC MODULATOR,GABA-A receptor; anion channel positive allosteric modulator,4,True,True,True
1615,CHEMBL856,CHEMBL2093872,POSITIVE ALLOSTERIC MODULATOR,GABA-A receptor; anion channel positive allosteric modulator,4,True,True,True
1616,CHEMBL526,CHEMBL2093872,POSITIVE ALLOSTERIC MODULATOR,GABA-A receptor; anion channel positive allosteric modulator,4,True,True,True
1617,CHEMBL1200472,CHEMBL2093872,POSITIVE ALLOSTERIC MODULATOR,GABA-A receptor; anion channel positive allosteric modulator,4,True,True,True
1618,CHEMBL448,CHEMBL2093872,POSITIVE ALLOSTERIC MODULATOR,GABA-A receptor; anion channel positive allosteric modulator,4,True,True,True
1619,CHEMBL971,CHEMBL2093872,POSITIVE ALLOSTERIC MODULATOR,GABA-A receptor; anion channel positive allosteric modulator,4,True,True,True
1620,CHEMBL1200903,CHEMBL2093872,POSITIVE ALLOSTERIC MODULATOR,GABA-A receptor; anion channel positive allosteric modulator,4,True,True,True
1621,CHEMBL1200694,CHEMBL2093872,POSITIVE ALLOSTERIC MODULATOR,GABA-A receptor; anion channel positive allosteric modulator,4,True,True,True
1622,CHEMBL967,CHEMBL2093872,POSITIVE ALLOSTERIC MODULATOR,GABA-A receptor; anion channel positive allosteric modulator,4,True,True,True
1623,CHEMBL1201065,CHEMBL2093872,POSITIVE ALLOSTERIC MODULATOR,GABA-A receptor; anion channel positive allosteric modulator,4,True,True,True
1624,CHEMBL738,CHEMBL2093872,POSITIVE ALLOSTERIC MODULATOR,GABA-A receptor; anion channel positive allosteric modulator,4,True,True,True
1625,CHEMBL681,CHEMBL2093872,POSITIVE MODULATOR,GABA-A receptor; anion channel positive modulator,4,True,True,True
1626,CHEMBL3989724,CHEMBL2093872,POSITIVE ALLOSTERIC MODULATOR,GABA-A receptor; anion channel positive allosteric modulator,4,True,True,True
1627,CHEMBL970,CHEMBL2093872,POSITIVE ALLOSTERIC MODULATOR,GABA-A receptor; anion channel positive allosteric modulator,4,True,True,True
1628,CHEMBL931,CHEMBL2093872,POSITIVE ALLOSTERIC MODULATOR,GABA-A receptor; anion channel positive allosteric modulator,4,True,True,True
1629,CHEMBL1256,CHEMBL2093872,POSITIVE ALLOSTERIC MODULATOR,GABA-A receptor; anion channel positive allosteric modulator,4,True,True,True
1630,CHEMBL220492,CHEMBL2093872,POSITIVE MODULATOR,GABA-A receptor; anion channel positive modulator,4,True,True,True
1631,CHEMBL1200789,CHEMBL2093872,POSITIVE MODULATOR,GABA-A receptor; anion channel positive modulator,4,True,True,True
1632,CHEMBL3989820,CHEMBL2111392,POSITIVE ALLOSTERIC MODULATOR,GABA A receptor alpha-1/beta-1/gamma-2 positive allosteric modulator,4,True,True,True
1633,CHEMBL1521,CHEMBL2111392,POSITIVE ALLOSTERIC MODULATOR,GABA A receptor alpha-1/beta-1/gamma-2 positive allosteric modulator,4,True,True,True
1634,CHEMBL1421,CHEMBL2363074,INHIBITOR,SRC inhibitor,4,True,True,True
1635,CHEMBL1200969,CHEMBL2363075,INHIBITOR,Steroid 5-alpha-reductase inhibitor,4,True,True,True
1636,CHEMBL1201761,CHEMBL2363076,INHIBITOR,Topoisomerase IV inhibitor,4,True,True,True
1637,CHEMBL1200498,CHEMBL2363076,INHIBITOR,Topoisomerase IV inhibitor,4,True,True,True
1638,CHEMBL1200735,CHEMBL2363076,INHIBITOR,Topoisomerase IV inhibitor,4,True,True,True
1639,CHEMBL9,CHEMBL2363076,INHIBITOR,Topoisomerase IV inhibitor,4,True,True,True
1640,CHEMBL850,CHEMBL2363076,INHIBITOR,Topoisomerase IV inhibitor,4,True,True,True
1641,CHEMBL1200779,CHEMBL2363076,INHIBITOR,Topoisomerase IV inhibitor,4,True,True,True
1642,CHEMBL826,CHEMBL2363077,INHIBITOR,Topoisomerase IV inhibitor,4,True,True,True
1643,CHEMBL1200556,CHEMBL2363078,AGONIST,Vasopressin receptor agonist,4,True,True,True
1644,CHEMBL1200690,CHEMBL2363078,AGONIST,Vasopressin receptor agonist,4,True,True,True
1645,CHEMBL437,CHEMBL2364668,INHIBITOR,Bacterial dihydropteroate synthase inhibitor,4,True,True,True
1646,CHEMBL1382627,CHEMBL2364668,INHIBITOR,Bacterial dihydropteroate synthase inhibitor,4,True,True,True
1647,CHEMBL446,CHEMBL2364668,INHIBITOR,Bacterial dihydropteroate synthase inhibitor,4,True,True,True
1648,CHEMBL21,CHEMBL2364668,INHIBITOR,Bacterial dihydropteroate synthase inhibitor,4,True,True,True
1649,CHEMBL1525826,CHEMBL2364668,INHIBITOR,Bacterial dihydropteroate synthase inhibitor,4,True,True,True
1650,CHEMBL1201161,CHEMBL2364668,INHIBITOR,Bacterial dihydropteroate synthase inhibitor,4,True,True,True
1651,CHEMBL1200910,CHEMBL2364668,INHIBITOR,Bacterial dihydropteroate synthase inhibitor,4,True,True,True
1652,CHEMBL1723241,CHEMBL2364668,INHIBITOR,Bacterial dihydropteroate synthase inhibitor,4,True,True,True
1653,CHEMBL443,CHEMBL2364668,INHIBITOR,Bacterial dihydropteroate synthase inhibitor,4,True,True,True
1654,CHEMBL1200321,CHEMBL2364668,INHIBITOR,Bacterial dihydropteroate synthase inhibitor,4,True,True,True
1655,CHEMBL1109,CHEMBL2364668,INHIBITOR,Bacterial dihydropteroate synthase inhibitor,4,True,True,True
1656,CHEMBL1200351,CHEMBL2364668,INHIBITOR,Bacterial dihydropteroate synthase inhibitor,4,True,True,True
1657,CHEMBL438,CHEMBL2364668,INHIBITOR,Bacterial dihydropteroate synthase inhibitor,4,True,True,True
1658,CHEMBL453,CHEMBL2364668,INHIBITOR,Bacterial dihydropteroate synthase inhibitor,4,True,True,True
1659,CHEMBL700,CHEMBL2364668,INHIBITOR,Bacterial dihydropteroate synthase inhibitor,4,True,True,True
1660,CHEMBL439,CHEMBL2364668,INHIBITOR,Bacterial dihydropteroate synthase inhibitor,4,True,True,True
1661,CHEMBL1200359,CHEMBL2364668,INHIBITOR,Bacterial dihydropteroate synthase inhibitor,4,True,True,True
1662,CHEMBL455,CHEMBL2364668,INHIBITOR,Bacterial dihydropteroate synthase inhibitor,4,True,True,True
1663,CHEMBL1191,CHEMBL2364668,INHIBITOR,Bacterial dihydropteroate synthase inhibitor,4,True,True,True
1664,CHEMBL22,CHEMBL2364669,INHIBITOR,Bacterial dihydrofolate reductase inhibitor,4,True,True,True
1665,CHEMBL2110367,CHEMBL2364669,INHIBITOR,Bacterial dihydrofolate reductase inhibitor,4,True,True,True
1666,CHEMBL1201080,CHEMBL2364669,INHIBITOR,Bacterial dihydrofolate reductase inhibitor,4,True,True,True
1667,CHEMBL1003,CHEMBL2364670,INHIBITOR,Bacterial beta-lactamase TEM inhibitor,4,True,True,True
1668,CHEMBL1439,CHEMBL2364670,INHIBITOR,Bacterial beta-lactamase TEM inhibitor,4,True,True,True
1669,CHEMBL1200944,CHEMBL2364670,INHIBITOR,Bacterial beta-lactamase TEM inhibitor,4,True,True,True
1670,CHEMBL3989715,CHEMBL2364671,INHIBITOR,Isoleucyl-tRNA synthetase inhibitor,4,True,True,True
1671,CHEMBL719,CHEMBL2364671,INHIBITOR,Isoleucyl-tRNA synthetase inhibitor,4,True,True,True
1672,CHEMBL1200424,CHEMBL2366037,CHELATING AGENT,Radioactive metals chelating agent,4,True,True,True
1673,CHEMBL1200698,CHEMBL2366037,CHELATING AGENT,Radioactive metals chelating agent,4,True,True,True
1674,CHEMBL1200945,CHEMBL2366037,CHELATING AGENT,Radioactive metals chelating agent,4,True,True,True
1675,CHEMBL1201594,CHEMBL2364183,OXIDATIVE ENZYME,Uric acid oxidative enzyme,4,True,True,True
1676,CHEMBL2105745,CHEMBL2366039,SEQUESTERING AGENT,Glutamine sequestering agent,4,True,True,True
1677,CHEMBL1201043,CHEMBL2354204,INHIBITOR,Bacterial penicillin-binding protein inhibitor,4,True,True,True
1678,CHEMBL1200991,CHEMBL2354204,INHIBITOR,Bacterial penicillin-binding protein inhibitor,4,True,True,True
1679,CHEMBL1618,CHEMBL2354204,INHIBITOR,Bacterial penicillin-binding protein inhibitor,4,True,True,True
1680,CHEMBL1201018,CHEMBL2354204,INHIBITOR,Bacterial penicillin-binding protein inhibitor,4,True,True,True
1681,CHEMBL1604,CHEMBL2354204,INHIBITOR,Bacterial penicillin-binding protein inhibitor,4,True,True,True
1682,CHEMBL1200855,CHEMBL2354204,INHIBITOR,Bacterial penicillin-binding protein inhibitor,4,True,True,True
1683,CHEMBL2146124,CHEMBL2354204,INHIBITOR,Bacterial penicillin-binding protein inhibitor,4,True,True,True
1684,CHEMBL615,CHEMBL2354204,INHIBITOR,Bacterial penicillin-binding protein inhibitor,4,True,True,True
1685,CHEMBL1200852,CHEMBL2354204,INHIBITOR,Bacterial penicillin-binding protein inhibitor,4,True,True,True
1686,CHEMBL158,CHEMBL2354204,INHIBITOR,Bacterial penicillin-binding protein inhibitor,4,True,True,True
1687,CHEMBL1632,CHEMBL2354204,INHIBITOR,Bacterial penicillin-binding protein inhibitor,4,True,True,True
1688,CHEMBL1095930,CHEMBL2354204,INHIBITOR,Bacterial penicillin-binding protein inhibitor,4,True,True,True
1689,CHEMBL1200357,CHEMBL2354204,INHIBITOR,Bacterial penicillin-binding protein inhibitor,4,True,True,True
1690,CHEMBL1200971,CHEMBL2354204,INHIBITOR,Bacterial penicillin-binding protein inhibitor,4,True,True,True
1691,CHEMBL1200965,CHEMBL2354204,INHIBITOR,Bacterial penicillin-binding protein inhibitor,4,True,True,True
1692,CHEMBL1201118,CHEMBL2354204,INHIBITOR,Bacterial penicillin-binding protein inhibitor,4,True,True,True
1693,CHEMBL1201046,CHEMBL2354204,INHIBITOR,Bacterial penicillin-binding protein inhibitor,4,True,True,True
1694,CHEMBL4303232,CHEMBL2354204,INHIBITOR,Bacterial penicillin-binding protein inhibitor,4,True,True,True
1695,CHEMBL1200530,CHEMBL2354204,INHIBITOR,Bacterial penicillin-binding protein inhibitor,4,True,True,True
1696,CHEMBL5314373,CHEMBL2354204,INHIBITOR,Bacterial penicillin-binding protein inhibitor,4,True,True,True
1697,CHEMBL1201019,CHEMBL2354204,INHIBITOR,Bacterial penicillin-binding protein inhibitor,4,True,True,True
1698,CHEMBL1200544,CHEMBL2354204,INHIBITOR,Bacterial penicillin-binding protein inhibitor,4,True,True,True
1699,CHEMBL1200523,CHEMBL2354204,INHIBITOR,Bacterial penicillin-binding protein inhibitor,4,True,True,True
1700,CHEMBL927,CHEMBL2354204,INHIBITOR,Bacterial penicillin-binding protein inhibitor,4,True,True,True
1701,CHEMBL3183193,CHEMBL2354204,INHIBITOR,Bacterial penicillin-binding protein inhibitor,4,True,True,True
1702,CHEMBL1200482,CHEMBL2354204,INHIBITOR,Bacterial penicillin-binding protein inhibitor,4,True,True,True
1703,CHEMBL1200672,CHEMBL2354204,INHIBITOR,Bacterial penicillin-binding protein inhibitor,4,True,True,True
1704,CHEMBL3544973,CHEMBL2354204,INHIBITOR,Bacterial penicillin-binding protein inhibitor,4,True,True,True
1705,CHEMBL1644,CHEMBL2354204,INHIBITOR,Bacterial penicillin-binding protein inhibitor,4,True,True,True
1706,CHEMBL1232,CHEMBL2354204,INHIBITOR,Bacterial penicillin-binding protein inhibitor,4,True,True,True
1707,CHEMBL1200768,CHEMBL2354204,INHIBITOR,Bacterial penicillin-binding protein inhibitor,4,True,True,True
1708,CHEMBL6067656,CHEMBL2354204,INHIBITOR,Bacterial penicillin-binding protein inhibitor,4,True,True,True
1709,CHEMBL1605,CHEMBL2354204,INHIBITOR,Bacterial penicillin-binding protein inhibitor,4,True,True,True
1710,CHEMBL1082,CHEMBL2354204,INHIBITOR,Bacterial penicillin-binding protein inhibitor,4,True,True,True
1711,CHEMBL174,CHEMBL2354204,INHIBITOR,Bacterial penicillin-binding protein inhibitor,4,True,True,True
1712,CHEMBL1201098,CHEMBL2354204,INHIBITOR,Bacterial penicillin-binding protein inhibitor,4,True,True,True
1713,CHEMBL1541,CHEMBL2354204,INHIBITOR,Bacterial penicillin-binding protein inhibitor,4,True,True,True
1714,CHEMBL606260,CHEMBL2354204,INHIBITOR,Bacterial penicillin-binding protein inhibitor,4,True,True,True
1715,CHEMBL1200356,CHEMBL2354204,INHIBITOR,Bacterial penicillin-binding protein inhibitor,4,True,True,True
1716,CHEMBL491571,CHEMBL2354204,INHIBITOR,Bacterial penicillin-binding protein inhibitor,4,True,True,True
1717,CHEMBL1200366,CHEMBL2354204,INHIBITOR,Bacterial penicillin-binding protein inhibitor,4,True,True,True
1718,CHEMBL1201005,CHEMBL2354204,INHIBITOR,Bacterial penicillin-binding protein inhibitor,4,True,True,True
1719,CHEMBL1200758,CHEMBL2354204,INHIBITOR,Bacterial penicillin-binding protein inhibitor,4,True,True,True
1720,CHEMBL1200962,CHEMBL2354204,INHIBITOR,Bacterial penicillin-binding protein inhibitor,4,True,True,True
1721,CHEMBL44354,CHEMBL2354204,INHIBITOR,Bacterial penicillin-binding protein inhibitor,4,True,True,True
1722,CHEMBL1010,CHEMBL2354204,INHIBITOR,Bacterial penicillin-binding protein inhibitor,4,True,True,True
1723,CHEMBL1201016,CHEMBL2354204,INHIBITOR,Bacterial penicillin-binding protein inhibitor,4,True,True,True
1724,CHEMBL454446,CHEMBL2354204,INHIBITOR,Bacterial penicillin-binding protein inhibitor,4,True,True,True
1725,CHEMBL1200610,CHEMBL2354204,INHIBITOR,Bacterial penicillin-binding protein inhibitor,4,True,True,True
1726,CHEMBL127,CHEMBL2354204,INHIBITOR,Bacterial penicillin-binding protein inhibitor,4,True,True,True
1727,CHEMBL1697708,CHEMBL2354204,INHIBITOR,Bacterial penicillin-binding protein inhibitor,4,True,True,True
1728,CHEMBL3989515,CHEMBL2354204,INHIBITOR,Bacterial penicillin-binding protein inhibitor,4,True,True,True
1729,CHEMBL1223,CHEMBL2354204,INHIBITOR,Bacterial penicillin-binding protein inhibitor,4,True,True,True
1730,CHEMBL1126,CHEMBL2354204,INHIBITOR,Bacterial penicillin-binding protein inhibitor,4,True,True,True
1731,CHEMBL1200820,CHEMBL2354204,INHIBITOR,Bacterial penicillin-binding protein inhibitor,4,True,True,True
1732,CHEMBL43708,CHEMBL2354204,INHIBITOR,Bacterial penicillin-binding protein inhibitor,4,True,True,True
1733,CHEMBL530,CHEMBL2354313,INHIBITOR,Bacterial penicillin-binding protein 2 inhibitor,4,True,True,True
1734,CHEMBL1200701,CHEMBL2362972,INHIBITOR,Penicillin-binding protein inhibitor,4,True,True,True
1735,CHEMBL1568276,CHEMBL2362972,INHIBITOR,Penicillin-binding protein inhibitor,4,True,True,True
1736,CHEMBL3989567,CHEMBL2362972,INHIBITOR,Penicillin-binding protein inhibitor,4,True,True,True
1737,CHEMBL2108766,CHEMBL2362984,BLOCKER,Voltage-sensitive sodium channel alpha-subunit blocker,4,True,True,True
1738,CHEMBL1525,CHEMBL2362985,BLOCKER,Voltage-sensitive sodium channel blocker,4,True,True,True
1739,CHEMBL608,CHEMBL2362986,INHIBITOR,ATP-binding cassette sub-family A member 1 inhibitor,4,True,True,True
1740,CHEMBL525076,CHEMBL2362987,INHIBITOR,Transmembrane glycoprotein gp41 inhibitor,4,True,True,True
1741,CHEMBL1200468,CHEMBL2362988,INHIBITOR,Acetylcholinesterase inhibitor,4,True,True,True
1742,CHEMBL1607,CHEMBL1781,INHIBITOR,DNA topoisomerase I inhibitor,4,True,True,True
1743,CHEMBL1201780,CHEMBL2362990,POSITIVE ALLOSTERIC MODULATOR,"Carbamoyl-phosphate synthase [ammonia], mitochondrial positive allosteric modulator",4,True,True,True
1744,CHEMBL1542,CHEMBL2362992,INHIBITOR,Amidophosphoribosyltransferase inhibitor,4,True,True,True
1745,CHEMBL1200751,CHEMBL2362992,INHIBITOR,Amidophosphoribosyltransferase inhibitor,4,True,True,True
1746,CHEMBL1200400,CHEMBL2362992,INHIBITOR,Amidophosphoribosyltransferase inhibitor,4,True,True,True
1747,CHEMBL1043,CHEMBL2362993,INHIBITOR,Dihydropteroate synthase 1 inhibitor,4,True,True,True
1748,CHEMBL1200580,CHEMBL2362993,INHIBITOR,Dihydropteroate synthase 1 inhibitor,4,True,True,True
1749,CHEMBL976,CHEMBL2363079,BLOCKER,Voltage-activated calcium channel beta 1 subunit blocker,4,True,True,True
1750,CHEMBL976,CHEMBL2363080,BLOCKER,Voltage-activated calcium channel beta 2 subunit blocker,4,True,True,True
1751,CHEMBL130,CHEMBL2363135,INHIBITOR,Bacterial 70S ribosome inhibitor,4,True,True,True
1752,CHEMBL4208954,CHEMBL2363135,INHIBITOR,Bacterial 70S ribosome inhibitor,4,True,True,True
1753,CHEMBL1517,CHEMBL2363135,INHIBITOR,Bacterial 70S ribosome inhibitor,4,True,True,True
1754,CHEMBL3989568,CHEMBL2363135,INHIBITOR,Bacterial 70S ribosome inhibitor,4,True,True,True
1755,CHEMBL2146123,CHEMBL2363135,INHIBITOR,Bacterial 70S ribosome inhibitor,4,True,True,True
1756,CHEMBL3184512,CHEMBL2363135,INHIBITOR,Bacterial 70S ribosome inhibitor,4,True,True,True
1757,CHEMBL1200729,CHEMBL2363135,INHIBITOR,Bacterial 70S ribosome inhibitor,4,True,True,True
1758,CHEMBL1200510,CHEMBL2363135,INHIBITOR,Bacterial 70S ribosome inhibitor,4,True,True,True
1759,CHEMBL1237072,CHEMBL2363135,INHIBITOR,Bacterial 70S ribosome inhibitor,4,True,True,True
1760,CHEMBL3545060,CHEMBL2363135,INHIBITOR,Bacterial 70S ribosome inhibitor,4,True,True,True
1761,CHEMBL1200937,CHEMBL2363135,INHIBITOR,Bacterial 70S ribosome inhibitor,4,True,True,True
1762,CHEMBL1446,CHEMBL2363135,INHIBITOR,Bacterial 70S ribosome inhibitor,4,True,True,True
1763,CHEMBL1200588,CHEMBL2363135,INHIBITOR,Bacterial 70S ribosome inhibitor,4,True,True,True
1764,CHEMBL376140,CHEMBL2363135,INHIBITOR,Bacterial 70S ribosome inhibitor,4,True,True,True
1765,CHEMBL1200474,CHEMBL2363135,INHIBITOR,Bacterial 70S ribosome inhibitor,4,True,True,True
1766,CHEMBL1136,CHEMBL2363135,INHIBITOR,Bacterial 70S ribosome inhibitor,4,True,True,True
1767,CHEMBL3184791,CHEMBL2363135,INHIBITOR,Bacterial 70S ribosome inhibitor,4,True,True,True
1768,CHEMBL454950,CHEMBL2363135,INHIBITOR,Bacterial 70S ribosome inhibitor,4,True,True,True
1769,CHEMBL1200632,CHEMBL2363135,INHIBITOR,Bacterial 70S ribosome inhibitor,4,True,True,True
1770,CHEMBL1200506,CHEMBL2363135,INHIBITOR,Bacterial 70S ribosome inhibitor,4,True,True,True
1771,CHEMBL1440,CHEMBL2363135,INHIBITOR,Bacterial 70S ribosome inhibitor,4,True,True,True
1772,CHEMBL3989829,CHEMBL2363135,INHIBITOR,Bacterial 70S ribosome inhibitor,4,True,True,True
1773,CHEMBL2146063,CHEMBL2363135,INHIBITOR,Bacterial 70S ribosome inhibitor,4,True,True,True
1774,CHEMBL1201071,CHEMBL2363135,INHIBITOR,Bacterial 70S ribosome inhibitor,4,True,True,True
1775,CHEMBL261772,CHEMBL2363135,INHIBITOR,Bacterial 70S ribosome inhibitor,4,True,True,True
1776,CHEMBL1200649,CHEMBL2363135,INHIBITOR,Bacterial 70S ribosome inhibitor,4,True,True,True
1777,CHEMBL1607480,CHEMBL2363135,INHIBITOR,Bacterial 70S ribosome inhibitor,4,True,True,True
1778,CHEMBL2206196,CHEMBL2363135,INHIBITOR,Bacterial 70S ribosome inhibitor,4,True,True,True
1779,CHEMBL1200881,CHEMBL2363135,INHIBITOR,Bacterial 70S ribosome inhibitor,4,True,True,True
1780,CHEMBL6067484,CHEMBL2363135,INHIBITOR,Bacterial 70S ribosome inhibitor,4,True,True,True
1781,CHEMBL2218877,CHEMBL2363135,INHIBITOR,Bacterial 70S ribosome inhibitor,4,True,True,True
1783,CHEMBL532,CHEMBL2363135,INHIBITOR,Bacterial 70S ribosome inhibitor,4,True,True,True
1784,CHEMBL3989571,CHEMBL2363135,INHIBITOR,Bacterial 70S ribosome inhibitor,4,True,True,True
1785,CHEMBL3989769,CHEMBL2363135,INHIBITOR,Bacterial 70S ribosome inhibitor,4,True,True,True
1786,CHEMBL1200688,CHEMBL2363135,INHIBITOR,Bacterial 70S ribosome inhibitor,4,True,True,True
1787,CHEMBL1741,CHEMBL2363135,INHIBITOR,Bacterial 70S ribosome inhibitor,4,True,True,True
1788,CHEMBL529,CHEMBL2363135,INHIBITOR,Bacterial 70S ribosome inhibitor,4,True,True,True
1789,CHEMBL1201438,CHEMBL2364167,AGONIST,Interleukin-2 receptor agonist,4,True,True,True
1790,CHEMBL1201605,CHEMBL2364167,INHIBITOR,Interleukin-2 receptor inhibitor,4,True,True,True
1791,CHEMBL1201550,CHEMBL2364167,BINDING AGENT,Interleukin-2 receptor binding agent,4,True,True,True
1792,CHEMBL1201439,CHEMBL2364167,INHIBITOR,Interleukin-2 receptor inhibitor,4,True,True,True
1793,CHEMBL1201608,CHEMBL2364168,INHIBITOR,T cell surface glycoprotein CD3 inhibitor,4,True,True,True
1794,CHEMBL1201670,CHEMBL2364169,AGONIST,Granulocyte-macrophage colony-stimulating factor receptor agonist,4,True,True,True
1795,CHEMBL2109047,CHEMBL2364170,AGONIST,Interferon alpha/beta receptor agonist,4,True,True,True
1796,CHEMBL2108508,CHEMBL2364170,AGONIST,Interferon alpha/beta receptor agonist,4,True,True,True
1797,CHEMBL1201558,CHEMBL2364170,AGONIST,Interferon alpha/beta receptor agonist,4,True,True,True
1798,CHEMBL1201562,CHEMBL2364170,AGONIST,Interferon alpha/beta receptor agonist,4,True,True,True
1799,CHEMBL1201560,CHEMBL2364170,AGONIST,Interferon alpha/beta receptor agonist,4,True,True,True
1800,CHEMBL1201561,CHEMBL2364170,AGONIST,Interferon alpha/beta receptor agonist,4,True,True,True
1801,CHEMBL1201563,CHEMBL2364170,AGONIST,Interferon alpha/beta receptor agonist,4,True,True,True
1802,CHEMBL1201557,CHEMBL2364170,AGONIST,Interferon alpha/beta receptor agonist,4,True,True,True
1803,CHEMBL1201564,CHEMBL2364171,AGONIST,Interferon gamma receptor agonist,4,True,True,True
1804,CHEMBL267345,CHEMBL2364028,SEQUESTERING AGENT,Ergosterol sequestering agent,4,True,True,True
1805,CHEMBL5465559,CHEMBL2364028,SEQUESTERING AGENT,Ergosterol sequestering agent,4,True,True,True
1806,CHEMBL1200656,CHEMBL2364028,SEQUESTERING AGENT,Ergosterol sequestering agent,4,True,True,True
1807,CHEMBL1201073,CHEMBL2364029,CHELATING AGENT,Lead chelating agent,4,True,True,True
1808,CHEMBL3989529,CHEMBL2364030,CHELATING AGENT,Calcium chelating agent,4,True,True,True
1809,CHEMBL1201441,CHEMBL2364031,INHIBITOR,Cell membrane inhibitor,4,True,True,True
1810,CHEMBL1201469,CHEMBL2364031,INHIBITOR,Cell membrane inhibitor,4,True,True,True
1811,CHEMBL387675,CHEMBL2364031,INHIBITOR,Cell membrane inhibitor,4,True,True,True
1812,CHEMBL4297088,CHEMBL2364031,INHIBITOR,Cell membrane inhibitor,4,True,True,True
1813,CHEMBL3301680,CHEMBL2364032,INHIBITOR,Cell outer membrane inhibitor,4,True,True,True
1814,CHEMBL6067482,CHEMBL2364032,INHIBITOR,Cell outer membrane inhibitor,4,True,True,True
1815,CHEMBL5314355,CHEMBL2364032,INHIBITOR,Cell outer membrane inhibitor,4,True,True,True
1816,CHEMBL1289,CHEMBL2364033,INHIBITOR,Cell membrane inhibitor,4,True,True,True
1817,CHEMBL6067990,CHEMBL2364035,INHIBITOR,Cell membrane inhibitor,4,True,True,True
1818,CHEMBL1200558,CHEMBL2364036,INHIBITOR,C55-isoprenyl pyrophosphate inhibitor,4,True,True,True
1819,CHEMBL2096639,CHEMBL2364036,INHIBITOR,C55-isoprenyl pyrophosphate inhibitor,4,True,True,True
1822,CHEMBL1200577,CHEMBL2364039,REDUCING AGENT,Cystine reducing agent,4,True,True,True
1823,CHEMBL1256137,CHEMBL2364039,REDUCING AGENT,Cystine reducing agent,4,True,True,True
1824,CHEMBL137,CHEMBL2364041,INHIBITOR,DNA inhibitor,4,True,True,True
1825,CHEMBL64894,CHEMBL2364041,INHIBITOR,DNA inhibitor,4,True,True,True
1826,CHEMBL1200869,CHEMBL2364041,INHIBITOR,DNA inhibitor,4,True,True,True
1827,CHEMBL1201104,CHEMBL2364041,INHIBITOR,DNA inhibitor,4,True,True,True
1828,CHEMBL869,CHEMBL2364041,INHIBITOR,DNA inhibitor,4,True,True,True
1829,CHEMBL1103,CHEMBL2364041,INHIBITOR,DNA inhibitor,4,True,True,True
1830,CHEMBL1200596,CHEMBL2364041,INHIBITOR,DNA inhibitor,4,True,True,True
1831,CHEMBL1201000,CHEMBL2364041,INHIBITOR,DNA inhibitor,4,True,True,True
1832,CHEMBL572,CHEMBL2364041,INHIBITOR,DNA inhibitor,4,True,True,True
1833,CHEMBL1658,CHEMBL2364096,INHIBITOR,70S ribosome inhibitor,4,True,True,True
1834,CHEMBL1658,CHEMBL2364103,INHIBITOR,70S ribosome inhibitor,4,True,True,True
1837,CHEMBL1201835,CHEMBL2364153,INHIBITOR,Interleukin-12 inhibitor,4,True,True,True
1838,CHEMBL1201835,CHEMBL2364154,INHIBITOR,Interleukin-23 inhibitor,4,True,True,True
1839,CHEMBL1237022,CHEMBL2364155,INHIBITOR,Interleukin-6 receptor alpha subunit inhibitor,4,True,True,True
1840,CHEMBL2105700,CHEMBL2364166,INHIBITOR,ATP synthase inhibitor,4,True,True,True
1841,CHEMBL1201431,CHEMBL2311221,HYDROLYTIC ENZYME,DNA hydrolytic enzyme,4,True,True,True
1842,CHEMBL1201459,CHEMBL2311221,HYDROLYTIC ENZYME,DNA hydrolytic enzyme,4,True,True,True
1843,CHEMBL1201506,CHEMBL2311221,DISRUPTING AGENT,DNA disrupting agent,4,True,True,True
1844,CHEMBL1201734,CHEMBL2311221,INHIBITOR,DNA inhibitor,4,True,True,True
1845,CHEMBL1554,CHEMBL2311221,INHIBITOR,DNA inhibitor,4,True,True,True
1846,CHEMBL1200796,CHEMBL2311221,INHIBITOR,DNA inhibitor,4,True,True,True
1847,CHEMBL1201001,CHEMBL2311221,INHIBITOR,DNA inhibitor,4,True,True,True
1848,CHEMBL1977579,CHEMBL2311221,INHIBITOR,DNA inhibitor,4,True,True,True
1849,CHEMBL1201112,CHEMBL2311221,INHIBITOR,DNA inhibitor,4,True,True,True
1850,CHEMBL1200981,CHEMBL2311221,INHIBITOR,DNA inhibitor,4,True,True,True
1851,CHEMBL820,CHEMBL2311221,INHIBITOR,DNA inhibitor,4,True,True,True
1852,CHEMBL514,CHEMBL2311221,INHIBITOR,DNA inhibitor,4,True,True,True
1853,CHEMBL414804,CHEMBL2311221,INHIBITOR,DNA inhibitor,4,True,True,True
1854,CHEMBL1237054,CHEMBL2311221,INHIBITOR,DNA inhibitor,4,True,True,True
1855,CHEMBL1351,CHEMBL2311221,INHIBITOR,DNA inhibitor,4,True,True,True
1856,CHEMBL1488,CHEMBL2311221,INHIBITOR,DNA inhibitor,4,True,True,True
1857,CHEMBL1455,CHEMBL2311221,INHIBITOR,DNA inhibitor,4,True,True,True
1858,CHEMBL852,CHEMBL2311221,INHIBITOR,DNA inhibitor,4,True,True,True
1859,CHEMBL515,CHEMBL2311221,INHIBITOR,DNA inhibitor,4,True,True,True
1860,CHEMBL6067493,CHEMBL2311221,INHIBITOR,DNA inhibitor,4,True,True,True
1861,CHEMBL671,CHEMBL2311221,INHIBITOR,DNA inhibitor,4,True,True,True
1862,CHEMBL416,CHEMBL2311221,INHIBITOR,DNA inhibitor,4,True,True,True
1863,CHEMBL1585,CHEMBL2311221,INHIBITOR,DNA inhibitor,4,True,True,True
1864,CHEMBL105,CHEMBL2311221,INHIBITOR,DNA inhibitor,4,True,True,True
1865,CHEMBL810,CHEMBL2311221,INHIBITOR,DNA inhibitor,4,True,True,True
1866,CHEMBL1200863,CHEMBL2311221,INHIBITOR,DNA inhibitor,4,True,True,True
1867,CHEMBL1619,CHEMBL2311221,INHIBITOR,DNA inhibitor,4,True,True,True
1868,CHEMBL476,CHEMBL2311221,INHIBITOR,DNA inhibitor,4,True,True,True
1869,CHEMBL1024,CHEMBL2311221,INHIBITOR,DNA inhibitor,4,True,True,True
1870,CHEMBL1200410,CHEMBL2311221,INHIBITOR,DNA inhibitor,4,True,True,True
1871,CHEMBL1475,CHEMBL2311221,INHIBITOR,DNA inhibitor,4,True,True,True
1872,CHEMBL11359,CHEMBL2311221,INHIBITOR,DNA inhibitor,4,True,True,True
1873,CHEMBL1489,CHEMBL2311221,INHIBITOR,DNA inhibitor,4,True,True,True
1874,CHEMBL1542,CHEMBL2311221,INHIBITOR,DNA inhibitor,4,True,True,True
1875,CHEMBL1200400,CHEMBL2311221,INHIBITOR,DNA inhibitor,4,True,True,True
1876,CHEMBL1200475,CHEMBL2311221,INHIBITOR,DNA inhibitor,4,True,True,True
1877,CHEMBL1563,CHEMBL2311221,INHIBITOR,DNA inhibitor,4,True,True,True
1878,CHEMBL359744,CHEMBL2311221,INHIBITOR,DNA inhibitor,4,True,True,True
1879,CHEMBL1750,CHEMBL2311221,INHIBITOR,DNA inhibitor,4,True,True,True
1880,CHEMBL1201129,CHEMBL2311221,INHIBITOR,DNA inhibitor,4,True,True,True
1881,CHEMBL1773,CHEMBL2311221,INHIBITOR,DNA inhibitor,4,True,True,True
1882,CHEMBL513,CHEMBL2311221,INHIBITOR,DNA inhibitor,4,True,True,True
1883,CHEMBL803,CHEMBL2311221,INHIBITOR,DNA inhibitor,4,True,True,True
1884,CHEMBL2023895,CHEMBL2311221,INHIBITOR,DNA inhibitor,4,True,True,True
1885,CHEMBL1200751,CHEMBL2311221,INHIBITOR,DNA inhibitor,4,True,True,True
1886,CHEMBL1417019,CHEMBL2311221,INHIBITOR,DNA inhibitor,4,True,True,True
1887,CHEMBL727,CHEMBL2311221,INHIBITOR,DNA inhibitor,4,True,True,True
1888,CHEMBL185,CHEMBL2311221,INHIBITOR,DNA inhibitor,4,True,True,True
1889,CHEMBL1200976,CHEMBL2311221,INHIBITOR,DNA inhibitor,4,True,True,True
1890,CHEMBL1096885,CHEMBL2311221,INHIBITOR,DNA inhibitor,4,True,True,True
1891,CHEMBL1773,CHEMBL2311222,INHIBITOR,RNA inhibitor,4,True,True,True
1892,CHEMBL513,CHEMBL2311222,INHIBITOR,RNA inhibitor,4,True,True,True
1893,CHEMBL803,CHEMBL2311222,INHIBITOR,RNA inhibitor,4,True,True,True
1894,CHEMBL1489,CHEMBL2311222,INHIBITOR,RNA inhibitor,4,True,True,True
1895,CHEMBL185,CHEMBL2311222,INHIBITOR,RNA inhibitor,4,True,True,True
1896,CHEMBL2023895,CHEMBL2311222,INHIBITOR,RNA inhibitor,4,True,True,True
1897,CHEMBL1201761,CHEMBL2311224,INHIBITOR,Bacterial DNA gyrase inhibitor,4,True,True,True
1898,CHEMBL1200498,CHEMBL2311224,INHIBITOR,Bacterial DNA gyrase inhibitor,4,True,True,True
1899,CHEMBL4,CHEMBL2311224,INHIBITOR,Bacterial DNA gyrase inhibitor,4,True,True,True
1900,CHEMBL1208,CHEMBL2311224,INHIBITOR,Bacterial DNA gyrase inhibitor,4,True,True,True
1901,CHEMBL8,CHEMBL2311224,INHIBITOR,Bacterial DNA gyrase inhibitor,4,True,True,True
1902,CHEMBL1202,CHEMBL2311224,INHIBITOR,Bacterial DNA gyrase inhibitor,4,True,True,True
1903,CHEMBL1200779,CHEMBL2311224,INHIBITOR,Bacterial DNA gyrase inhibitor,4,True,True,True
1904,CHEMBL9,CHEMBL2311224,INHIBITOR,Bacterial DNA gyrase inhibitor,4,True,True,True
1905,CHEMBL5,CHEMBL2311224,INHIBITOR,Bacterial DNA gyrase inhibitor,4,True,True,True
1906,CHEMBL1200735,CHEMBL2311224,INHIBITOR,Bacterial DNA gyrase inhibitor,4,True,True,True
1907,CHEMBL850,CHEMBL2311224,INHIBITOR,Bacterial DNA gyrase inhibitor,4,True,True,True
1908,CHEMBL1728,CHEMBL2311224,INHIBITOR,Bacterial DNA gyrase inhibitor,4,True,True,True
1909,CHEMBL5315124,CHEMBL2311225,INHIBITOR,DNA gyrase inhibitor,4,True,True,True
1910,CHEMBL1200393,CHEMBL2311225,INHIBITOR,DNA gyrase inhibitor,4,True,True,True
1911,CHEMBL31,CHEMBL2311225,INHIBITOR,DNA gyrase inhibitor,4,True,True,True
1912,CHEMBL1200621,CHEMBL2311225,INHIBITOR,DNA gyrase inhibitor,4,True,True,True
1913,CHEMBL826,CHEMBL2311244,INHIBITOR,DNA gyrase inhibitor,4,True,True,True
1914,CHEMBL544665,CHEMBL2363041,AGONIST,Sphingosine 1-phosphate receptor agonist,4,True,True,True
1915,CHEMBL1750,CHEMBL2363042,INHIBITOR,DNA polymerase (alpha/delta/epsilon) inhibitor,4,True,True,True
1916,CHEMBL803,CHEMBL2363042,INHIBITOR,DNA polymerase (alpha/delta/epsilon) inhibitor,4,True,True,True
1917,CHEMBL1096882,CHEMBL2363042,INHIBITOR,DNA polymerase (alpha/delta/epsilon) inhibitor,4,True,True,True
1918,CHEMBL1637,CHEMBL2363042,INHIBITOR,DNA polymerase (alpha/delta/epsilon) inhibitor,4,True,True,True
1919,CHEMBL1200382,CHEMBL2363032,BLOCKER,Voltage-gated calcium channel blocker,4,True,True,True
1920,CHEMBL1059,CHEMBL2363032,MODULATOR,Voltage-gated calcium channel modulator,4,True,True,True
1921,CHEMBL940,CHEMBL2363032,MODULATOR,Voltage-gated calcium channel modulator,4,True,True,True
1922,CHEMBL1628502,CHEMBL2363032,MODULATOR,Voltage-gated calcium channel modulator,4,True,True,True
1923,CHEMBL5314362,CHEMBL2362994,INHIBITOR,DNA polymerase/reverse transcriptase inhibitor,4,True,True,True
1924,CHEMBL922,CHEMBL2362994,INHIBITOR,DNA polymerase/reverse transcriptase inhibitor,4,True,True,True
1925,CHEMBL374731,CHEMBL2362994,INHIBITOR,DNA polymerase/reverse transcriptase inhibitor,4,True,True,True
1926,CHEMBL141,CHEMBL2362994,INHIBITOR,DNA polymerase/reverse transcriptase inhibitor,4,True,True,True
1927,CHEMBL2108888,CHEMBL2366040,HYDROLYTIC ENZYME,Globotriosylceramide hydrolytic enzyme,4,True,True,True
1928,CHEMBL1292,CHEMBL2366041,INHIBITOR,DNA inhibitor,4,True,True,True
1929,CHEMBL788,CHEMBL2366042,INHIBITOR,DNA inhibitor,4,True,True,True
1930,CHEMBL1129,CHEMBL2366042,INHIBITOR,DNA inhibitor,4,True,True,True
1931,CHEMBL1448,CHEMBL2366043,INHIBITOR,DNA inhibitor,4,True,True,True
1932,CHEMBL847,CHEMBL2366043,INHIBITOR,DNA inhibitor,4,True,True,True
1933,CHEMBL1448,CHEMBL2366044,INHIBITOR,DNA inhibitor,4,True,True,True
1934,CHEMBL1220,CHEMBL2366045,DISRUPTING AGENT,DNA disrupting agent,4,True,True,True
1935,CHEMBL361506,CHEMBL2366046,INHIBITOR,DNA inhibitor,4,True,True,True
1936,CHEMBL361506,CHEMBL2366047,INHIBITOR,Kinetoplast DNA inhibitor,4,True,True,True
1937,CHEMBL1200448,CHEMBL2366048,INHIBITOR,ATP inhibitor,4,True,True,True
1938,CHEMBL1201042,CHEMBL2366048,INHIBITOR,ATP inhibitor,4,True,True,True
1939,CHEMBL3183453,CHEMBL2331040,INHIBITOR,DNA gyrase inhibitor,4,True,True,True
1940,CHEMBL1200733,CHEMBL2331041,OPENER,Potassium channel subfamily K member 10 opener,4,True,True,True
1941,CHEMBL1200694,CHEMBL2331041,OPENER,Potassium channel subfamily K member 10 opener,4,True,True,True
1942,CHEMBL931,CHEMBL2331041,OPENER,Potassium channel subfamily K member 10 opener,4,True,True,True
1943,CHEMBL1256,CHEMBL2331041,OPENER,Potassium channel subfamily K member 10 opener,4,True,True,True
1944,CHEMBL1257,CHEMBL2331041,OPENER,Potassium channel subfamily K member 10 opener,4,True,True,True
1945,CHEMBL1200733,CHEMBL2331042,OPENER,Potassium channel subfamily K member 18 opener,4,True,True,True
1946,CHEMBL1200694,CHEMBL2331042,OPENER,Potassium channel subfamily K member 18 opener,4,True,True,True
1947,CHEMBL931,CHEMBL2331042,OPENER,Potassium channel subfamily K member 18 opener,4,True,True,True
1948,CHEMBL1256,CHEMBL2331042,OPENER,Potassium channel subfamily K member 18 opener,4,True,True,True
1949,CHEMBL1257,CHEMBL2331042,OPENER,Potassium channel subfamily K member 18 opener,4,True,True,True
1950,CHEMBL1201486,CHEMBL2331043,BLOCKER,Sodium channel alpha subunit blocker,4,True,True,True
1951,CHEMBL1889140,CHEMBL2331043,BLOCKER,Sodium channel alpha subunit blocker,4,True,True,True
1952,CHEMBL918,CHEMBL2331043,BLOCKER,Sodium channel alpha subunit blocker,4,True,True,True
1953,CHEMBL1200654,CHEMBL2331043,BLOCKER,Sodium channel alpha subunit blocker,4,True,True,True
1954,CHEMBL944,CHEMBL2331043,BLOCKER,Sodium channel alpha subunit blocker,4,True,True,True
1955,CHEMBL1200606,CHEMBL2331043,BLOCKER,Sodium channel alpha subunit blocker,4,True,True,True
1956,CHEMBL744,CHEMBL2331043,BLOCKER,Sodium channel alpha subunit blocker,4,True,True,True
1957,CHEMBL1200715,CHEMBL2331043,BLOCKER,Sodium channel alpha subunit blocker,4,True,True,True
1958,CHEMBL1201022,CHEMBL2331043,BLOCKER,Sodium channel alpha subunit blocker,4,True,True,True
1959,CHEMBL1200437,CHEMBL2331043,BLOCKER,Sodium channel alpha subunit blocker,4,True,True,True
1960,CHEMBL856,CHEMBL2331043,BLOCKER,Sodium channel alpha subunit blocker,4,True,True,True
1961,CHEMBL1095,CHEMBL2331043,BLOCKER,Sodium channel alpha subunit blocker,4,True,True,True
1962,CHEMBL1201020,CHEMBL2331043,BLOCKER,Sodium channel alpha subunit blocker,4,True,True,True
1963,CHEMBL1201729,CHEMBL2331043,BLOCKER,Sodium channel alpha subunit blocker,4,True,True,True
1964,CHEMBL1200478,CHEMBL2331043,BLOCKER,Sodium channel alpha subunit blocker,4,True,True,True
1965,CHEMBL3707183,CHEMBL2331043,BLOCKER,Sodium channel alpha subunit blocker,4,True,True,True
1966,CHEMBL1194,CHEMBL2331043,BLOCKER,Sodium channel alpha subunit blocker,4,True,True,True
1967,CHEMBL1611,CHEMBL2331043,BLOCKER,Sodium channel alpha subunit blocker,4,True,True,True
1968,CHEMBL220492,CHEMBL2331043,BLOCKER,Sodium channel alpha subunit blocker,4,True,True,True
1969,CHEMBL1200443,CHEMBL2331043,BLOCKER,Sodium channel alpha subunit blocker,4,True,True,True
1970,CHEMBL1200841,CHEMBL2331043,BLOCKER,Sodium channel alpha subunit blocker,4,True,True,True
1971,CHEMBL861,CHEMBL2331043,BLOCKER,Sodium channel alpha subunit blocker,4,True,True,True
1972,CHEMBL108,CHEMBL2331043,BLOCKER,Sodium channel alpha subunit blocker,4,True,True,True
1973,CHEMBL1200819,CHEMBL2331043,BLOCKER,Sodium channel alpha subunit blocker,4,True,True,True
1974,CHEMBL698,CHEMBL2331043,BLOCKER,Sodium channel alpha subunit blocker,4,True,True,True
1975,CHEMBL58323,CHEMBL2331043,BLOCKER,Sodium channel alpha subunit blocker,4,True,True,True
1976,CHEMBL1200440,CHEMBL2331043,BLOCKER,Sodium channel alpha subunit blocker,4,True,True,True
1977,CHEMBL1200334,CHEMBL2331043,BLOCKER,Sodium channel alpha subunit blocker,4,True,True,True
1978,CHEMBL1200597,CHEMBL2331043,BLOCKER,Sodium channel alpha subunit blocker,4,True,True,True
1979,CHEMBL1201023,CHEMBL2331043,BLOCKER,Sodium channel alpha subunit blocker,4,True,True,True
1980,CHEMBL1200395,CHEMBL2331043,BLOCKER,Sodium channel alpha subunit blocker,4,True,True,True
1981,CHEMBL605,CHEMBL2331043,BLOCKER,Sodium channel alpha subunit blocker,4,True,True,True
1982,CHEMBL1201063,CHEMBL2331043,BLOCKER,Sodium channel alpha subunit blocker,4,True,True,True
1983,CHEMBL1200464,CHEMBL2331043,BLOCKER,Sodium channel alpha subunit blocker,4,True,True,True
1984,CHEMBL1769,CHEMBL2331043,BLOCKER,Sodium channel alpha subunit blocker,4,True,True,True
1985,CHEMBL1201754,CHEMBL2331043,BLOCKER,Sodium channel alpha subunit blocker,4,True,True,True
1986,CHEMBL1068,CHEMBL2331043,BLOCKER,Sodium channel alpha subunit blocker,4,True,True,True
1987,CHEMBL16,CHEMBL2331043,BLOCKER,Sodium channel alpha subunit blocker,4,True,True,True
1988,CHEMBL1200586,CHEMBL2331043,BLOCKER,Sodium channel alpha subunit blocker,4,True,True,True
1989,CHEMBL919,CHEMBL2331043,BLOCKER,Sodium channel alpha subunit blocker,4,True,True,True
1990,CHEMBL1200341,CHEMBL2331043,BLOCKER,Sodium channel alpha subunit blocker,4,True,True,True
1991,CHEMBL741,CHEMBL2331043,BLOCKER,Sodium channel alpha subunit blocker,4,True,True,True
1992,CHEMBL79,CHEMBL2331043,BLOCKER,Sodium channel alpha subunit blocker,4,True,True,True
1993,CHEMBL1200409,CHEMBL2331043,BLOCKER,Sodium channel alpha subunit blocker,4,True,True,True
1994,CHEMBL1200773,CHEMBL2331043,BLOCKER,Sodium channel alpha subunit blocker,4,True,True,True
1995,CHEMBL750,CHEMBL2331043,BLOCKER,Sodium channel alpha subunit blocker,4,True,True,True
1996,CHEMBL1200323,CHEMBL2331074,ANTAGONIST,Adrenergic receptor antagonist,4,True,True,True
1997,CHEMBL1200833,CHEMBL2331074,AGONIST,Adrenergic receptor agonist,4,True,True,True
1998,CHEMBL1256958,CHEMBL2331074,AGONIST,Adrenergic receptor agonist,4,True,True,True
1999,CHEMBL679,CHEMBL2331074,AGONIST,Adrenergic receptor agonist,4,True,True,True
2000,CHEMBL3184799,CHEMBL2331074,AGONIST,Adrenergic receptor agonist,4,True,True,True
2001,CHEMBL1434513,CHEMBL2331074,AGONIST,Adrenergic receptor agonist,4,True,True,True
2002,CHEMBL1200705,CHEMBL2331074,AGONIST,Adrenergic receptor agonist,4,True,True,True
2003,CHEMBL831,CHEMBL2331075,ANTAGONIST,D2-like dopamine receptor antagonist,4,True,True,True
2004,CHEMBL1200503,CHEMBL2331075,AGONIST,D2-like dopamine receptor agonist,4,True,True,True
2005,CHEMBL71,CHEMBL2331075,ANTAGONIST,D2-like dopamine receptor antagonist,4,True,True,True
2006,CHEMBL1713,CHEMBL2331075,ANTAGONIST,D2-like dopamine receptor antagonist,4,True,True,True
2007,CHEMBL42,CHEMBL217,ANTAGONIST,Dopamine D2 receptor antagonist,4,True,True,True
2008,CHEMBL3989694,CHEMBL2331075,ANTAGONIST,D2-like dopamine receptor antagonist,4,True,True,True
2009,CHEMBL3182733,CHEMBL2331075,AGONIST,D2-like dopamine receptor agonist,4,True,True,True
2010,CHEMBL2358147,CHEMBL217,ANTAGONIST,Dopamine D2 receptor antagonist,4,True,True,True
2011,CHEMBL1108,CHEMBL2331075,ANTAGONIST,D2-like dopamine receptor antagonist,4,True,True,True
2012,CHEMBL85,CHEMBL217,ANTAGONIST,Dopamine D2 receptor antagonist,4,True,True,True
2013,CHEMBL1201155,CHEMBL2331075,ANTAGONIST,D2-like dopamine receptor antagonist,4,True,True,True
2014,CHEMBL1200469,CHEMBL2331075,ANTAGONIST,D2-like dopamine receptor antagonist,4,True,True,True
2015,CHEMBL1200411,CHEMBL2331075,AGONIST,D2-like dopamine receptor agonist,4,True,True,True
2016,CHEMBL1764,CHEMBL2331075,ANTAGONIST,D2-like dopamine receptor antagonist,4,True,True,True
2017,CHEMBL1200986,CHEMBL2331075,INVERSE AGONIST,D2-like dopamine receptor inverse agonist,4,True,True,True
2018,CHEMBL1200916,CHEMBL2331075,ANTAGONIST,D2-like dopamine receptor antagonist,4,True,True,True
2019,CHEMBL479,CHEMBL2331075,ANTAGONIST,D2-like dopamine receptor antagonist,4,True,True,True
2020,CHEMBL3187985,CHEMBL2331075,AGONIST,D2-like dopamine receptor agonist,4,True,True,True
2021,CHEMBL1201060,CHEMBL2331075,ANTAGONIST,D2-like dopamine receptor antagonist,4,True,True,True
2022,CHEMBL1615372,CHEMBL217,ANTAGONIST,Dopamine D2 receptor antagonist,4,True,True,True
2023,CHEMBL715,CHEMBL2331075,ANTAGONIST,D2-like dopamine receptor antagonist,4,True,True,True
2024,CHEMBL3188993,CHEMBL217,ANTAGONIST,Dopamine D2 receptor antagonist,4,True,True,True
2025,CHEMBL1303,CHEMBL2331075,AGONIST,D2-like dopamine receptor agonist,4,True,True,True
2026,CHEMBL54,CHEMBL2331075,INVERSE AGONIST,D2-like dopamine receptor inverse agonist,4,True,True,True
2027,CHEMBL4297147,CHEMBL2331075,INVERSE AGONIST,D2-like dopamine receptor inverse agonist,4,True,True,True
2028,CHEMBL1257040,CHEMBL2331075,ANTAGONIST,D2-like dopamine receptor antagonist,4,True,True,True
2029,CHEMBL1375743,CHEMBL217,ANTAGONIST,Dopamine D2 receptor antagonist,4,True,True,True
2030,CHEMBL3989833,CHEMBL217,ANTAGONIST,Dopamine D2 receptor antagonist,4,True,True,True
2031,CHEMBL15891,CHEMBL2364024,NEGATIVE ALLOSTERIC MODULATOR,GABA-A receptor negative allosteric modulator,4,True,True,True
2032,CHEMBL15891,CHEMBL2364025,NEGATIVE ALLOSTERIC MODULATOR,GABA-A receptor negative allosteric modulator,4,True,True,True
2033,CHEMBL1401,CHEMBL2364026,INHIBITOR,Pyruvate:ferredoxin oxidoreductase inhibitor,4,True,True,True
2034,CHEMBL1401,CHEMBL2364027,INHIBITOR,Pyruvate:ferredoxin oxidoreductase inhibitor,4,True,True,True
2035,CHEMBL2108546,CHEMBL2364706,HYDROLYTIC ENZYME,Asparagine hydrolytic enzyme,4,True,True,True
2036,CHEMBL2108989,CHEMBL2364706,HYDROLYTIC ENZYME,Asparagine hydrolytic enzyme,4,True,True,True
2038,CHEMBL1201505,CHEMBL2364709,INHIBITOR,Fibrinogen inhibitor,4,True,True,True
2039,CHEMBL1863515,CHEMBL2364710,HYDROLYTIC ENZYME,Methotrexate hydrolytic enzyme,4,True,True,True
2040,CHEMBL1201637,CHEMBL2364711,HYDROLYTIC ENZYME,Fatty acids hydrolytic enzyme,4,True,True,True
2041,CHEMBL1201651,CHEMBL2364712,INHIBITOR,Heparin inhibitor,4,True,True,True
2042,CHEMBL1201575,CHEMBL2364172,INHIBITOR,Integrin alpha-L/beta-2 (LFA-1) inhibitor,4,True,True,True
2043,CHEMBL3833353,CHEMBL2364173,AGONIST,Amylin receptor AMY2; CALCR/RAMP2 agonist,4,True,True,True
2044,CHEMBL1200621,CHEMBL2363033,INHIBITOR,Topoisomerase IV inhibitor,4,True,True,True
2045,CHEMBL31,CHEMBL2363033,INHIBITOR,Topoisomerase IV inhibitor,4,True,True,True
2046,CHEMBL1200393,CHEMBL2363033,INHIBITOR,Topoisomerase IV inhibitor,4,True,True,True
2047,CHEMBL5315124,CHEMBL2363033,INHIBITOR,Topoisomerase IV inhibitor,4,True,True,True
2048,CHEMBL1200733,CHEMBL2321613,OPENER,Potassium channel subfamily K member 3 opener,4,True,True,True
2049,CHEMBL3989519,CHEMBL2321613,BLOCKER,Potassium channel subfamily K member 3 blocker,4,True,True,True
2050,CHEMBL1200694,CHEMBL2321613,OPENER,Potassium channel subfamily K member 3 opener,4,True,True,True
2051,CHEMBL931,CHEMBL2321613,OPENER,Potassium channel subfamily K member 3 opener,4,True,True,True
2052,CHEMBL1256,CHEMBL2321613,OPENER,Potassium channel subfamily K member 3 opener,4,True,True,True
2053,CHEMBL1257,CHEMBL2321613,OPENER,Potassium channel subfamily K member 3 opener,4,True,True,True
2054,CHEMBL1200733,CHEMBL2321614,OPENER,Potassium channel subfamily K member 9 opener,4,True,True,True
2055,CHEMBL3989519,CHEMBL2321614,BLOCKER,Potassium channel subfamily K member 9 blocker,4,True,True,True
2056,CHEMBL1200694,CHEMBL2321614,OPENER,Potassium channel subfamily K member 9 opener,4,True,True,True
2057,CHEMBL931,CHEMBL2321614,OPENER,Potassium channel subfamily K member 9 opener,4,True,True,True
2058,CHEMBL1256,CHEMBL2321614,OPENER,Potassium channel subfamily K member 9 opener,4,True,True,True
2059,CHEMBL1257,CHEMBL2321614,OPENER,Potassium channel subfamily K member 9 opener,4,True,True,True
2060,CHEMBL1200733,CHEMBL2321615,OPENER,Potassium channel subfamily K member 2 opener,4,True,True,True
2061,CHEMBL1257,CHEMBL2321615,OPENER,Potassium channel subfamily K member 2 opener,4,True,True,True
2062,CHEMBL1200694,CHEMBL2321615,OPENER,Potassium channel subfamily K member 2 opener,4,True,True,True
2063,CHEMBL931,CHEMBL2321615,OPENER,Potassium channel subfamily K member 2 opener,4,True,True,True
2064,CHEMBL1256,CHEMBL2321615,OPENER,Potassium channel subfamily K member 2 opener,4,True,True,True
2065,CHEMBL1255800,CHEMBL2363852,INHIBITOR,DNA-directed RNA polymerase inhibitor,4,True,True,True
2066,CHEMBL3989551,CHEMBL2363853,INHIBITOR,70S ribosome inhibitor,4,True,True,True
2067,CHEMBL126,CHEMBL2363135,INHIBITOR,Bacterial 70S ribosome inhibitor,4,True,True,True
2068,CHEMBL564085,CHEMBL2363853,INHIBITOR,70S ribosome inhibitor,4,True,True,True
2069,CHEMBL3989823,CHEMBL2363965,INHIBITOR,70S ribosome inhibitor,4,True,True,True
2070,CHEMBL2218913,CHEMBL2363965,INHIBITOR,70S ribosome inhibitor,4,True,True,True
2071,CHEMBL614,CHEMBL2363965,INHIBITOR,70S ribosome inhibitor,4,True,True,True
2072,CHEMBL3989564,CHEMBL2364022,INHIBITOR,70S ribosome inhibitor,4,True,True,True
2073,CHEMBL1747,CHEMBL2364022,INHIBITOR,70S ribosome inhibitor,4,True,True,True
2074,CHEMBL1201451,CHEMBL2364174,SEQUESTERING AGENT,Bilirubin sequestering agent,4,True,True,True
2075,CHEMBL1201625,CHEMBL2364175,SEQUESTERING AGENT,Bile acids sequestering agent,4,True,True,True
2076,CHEMBL1201473,CHEMBL2364175,SEQUESTERING AGENT,Bile acids sequestering agent,4,True,True,True
2077,CHEMBL1201474,CHEMBL2364175,SEQUESTERING AGENT,Bile acids sequestering agent,4,True,True,True
2078,CHEMBL1201865,CHEMBL2364176,HYDROLYTIC ENZYME,Glucocerebroside hydrolytic enzyme,4,True,True,True
2079,CHEMBL1964120,CHEMBL2364176,HYDROLYTIC ENZYME,Glucocerebroside hydrolytic enzyme,4,True,True,True
2080,CHEMBL1201632,CHEMBL2364176,HYDROLYTIC ENZYME,Glucocerebroside hydrolytic enzyme,4,True,True,True
2081,CHEMBL1201633,CHEMBL2364176,HYDROLYTIC ENZYME,Glucocerebroside hydrolytic enzyme,4,True,True,True
2082,CHEMBL1201514,CHEMBL2364177,HYDROLYTIC ENZYME,2'-deoxyadenosine hydrolytic enzyme,4,True,True,True
2083,CHEMBL1201514,CHEMBL2364178,HYDROLYTIC ENZYME,Adenosine hydrolytic enzyme,4,True,True,True
2084,CHEMBL1201822,CHEMBL2364179,HYDROLYTIC ENZYME,Dermatan sulfate hydrolytic enzyme,4,True,True,True
2085,CHEMBL1201595,CHEMBL2364179,HYDROLYTIC ENZYME,Dermatan sulfate hydrolytic enzyme,4,True,True,True
2086,CHEMBL1201648,CHEMBL2364180,HYDROLYTIC ENZYME,Starch hydrolytic enzyme,4,True,True,True
2087,CHEMBL1201824,CHEMBL2364180,HYDROLYTIC ENZYME,Starch hydrolytic enzyme,4,True,True,True
2088,CHEMBL1201626,CHEMBL2364181,PROTEOLYTIC ENZYME,Polypeptides proteolytic enzyme,4,True,True,True
2089,CHEMBL1201465,CHEMBL2364181,PROTEOLYTIC ENZYME,Polypeptides proteolytic enzyme,4,True,True,True
2090,CHEMBL1201482,CHEMBL2364181,HYDROLYTIC ENZYME,Polypeptides hydrolytic enzyme,4,True,True,True
2091,CHEMBL1201487,CHEMBL2364182,HYDROLYTIC ENZYME,Sucrose hydrolytic enzyme,4,True,True,True
2092,CHEMBL1237025,CHEMBL2364183,OXIDATIVE ENZYME,Uric acid oxidative enzyme,4,True,True,True
2093,CHEMBL1201492,CHEMBL2364184,SEQUESTERING AGENT,Phosphate sequestering agent,4,True,True,True
2094,CHEMBL502097,CHEMBL2364185,ANTISENSE INHIBITOR,Apo-B 100 mRNA antisense inhibitor,4,True,True,True
2095,CHEMBL1201512,CHEMBL2364186,ANTISENSE INHIBITOR,Major intermediate early region 2 mRNA antisense inhibitor,4,True,True,True
2096,CHEMBL797,CHEMBL2362995,BLOCKER,Voltage-gated T-type calcium channel blocker,4,True,True,True
2097,CHEMBL1100,CHEMBL2362995,BLOCKER,Voltage-gated T-type calcium channel blocker,4,True,True,True
2098,CHEMBL697,CHEMBL2362995,BLOCKER,Voltage-gated T-type calcium channel blocker,4,True,True,True
2099,CHEMBL696,CHEMBL2362995,BLOCKER,Voltage-gated T-type calcium channel blocker,4,True,True,True
2100,CHEMBL695,CHEMBL2362995,BLOCKER,Voltage-gated T-type calcium channel blocker,4,True,True,True
2102,CHEMBL284348,CHEMBL2362996,BLOCKER,Voltage-gated potassium channel blocker,4,True,True,True
2103,CHEMBL1200728,CHEMBL2362996,BLOCKER,Voltage-gated potassium channel blocker,4,True,True,True
2105,CHEMBL2021423,,,Unknown,4,True,True,True
2106,CHEMBL2108638,CHEMBL5352,BINDING AGENT,Protective antigen binding agent,4,True,True,True
2111,CHEMBL2107816,,,Radiotherapy agent,4,True,True,True
2112,CHEMBL1963685,,,Surfactant agent,4,True,True,True
2113,CHEMBL1201650,,,Iodine storage agent,4,True,True,True
2114,CHEMBL1201723,,,Unknown,4,True,True,True
2115,CHEMBL1201481,CHEMBL2311221,INHIBITOR,DNA inhibitor,4,True,True,True
2116,CHEMBL1201624,,,Surfactant agent,4,True,True,True
2117,CHEMBL1201531,,,Unknown,4,True,True,True
2118,CHEMBL1201658,,,Unknown,4,True,True,True
2119,CHEMBL1201603,,,Unknown,4,True,True,True
2120,CHEMBL1201516,,,Unknown,4,True,True,True
2121,CHEMBL1201444,,,Unknown,4,True,True,True
2122,CHEMBL1201507,,,Unknown,4,True,True,True
2123,CHEMBL1201867,,,Unknown,4,True,True,True
2125,CHEMBL1201548,,,Surfactant agent,4,True,True,True
2126,CHEMBL1201622,,,Surfactant agent,4,True,True,True
2127,CHEMBL1201447,,,Surfactant agent,4,True,True,True
2130,CHEMBL1593906,,,Unknown,4,True,True,True
2131,CHEMBL1200711,,,Unknown,4,True,True,True
2132,CHEMBL2095209,,,Unknown,4,True,True,True
2133,CHEMBL61,,,Unknown,4,True,True,True
2134,CHEMBL301267,,,Unknown,2,True,True,True
2135,CHEMBL1200391,,,Unknown,4,True,True,True
2136,CHEMBL6066833,,,Unknown,4,True,True,True
2137,CHEMBL542541,,,Unknown,4,True,True,True
2138,CHEMBL1200582,CHEMBL2311221,INHIBITOR,DNA inhibitor,4,True,True,True
2139,CHEMBL4297192,,,Antifoaming agent,4,True,True,True
2140,CHEMBL1200868,,,Unknown,4,True,True,True
2141,CHEMBL915,,,Unknown,4,True,True,True
2142,CHEMBL2103740,,,Unknown,4,True,True,True
2143,CHEMBL313972,,,Unknown,4,True,True,True
2144,CHEMBL1200747,,,Unknown,4,True,True,True
2145,CHEMBL296306,,,Colonic bacteria substrate,4,True,True,True
2146,CHEMBL1201015,,,Astringent,4,True,True,True
2147,CHEMBL1177,,,Unknown,4,True,True,True
2148,CHEMBL1200676,,,Unknown,4,True,True,True
2149,CHEMBL5314346,CHEMBL2311221,INHIBITOR,DNA inhibitor,4,True,True,True
2150,CHEMBL1908377,,,Unknown,4,True,True,True
2151,CHEMBL1746,CHEMBL2366039,SEQUESTERING AGENT,Glutamine sequestering agent,4,True,True,True
2152,CHEMBL6067961,,,Unknown,4,True,True,True
2153,CHEMBL720,,,Unknown,4,True,True,True
2154,CHEMBL1201050,,,Unknown,4,True,True,True
2155,CHEMBL1201864,,,Unknown,4,True,True,True
2156,CHEMBL1243,,,Unknown,4,True,True,True
2157,CHEMBL3989857,,,Unknown,4,True,True,True
2158,CHEMBL1201038,,,Unknown,4,True,True,True
2159,CHEMBL5314347,,,Unknown,4,True,True,True
2160,CHEMBL1200887,,,Unknown,4,True,True,True
2161,CHEMBL1200680,,,Unknown,4,True,True,True
2162,CHEMBL1908361,,,Unknown,4,True,True,True
2163,CHEMBL3989725,,,Unknown,4,True,True,True
2164,CHEMBL1200714,,,Unknown,4,True,True,True
2165,CHEMBL108545,,,Unknown,4,True,True,True
2166,CHEMBL1356,,,Unknown,4,True,True,True
2167,CHEMBL1006,,,Reactive metabolite scavenging agent,4,True,True,True
2168,CHEMBL607710,,,Unknown,4,True,True,True
2169,CHEMBL1200559,,,pH lowering agent,4,True,True,True
2170,CHEMBL504,,,Unknown,4,True,True,True
2171,CHEMBL3989522,,,Unknown,4,True,True,True
2172,CHEMBL6067975,,,Unknown,4,True,True,True
2173,CHEMBL942,,,Unknown,4,True,True,True
2174,CHEMBL1863513,,,Unknown,4,True,True,True
2175,CHEMBL1314,,,Reducing agent,4,True,True,True
2177,CHEMBL269671,,,Unknown,3,True,True,True
2178,CHEMBL43128,,,Unknown,4,True,True,True
2179,CHEMBL3989697,,,Unknown,4,True,True,True
2180,CHEMBL1200706,,,Antacid,4,True,True,True
2181,CHEMBL1200354,,,Unknown,4,True,True,True
2182,CHEMBL3989507,CHEMBL2364030,CHELATING AGENT,Calcium chelating agent,4,True,True,True
2184,CHEMBL604,,,Unknown,4,True,True,True
2185,CHEMBL2096660,,,Unknown,4,True,True,True
2186,CHEMBL1200922,,,Unknown,4,True,True,True
2187,CHEMBL2021422,,,Unknown,4,True,True,True
2188,CHEMBL1233,,,Unknown,4,True,True,True
2189,CHEMBL1200936,,,Unknown,4,True,True,True
2190,CHEMBL1200471,,,Unknown,4,True,True,True
2192,CHEMBL1201154,CHEMBL217,ANTAGONIST,Dopamine D2 receptor antagonist,4,True,True,True
2193,CHEMBL1200358,CHEMBL2366039,SEQUESTERING AGENT,Glutamine sequestering agent,4,True,True,True
2194,CHEMBL1200943,,,Unknown,4,True,True,True
2195,CHEMBL1201787,,,Unknown,4,True,True,True
2196,CHEMBL1200972,,,Unknown,4,True,True,True
2198,CHEMBL70927,,,Unknown,4,True,True,True
2199,CHEMBL1200660,,,Osmotic agent,4,True,True,True
2200,CHEMBL1413,CHEMBL2363058,CHELATING AGENT,Iron chelating agent,4,True,True,True
2201,CHEMBL975,,,Unknown,4,True,True,True
2202,CHEMBL361497,,,Unknown,4,True,True,True
2203,CHEMBL2096629,CHEMBL2366037,CHELATING AGENT,Radioactive metals chelating agent,4,True,True,True
2204,CHEMBL1200661,,,Unknown,4,True,True,True
2205,CHEMBL2021424,,,Unknown,4,True,True,True
2206,CHEMBL74,,,Unknown,4,True,True,True
2207,CHEMBL2107525,,,Radiopharmaceutical,4,True,True,True
2209,CHEMBL1200625,,,Unknown,4,True,True,True
2210,CHEMBL1239,,,Unknown,4,True,True,True
2211,CHEMBL980,,,Unknown,4,True,True,True
2212,CHEMBL1079604,,,Unknown,4,True,True,True
2213,CHEMBL1201171,,,Unknown,4,True,True,True
2214,CHEMBL1615371,,,Unknown,4,True,True,True
2215,CHEMBL706,,,Surfactant,4,True,True,True
2216,CHEMBL46286,,,Protein synthesis inhibitor,4,True,True,True
2217,CHEMBL1576,,,Unknown,4,True,True,True
2218,CHEMBL1141,,,Unknown,4,True,True,True
2219,CHEMBL1201093,CHEMBL2311221,INHIBITOR,DNA inhibitor,4,True,True,True
2220,CHEMBL1366,,,Unknown,4,True,True,True
2223,CHEMBL1200851,,,Unknown,4,True,True,True
2224,CHEMBL1413,CHEMBL2366381,CHELATING AGENT,Aluminium chelating agent,4,True,True,True
2225,CHEMBL1200721,CHEMBL2311221,INHIBITOR,DNA inhibitor,4,True,True,True
2226,CHEMBL112,CHEMBL2243,INHIBITOR,Anandamide amidohydrolase inhibitor,4,True,True,True
2227,CHEMBL112,CHEMBL4794,OPENER,Vanilloid receptor opener,4,True,True,True
2228,CHEMBL1863514,CHEMBL2364706,HYDROLYTIC ENZYME,Asparagine hydrolytic enzyme,4,True,True,True
2229,CHEMBL2108074,CHEMBL2364711,HYDROLYTIC ENZYME,Fatty acids hydrolytic enzyme,4,True,True,True
2230,CHEMBL2108074,CHEMBL2364180,HYDROLYTIC ENZYME,Starch hydrolytic enzyme,4,True,True,True
2231,CHEMBL2108074,CHEMBL2364181,HYDROLYTIC ENZYME,Polypeptides hydrolytic enzyme,4,True,True,True
2232,CHEMBL2108427,CHEMBL1854,AGONIST,Luteinizing hormone/Choriogonadotropin receptor agonist,4,True,True,True
2233,CHEMBL2108427,CHEMBL2024,AGONIST,Follicle stimulating hormone receptor agonist,4,True,True,True
2234,CHEMBL2105712,CHEMBL203,INHIBITOR,Epidermal growth factor receptor erbB1 inhibitor,4,True,True,True
2235,CHEMBL1213165,CHEMBL3471,INHIBITOR,Human immunodeficiency virus type 1 integrase inhibitor,4,True,True,True
2236,CHEMBL2107387,CHEMBL214,AGONIST,Serotonin 1a (5-HT1a) receptor agonist,4,True,True,True
2237,CHEMBL2107387,CHEMBL228,INHIBITOR,Serotonin transporter inhibitor,4,True,True,True
2238,CHEMBL2107387,CHEMBL1899,ANTAGONIST,Serotonin 3a (5-HT3a) receptor antagonist,4,True,True,True
2239,CHEMBL2107834,CHEMBL2111348,POSITIVE ALLOSTERIC MODULATOR,Soluble guanylate cyclase positive allosteric modulator,4,True,True,True
2240,CHEMBL2103873,CHEMBL2096678,ANTAGONIST,"Endothelin receptor, ET-A/ET-B antagonist",4,True,True,True
2241,CHEMBL1743048,CHEMBL2058,BINDING AGENT,B-lymphocyte antigen CD20 binding agent,4,True,True,True
2242,CHEMBL1873475,CHEMBL5251,INHIBITOR,Tyrosine-protein kinase BTK inhibitor,4,True,True,True
2243,CHEMBL3137358,CHEMBL2095231,INHIBITOR,"Hepatitis C virus serine protease, NS3/NS4A inhibitor",4,True,True,True
2244,CHEMBL87992,CHEMBL2331043,BLOCKER,Sodium channel alpha subunit blocker,4,True,True,True
2245,CHEMBL2105689,CHEMBL1780,INHIBITOR,Cytochrome P450 51 inhibitor,4,True,True,True
2246,CHEMBL523299,CHEMBL245,ANTAGONIST,Muscarinic acetylcholine receptor M3 antagonist,4,True,True,True
2247,CHEMBL1259059,CHEMBL4296320,INHIBITOR,RNA-directed RNA polymerase inhibitor,4,True,True,True
2248,CHEMBL2106615,CHEMBL2093866,MODULATOR,Estrogen receptor modulator,4,True,True,True
2249,CHEMBL3989861,CHEMBL228,INHIBITOR,Serotonin transporter inhibitor,4,True,True,True
2250,CHEMBL3989861,CHEMBL222,INHIBITOR,Norepinephrine transporter inhibitor,4,True,True,True
2251,CHEMBL2146140,CHEMBL2095173,INHIBITOR,Potassium-transporting ATPase inhibitor,4,True,True,True
2252,CHEMBL2105732,CHEMBL228,INHIBITOR,Serotonin transporter inhibitor,4,True,True,True
2253,CHEMBL2105732,CHEMBL222,INHIBITOR,Norepinephrine transporter inhibitor,4,True,True,True
2254,CHEMBL139,CHEMBL2094253,INHIBITOR,Cyclooxygenase inhibitor,4,True,True,True
2255,CHEMBL4802224,CHEMBL2364184,SEQUESTERING AGENT,Phosphate sequestering agent,4,True,True,True
2256,CHEMBL34259,CHEMBL202,INHIBITOR,Dihydrofolate reductase inhibitor,4,True,True,True
2257,CHEMBL2105712,CHEMBL1824,INHIBITOR,Receptor protein-tyrosine kinase erbB-2 inhibitor,4,True,True,True
2258,CHEMBL2105712,CHEMBL3009,INHIBITOR,Receptor protein-tyrosine kinase erbB-4 inhibitor,4,True,True,True
2260,CHEMBL932,CHEMBL2363066,INHIBITOR,"3',5'-cyclic phosphodiesterase inhibitor",4,True,True,True
2262,CHEMBL1200628,CHEMBL3041361,INHIBITOR,Peptidoglycan inhibitor,4,True,True,True
2263,CHEMBL1238,,,Unknown,4,True,True,True
2264,CHEMBL514800,CHEMBL2093863,INHIBITOR,Phosphodiesterase 4 inhibitor,4,True,True,True
2267,CHEMBL2103827,CHEMBL2331074,AGONIST,Adrenergic receptor agonist,4,True,True,True
2268,CHEMBL125,,,Unknown,4,True,True,True
2269,CHEMBL2103822,CHEMBL2094268,AGONIST,Melatonin receptor agonist,4,True,True,True
2270,CHEMBL2107067,CHEMBL1871,AGONIST,Androgen Receptor agonist,4,True,True,True
2272,CHEMBL2107857,CHEMBL5913,AGONIST,Leptin receptor agonist,4,True,True,True
2273,CHEMBL1743062,CHEMBL279,INHIBITOR,Vascular endothelial growth factor receptor 2 inhibitor,4,True,True,True
2274,CHEMBL1743070,CHEMBL1795129,ANTAGONIST,Interleukin-6 antagonist,4,True,True,True
2276,CHEMBL2107841,CHEMBL1784,AGONIST,Glucagon-like peptide 1 receptor agonist,4,True,True,True
2277,CHEMBL2108676,CHEMBL3140341,HYDROLYTIC ENZYME,Keratan sulfate hydrolytic enzyme,4,True,True,True
2278,CHEMBL2108676,CHEMBL3140342,HYDROLYTIC ENZYME,Chondroitin-6-sulfate hydrolytic enzyme,4,True,True,True
2279,CHEMBL408513,CHEMBL2093865,INHIBITOR,Histone deacetylase inhibitor,4,True,True,True
2280,CHEMBL3989766,CHEMBL3041361,INHIBITOR,Peptidoglycan inhibitor,4,True,True,True
2281,CHEMBL2105743,CHEMBL210,AGONIST,Beta-2 adrenergic receptor agonist,4,True,True,True
2282,CHEMBL2105669,CHEMBL2363135,INHIBITOR,Bacterial 70S ribosome inhibitor,4,True,True,True
2284,CHEMBL2103877,CHEMBL3307221,INHIBITOR,Lanosterol 14-alpha demethylase inhibitor,4,True,True,True
2285,CHEMBL1083659,CHEMBL3307226,ANTAGONIST,Orexin receptor antagonist,4,True,True,True
2288,CHEMBL3301650,CHEMBL3041361,INHIBITOR,Peptidoglycan inhibitor,4,True,True,True
2289,CHEMBL2107386,CHEMBL3974,ANTAGONIST,Proteinase-activated receptor 1 antagonist,4,True,True,True
2291,CHEMBL2107830,CHEMBL3884,INHIBITOR,Sodium/glucose cotransporter 2 inhibitor,4,True,True,True
2292,CHEMBL443052,CHEMBL3307222,INHIBITOR,Leucine-tRNA ligase inhibitor,4,True,True,True
2293,CHEMBL2403108,CHEMBL4247,INHIBITOR,ALK tyrosine kinase receptor inhibitor,4,True,True,True
2294,CHEMBL2107815,CHEMBL1995,AGONIST,Prostanoid IP receptor agonist,4,True,True,True
2295,CHEMBL373742,CHEMBL2363078,AGONIST,Vasopressin receptor agonist,4,True,True,True
2297,CHEMBL2216870,CHEMBL3130,INHIBITOR,PI3-kinase p110-delta subunit inhibitor,4,True,True,True
2298,CHEMBL5723563,CHEMBL2063,INHIBITOR,Ceramide glucosyltransferase inhibitor,4,True,True,True
2300,CHEMBL3137343,CHEMBL3307223,INHIBITOR,Programmed cell death protein 1 inhibitor,4,True,True,True
2301,CHEMBL3039504,CHEMBL2095189,INHIBITOR,Platelet-derived growth factor receptor inhibitor,4,True,True,True
2303,CHEMBL3039504,CHEMBL2095227,INHIBITOR,Vascular endothelial growth factor receptor inhibitor,4,True,True,True
2305,CHEMBL3039504,CHEMBL2095217,INHIBITOR,Fibroblast growth factor receptor inhibitor,4,True,True,True
2306,CHEMBL2219416,CHEMBL233,ANTAGONIST,Mu opioid receptor antagonist,4,True,True,True
2307,CHEMBL2374220,CHEMBL3307224,INHIBITOR,Nonstructural protein 5A inhibitor,4,True,True,True
2308,CHEMBL2108027,CHEMBL1784,AGONIST,Glucagon-like peptide 1 receptor agonist,4,True,True,True
2309,CHEMBL2108677,CHEMBL2364170,AGONIST,Interferon alpha/beta receptor agonist,4,True,True,True
2310,CHEMBL1743087,CHEMBL2095184,INHIBITOR,Integrin alpha-4/beta-7 inhibitor,4,True,True,True
2311,CHEMBL1256391,,,Unknown,4,True,True,True
2312,CHEMBL206253,CHEMBL249,ANTAGONIST,Neurokinin 1 receptor antagonist,4,True,True,True
2313,CHEMBL2145077,CHEMBL1250417,BLOCKER,Potassium/sodium hyperpolarization-activated cyclic nucleotide-gated channel 4 blocker,4,True,True,True
2314,CHEMBL2105704,CHEMBL2095227,INHIBITOR,Vascular endothelial growth factor receptor inhibitor,4,True,True,True
2315,CHEMBL2159122,CHEMBL233,AGONIST,Mu opioid receptor agonist,4,True,True,True
2316,CHEMBL189963,CHEMBL2111455,INHIBITOR,CDK6/cyclin D1 inhibitor,4,True,True,True
2317,CHEMBL189963,CHEMBL1907601,INHIBITOR,Cyclin-dependent kinase 4/cyclin D1 inhibitor,4,True,True,True
2318,CHEMBL2105682,CHEMBL244,INHIBITOR,Coagulation factor X inhibitor,4,True,True,True
2319,CHEMBL2108078,CHEMBL1793,AGONIST,Parathyroid hormone receptor agonist,4,True,True,True
2320,CHEMBL521686,CHEMBL3390820,INHIBITOR,"PARP 1, 2 and 3 inhibitor",4,True,True,True
2322,CHEMBL1742992,CHEMBL2364168,CROSS-LINKING AGENT,T cell surface glycoprotein CD3 cross-linking agent,4,True,True,True
2323,CHEMBL1742992,CHEMBL3390821,CROSS-LINKING AGENT,B-lymphocyte antigen CD19 cross-linking agent,4,True,True,True
2324,CHEMBL2107817,CHEMBL2364670,INHIBITOR,Bacterial beta-lactamase TEM inhibitor,4,True,True,True
2325,CHEMBL3127326,CHEMBL3307224,INHIBITOR,Nonstructural protein 5A inhibitor,4,True,True,True
2326,CHEMBL2108738,CHEMBL3307223,INHIBITOR,Programmed cell death protein 1 inhibitor,4,True,True,True
2327,CHEMBL1743068,CHEMBL3390822,INHIBITOR,Interleukin 17A inhibitor,4,True,True,True
2328,CHEMBL3137342,CHEMBL3390823,BINDING AGENT,Disialoganglioside GD2 binding agent,4,True,True,True
2330,CHEMBL3137333,CHEMBL3390824,INHIBITOR,Lanosterol 14-alpha demethylase inhibitor,4,True,True,True
2331,CHEMBL3137333,CHEMBL3390825,INHIBITOR,Lanosterol 14-alpha demethylase inhibitor,4,True,True,True
2332,CHEMBL3301597,CHEMBL2364184,SEQUESTERING AGENT,Phosphate sequestering agent,4,True,True,True
2333,CHEMBL3989402,CHEMBL3377,INHIBITOR,Neuraminidase inhibitor,4,True,True,True
2334,CHEMBL3989402,CHEMBL2051,INHIBITOR,Neuraminidase inhibitor,4,True,True,True
2335,CHEMBL205596,,,Unknown,4,True,True,True
2336,CHEMBL1908370,CHEMBL3038508,INHIBITOR,Topoisomerase IV inhibitor,4,True,True,True
2337,CHEMBL1908370,CHEMBL3390827,INHIBITOR,Topoisomerase IV inhibitor,4,True,True,True
2338,CHEMBL1908370,CHEMBL3038482,INHIBITOR,DNA gyrase inhibitor,4,True,True,True
2339,CHEMBL1908370,CHEMBL3390828,INHIBITOR,DNA gyrase inhibitor,4,True,True,True
2340,CHEMBL3545368,CHEMBL2093865,INHIBITOR,Histone deacetylase inhibitor,4,True,True,True
2341,CHEMBL3544985,CHEMBL4296320,INHIBITOR,RNA-directed RNA polymerase inhibitor,4,True,True,True
2342,CHEMBL1097279,CHEMBL2001,ANTAGONIST,Purinergic receptor P2Y12 antagonist,4,True,True,True
2346,CHEMBL2103870,CHEMBL4051,STABILISER,Cystic fibrosis transmembrane conductance regulator stabiliser,4,True,True,True
2347,CHEMBL3137301,CHEMBL1944,INHIBITOR,Neprilysin inhibitor,4,True,True,True
2348,CHEMBL2105760,CHEMBL217,PARTIAL AGONIST,Dopamine D2 receptor partial agonist,4,True,True,True
2349,CHEMBL2105760,CHEMBL214,PARTIAL AGONIST,Serotonin 1a (5-HT1a) receptor partial agonist,4,True,True,True
2350,CHEMBL2105760,CHEMBL224,ANTAGONIST,Serotonin 2a (5-HT2a) receptor antagonist,4,True,True,True
2353,CHEMBL406393,CHEMBL3390826,DISRUPTING AGENT,Cell membrane disrupting agent,4,True,True,True
2355,CHEMBL1213250,CHEMBL2354204,INHIBITOR,Bacterial penicillin-binding protein inhibitor,4,True,True,True
2357,CHEMBL1200800,CHEMBL2364184,SEQUESTERING AGENT,Phosphate sequestering agent,4,True,True,True
2359,CHEMBL296419,CHEMBL231,ANTAGONIST,Histamine H1 receptor antagonist,4,True,True,True
2363,CHEMBL1534525,CHEMBL2362995,BLOCKER,Voltage-gated T-type calcium channel blocker,4,True,True,True
2364,CHEMBL3391662,CHEMBL2095231,INHIBITOR,"Hepatitis C virus serine protease, NS3/NS4A inhibitor",4,True,True,True
2365,CHEMBL547,CHEMBL2363069,AGONIST,Retinoic acid receptor agonist,4,True,True,True
2366,CHEMBL1201729,CHEMBL1914276,BLOCKER,Inward rectifier potassium channel 2 blocker,4,True,True,True
2367,CHEMBL1201729,CHEMBL1250417,BLOCKER,Potassium/sodium hyperpolarization-activated cyclic nucleotide-gated channel 4 blocker,4,True,True,True
2368,CHEMBL1200330,CHEMBL216,AGONIST,Muscarinic acetylcholine receptor M1 agonist,4,True,True,True
2369,CHEMBL550,CHEMBL216,AGONIST,Muscarinic acetylcholine receptor M1 agonist,4,True,True,True
2370,CHEMBL1703,CHEMBL3391681,INHIBITOR,Mitochondrial glycerol-3-phosphate dehydrogenase inhibitor,4,True,True,True
2386,CHEMBL2108184,CHEMBL2046267,BLOCKER,Anoctamin-1 blocker,4,True,True,True
2387,CHEMBL1200467,CHEMBL231,ANTAGONIST,Histamine H1 receptor antagonist,4,True,True,True
2388,CHEMBL1200434,CHEMBL2093863,INHIBITOR,Phosphodiesterase 4 inhibitor,4,True,True,True
2389,CHEMBL1200434,CHEMBL2094125,INHIBITOR,Phosphodiesterase 3 inhibitor,4,True,True,True
2390,CHEMBL1200434,CHEMBL2111329,ANTAGONIST,Adenosine receptor antagonist,4,True,True,True
2391,CHEMBL2096647,CHEMBL2364184,SEQUESTERING AGENT,Phosphate sequestering agent,4,True,True,True
2393,CHEMBL2303621,CHEMBL3307224,INHIBITOR,Nonstructural protein 5A inhibitor,4,True,True,True
2394,CHEMBL2103802,CHEMBL3884,INHIBITOR,Sodium/glucose cotransporter 2 inhibitor,4,True,True,True
2395,CHEMBL5314382,CHEMBL2028,AGONIST,Somatostatin receptor 3 agonist,4,True,True,True
2396,CHEMBL5314382,CHEMBL1792,AGONIST,Somatostatin receptor 5 agonist,4,True,True,True
2397,CHEMBL5314382,CHEMBL1804,AGONIST,Somatostatin receptor 2 agonist,4,True,True,True
2398,CHEMBL5314382,CHEMBL1917,AGONIST,Somatostatin receptor 1 agonist,4,True,True,True
2399,CHEMBL3544986,CHEMBL1808,INHIBITOR,Angiotensin-converting enzyme inhibitor,4,True,True,True
2400,CHEMBL3137317,CHEMBL5971,INHIBITOR,Smoothened homolog inhibitor,4,True,True,True
2401,CHEMBL2109540,CHEMBL2929,INHIBITOR,Subtilisin/kexin type 9 inhibitor,4,True,True,True
2402,CHEMBL2024517,CHEMBL234,MODULATOR,Dopamine D3 receptor modulator,4,True,True,True
2403,CHEMBL2024517,CHEMBL217,MODULATOR,Dopamine D2 receptor modulator,4,True,True,True
2404,CHEMBL2364655,CHEMBL2929,INHIBITOR,Subtilisin/kexin type 9 inhibitor,4,True,True,True
2405,CHEMBL231068,,,Unknown,4,True,True,True
2406,CHEMBL3707330,CHEMBL249,ANTAGONIST,Neurokinin 1 receptor antagonist,4,True,True,True
2407,CHEMBL2107381,,,Unknown,4,True,True,True
2408,CHEMBL65375,CHEMBL3106,INHIBITOR,Thymidine phosphorylase inhibitor,4,True,True,True
2409,CHEMBL2107869,CHEMBL1981,AGONIST,Insulin receptor agonist,4,True,True,True
2410,CHEMBL2219425,CHEMBL217,PARTIAL AGONIST,Dopamine D2 receptor partial agonist,4,True,True,True
2411,CHEMBL2219425,CHEMBL224,ANTAGONIST,Serotonin 2a (5-HT2a) receptor antagonist,4,True,True,True
2412,CHEMBL2219425,CHEMBL214,PARTIAL AGONIST,Serotonin 1a (5-HT1a) receptor partial agonist,4,True,True,True
2413,CHEMBL3544996,CHEMBL3545433,SEQUESTERING AGENT,Dabigatran sequestering agent,4,True,True,True
2414,CHEMBL2107840,CHEMBL3545434,CHELATING AGENT,Potassium chelating agent,4,True,True,True
2415,CHEMBL450449,CHEMBL2311221,INHIBITOR,DNA inhibitor,4,True,True,True
2416,CHEMBL2108311,CHEMBL3545435,HYDROLYTIC ENZYME,Pyrophosphate hydrolytic enzyme,4,True,True,True
2420,CHEMBL2108429,CHEMBL1169600,INHIBITOR,Interleukin-5 inhibitor,4,True,True,True
2421,CHEMBL2364637,CHEMBL247,INHIBITOR,Human immunodeficiency virus type 1 reverse transcriptase inhibitor,4,True,True,True
2422,CHEMBL2364607,CHEMBL3587,INHIBITOR,Dual specificity mitogen-activated protein kinase kinase 1 inhibitor,4,True,True,True
2423,CHEMBL2364607,CHEMBL2964,INHIBITOR,Dual specificity mitogen-activated protein kinase kinase 2 inhibitor,4,True,True,True
2424,CHEMBL3545063,CHEMBL203,INHIBITOR,Epidermal growth factor receptor erbB1 inhibitor,4,True,True,True
2425,CHEMBL1743007,CHEMBL4660,INHIBITOR,Lymphocyte differentiation antigen CD38 inhibitor,4,True,True,True
2426,CHEMBL3545432,CHEMBL2364701,INHIBITOR,26S proteasome inhibitor,4,True,True,True
2427,CHEMBL1743047,CHEMBL203,INHIBITOR,Epidermal growth factor receptor erbB1 inhibitor,4,True,True,True
2428,CHEMBL1743010,CHEMBL3559386,INHIBITOR,SLAM family member 7 inhibitor,4,True,True,True
2429,CHEMBL3039537,CHEMBL3559388,HYDROLYTIC ENZYME,Cholesterol ester hydrolytic enzyme,4,True,True,True
2430,CHEMBL3039537,CHEMBL3559389,HYDROLYTIC ENZYME,Triglyceride hydrolytic enzyme,4,True,True,True
2431,CHEMBL3707320,CHEMBL4247,INHIBITOR,ALK tyrosine kinase receptor inhibitor,4,True,True,True
2432,CHEMBL3707320,CHEMBL2041,INHIBITOR,Tyrosine-protein kinase receptor RET inhibitor,4,True,True,True
2433,CHEMBL2107374,CHEMBL3559390,SEQUESTERING AGENT,Rocuronium sequestering agent,4,True,True,True
2434,CHEMBL2107374,CHEMBL3559391,SEQUESTERING AGENT,Vecuronium sequestering agent,4,True,True,True
2435,CHEMBL238804,CHEMBL1995,AGONIST,Prostanoid IP receptor agonist,4,True,True,True
2436,CHEMBL2105720,CHEMBL6120,INHIBITOR,Solute carrier family 22 member 12 inhibitor,4,True,True,True
3876,CHEMBL52885,CHEMBL4722,INHIBITOR,Serine/threonine-protein kinase Aurora-A inhibitor,2,True,True,True
3877,CHEMBL52885,CHEMBL1974,INHIBITOR,Tyrosine-protein kinase receptor FLT3 inhibitor,2,True,True,True
3878,CHEMBL52885,CHEMBL2363074,INHIBITOR,SRC inhibitor,2,True,True,True
3879,CHEMBL52885,CHEMBL279,INHIBITOR,Vascular endothelial growth factor receptor 2 inhibitor,2,True,True,True
3880,CHEMBL52885,CHEMBL2095217,INHIBITOR,Fibroblast growth factor receptor inhibitor,2,True,True,True
3881,CHEMBL52885,CHEMBL2095189,INHIBITOR,Platelet-derived growth factor receptor inhibitor,2,True,True,True
3882,CHEMBL5314403,CHEMBL5071,ANTAGONIST,G protein-coupled receptor 44 antagonist,2,True,True,True
3883,CHEMBL3545237,CHEMBL1871,MODULATOR,Androgen Receptor modulator,1,True,True,True
3888,CHEMBL1721885,CHEMBL2095227,INHIBITOR,Vascular endothelial growth factor receptor inhibitor,2,True,True,True
3889,CHEMBL1721885,CHEMBL2095189,INHIBITOR,Platelet-derived growth factor receptor inhibitor,2,True,True,True
3890,CHEMBL1721885,CHEMBL1936,INHIBITOR,Stem cell growth factor receptor inhibitor,2,True,True,True
3891,CHEMBL1721885,CHEMBL1974,INHIBITOR,Tyrosine-protein kinase receptor FLT3 inhibitor,2,True,True,True
3892,CHEMBL216981,CHEMBL2434,ANTAGONIST,Interleukin-8 receptor B antagonist,2,True,True,True
3893,CHEMBL3545097,CHEMBL2842,INHIBITOR,Serine/threonine-protein kinase mTOR inhibitor,2,True,True,True
3895,CHEMBL536151,CHEMBL1991,INHIBITOR,Inhibitor of nuclear factor kappa B kinase beta subunit inhibitor,1,True,True,True
3896,CHEMBL3545383,CHEMBL2111289,INHIBITOR,Dual specificity mitogen-activated protein kinase kinase; MEK1/2 inhibitor,1,True,True,True
3898,CHEMBL2143592,CHEMBL3717,INHIBITOR,Hepatocyte growth factor receptor inhibitor,1,True,True,True
3899,CHEMBL2143592,CHEMBL279,INHIBITOR,Vascular endothelial growth factor receptor 2 inhibitor,1,True,True,True
3900,CHEMBL146506,CHEMBL2363071,MODULATOR,Retinoid receptor modulator,2,True,True,True
3901,CHEMBL3137327,,,Unknown,4,True,True,True
4052,CHEMBL3545355,CHEMBL2093866,MODULATOR,Estrogen receptor modulator,1,True,True,True
4053,CHEMBL3545173,CHEMBL2363069,ANTAGONIST,Retinoic acid receptor antagonist,1,True,True,True
4054,CHEMBL3545174,CHEMBL1871,MODULATOR,Androgen Receptor modulator,2,True,True,True
4055,CHEMBL3545046,CHEMBL1871,MODULATOR,Androgen Receptor modulator,1,True,True,True
4056,CHEMBL5170587,CHEMBL1871,MODULATOR,Androgen Receptor modulator,2,True,True,True
4057,CHEMBL37676,CHEMBL1871,ANTAGONIST,Androgen Receptor antagonist,1,True,True,True
4058,CHEMBL2178100,CHEMBL1871,MODULATOR,Androgen Receptor modulator,1,True,True,True
4059,CHEMBL2346976,CHEMBL1871,MODULATOR,Androgen Receptor modulator,1,True,True,True
4060,CHEMBL467888,CHEMBL1871,MODULATOR,Androgen Receptor modulator,1,True,True,True
4061,CHEMBL3360975,CHEMBL4093,AGONIST,LXR-beta agonist,1,True,True,True
4062,CHEMBL3945199,CHEMBL4093,MODULATOR,LXR-beta modulator,1,True,True,True
4063,CHEMBL3945199,CHEMBL2808,MODULATOR,LXR-alpha modulator,1,True,True,True
4064,CHEMBL456237,CHEMBL4093,AGONIST,LXR-beta agonist,1,True,True,True
4065,CHEMBL456237,CHEMBL2808,AGONIST,LXR-alpha agonist,1,True,True,True
4066,CHEMBL3545238,CHEMBL4093,AGONIST,LXR-beta agonist,1,True,True,True
4067,CHEMBL3545238,CHEMBL2808,AGONIST,LXR-alpha agonist,1,True,True,True
4068,CHEMBL272621,CHEMBL4093,AGONIST,LXR-beta agonist,1,True,True,True
4069,CHEMBL272621,CHEMBL2808,AGONIST,LXR-alpha agonist,1,True,True,True
4070,CHEMBL3822773,CHEMBL2047,AGONIST,Bile acid receptor FXR agonist,2,True,True,True
4071,CHEMBL454138,CHEMBL2047,AGONIST,Bile acid receptor FXR agonist,2,True,True,True
4072,CHEMBL271220,CHEMBL2034,ANTAGONIST,Glucocorticoid receptor antagonist,1,True,True,True
4073,CHEMBL4068611,CHEMBL2034,ANTAGONIST,Glucocorticoid receptor antagonist,3,True,True,True
4074,CHEMBL1215331,CHEMBL1994,ANTAGONIST,Mineralocorticoid receptor antagonist,1,True,True,True
4075,CHEMBL3545239,CHEMBL208,ANTAGONIST,Progesterone receptor antagonist,1,True,True,True
4076,CHEMBL3545295,CHEMBL3979,AGONIST,Peroxisome proliferator-activated receptor delta agonist,1,True,True,True
4077,CHEMBL3545295,CHEMBL235,AGONIST,Peroxisome proliferator-activated receptor gamma agonist,1,True,True,True
4078,CHEMBL3544958,CHEMBL3979,AGONIST,Peroxisome proliferator-activated receptor delta agonist,1,True,True,True
4079,CHEMBL3545114,CHEMBL3979,AGONIST,Peroxisome proliferator-activated receptor delta agonist,1,True,True,True
4080,CHEMBL3545176,CHEMBL3979,AGONIST,Peroxisome proliferator-activated receptor delta agonist,2,True,True,True
4081,CHEMBL3545176,CHEMBL235,AGONIST,Peroxisome proliferator-activated receptor gamma agonist,2,True,True,True
4082,CHEMBL3545357,CHEMBL1741186,ANTAGONIST,Nuclear receptor ROR-gamma antagonist,1,True,True,True
4083,CHEMBL5314405,CHEMBL235,AGONIST,Peroxisome proliferator-activated receptor gamma agonist,1,True,True,True
4084,CHEMBL3261331,CHEMBL1947,AGONIST,Thyroid hormone receptor beta-1 agonist,4,True,True,True
4085,CHEMBL284121,CHEMBL1977,AGONIST,Vitamin D receptor agonist,1,True,True,True
4086,CHEMBL3542265,CHEMBL1871,MODULATOR,Androgen Receptor modulator,2,True,True,True
4087,CHEMBL4116008,CHEMBL2599,INHIBITOR,Tyrosine-protein kinase SYK inhibitor,2,True,True,True
4088,CHEMBL4116008,CHEMBL2835,INHIBITOR,Tyrosine-protein kinase JAK1 inhibitor,2,True,True,True
4089,CHEMBL4116008,CHEMBL2148,INHIBITOR,Tyrosine-protein kinase JAK3 inhibitor,2,True,True,True
4090,CHEMBL4116008,CHEMBL3553,INHIBITOR,Tyrosine-protein kinase TYK2 inhibitor,2,True,True,True
4091,CHEMBL5314406,CHEMBL1974,INHIBITOR,Tyrosine-protein kinase receptor FLT3 inhibitor,1,True,True,True
4092,CHEMBL5314406,CHEMBL2095227,INHIBITOR,Vascular endothelial growth factor receptor inhibitor,1,True,True,True
4093,CHEMBL4208229,CHEMBL1862,INHIBITOR,Tyrosine-protein kinase ABL inhibitor,4,True,True,True
4094,CHEMBL1980297,CHEMBL3430911,INHIBITOR,Serine/threonine-protein kinase Aurora inhibitor,2,True,True,True
4095,CHEMBL1980297,CHEMBL2095227,INHIBITOR,Vascular endothelial growth factor receptor inhibitor,2,True,True,True
4096,CHEMBL1980297,CHEMBL2363074,INHIBITOR,SRC inhibitor,2,True,True,True
4097,CHEMBL1980297,CHEMBL2095189,INHIBITOR,Platelet-derived growth factor receptor inhibitor,2,True,True,True
4098,CHEMBL3545419,CHEMBL3717,INHIBITOR,Hepatocyte growth factor receptor inhibitor,2,True,True,True
4099,CHEMBL3545241,CHEMBL2971,INHIBITOR,Tyrosine-protein kinase JAK2 inhibitor,1,True,True,True
4100,CHEMBL1645462,CHEMBL203,INHIBITOR,Epidermal growth factor receptor erbB1 inhibitor,1,True,True,True
4101,CHEMBL1645462,CHEMBL1824,INHIBITOR,Receptor protein-tyrosine kinase erbB-2 inhibitor,1,True,True,True
4102,CHEMBL1645462,CHEMBL3009,INHIBITOR,Receptor protein-tyrosine kinase erbB-4 inhibitor,1,True,True,True
4103,CHEMBL551064,CHEMBL1957,INHIBITOR,Insulin-like growth factor I receptor inhibitor,1,True,True,True
4104,CHEMBL3545420,CHEMBL308,INHIBITOR,Cyclin-dependent kinase 1 inhibitor,1,True,True,True
4105,CHEMBL3545420,CHEMBL301,INHIBITOR,Cyclin-dependent kinase 2 inhibitor,1,True,True,True
4106,CHEMBL3545420,CHEMBL331,INHIBITOR,Cyclin-dependent kinase 4 inhibitor,1,True,True,True
4107,CHEMBL496102,CHEMBL3717,INHIBITOR,Hepatocyte growth factor receptor inhibitor,2,True,True,True
4108,CHEMBL4303596,CHEMBL3130,INHIBITOR,PI3-kinase p110-delta subunit inhibitor,2,True,True,True
4109,CHEMBL585902,CHEMBL260,INHIBITOR,MAP kinase p38 alpha inhibitor,1,True,True,True
4110,CHEMBL2140408,CHEMBL3430911,INHIBITOR,Serine/threonine-protein kinase Aurora inhibitor,1,True,True,True
4111,CHEMBL1650595,CHEMBL2534,INHIBITOR,3-phosphoinositide dependent protein kinase-1 inhibitor,1,True,True,True
4112,CHEMBL4297187,CHEMBL2095217,INHIBITOR,Fibroblast growth factor receptor inhibitor,2,True,True,True
4113,CHEMBL4297188,CHEMBL2111353,INHIBITOR,Serine/threonine-protein kinase AKT inhibitor,2,True,True,True
4114,CHEMBL5314407,CHEMBL5145,INHIBITOR,Serine/threonine-protein kinase B-raf inhibitor,1,True,True,True
4115,CHEMBL5314407,CHEMBL1906,INHIBITOR,Serine/threonine-protein kinase RAF inhibitor,1,True,True,True
4116,CHEMBL3545359,CHEMBL3717,INHIBITOR,Hepatocyte growth factor receptor inhibitor,1,True,True,True
4117,CHEMBL3644252,CHEMBL1844,INHIBITOR,Macrophage colony stimulating factor receptor inhibitor,2,True,True,True
4118,CHEMBL3991932,CHEMBL260,INHIBITOR,MAP kinase p38 alpha inhibitor,2,True,True,True
4119,CHEMBL3991932,CHEMBL4128,INHIBITOR,Tyrosine-protein kinase TIE-2 inhibitor,2,True,True,True
4120,CHEMBL129857,CHEMBL1991,INHIBITOR,Inhibitor of nuclear factor kappa B kinase beta subunit inhibitor,1,True,True,True
4121,CHEMBL129857,CHEMBL1974,INHIBITOR,Tyrosine-protein kinase receptor FLT3 inhibitor,1,True,True,True
4122,CHEMBL1967878,CHEMBL3430911,INHIBITOR,Serine/threonine-protein kinase Aurora inhibitor,2,True,True,True
4123,CHEMBL3545243,CHEMBL3587,INHIBITOR,Dual specificity mitogen-activated protein kinase kinase 1 inhibitor,1,True,True,True
4124,CHEMBL3545243,CHEMBL2964,INHIBITOR,Dual specificity mitogen-activated protein kinase kinase 2 inhibitor,1,True,True,True
4125,CHEMBL3545360,CHEMBL4247,INHIBITOR,ALK tyrosine kinase receptor inhibitor,1,True,True,True
4126,CHEMBL1947204,CHEMBL203,INHIBITOR,Epidermal growth factor receptor erbB1 inhibitor,2,True,True,True
4127,CHEMBL1947204,CHEMBL1824,INHIBITOR,Receptor protein-tyrosine kinase erbB-2 inhibitor,2,True,True,True
4128,CHEMBL574738,CHEMBL1974,INHIBITOR,Tyrosine-protein kinase receptor FLT3 inhibitor,1,True,True,True
4129,CHEMBL574738,CHEMBL2041,INHIBITOR,Tyrosine-protein kinase receptor RET inhibitor,1,True,True,True
4130,CHEMBL3544960,CHEMBL2111459,INHIBITOR,Rho-associated protein kinase inhibitor,1,True,True,True
4131,CHEMBL3544960,CHEMBL2208,INHIBITOR,MAP kinase-activated protein kinase 2 inhibitor,1,True,True,True
4132,CHEMBL3545117,CHEMBL260,INHIBITOR,MAP kinase p38 alpha inhibitor,1,True,True,True
4133,CHEMBL5314408,CHEMBL1862,INHIBITOR,Tyrosine-protein kinase ABL inhibitor,1,True,True,True
4134,CHEMBL5314408,CHEMBL267,INHIBITOR,Tyrosine-protein kinase SRC inhibitor,1,True,True,True
4135,CHEMBL1969664,CHEMBL2095188,INHIBITOR,Glycogen synthase kinase-3 inhibitor,1,True,True,True
4136,CHEMBL3545423,CHEMBL3559682,INHIBITOR,Serine/threonine-protein kinase PIM inhibitor,1,True,True,True
4137,CHEMBL422872,CHEMBL203,INHIBITOR,Epidermal growth factor receptor erbB1 inhibitor,1,True,True,True
4138,CHEMBL488436,CHEMBL3559691,INHIBITOR,Cyclin-dependent kinase inhibitor,1,True,True,True
4139,CHEMBL2165191,CHEMBL3559703,INHIBITOR,PI3-kinase class I inhibitor,2,True,True,True
4140,CHEMBL2031465,CHEMBL260,INHIBITOR,MAP kinase p38 alpha inhibitor,1,True,True,True
4141,CHEMBL4285417,CHEMBL5024,INHIBITOR,Serine-protein kinase ATR inhibitor,3,True,True,True
4143,CHEMBL3545298,CHEMBL3559684,INHIBITOR,Neurotrophic tyrosine kinase receptor inhibitor,1,True,True,True
4144,CHEMBL3659497,CHEMBL2815,INHIBITOR,Nerve growth factor receptor Trk-A inhibitor,1,True,True,True
4145,CHEMBL3659497,CHEMBL4898,INHIBITOR,Neurotrophic tyrosine kinase receptor type 2 inhibitor,1,True,True,True
4146,CHEMBL3659497,CHEMBL5608,INHIBITOR,NT-3 growth factor receptor inhibitor,1,True,True,True
4147,CHEMBL9960,CHEMBL260,INHIBITOR,MAP kinase p38 alpha inhibitor,2,True,True,True
4148,CHEMBL2041933,CHEMBL4630,INHIBITOR,Serine/threonine-protein kinase Chk1 inhibitor,1,True,True,True
4149,CHEMBL1801204,CHEMBL2842,INHIBITOR,Serine/threonine-protein kinase mTOR inhibitor,1,True,True,True
4150,CHEMBL3408248,CHEMBL3145,INHIBITOR,PI3-kinase p110-beta subunit inhibitor,1,True,True,True
4151,CHEMBL3408248,CHEMBL3130,INHIBITOR,PI3-kinase p110-delta subunit inhibitor,1,True,True,True
4152,CHEMBL3182621,CHEMBL3587,INHIBITOR,Dual specificity mitogen-activated protein kinase kinase 1 inhibitor,1,True,True,True
4153,CHEMBL3182621,CHEMBL2964,INHIBITOR,Dual specificity mitogen-activated protein kinase kinase 2 inhibitor,1,True,True,True
4154,CHEMBL3644672,CHEMBL3145,INHIBITOR,PI3-kinase p110-beta subunit inhibitor,1,True,True,True
4155,CHEMBL3644672,CHEMBL4005,INHIBITOR,PI3-kinase p110-alpha subunit inhibitor,1,True,True,True
4156,CHEMBL4751394,CHEMBL4282,INHIBITOR,Serine/threonine-protein kinase AKT inhibitor,1,True,True,True
4157,CHEMBL4751394,CHEMBL2431,INHIBITOR,Serine/threonine-protein kinase AKT2 inhibitor,1,True,True,True
4158,CHEMBL4303241,CHEMBL3983,INHIBITOR,Dual specificity protein kinase TTK inhibitor,2,True,True,True
4159,CHEMBL3963485,CHEMBL2095217,INHIBITOR,Fibroblast growth factor receptor inhibitor,2,True,True,True
4160,CHEMBL4209157,CHEMBL5145,INHIBITOR,Serine/threonine-protein kinase B-raf inhibitor,2,True,True,True
4161,CHEMBL3657311,CHEMBL2695,INHIBITOR,Focal adhesion kinase 1 inhibitor,2,True,True,True
4162,CHEMBL258940,CHEMBL203,INHIBITOR,Epidermal growth factor receptor erbB1 inhibitor,2,True,True,True
4163,CHEMBL103667,CHEMBL260,INHIBITOR,MAP kinase p38 alpha inhibitor,2,True,True,True
4164,CHEMBL296468,CHEMBL301,INHIBITOR,Cyclin-dependent kinase 2 inhibitor,1,True,True,True
4165,CHEMBL296468,CHEMBL3055,INHIBITOR,Cyclin-dependent kinase 7 inhibitor,1,True,True,True
4166,CHEMBL296468,CHEMBL3116,INHIBITOR,Cyclin-dependent kinase 9 inhibitor,1,True,True,True
4167,CHEMBL3545299,CHEMBL3717,INHIBITOR,Hepatocyte growth factor receptor inhibitor,1,True,True,True
4168,CHEMBL3545050,CHEMBL3717,INHIBITOR,Hepatocyte growth factor receptor inhibitor,1,True,True,True
4169,CHEMBL3545050,CHEMBL279,INHIBITOR,Vascular endothelial growth factor receptor 2 inhibitor,1,True,True,True
4170,CHEMBL3545247,CHEMBL3130,INHIBITOR,PI3-kinase p110-delta subunit inhibitor,1,True,True,True
4171,CHEMBL3545247,CHEMBL3267,INHIBITOR,PI3-kinase p110-gamma subunit inhibitor,1,True,True,True
4172,CHEMBL3586573,CHEMBL2842,INHIBITOR,Serine/threonine-protein kinase mTOR inhibitor,2,True,True,True
4173,CHEMBL3586573,CHEMBL3142,INHIBITOR,DNA-dependent protein kinase inhibitor,2,True,True,True
4174,CHEMBL3301600,CHEMBL5251,INHIBITOR,Tyrosine-protein kinase BTK inhibitor,2,True,True,True
4175,CHEMBL3910075,CHEMBL4128,INHIBITOR,Tyrosine-protein kinase TIE-2 inhibitor,1,True,True,True
4176,CHEMBL2010872,CHEMBL4128,INHIBITOR,Tyrosine-protein kinase TIE-2 inhibitor,2,True,True,True
4177,CHEMBL2010872,CHEMBL2095227,INHIBITOR,Vascular endothelial growth factor receptor inhibitor,2,True,True,True
4178,CHEMBL2029988,CHEMBL5145,INHIBITOR,Serine/threonine-protein kinase B-raf inhibitor,2,True,True,True
4179,CHEMBL2029988,CHEMBL203,INHIBITOR,Epidermal growth factor receptor erbB1 inhibitor,2,True,True,True
4180,CHEMBL2029988,CHEMBL2041,INHIBITOR,Tyrosine-protein kinase receptor RET inhibitor,2,True,True,True
4181,CHEMBL3951811,CHEMBL4247,INHIBITOR,ALK tyrosine kinase receptor inhibitor,1,True,True,True
4182,CHEMBL3951811,CHEMBL2695,INHIBITOR,Focal adhesion kinase 1 inhibitor,1,True,True,True
4183,CHEMBL150894,CHEMBL2095227,INHIBITOR,Vascular endothelial growth factor receptor inhibitor,1,True,True,True
4184,CHEMBL346631,CHEMBL2095227,INHIBITOR,Vascular endothelial growth factor receptor inhibitor,1,True,True,True
4185,CHEMBL3545427,CHEMBL1936,INHIBITOR,Stem cell growth factor receptor inhibitor,3,True,True,True
4186,CHEMBL3545427,CHEMBL1974,INHIBITOR,Tyrosine-protein kinase receptor FLT3 inhibitor,3,True,True,True
4187,CHEMBL3545427,CHEMBL279,INHIBITOR,Vascular endothelial growth factor receptor 2 inhibitor,3,True,True,True
4188,CHEMBL3545427,CHEMBL1913,INHIBITOR,Platelet-derived growth factor receptor beta inhibitor,3,True,True,True
4189,CHEMBL3545300,CHEMBL2095217,INHIBITOR,Fibroblast growth factor receptor inhibitor,1,True,True,True
4190,CHEMBL3545300,CHEMBL5274,INHIBITOR,Tyrosine-protein kinase receptor Tie-1 inhibitor,1,True,True,True
4191,CHEMBL3545300,CHEMBL2095227,INHIBITOR,Vascular endothelial growth factor receptor inhibitor,1,True,True,True
4192,CHEMBL483321,CHEMBL1824,INHIBITOR,Receptor protein-tyrosine kinase erbB-2 inhibitor,2,True,True,True
4193,CHEMBL5095033,CHEMBL2185,INHIBITOR,Serine/threonine-protein kinase Aurora-B inhibitor,3,True,True,True
4194,CHEMBL5095033,CHEMBL2095227,INHIBITOR,Vascular endothelial growth factor receptor inhibitor,3,True,True,True
4195,CHEMBL2035185,CHEMBL1974,INHIBITOR,Tyrosine-protein kinase receptor FLT3 inhibitor,1,True,True,True
4196,CHEMBL2035185,CHEMBL1844,INHIBITOR,Macrophage colony stimulating factor receptor inhibitor,1,True,True,True
4197,CHEMBL2035185,CHEMBL2971,INHIBITOR,Tyrosine-protein kinase JAK2 inhibitor,1,True,True,True
4198,CHEMBL598797,CHEMBL203,INHIBITOR,Epidermal growth factor receptor erbB1 inhibitor,1,True,True,True
4199,CHEMBL598797,CHEMBL1824,INHIBITOR,Receptor protein-tyrosine kinase erbB-2 inhibitor,1,True,True,True
4200,CHEMBL598797,CHEMBL2093865,INHIBITOR,Histone deacetylase inhibitor,1,True,True,True
4201,CHEMBL3622533,CHEMBL3130,INHIBITOR,PI3-kinase p110-delta subunit inhibitor,2,True,True,True
4202,CHEMBL3622533,CHEMBL3145,INHIBITOR,PI3-kinase p110-beta subunit inhibitor,2,True,True,True
4203,CHEMBL3622533,CHEMBL4005,INHIBITOR,PI3-kinase p110-alpha subunit inhibitor,2,True,True,True
4204,CHEMBL3622533,CHEMBL2093865,INHIBITOR,Histone deacetylase inhibitor,2,True,True,True
4205,CHEMBL482967,CHEMBL3430911,INHIBITOR,Serine/threonine-protein kinase Aurora inhibitor,1,True,True,True
4206,CHEMBL482967,CHEMBL279,INHIBITOR,Vascular endothelial growth factor receptor 2 inhibitor,1,True,True,True
4207,CHEMBL3545365,CHEMBL3717,INHIBITOR,Hepatocyte growth factor receptor inhibitor,2,True,True,True
4208,CHEMBL3545365,CHEMBL4128,INHIBITOR,Tyrosine-protein kinase TIE-2 inhibitor,2,True,True,True
4209,CHEMBL3545365,CHEMBL279,INHIBITOR,Vascular endothelial growth factor receptor 2 inhibitor,2,True,True,True
4210,CHEMBL3545365,CHEMBL3559684,INHIBITOR,Neurotrophic tyrosine kinase receptor inhibitor,2,True,True,True
4211,CHEMBL3544963,CHEMBL2842,INHIBITOR,Serine/threonine-protein kinase mTOR inhibitor,1,True,True,True
4212,CHEMBL3545248,CHEMBL2842,INHIBITOR,Serine/threonine-protein kinase mTOR inhibitor,1,True,True,True
4213,CHEMBL3545248,CHEMBL3559703,INHIBITOR,PI3-kinase class I inhibitor,1,True,True,True
4214,CHEMBL3960488,CHEMBL3717,INHIBITOR,Hepatocyte growth factor receptor inhibitor,1,True,True,True
4215,CHEMBL3544964,CHEMBL3385,INHIBITOR,MAP kinase ERK1 inhibitor,2,True,True,True
4216,CHEMBL3544964,CHEMBL4040,INHIBITOR,MAP kinase ERK2 inhibitor,2,True,True,True
4217,CHEMBL3545249,CHEMBL2835,INHIBITOR,Tyrosine-protein kinase JAK1 inhibitor,1,True,True,True
4218,CHEMBL3916717,CHEMBL5285,INHIBITOR,Mitogen-activated protein kinase kinase kinase 5 inhibitor,3,True,True,True
4219,CHEMBL3544966,CHEMBL3559703,INHIBITOR,PI3-kinase class I inhibitor,1,True,True,True
4220,CHEMBL1090479,CHEMBL2185,INHIBITOR,Serine/threonine-protein kinase Aurora-B inhibitor,1,True,True,True
4221,CHEMBL1090479,CHEMBL3935,INHIBITOR,Serine/threonine-protein kinase Aurora-C inhibitor,1,True,True,True
4222,CHEMBL1236962,CHEMBL3559703,INHIBITOR,PI3-kinase class I inhibitor,2,True,True,True
4223,CHEMBL1236962,CHEMBL2842,INHIBITOR,Serine/threonine-protein kinase mTOR inhibitor,2,True,True,True
4224,CHEMBL4742157,CHEMBL2695,INHIBITOR,Focal adhesion kinase 1 inhibitor,2,True,True,True
4225,CHEMBL3188551,CHEMBL3145,INHIBITOR,PI3-kinase p110-beta subunit inhibitor,2,True,True,True
4226,CHEMBL1908394,CHEMBL3024,INHIBITOR,Serine/threonine-protein kinase PLK1 inhibitor,1,True,True,True
4227,CHEMBL3544968,CHEMBL260,INHIBITOR,MAP kinase p38 alpha inhibitor,1,True,True,True
4228,CHEMBL494089,CHEMBL2111353,INHIBITOR,Serine/threonine-protein kinase AKT inhibitor,1,True,True,True
4229,CHEMBL494089,CHEMBL2094138,INHIBITOR,cAMP-dependent protein kinase (PKA) inhibitor,1,True,True,True
4230,CHEMBL494089,CHEMBL2093867,INHIBITOR,Protein kinase C (PKC) inhibitor,1,True,True,True
4231,CHEMBL3786343,CHEMBL203,INHIBITOR,Epidermal growth factor receptor erbB1 inhibitor,4,True,True,True
4232,CHEMBL4163691,CHEMBL5251,INHIBITOR,Tyrosine-protein kinase BTK inhibitor,2,True,True,True
4233,CHEMBL3991927,CHEMBL3024,INHIBITOR,Serine/threonine-protein kinase PLK1 inhibitor,1,True,True,True
4234,CHEMBL4297190,CHEMBL3650,INHIBITOR,Fibroblast growth factor receptor 1 inhibitor,3,True,True,True
4235,CHEMBL4297190,CHEMBL2095227,INHIBITOR,Vascular endothelial growth factor receptor inhibitor,3,True,True,True
4236,CHEMBL5314410,CHEMBL203,INHIBITOR,Epidermal growth factor receptor erbB1 inhibitor,2,True,True,True
4237,CHEMBL5095034,CHEMBL2599,INHIBITOR,Tyrosine-protein kinase SYK inhibitor,3,True,True,True
4238,CHEMBL5314411,CHEMBL203,INHIBITOR,Epidermal growth factor receptor erbB1 inhibitor,1,True,True,True
4240,CHEMBL3109738,CHEMBL203,INHIBITOR,Epidermal growth factor receptor erbB1 inhibitor,1,True,True,True
4241,CHEMBL3109738,CHEMBL1841,INHIBITOR,Tyrosine-protein kinase FYN inhibitor,1,True,True,True
4242,CHEMBL3109738,CHEMBL258,INHIBITOR,Tyrosine-protein kinase LCK inhibitor,1,True,True,True
4243,CHEMBL3109738,CHEMBL3905,INHIBITOR,Tyrosine-protein kinase Lyn inhibitor,1,True,True,True
4244,CHEMBL3109738,CHEMBL267,INHIBITOR,Tyrosine-protein kinase SRC inhibitor,1,True,True,True
4245,CHEMBL3109738,CHEMBL1955,INHIBITOR,Vascular endothelial growth factor receptor 3 inhibitor,1,True,True,True
4246,CHEMBL3109738,CHEMBL2073,INHIBITOR,Tyrosine-protein kinase YES inhibitor,1,True,True,True
4247,CHEMBL3109738,CHEMBL3009,INHIBITOR,Receptor protein-tyrosine kinase erbB-4 inhibitor,1,True,True,True
4248,CHEMBL3109738,CHEMBL1824,INHIBITOR,Receptor protein-tyrosine kinase erbB-2 inhibitor,1,True,True,True
4249,CHEMBL2133806,CHEMBL3717,INHIBITOR,Hepatocyte growth factor receptor inhibitor,1,True,True,True
4250,CHEMBL3674570,CHEMBL1844,INHIBITOR,Macrophage colony stimulating factor receptor inhibitor,2,True,True,True
4251,CHEMBL406381,CHEMBL2095227,INHIBITOR,Vascular endothelial growth factor receptor inhibitor,1,True,True,True
4252,CHEMBL1908397,CHEMBL4722,INHIBITOR,Serine/threonine-protein kinase Aurora-A inhibitor,1,True,True,True
4253,CHEMBL1908397,CHEMBL2185,INHIBITOR,Serine/threonine-protein kinase Aurora-B inhibitor,1,True,True,True
4254,CHEMBL1908397,CHEMBL1974,INHIBITOR,Tyrosine-protein kinase receptor FLT3 inhibitor,1,True,True,True
4255,CHEMBL1908397,CHEMBL1862,INHIBITOR,Tyrosine-protein kinase ABL inhibitor,1,True,True,True
4256,CHEMBL333021,CHEMBL2095227,INHIBITOR,Vascular endothelial growth factor receptor inhibitor,1,True,True,True
4257,CHEMBL3545074,CHEMBL260,INHIBITOR,MAP kinase p38 alpha inhibitor,1,True,True,True
4258,CHEMBL3651966,CHEMBL3559682,INHIBITOR,Serine/threonine-protein kinase PIM inhibitor,1,True,True,True
4259,CHEMBL3545263,CHEMBL5145,INHIBITOR,Serine/threonine-protein kinase B-raf inhibitor,1,True,True,True
4260,CHEMBL3545263,CHEMBL1906,INHIBITOR,Serine/threonine-protein kinase RAF inhibitor,1,True,True,True
4261,CHEMBL3889654,CHEMBL3559684,INHIBITOR,Neurotrophic tyrosine kinase receptor inhibitor,4,True,True,True
4262,CHEMBL5095023,CHEMBL2971,INHIBITOR,Tyrosine-protein kinase JAK2 inhibitor,1,True,True,True
4263,CHEMBL3545076,CHEMBL4501,INHIBITOR,Ribosomal protein S6 kinase 1 inhibitor,1,True,True,True
4265,CHEMBL3545134,CHEMBL2111353,INHIBITOR,Serine/threonine-protein kinase AKT inhibitor,1,True,True,True
4266,CHEMBL3545134,CHEMBL2111330,INHIBITOR,Ribosomal protein S6 kinase (P70S6K) inhibitor,1,True,True,True
4267,CHEMBL3545307,CHEMBL3717,INHIBITOR,Hepatocyte growth factor receptor inhibitor,2,True,True,True
4268,CHEMBL3828009,CHEMBL2095217,INHIBITOR,Fibroblast growth factor receptor inhibitor,1,True,True,True
4269,CHEMBL3544998,CHEMBL260,INHIBITOR,MAP kinase p38 alpha inhibitor,1,True,True,True
4270,CHEMBL3577124,CHEMBL5145,INHIBITOR,Serine/threonine-protein kinase B-raf inhibitor,1,True,True,True
4271,CHEMBL3577124,CHEMBL1906,INHIBITOR,Serine/threonine-protein kinase RAF inhibitor,1,True,True,True
4272,CHEMBL3577124,CHEMBL1169596,INHIBITOR,Serine/threonine-protein kinase A-Raf inhibitor,1,True,True,True
4273,CHEMBL5314386,CHEMBL2363065,INHIBITOR,Mitochondrial complex I (NADH dehydrogenase) inhibitor,1,True,True,True
4274,CHEMBL5314387,CHEMBL3024,INHIBITOR,Serine/threonine-protein kinase PLK1 inhibitor,1,True,True,True
4275,CHEMBL3545000,CHEMBL2111353,INHIBITOR,Serine/threonine-protein kinase AKT inhibitor,1,True,True,True
4276,CHEMBL3600873,CHEMBL4722,INHIBITOR,Serine/threonine-protein kinase Aurora-A inhibitor,1,True,True,True
4277,CHEMBL3545378,CHEMBL3430911,INHIBITOR,Serine/threonine-protein kinase Aurora inhibitor,1,True,True,True
4278,CHEMBL2323775,CHEMBL3717,INHIBITOR,Hepatocyte growth factor receptor inhibitor,1,True,True,True
4279,CHEMBL2323775,CHEMBL2689,INHIBITOR,Macrophage-stimulating protein receptor inhibitor,1,True,True,True
4280,CHEMBL4213970,CHEMBL3385,INHIBITOR,MAP kinase ERK1 inhibitor,1,True,True,True
4281,CHEMBL4213970,CHEMBL4040,INHIBITOR,MAP kinase ERK2 inhibitor,1,True,True,True
4282,CHEMBL2104954,CHEMBL3587,INHIBITOR,Dual specificity mitogen-activated protein kinase kinase 1 inhibitor,2,True,True,True
4283,CHEMBL2104954,CHEMBL2964,INHIBITOR,Dual specificity mitogen-activated protein kinase kinase 2 inhibitor,2,True,True,True
4284,CHEMBL5314383,CHEMBL1991,INHIBITOR,Inhibitor of nuclear factor kappa B kinase beta subunit inhibitor,1,True,True,True
4285,CHEMBL3935857,CHEMBL4005,INHIBITOR,PI3-kinase p110-alpha subunit inhibitor,2,True,True,True
4286,CHEMBL3348923,CHEMBL3559685,INHIBITOR,RAF serine/threonine protein kinase inhibitor,4,True,True,True
4287,CHEMBL259084,CHEMBL4722,INHIBITOR,Serine/threonine-protein kinase Aurora-A inhibitor,1,True,True,True
4288,CHEMBL6067986,CHEMBL203,INHIBITOR,Epidermal growth factor receptor erbB1 inhibitor,1,True,True,True
4289,CHEMBL6067986,CHEMBL1824,INHIBITOR,Receptor protein-tyrosine kinase erbB-2 inhibitor,1,True,True,True
4290,CHEMBL4871106,CHEMBL4282,INHIBITOR,Serine/threonine-protein kinase AKT inhibitor,2,True,True,True
4291,CHEMBL4871106,CHEMBL4816,INHIBITOR,Serine/threonine-protein kinase AKT3 inhibitor,2,True,True,True
4292,CHEMBL4871106,CHEMBL2111330,INHIBITOR,Ribosomal protein S6 kinase (P70S6K) inhibitor,2,True,True,True
4293,CHEMBL3545321,CHEMBL5443,INHIBITOR,Cell division cycle 7-related protein kinase inhibitor,1,True,True,True
4294,CHEMBL1738758,CHEMBL3024,INHIBITOR,Serine/threonine-protein kinase PLK1 inhibitor,2,True,True,True
4295,CHEMBL3545135,CHEMBL2363065,INHIBITOR,Mitochondrial complex I (NADH dehydrogenase) inhibitor,1,True,True,True
4296,CHEMBL2219421,CHEMBL3559703,INHIBITOR,PI3-kinase class I inhibitor,2,True,True,True
4297,CHEMBL4071161,CHEMBL5251,INHIBITOR,Tyrosine-protein kinase BTK inhibitor,4,True,True,True
4298,CHEMBL3989868,CHEMBL1824,INHIBITOR,Receptor protein-tyrosine kinase erbB-2 inhibitor,4,True,True,True
4299,CHEMBL1614710,CHEMBL1936,INHIBITOR,Stem cell growth factor receptor inhibitor,1,True,True,True
4300,CHEMBL1614710,CHEMBL2095227,INHIBITOR,Vascular endothelial growth factor receptor inhibitor,1,True,True,True
4301,CHEMBL5095025,CHEMBL3559703,INHIBITOR,PI3-kinase class I inhibitor,2,True,True,True
4302,CHEMBL5095025,CHEMBL2842,INHIBITOR,Serine/threonine-protein kinase mTOR inhibitor,2,True,True,True
4303,CHEMBL5095025,CHEMBL5311,INHIBITOR,Serine/threonine-protein kinase receptor R3 inhibitor,2,True,True,True
4304,CHEMBL1684984,CHEMBL3559703,INHIBITOR,PI3-kinase class I inhibitor,2,True,True,True
4305,CHEMBL2141712,CHEMBL2842,INHIBITOR,Serine/threonine-protein kinase mTOR inhibitor,1,True,True,True
4306,CHEMBL3545196,CHEMBL203,INHIBITOR,Epidermal growth factor receptor erbB1 inhibitor,1,True,True,True
4307,CHEMBL3545196,CHEMBL3650,INHIBITOR,Fibroblast growth factor receptor 1 inhibitor,1,True,True,True
4308,CHEMBL3545196,CHEMBL1913,INHIBITOR,Platelet-derived growth factor receptor beta inhibitor,1,True,True,True
4309,CHEMBL3545196,CHEMBL267,INHIBITOR,Tyrosine-protein kinase SRC inhibitor,1,True,True,True
4310,CHEMBL1738697,CHEMBL279,INHIBITOR,Vascular endothelial growth factor receptor 2 inhibitor,1,True,True,True
4311,CHEMBL3545137,CHEMBL4630,INHIBITOR,Serine/threonine-protein kinase Chk1 inhibitor,1,True,True,True
4312,CHEMBL1084546,CHEMBL2695,INHIBITOR,Focal adhesion kinase 1 inhibitor,1,True,True,True
4313,CHEMBL1938400,CHEMBL260,INHIBITOR,MAP kinase p38 alpha inhibitor,2,True,True,True
4314,CHEMBL3128043,CHEMBL4482,INHIBITOR,Serine/threonine-protein kinase PAK 4 inhibitor,1,True,True,True
4315,CHEMBL4289017,CHEMBL4722,INHIBITOR,Serine/threonine-protein kinase Aurora-A inhibitor,1,True,True,True
4316,CHEMBL4289017,CHEMBL2185,INHIBITOR,Serine/threonine-protein kinase Aurora-B inhibitor,1,True,True,True
4317,CHEMBL2001019,CHEMBL3717,INHIBITOR,Hepatocyte growth factor receptor inhibitor,1,True,True,True
4318,CHEMBL3655081,CHEMBL2835,INHIBITOR,Tyrosine-protein kinase JAK1 inhibitor,4,True,True,True
4319,CHEMBL1230607,CHEMBL3559691,INHIBITOR,Cyclin-dependent kinase inhibitor,1,True,True,True
4320,CHEMBL1963502,CHEMBL203,INHIBITOR,Epidermal growth factor receptor erbB1 inhibitor,1,True,True,True
4321,CHEMBL1258517,CHEMBL2842,INHIBITOR,Serine/threonine-protein kinase mTOR inhibitor,1,True,True,True
4322,CHEMBL1258517,CHEMBL4005,INHIBITOR,PI3-kinase p110-alpha subunit inhibitor,1,True,True,True
4323,CHEMBL3545004,CHEMBL1957,INHIBITOR,Insulin-like growth factor I receptor inhibitor,1,True,True,True
4324,CHEMBL3639728,CHEMBL1844,INHIBITOR,Macrophage colony stimulating factor receptor inhibitor,1,True,True,True
4325,CHEMBL3545381,CHEMBL1844,INHIBITOR,Macrophage colony stimulating factor receptor inhibitor,1,True,True,True
4326,CHEMBL3545381,CHEMBL2815,INHIBITOR,Nerve growth factor receptor Trk-A inhibitor,1,True,True,True
4327,CHEMBL3545381,CHEMBL4898,INHIBITOR,Neurotrophic tyrosine kinase receptor type 2 inhibitor,1,True,True,True
4328,CHEMBL3545381,CHEMBL5608,INHIBITOR,NT-3 growth factor receptor inhibitor,1,True,True,True
4329,CHEMBL4303729,CHEMBL5145,INHIBITOR,Serine/threonine-protein kinase B-raf inhibitor,2,True,True,True
4330,CHEMBL3545138,CHEMBL2599,INHIBITOR,Tyrosine-protein kinase SYK inhibitor,1,True,True,True
4331,CHEMBL3545139,CHEMBL260,INHIBITOR,MAP kinase p38 alpha inhibitor,1,True,True,True
4332,CHEMBL3545323,CHEMBL2842,INHIBITOR,Serine/threonine-protein kinase mTOR inhibitor,1,True,True,True
4333,CHEMBL3545323,CHEMBL4005,INHIBITOR,PI3-kinase p110-alpha subunit inhibitor,1,True,True,True
4334,CHEMBL3545006,CHEMBL3559703,INHIBITOR,PI3-kinase class I inhibitor,1,True,True,True
4335,CHEMBL3545006,CHEMBL2842,INHIBITOR,Serine/threonine-protein kinase mTOR inhibitor,1,True,True,True
4336,CHEMBL1802093,,,Unknown,1,True,True,True
4337,CHEMBL1766582,CHEMBL260,INHIBITOR,MAP kinase p38 alpha inhibitor,1,True,True,True
4338,CHEMBL5314384,CHEMBL2148,INHIBITOR,Tyrosine-protein kinase JAK3 inhibitor,2,True,True,True
4339,CHEMBL5314384,CHEMBL2599,INHIBITOR,Tyrosine-protein kinase SYK inhibitor,2,True,True,True
4340,CHEMBL384304,CHEMBL308,INHIBITOR,Cyclin-dependent kinase 1 inhibitor,2,True,True,True
4341,CHEMBL384304,CHEMBL301,INHIBITOR,Cyclin-dependent kinase 2 inhibitor,2,True,True,True
4342,CHEMBL384304,CHEMBL331,INHIBITOR,Cyclin-dependent kinase 4 inhibitor,2,True,True,True
4343,CHEMBL2106468,CHEMBL2835,INHIBITOR,Tyrosine-protein kinase JAK1 inhibitor,1,True,True,True
4344,CHEMBL2106468,CHEMBL2148,INHIBITOR,Tyrosine-protein kinase JAK3 inhibitor,1,True,True,True
4345,CHEMBL3545080,CHEMBL5145,INHIBITOR,Serine/threonine-protein kinase B-raf inhibitor,1,True,True,True
4346,CHEMBL3264002,CHEMBL3587,INHIBITOR,Dual specificity mitogen-activated protein kinase kinase 1 inhibitor,3,True,True,True
4347,CHEMBL3264002,CHEMBL2964,INHIBITOR,Dual specificity mitogen-activated protein kinase kinase 2 inhibitor,3,True,True,True
4348,CHEMBL3545082,CHEMBL1906,INHIBITOR,Serine/threonine-protein kinase RAF inhibitor,1,True,True,True
4349,CHEMBL5314388,CHEMBL4630,INHIBITOR,Serine/threonine-protein kinase Chk1 inhibitor,1,True,True,True
4350,CHEMBL2331680,CHEMBL2842,INHIBITOR,Serine/threonine-protein kinase mTOR inhibitor,1,True,True,True
4351,CHEMBL3813842,CHEMBL3559703,INHIBITOR,PI3-kinase class I inhibitor,2,True,True,True
4352,CHEMBL3545199,CHEMBL4630,INHIBITOR,Serine/threonine-protein kinase Chk1 inhibitor,1,True,True,True
4353,CHEMBL3545083,CHEMBL308,INHIBITOR,Cyclin-dependent kinase 1 inhibitor,1,True,True,True
4354,CHEMBL3545083,CHEMBL301,INHIBITOR,Cyclin-dependent kinase 2 inhibitor,1,True,True,True
4355,CHEMBL3545083,CHEMBL331,INHIBITOR,Cyclin-dependent kinase 4 inhibitor,1,True,True,True
4356,CHEMBL3545083,CHEMBL4036,INHIBITOR,Cyclin-dependent kinase 5 inhibitor,1,True,True,True
4357,CHEMBL3545083,CHEMBL3055,INHIBITOR,Cyclin-dependent kinase 7 inhibitor,1,True,True,True
4358,CHEMBL3545083,CHEMBL3116,INHIBITOR,Cyclin-dependent kinase 9 inhibitor,1,True,True,True
4359,CHEMBL203567,CHEMBL260,INHIBITOR,MAP kinase p38 alpha inhibitor,1,True,True,True
4360,CHEMBL1614766,CHEMBL3587,INHIBITOR,Dual specificity mitogen-activated protein kinase kinase 1 inhibitor,1,True,True,True
4361,CHEMBL1614766,CHEMBL2964,INHIBITOR,Dual specificity mitogen-activated protein kinase kinase 2 inhibitor,1,True,True,True
4362,CHEMBL4297584,CHEMBL3130,INHIBITOR,PI3-kinase p110-delta subunit inhibitor,2,True,True,True
4363,CHEMBL4297584,CHEMBL3267,INHIBITOR,PI3-kinase p110-gamma subunit inhibitor,2,True,True,True
4364,CHEMBL190333,CHEMBL260,INHIBITOR,MAP kinase p38 alpha inhibitor,1,True,True,True
4365,CHEMBL190333,CHEMBL3961,INHIBITOR,MAP kinase p38 beta inhibitor,1,True,True,True
4366,CHEMBL3545200,CHEMBL203,INHIBITOR,Epidermal growth factor receptor erbB1 inhibitor,1,True,True,True
4367,CHEMBL3545200,CHEMBL1824,INHIBITOR,Receptor protein-tyrosine kinase erbB-2 inhibitor,1,True,True,True
4368,CHEMBL4461070,CHEMBL3717,INHIBITOR,Hepatocyte growth factor receptor inhibitor,2,True,True,True
4369,CHEMBL3112866,CHEMBL3145,INHIBITOR,PI3-kinase p110-beta subunit inhibitor,1,True,True,True
4370,CHEMBL3545142,CHEMBL1902,INHIBITOR,FK506-binding protein 1A inhibitor,1,True,True,True
4371,CHEMBL3545384,CHEMBL260,INHIBITOR,MAP kinase p38 alpha inhibitor,1,True,True,True
4372,CHEMBL3544930,CHEMBL260,INHIBITOR,MAP kinase p38 alpha inhibitor,1,True,True,True
4373,CHEMBL2386889,CHEMBL4630,INHIBITOR,Serine/threonine-protein kinase Chk1 inhibitor,2,True,True,True
4374,CHEMBL1614702,CHEMBL260,INHIBITOR,MAP kinase p38 alpha inhibitor,1,True,True,True
4375,CHEMBL1090173,CHEMBL260,INHIBITOR,MAP kinase p38 alpha inhibitor,1,True,True,True
4376,CHEMBL2326966,CHEMBL3559703,INHIBITOR,PI3-kinase class I inhibitor,2,True,True,True
4377,CHEMBL2326966,CHEMBL2842,INHIBITOR,Serine/threonine-protein kinase mTOR inhibitor,2,True,True,True
4378,CHEMBL1952329,CHEMBL3559682,INHIBITOR,Serine/threonine-protein kinase PIM inhibitor,1,True,True,True
4379,CHEMBL1236107,CHEMBL3717,INHIBITOR,Hepatocyte growth factor receptor inhibitor,1,True,True,True
4380,CHEMBL482767,CHEMBL3430911,INHIBITOR,Serine/threonine-protein kinase Aurora inhibitor,1,True,True,True
4381,CHEMBL245030,CHEMBL4282,INHIBITOR,Serine/threonine-protein kinase AKT inhibitor,1,True,True,True
4382,CHEMBL258805,CHEMBL301,INHIBITOR,Cyclin-dependent kinase 2 inhibitor,1,True,True,True
4383,CHEMBL3545201,CHEMBL260,INHIBITOR,MAP kinase p38 alpha inhibitor,1,True,True,True
4384,CHEMBL1614707,CHEMBL1824,INHIBITOR,Receptor protein-tyrosine kinase erbB-2 inhibitor,2,True,True,True
4385,CHEMBL1614725,CHEMBL1824,INHIBITOR,Receptor protein-tyrosine kinase erbB-2 inhibitor,1,True,True,True
4386,CHEMBL1614725,CHEMBL203,INHIBITOR,Epidermal growth factor receptor erbB1 inhibitor,1,True,True,True
4387,CHEMBL2180604,CHEMBL2095189,INHIBITOR,Platelet-derived growth factor receptor inhibitor,1,True,True,True
4388,CHEMBL2180604,CHEMBL2095227,INHIBITOR,Vascular endothelial growth factor receptor inhibitor,1,True,True,True
4389,CHEMBL4594253,CHEMBL2599,INHIBITOR,Tyrosine-protein kinase SYK inhibitor,2,True,True,True
4390,CHEMBL1615025,CHEMBL3587,INHIBITOR,Dual specificity mitogen-activated protein kinase kinase 1 inhibitor,2,True,True,True
4391,CHEMBL1615025,CHEMBL2964,INHIBITOR,Dual specificity mitogen-activated protein kinase kinase 2 inhibitor,2,True,True,True
4392,CHEMBL3544932,CHEMBL2185,INHIBITOR,Serine/threonine-protein kinase Aurora-B inhibitor,1,True,True,True
4393,CHEMBL2392545,CHEMBL3024,INHIBITOR,Serine/threonine-protein kinase PLK1 inhibitor,1,True,True,True
4394,CHEMBL3764045,CHEMBL3717,INHIBITOR,Hepatocyte growth factor receptor inhibitor,1,True,True,True
4395,CHEMBL3764045,CHEMBL279,INHIBITOR,Vascular endothelial growth factor receptor 2 inhibitor,1,True,True,True
4396,CHEMBL3692206,CHEMBL4722,INHIBITOR,Serine/threonine-protein kinase Aurora-A inhibitor,1,True,True,True
4397,CHEMBL192986,CHEMBL3117,INHIBITOR,Choline kinase alpha inhibitor,1,True,True,True
4398,CHEMBL1944698,CHEMBL308,INHIBITOR,Cyclin-dependent kinase 1 inhibitor,2,True,True,True
4399,CHEMBL1944698,CHEMBL301,INHIBITOR,Cyclin-dependent kinase 2 inhibitor,2,True,True,True
4400,CHEMBL1944698,CHEMBL3055,INHIBITOR,Cyclin-dependent kinase 7 inhibitor,2,True,True,True
4401,CHEMBL1944698,CHEMBL3116,INHIBITOR,Cyclin-dependent kinase 9 inhibitor,2,True,True,True
4402,CHEMBL1944698,CHEMBL1974,INHIBITOR,Tyrosine-protein kinase receptor FLT3 inhibitor,2,True,True,True
4403,CHEMBL1944698,CHEMBL2971,INHIBITOR,Tyrosine-protein kinase JAK2 inhibitor,2,True,True,True
4404,CHEMBL3989869,CHEMBL3130,INHIBITOR,PI3-kinase p110-delta subunit inhibitor,4,True,True,True
4405,CHEMBL3545327,CHEMBL3430911,INHIBITOR,Serine/threonine-protein kinase Aurora inhibitor,1,True,True,True
4406,CHEMBL1320667,,,Unknown,2,True,True,True
4407,CHEMBL3040440,CHEMBL2695,INHIBITOR,Focal adhesion kinase 1 inhibitor,1,True,True,True
4408,CHEMBL3393066,CHEMBL2842,INHIBITOR,Serine/threonine-protein kinase mTOR inhibitor,1,True,True,True
4409,CHEMBL3393066,CHEMBL3559703,INHIBITOR,PI3-kinase class I inhibitor,1,True,True,True
4410,CHEMBL3989870,CHEMBL5024,INHIBITOR,Serine-protein kinase ATR inhibitor,2,True,True,True
4411,CHEMBL405130,CHEMBL2148,INHIBITOR,Tyrosine-protein kinase JAK3 inhibitor,1,True,True,True
4412,CHEMBL3545385,CHEMBL3559703,INHIBITOR,PI3-kinase class I inhibitor,1,True,True,True
4413,CHEMBL3545145,CHEMBL3587,INHIBITOR,Dual specificity mitogen-activated protein kinase kinase 1 inhibitor,1,True,True,True
4414,CHEMBL3545145,CHEMBL2964,INHIBITOR,Dual specificity mitogen-activated protein kinase kinase 2 inhibitor,1,True,True,True
4415,CHEMBL4113131,CHEMBL4247,INHIBITOR,ALK tyrosine kinase receptor inhibitor,4,True,True,True
4416,CHEMBL3545328,CHEMBL2971,INHIBITOR,Tyrosine-protein kinase JAK2 inhibitor,1,True,True,True
4417,CHEMBL3545085,CHEMBL1862,INHIBITOR,Tyrosine-protein kinase ABL inhibitor,1,True,True,True
4418,CHEMBL3545085,CHEMBL1957,INHIBITOR,Insulin-like growth factor I receptor inhibitor,1,True,True,True
4419,CHEMBL3545085,CHEMBL2363074,INHIBITOR,SRC inhibitor,1,True,True,True
4420,CHEMBL2016893,CHEMBL2111353,INHIBITOR,Serine/threonine-protein kinase AKT inhibitor,1,True,True,True
4421,CHEMBL2016893,CHEMBL2111330,INHIBITOR,Ribosomal protein S6 kinase (P70S6K) inhibitor,1,True,True,True
4422,CHEMBL3544936,CHEMBL4630,INHIBITOR,Serine/threonine-protein kinase Chk1 inhibitor,1,True,True,True
4423,CHEMBL3544936,CHEMBL2527,INHIBITOR,Serine/threonine-protein kinase Chk2 inhibitor,1,True,True,True
4424,CHEMBL571948,CHEMBL2111459,INHIBITOR,Rho-associated protein kinase inhibitor,1,True,True,True
4425,CHEMBL3544937,CHEMBL279,INHIBITOR,Vascular endothelial growth factor receptor 2 inhibitor,1,True,True,True
4426,CHEMBL3545236,CHEMBL4895,INHIBITOR,Tyrosine-protein kinase receptor UFO inhibitor,1,True,True,True
4427,CHEMBL3545236,CHEMBL3717,INHIBITOR,Hepatocyte growth factor receptor inhibitor,1,True,True,True
4428,CHEMBL3545111,CHEMBL1824,INHIBITOR,Receptor protein-tyrosine kinase erbB-2 inhibitor,3,True,True,True
4429,CHEMBL1206245,CHEMBL3610,INHIBITOR,G1/S-specific cyclin D1 inhibitor,2,True,True,True
4430,CHEMBL1084617,CHEMBL224,INVERSE AGONIST,Serotonin 2a (5-HT2a) receptor inverse agonist,2,True,True,True
4431,CHEMBL1829335,CHEMBL264,ANTAGONIST,Histamine H3 receptor antagonist,2,True,True,True
4432,CHEMBL2106003,CHEMBL264,AGONIST,Histamine H3 receptor agonist,1,True,True,True
4433,CHEMBL2205230,CHEMBL5971,ANTAGONIST,Smoothened homolog antagonist,1,True,True,True
4434,CHEMBL3133037,CHEMBL5971,ANTAGONIST,Smoothened homolog antagonist,1,True,True,True
4435,CHEMBL375611,CHEMBL5137,AGONIST,Metabotropic glutamate receptor 2 agonist,1,True,True,True
4436,CHEMBL375611,CHEMBL2888,AGONIST,Metabotropic glutamate receptor 3 agonist,1,True,True,True
4437,CHEMBL3545203,CHEMBL3227,MODULATOR,Metabotropic glutamate receptor 5 modulator,1,True,True,True
4438,CHEMBL3545268,CHEMBL5815,ANTAGONIST,C-C chemokine receptor type 9 antagonist,1,True,True,True
4439,CHEMBL3545269,CHEMBL1985,AGONIST,Glucagon receptor agonist,2,True,True,True
4440,CHEMBL3358920,CHEMBL4333,AGONIST,Sphingosine 1-phosphate receptor Edg-1 agonist,4,True,True,True
4441,CHEMBL4175981,CHEMBL253,AGONIST,Cannabinoid CB2 receptor agonist,2,True,True,True
4442,CHEMBL3545386,CHEMBL4308,ANTAGONIST,Bradykinin B1 receptor antagonist,1,True,True,True
4443,CHEMBL2397751,CHEMBL218,AGONIST,Cannabinoid CB1 receptor agonist,1,True,True,True
4444,CHEMBL2397751,CHEMBL253,AGONIST,Cannabinoid CB2 receptor agonist,1,True,True,True
4445,CHEMBL3915620,CHEMBL4422,AGONIST,Free fatty acid receptor 1 agonist,1,True,True,True
4446,CHEMBL3545270,CHEMBL5137,AGONIST,Metabotropic glutamate receptor 2 agonist,1,True,True,True
4447,CHEMBL3545270,CHEMBL2888,AGONIST,Metabotropic glutamate receptor 3 agonist,1,True,True,True
4448,CHEMBL4303379,CHEMBL5137,AGONIST,Metabotropic glutamate receptor 2 agonist,1,True,True,True
4449,CHEMBL3545087,CHEMBL210,AGONIST,Beta-2 adrenergic receptor agonist,1,True,True,True
4450,CHEMBL3694769,CHEMBL251,ANTAGONIST,Adenosine A2a receptor antagonist,1,True,True,True
4451,CHEMBL3942498,CHEMBL251,ANTAGONIST,Adenosine A2a receptor antagonist,1,True,True,True
4452,CHEMBL3942498,CHEMBL4409,INHIBITOR,Phosphodiesterase 10A inhibitor,1,True,True,True
4453,CHEMBL197669,CHEMBL251,ANTAGONIST,Adenosine A2a receptor antagonist,1,True,True,True
4454,CHEMBL3545146,CHEMBL1889,ANTAGONIST,Vasopressin V1a receptor antagonist,1,True,True,True
4455,CHEMBL2062154,CHEMBL298,ANTAGONIST,Cholecystokinin B receptor antagonist,1,True,True,True
4456,CHEMBL1915540,CHEMBL3759,ANTAGONIST,Histamine H4 receptor antagonist,2,True,True,True
4457,CHEMBL3545388,CHEMBL217,MODULATOR,Dopamine D2 receptor modulator,2,True,True,True
4458,CHEMBL3545010,CHEMBL217,MODULATOR,Dopamine D2 receptor modulator,2,True,True,True
4459,CHEMBL3234681,CHEMBL253,AGONIST,Cannabinoid CB2 receptor agonist,2,True,True,True
4460,CHEMBL3545330,CHEMBL2107,ANTAGONIST,C-X-C chemokine receptor type 4 antagonist,1,True,True,True
4461,CHEMBL3545011,CHEMBL226,PARTIAL AGONIST,Adenosine A1 receptor partial agonist,1,True,True,True
4462,CHEMBL3545331,CHEMBL226,AGONIST,Adenosine A1 receptor agonist,1,True,True,True
4463,CHEMBL440115,CHEMBL226,ANTAGONIST,Adenosine A1 receptor antagonist,1,True,True,True
4464,CHEMBL260933,CHEMBL255,ANTAGONIST,Adenosine A2b receptor antagonist,1,True,True,True
4465,CHEMBL1672627,CHEMBL255,ANTAGONIST,Adenosine A2b receptor antagonist,1,True,True,True
4466,CHEMBL3545204,CHEMBL255,ANTAGONIST,Adenosine A2b receptor antagonist,1,True,True,True
4467,CHEMBL3545204,CHEMBL256,ANTAGONIST,Adenosine A3 receptor antagonist,1,True,True,True
4468,CHEMBL3916700,CHEMBL210,AGONIST,Beta-2 adrenergic receptor agonist,1,True,True,True
4469,CHEMBL3916700,CHEMBL245,ANTAGONIST,Muscarinic acetylcholine receptor M3 antagonist,1,True,True,True
4470,CHEMBL5314389,CHEMBL1798,ANTAGONIST,Cysteinyl leukotriene receptor 1 antagonist,1,True,True,True
4471,CHEMBL2104927,CHEMBL249,ANTAGONIST,Neurokinin 1 receptor antagonist,2,True,True,True
4472,CHEMBL3301577,CHEMBL3559689,ANTAGONIST,Frizzled-8 antagonist,2,True,True,True
4473,CHEMBL2364652,CHEMBL2346493,ANTAGONIST,Frizzled-1 antagonist,2,True,True,True
4474,CHEMBL2364652,CHEMBL3559686,ANTAGONIST,Frizzled-2 antagonist,2,True,True,True
4475,CHEMBL2364652,CHEMBL3559687,ANTAGONIST,Frizzled-5 antagonist,2,True,True,True
4476,CHEMBL2364652,CHEMBL3559688,ANTAGONIST,Frizzled-7 antagonist,2,True,True,True
4477,CHEMBL2364652,CHEMBL3559689,ANTAGONIST,Frizzled-8 antagonist,2,True,True,True
4478,CHEMBL2369989,CHEMBL2203,AGONIST,Motilin receptor agonist,2,True,True,True
4479,CHEMBL1980391,CHEMBL3650,INHIBITOR,Fibroblast growth factor receptor 1 inhibitor,1,True,True,True
4480,CHEMBL1980391,CHEMBL4142,INHIBITOR,Fibroblast growth factor receptor 2 inhibitor,1,True,True,True
4481,CHEMBL1980391,CHEMBL1974,INHIBITOR,Tyrosine-protein kinase receptor FLT3 inhibitor,1,True,True,True
4482,CHEMBL1980391,CHEMBL1913,INHIBITOR,Platelet-derived growth factor receptor beta inhibitor,1,True,True,True
4483,CHEMBL1980391,CHEMBL2095227,INHIBITOR,Vascular endothelial growth factor receptor inhibitor,1,True,True,True
4484,CHEMBL1980391,CHEMBL4722,INHIBITOR,Serine/threonine-protein kinase Aurora-A inhibitor,1,True,True,True
4485,CHEMBL1980391,CHEMBL3788,INHIBITOR,Serine/threonine-protein kinase PLK4 inhibitor,1,True,True,True
4487,CHEMBL4545915,CHEMBL3559703,INHIBITOR,PI3-kinase class I inhibitor,1,True,True,True
4488,CHEMBL4545915,CHEMBL203,INHIBITOR,Epidermal growth factor receptor erbB1 inhibitor,1,True,True,True
4489,CHEMBL4545915,CHEMBL279,INHIBITOR,Vascular endothelial growth factor receptor 2 inhibitor,1,True,True,True
4490,CHEMBL4545915,CHEMBL1913,INHIBITOR,Platelet-derived growth factor receptor beta inhibitor,1,True,True,True
4491,CHEMBL6067987,CHEMBL3559684,INHIBITOR,Neurotrophic tyrosine kinase receptor inhibitor,1,True,True,True
4492,CHEMBL6067987,CHEMBL2093867,INHIBITOR,Protein kinase C (PKC) inhibitor,1,True,True,True
4493,CHEMBL6067987,CHEMBL2041,INHIBITOR,Tyrosine-protein kinase receptor RET inhibitor,1,True,True,True
4494,CHEMBL6067987,CHEMBL1913,INHIBITOR,Platelet-derived growth factor receptor beta inhibitor,1,True,True,True
4495,CHEMBL6067987,CHEMBL1974,INHIBITOR,Tyrosine-protein kinase receptor FLT3 inhibitor,1,True,True,True
4496,CHEMBL3545147,CHEMBL1991,INHIBITOR,Inhibitor of nuclear factor kappa B kinase beta subunit inhibitor,1,True,True,True
4497,CHEMBL3545090,CHEMBL5443,INHIBITOR,Cell division cycle 7-related protein kinase inhibitor,1,True,True,True
4498,CHEMBL3894860,CHEMBL331,INHIBITOR,Cyclin-dependent kinase 4 inhibitor,4,True,True,True
4499,CHEMBL3894860,CHEMBL2508,INHIBITOR,Cyclin-dependent kinase 6 inhibitor,4,True,True,True
4500,CHEMBL229430,CHEMBL4794,ANTAGONIST,Vanilloid receptor antagonist,1,True,True,True
4501,CHEMBL398338,CHEMBL4794,ANTAGONIST,Vanilloid receptor antagonist,1,True,True,True
4502,CHEMBL3545148,CHEMBL4794,ANTAGONIST,Vanilloid receptor antagonist,1,True,True,True
4503,CHEMBL504652,CHEMBL1907589,ANTAGONIST,Neuronal acetylcholine receptor; alpha4/beta2 antagonist,1,True,True,True
4504,CHEMBL1783256,CHEMBL4956,POSITIVE ALLOSTERIC MODULATOR,GABA receptor alpha-2 subunit positive allosteric modulator,1,True,True,True
4505,CHEMBL1783256,CHEMBL3026,POSITIVE ALLOSTERIC MODULATOR,GABA receptor alpha-3 subunit positive allosteric modulator,1,True,True,True
4506,CHEMBL1222883,CHEMBL4805,NEGATIVE ALLOSTERIC MODULATOR,P2X purinoceptor 7 negative allosteric modulator,1,True,True,True
4507,CHEMBL3678076,CHEMBL2331043,BLOCKER,Sodium channel alpha subunit blocker,2,True,True,True
4508,CHEMBL3545208,CHEMBL4296,BLOCKER,Sodium channel protein type IX alpha subunit blocker,1,True,True,True
4509,CHEMBL3545091,CHEMBL4296,BLOCKER,Sodium channel protein type IX alpha subunit blocker,1,True,True,True
4510,CHEMBL5095026,CHEMBL4296,BLOCKER,Sodium channel protein type IX alpha subunit blocker,1,True,True,True
4511,CHEMBL5095026,CHEMBL5451,BLOCKER,Sodium channel protein type X alpha subunit blocker,1,True,True,True
4512,CHEMBL3545209,CHEMBL2331043,BLOCKER,Sodium channel alpha subunit blocker,1,True,True,True
4513,CHEMBL429317,CHEMBL2492,POSITIVE ALLOSTERIC MODULATOR,Neuronal acetylcholine receptor protein alpha-7 subunit positive allosteric modulator,1,True,True,True
4514,CHEMBL214268,CHEMBL2492,AGONIST,Neuronal acetylcholine receptor protein alpha-7 subunit agonist,1,True,True,True
4515,CHEMBL2151570,CHEMBL2492,AGONIST,Neuronal acetylcholine receptor protein alpha-7 subunit agonist,1,True,True,True
4516,CHEMBL3545013,CHEMBL2492,PARTIAL AGONIST,Neuronal acetylcholine receptor protein alpha-7 subunit partial agonist,1,True,True,True
4517,CHEMBL2181753,CHEMBL5071,ANTAGONIST,G protein-coupled receptor 44 antagonist,1,True,True,True
4518,CHEMBL5095021,CHEMBL5071,ANTAGONIST,G protein-coupled receptor 44 antagonist,1,True,True,True
4519,CHEMBL561132,CHEMBL5071,ANTAGONIST,G protein-coupled receptor 44 antagonist,1,True,True,True
4520,CHEMBL3544941,CHEMBL5071,ANTAGONIST,G protein-coupled receptor 44 antagonist,1,True,True,True
4521,CHEMBL3545193,CHEMBL5251,INHIBITOR,Tyrosine-protein kinase BTK inhibitor,1,True,True,True
4522,CHEMBL4650214,CHEMBL3130,INHIBITOR,PI3-kinase p110-delta subunit inhibitor,3,True,True,True
4523,CHEMBL4456085,CHEMBL3983,INHIBITOR,Dual specificity protein kinase TTK inhibitor,1,True,True,True
4524,CHEMBL1277072,CHEMBL279,INHIBITOR,Vascular endothelial growth factor receptor 2 inhibitor,1,True,True,True
4525,CHEMBL3647420,CHEMBL203,INHIBITOR,Epidermal growth factor receptor erbB1 inhibitor,3,True,True,True
4526,CHEMBL3647420,CHEMBL1824,INHIBITOR,Receptor protein-tyrosine kinase erbB-2 inhibitor,3,True,True,True
4528,CHEMBL3545354,CHEMBL3024,INHIBITOR,Serine/threonine-protein kinase PLK1 inhibitor,1,True,True,True
4529,CHEMBL4470585,CHEMBL3119,ANTAGONIST,Transient receptor potential cation channel subfamily V member 4 antagonist,2,True,True,True
4530,CHEMBL3707353,CHEMBL4296,BLOCKER,Sodium channel protein type IX alpha subunit blocker,1,True,True,True
4531,CHEMBL3707396,CHEMBL4805,ANTAGONIST,P2X purinoceptor 7 antagonist,-1,True,True,True
4532,CHEMBL3707354,CHEMBL1907589,MODULATOR,Neuronal acetylcholine receptor; alpha4/beta2 modulator,-1,True,True,True
4533,CHEMBL29919,CHEMBL4187,BLOCKER,Sodium channel protein type II alpha subunit blocker,2,True,True,True
4534,CHEMBL29919,CHEMBL5163,BLOCKER,Sodium channel protein type III alpha subunit blocker,2,True,True,True
4535,CHEMBL29919,CHEMBL2095229,BLOCKER,Voltage-gated L-type calcium channel blocker,2,True,True,True
4536,CHEMBL29919,CHEMBL4478,BLOCKER,Voltage-gated N-type calcium channel alpha-1B subunit blocker,2,True,True,True
4537,CHEMBL29919,CHEMBL4266,BLOCKER,Voltage-gated P/Q-type calcium channel alpha-1A subunit blocker,2,True,True,True
4538,CHEMBL29741,CHEMBL2096670,ANTAGONIST,Glutamate receptor ionotropic AMPA antagonist,2,True,True,True
4539,CHEMBL29741,CHEMBL2331043,BLOCKER,Sodium channel alpha subunit blocker,2,True,True,True
4540,CHEMBL2104449,CHEMBL2095152,OPENER,Sulfonylurea receptors; K-ATP channels opener,2,True,True,True
4541,CHEMBL2110814,CHEMBL2094124,ANTAGONIST,Glutamate [NMDA] receptor antagonist,2,True,True,True
4542,CHEMBL2364618,CHEMBL4794,ANTAGONIST,Vanilloid receptor antagonist,2,True,True,True
4543,CHEMBL3707397,CHEMBL4794,ANTAGONIST,Vanilloid receptor antagonist,1,True,True,True
4544,CHEMBL3707398,CHEMBL4794,ANTAGONIST,Vanilloid receptor antagonist,3,True,True,True
4545,CHEMBL3707378,CHEMBL6007,ANTAGONIST,Transient receptor potential cation channel subfamily A member 1 antagonist,-1,True,True,True
4546,CHEMBL3707315,CHEMBL1075319,AGONIST,Transient receptor potential cation channel subfamily M member 8 agonist,1,True,True,True
4547,CHEMBL3707399,CHEMBL2096670,POSITIVE ALLOSTERIC MODULATOR,Glutamate receptor ionotropic AMPA positive allosteric modulator,2,True,True,True
4548,CHEMBL5095022,CHEMBL2096670,POSITIVE ALLOSTERIC MODULATOR,Glutamate receptor ionotropic AMPA positive allosteric modulator,2,True,True,True
4549,CHEMBL3707355,CHEMBL2094124,ANTAGONIST,Glutamate [NMDA] receptor antagonist,1,True,True,True
4550,CHEMBL3707380,CHEMBL4296,BLOCKER,Sodium channel protein type IX alpha subunit blocker,1,True,True,True
4551,CHEMBL3545210,CHEMBL206,ANTAGONIST,Estrogen receptor alpha antagonist,2,True,True,True
4552,CHEMBL4297509,CHEMBL206,DEGRADER,Estrogen receptor alpha degrader,4,True,True,True
4553,CHEMBL2107341,CHEMBL2093866,MODULATOR,Estrogen receptor modulator,2,True,True,True
4554,CHEMBL3545389,CHEMBL2093866,MODULATOR,Estrogen receptor modulator,2,True,True,True
4555,CHEMBL6318,CHEMBL2093866,MODULATOR,Estrogen receptor modulator,2,True,True,True
4556,CHEMBL3545274,CHEMBL2093866,AGONIST,Estrogen receptor agonist,2,True,True,True
4557,CHEMBL1232583,CHEMBL3559683,AGONIST,Peroxisome proliferator-activated receptor agonist,2,True,True,True
4558,CHEMBL2104984,CHEMBL3559683,AGONIST,Peroxisome proliferator-activated receptor agonist,2,True,True,True
4559,CHEMBL75133,CHEMBL2363070,AGONIST,Retinoid X receptor agonist,2,True,True,True
4560,CHEMBL3221237,CHEMBL1871,MODULATOR,Androgen Receptor modulator,2,True,True,True
4561,CHEMBL3590187,CHEMBL1871,ANTAGONIST,Androgen Receptor antagonist,4,True,True,True
4562,CHEMBL2105738,CHEMBL1871,ANTAGONIST,Androgen Receptor antagonist,3,True,True,True
4563,CHEMBL2105738,CHEMBL3522,INHIBITOR,Cytochrome P450 17A1 inhibitor,3,True,True,True
4565,CHEMBL3545017,CHEMBL206,AGONIST,Estrogen receptor alpha agonist,2,True,True,True
4566,CHEMBL489,CHEMBL2093866,MODULATOR,Estrogen receptor modulator,3,True,True,True
4567,CHEMBL489,CHEMBL4245,ANTAGONIST,Estrogen-related receptor gamma antagonist,3,True,True,True
4568,CHEMBL450940,CHEMBL242,AGONIST,Estrogen receptor beta agonist,2,True,True,True
4569,CHEMBL278703,CHEMBL242,AGONIST,Estrogen receptor beta agonist,2,True,True,True
4570,CHEMBL198877,CHEMBL242,AGONIST,Estrogen receptor beta agonist,2,True,True,True
4571,CHEMBL3545092,CHEMBL242,AGONIST,Estrogen receptor beta agonist,2,True,True,True
4572,CHEMBL3545092,CHEMBL1871,AGONIST,Androgen Receptor agonist,2,True,True,True
4573,CHEMBL3137304,CHEMBL2034,MODULATOR,Glucocorticoid receptor modulator,2,True,True,True
4574,CHEMBL3545391,CHEMBL2034,ANTAGONIST,Glucocorticoid receptor antagonist,2,True,True,True
4575,CHEMBL2181929,CHEMBL1994,ANTAGONIST,Mineralocorticoid receptor antagonist,2,True,True,True
4576,CHEMBL4088896,CHEMBL1994,ANTAGONIST,Mineralocorticoid receptor antagonist,2,True,True,True
4577,CHEMBL3545393,CHEMBL1994,ANTAGONIST,Mineralocorticoid receptor antagonist,3,True,True,True
4578,CHEMBL2181927,CHEMBL1994,ANTAGONIST,Mineralocorticoid receptor antagonist,4,True,True,True
4579,CHEMBL146032,CHEMBL208,ANTAGONIST,Progesterone receptor antagonist,2,True,True,True
4580,CHEMBL2105694,CHEMBL208,MODULATOR,Progesterone receptor modulator,3,True,True,True
4581,CHEMBL1908373,CHEMBL208,ANTAGONIST,Progesterone receptor antagonist,2,True,True,True
4582,CHEMBL3545093,CHEMBL239,AGONIST,Peroxisome proliferator-activated receptor alpha agonist,2,True,True,True
4583,CHEMBL5314385,CHEMBL239,AGONIST,Peroxisome proliferator-activated receptor alpha agonist,2,True,True,True
4584,CHEMBL424133,CHEMBL239,AGONIST,Peroxisome proliferator-activated receptor alpha agonist,2,True,True,True
4585,CHEMBL3545394,CHEMBL239,AGONIST,Peroxisome proliferator-activated receptor alpha agonist,2,True,True,True
4586,CHEMBL219586,CHEMBL239,AGONIST,Peroxisome proliferator-activated receptor alpha agonist,2,True,True,True
4587,CHEMBL3545334,CHEMBL239,AGONIST,Peroxisome proliferator-activated receptor alpha agonist,2,True,True,True
4588,CHEMBL93747,CHEMBL235,MODULATOR,Peroxisome proliferator-activated receptor gamma modulator,2,True,True,True
4589,CHEMBL107367,CHEMBL235,AGONIST,Peroxisome proliferator-activated receptor gamma agonist,2,True,True,True
4590,CHEMBL181954,CHEMBL239,AGONIST,Peroxisome proliferator-activated receptor alpha agonist,2,True,True,True
4591,CHEMBL181954,CHEMBL235,AGONIST,Peroxisome proliferator-activated receptor gamma agonist,2,True,True,True
4592,CHEMBL230158,CHEMBL3979,AGONIST,Peroxisome proliferator-activated receptor delta agonist,4,True,True,True
4593,CHEMBL5095027,CHEMBL235,AGONIST,Peroxisome proliferator-activated receptor gamma agonist,2,True,True,True
4594,CHEMBL490029,CHEMBL235,MODULATOR,Peroxisome proliferator-activated receptor gamma modulator,2,True,True,True
4595,CHEMBL3545020,CHEMBL235,MODULATOR,Peroxisome proliferator-activated receptor gamma modulator,2,True,True,True
4596,CHEMBL1236924,CHEMBL235,MODULATOR,Peroxisome proliferator-activated receptor gamma modulator,2,True,True,True
4597,CHEMBL3545278,CHEMBL235,MODULATOR,Peroxisome proliferator-activated receptor gamma modulator,2,True,True,True
4598,CHEMBL3545279,CHEMBL235,AGONIST,Peroxisome proliferator-activated receptor gamma agonist,2,True,True,True
4599,CHEMBL2103824,CHEMBL235,MODULATOR,Peroxisome proliferator-activated receptor gamma modulator,2,True,True,True
4600,CHEMBL2103824,CHEMBL6120,INHIBITOR,Solute carrier family 22 member 12 inhibitor,2,True,True,True
4601,CHEMBL107430,CHEMBL2055,AGONIST,Retinoic acid receptor alpha agonist,2,True,True,True
4602,CHEMBL2105648,CHEMBL2003,AGONIST,Retinoic acid receptor gamma agonist,4,True,True,True
4603,CHEMBL1716091,CHEMBL2061,MODULATOR,Retinoid X receptor alpha modulator,2,True,True,True
4604,CHEMBL471897,CHEMBL1947,AGONIST,Thyroid hormone receptor beta-1 agonist,2,True,True,True
4605,CHEMBL2105107,CHEMBL1977,AGONIST,Vitamin D receptor agonist,2,True,True,True
4606,CHEMBL605525,CHEMBL1977,AGONIST,Vitamin D receptor agonist,2,True,True,True
4607,CHEMBL2104955,CHEMBL1977,AGONIST,Vitamin D receptor agonist,2,True,True,True
4608,CHEMBL2105705,CHEMBL1977,AGONIST,Vitamin D receptor agonist,2,True,True,True
4609,CHEMBL3545094,CHEMBL1977,AGONIST,Vitamin D receptor agonist,2,True,True,True
4610,CHEMBL565612,CHEMBL2093867,INHIBITOR,Protein kinase C (PKC) inhibitor,2,True,True,True
4611,CHEMBL587723,CHEMBL203,INHIBITOR,Epidermal growth factor receptor erbB1 inhibitor,2,True,True,True
4612,CHEMBL587723,CHEMBL1824,INHIBITOR,Receptor protein-tyrosine kinase erbB-2 inhibitor,2,True,True,True
4613,CHEMBL587723,CHEMBL279,INHIBITOR,Vascular endothelial growth factor receptor 2 inhibitor,2,True,True,True
4614,CHEMBL587723,CHEMBL1868,INHIBITOR,Vascular endothelial growth factor receptor 1 inhibitor,2,True,True,True
4615,CHEMBL3545335,CHEMBL2095227,INHIBITOR,Vascular endothelial growth factor receptor inhibitor,2,True,True,True
4616,CHEMBL4790100,CHEMBL1974,INHIBITOR,Tyrosine-protein kinase receptor FLT3 inhibitor,2,True,True,True
4617,CHEMBL4303201,CHEMBL279,INHIBITOR,Vascular endothelial growth factor receptor 2 inhibitor,3,True,True,True
4618,CHEMBL4303201,CHEMBL1955,INHIBITOR,Vascular endothelial growth factor receptor 3 inhibitor,3,True,True,True
4619,CHEMBL4303201,CHEMBL1936,INHIBITOR,Stem cell growth factor receptor inhibitor,3,True,True,True
4620,CHEMBL4303201,CHEMBL1913,INHIBITOR,Platelet-derived growth factor receptor beta inhibitor,3,True,True,True
4621,CHEMBL3785909,CHEMBL3717,INHIBITOR,Hepatocyte growth factor receptor inhibitor,2,True,True,True
4622,CHEMBL3545311,CHEMBL4247,INHIBITOR,ALK tyrosine kinase receptor inhibitor,4,True,True,True
4623,CHEMBL3545311,CHEMBL203,INHIBITOR,Epidermal growth factor receptor erbB1 inhibitor,4,True,True,True
4624,CHEMBL3545065,CHEMBL2111459,INHIBITOR,Rho-associated protein kinase inhibitor,2,True,True,True
4625,CHEMBL2103842,CHEMBL203,INHIBITOR,Epidermal growth factor receptor erbB1 inhibitor,2,True,True,True
4626,CHEMBL2103842,CHEMBL1824,INHIBITOR,Receptor protein-tyrosine kinase erbB-2 inhibitor,2,True,True,True
4627,CHEMBL1088750,CHEMBL260,INHIBITOR,MAP kinase p38 alpha inhibitor,3,True,True,True
4628,CHEMBL3545213,CHEMBL2096667,INHIBITOR,"c-Jun N-terminal kinase, JNK inhibitor",2,True,True,True
4629,CHEMBL2107832,CHEMBL3587,INHIBITOR,Dual specificity mitogen-activated protein kinase kinase 1 inhibitor,2,True,True,True
4630,CHEMBL2107832,CHEMBL2964,INHIBITOR,Dual specificity mitogen-activated protein kinase kinase 2 inhibitor,2,True,True,True
4631,CHEMBL3137308,CHEMBL2363062,INHIBITOR,Janus Kinase (JAK) inhibitor,4,True,True,True
4632,CHEMBL445813,CHEMBL3559691,INHIBITOR,Cyclin-dependent kinase inhibitor,2,True,True,True
4633,CHEMBL495727,CHEMBL1862,INHIBITOR,Tyrosine-protein kinase ABL inhibitor,2,True,True,True
4634,CHEMBL495727,CHEMBL4722,INHIBITOR,Serine/threonine-protein kinase Aurora-A inhibitor,2,True,True,True
4635,CHEMBL495727,CHEMBL2185,INHIBITOR,Serine/threonine-protein kinase Aurora-B inhibitor,2,True,True,True
4636,CHEMBL495727,CHEMBL1974,INHIBITOR,Tyrosine-protein kinase receptor FLT3 inhibitor,2,True,True,True
4637,CHEMBL495727,CHEMBL2971,INHIBITOR,Tyrosine-protein kinase JAK2 inhibitor,2,True,True,True
4638,CHEMBL495727,CHEMBL2148,INHIBITOR,Tyrosine-protein kinase JAK3 inhibitor,2,True,True,True
4639,CHEMBL283120,CHEMBL1957,INHIBITOR,Insulin-like growth factor I receptor inhibitor,2,True,True,True
4640,CHEMBL3545214,,,Unknown,2,True,True,True
4641,CHEMBL1231124,CHEMBL2971,INHIBITOR,Tyrosine-protein kinase JAK2 inhibitor,2,True,True,True
4642,CHEMBL1976040,CHEMBL5491,INHIBITOR,Serine/threonine-protein kinase WEE1 inhibitor,2,True,True,True
4644,CHEMBL3348846,CHEMBL2095217,INHIBITOR,Fibroblast growth factor receptor inhibitor,2,True,True,True
4646,CHEMBL3334567,CHEMBL3717,INHIBITOR,Hepatocyte growth factor receptor inhibitor,3,True,True,True
4647,CHEMBL2105684,CHEMBL3587,INHIBITOR,Dual specificity mitogen-activated protein kinase kinase 1 inhibitor,4,True,True,True
4648,CHEMBL2105684,CHEMBL2964,INHIBITOR,Dual specificity mitogen-activated protein kinase kinase 2 inhibitor,4,True,True,True
4649,CHEMBL2408045,CHEMBL1824,INHIBITOR,Receptor protein-tyrosine kinase erbB-2 inhibitor,2,True,True,True
4650,CHEMBL2408045,CHEMBL5838,INHIBITOR,Receptor tyrosine-protein kinase erbB-3 inhibitor,2,True,True,True
4651,CHEMBL2408045,CHEMBL203,INHIBITOR,Epidermal growth factor receptor erbB1 inhibitor,2,True,True,True
4652,CHEMBL426161,CHEMBL1862,INHIBITOR,Tyrosine-protein kinase ABL inhibitor,2,True,True,True
4653,CHEMBL426161,CHEMBL267,INHIBITOR,Tyrosine-protein kinase SRC inhibitor,2,True,True,True
4654,CHEMBL4442620,CHEMBL3559691,INHIBITOR,Cyclin-dependent kinase inhibitor,2,True,True,True
4655,CHEMBL2079588,CHEMBL1936,INHIBITOR,Stem cell growth factor receptor inhibitor,2,True,True,True
4656,CHEMBL2079588,CHEMBL1913,INHIBITOR,Platelet-derived growth factor receptor beta inhibitor,2,True,True,True
4657,CHEMBL2079588,CHEMBL279,INHIBITOR,Vascular endothelial growth factor receptor 2 inhibitor,2,True,True,True
4658,CHEMBL2079588,CHEMBL1955,INHIBITOR,Vascular endothelial growth factor receptor 3 inhibitor,2,True,True,True
4660,CHEMBL1236682,CHEMBL3587,INHIBITOR,Dual specificity mitogen-activated protein kinase kinase 1 inhibitor,2,True,True,True
4661,CHEMBL1236682,CHEMBL2964,INHIBITOR,Dual specificity mitogen-activated protein kinase kinase 2 inhibitor,2,True,True,True
4662,CHEMBL1879463,CHEMBL2842,INHIBITOR,Serine/threonine-protein kinase mTOR inhibitor,3,True,True,True
4663,CHEMBL1879463,CHEMBL3559703,INHIBITOR,PI3-kinase class I inhibitor,3,True,True,True
4664,CHEMBL3545096,CHEMBL2842,INHIBITOR,Serine/threonine-protein kinase mTOR inhibitor,2,True,True,True
4665,CHEMBL3545096,CHEMBL3559703,INHIBITOR,PI3-kinase class I inhibitor,2,True,True,True
4666,CHEMBL513909,CHEMBL3024,INHIBITOR,Serine/threonine-protein kinase PLK1 inhibitor,2,True,True,True
4667,CHEMBL3545395,CHEMBL2185,INHIBITOR,Serine/threonine-protein kinase Aurora-B inhibitor,2,True,True,True
4668,CHEMBL2017974,CHEMBL3559703,INHIBITOR,PI3-kinase class I inhibitor,3,True,True,True
4669,CHEMBL1230065,CHEMBL260,INHIBITOR,MAP kinase p38 alpha inhibitor,2,True,True,True
4670,CHEMBL3545396,CHEMBL1824,INHIBITOR,Receptor protein-tyrosine kinase erbB-2 inhibitor,2,True,True,True
4671,CHEMBL3545396,CHEMBL203,INHIBITOR,Epidermal growth factor receptor erbB1 inhibitor,2,True,True,True
4672,CHEMBL3545396,CHEMBL2095227,INHIBITOR,Vascular endothelial growth factor receptor inhibitor,2,True,True,True
4673,CHEMBL3545396,CHEMBL3009,INHIBITOR,Receptor protein-tyrosine kinase erbB-4 inhibitor,2,True,True,True
4674,CHEMBL575448,CHEMBL1957,INHIBITOR,Insulin-like growth factor I receptor inhibitor,2,True,True,True
4675,CHEMBL575448,CHEMBL1981,INHIBITOR,Insulin receptor inhibitor,2,True,True,True
4676,CHEMBL460702,CHEMBL3717,INHIBITOR,Hepatocyte growth factor receptor inhibitor,2,True,True,True
4677,CHEMBL3544944,CHEMBL5443,INHIBITOR,Cell division cycle 7-related protein kinase inhibitor,2,True,True,True
4678,CHEMBL3545215,CHEMBL2971,INHIBITOR,Tyrosine-protein kinase JAK2 inhibitor,2,True,True,True
4679,CHEMBL3590106,CHEMBL3385,INHIBITOR,MAP kinase ERK1 inhibitor,2,True,True,True
4680,CHEMBL3590106,CHEMBL4040,INHIBITOR,MAP kinase ERK2 inhibitor,2,True,True,True
4681,CHEMBL2396661,CHEMBL4005,INHIBITOR,PI3-kinase p110-alpha subunit inhibitor,4,True,True,True
4682,CHEMBL338604,CHEMBL1974,INHIBITOR,Tyrosine-protein kinase receptor FLT3 inhibitor,2,True,True,True
4683,CHEMBL338604,CHEMBL2094255,INHIBITOR,DNA topoisomerase II inhibitor,2,True,True,True
4684,CHEMBL3586404,CHEMBL2842,INHIBITOR,Serine/threonine-protein kinase mTOR inhibitor,2,True,True,True
4685,CHEMBL1614713,CHEMBL2276,INHIBITOR,c-Jun N-terminal kinase 1 inhibitor,2,True,True,True
4686,CHEMBL1614713,CHEMBL4179,INHIBITOR,c-Jun N-terminal kinase 2 inhibitor,2,True,True,True
4687,CHEMBL1614713,CHEMBL2637,INHIBITOR,c-Jun N-terminal kinase 3 inhibitor,2,True,True,True
4688,CHEMBL1950289,CHEMBL2276,INHIBITOR,c-Jun N-terminal kinase 1 inhibitor,2,True,True,True
4689,CHEMBL1950289,CHEMBL4179,INHIBITOR,c-Jun N-terminal kinase 2 inhibitor,2,True,True,True
4690,CHEMBL1950289,CHEMBL2637,INHIBITOR,c-Jun N-terminal kinase 3 inhibitor,2,True,True,True
4691,CHEMBL105442,CHEMBL3587,INHIBITOR,Dual specificity mitogen-activated protein kinase kinase 1 inhibitor,2,True,True,True
4692,CHEMBL105442,CHEMBL2964,INHIBITOR,Dual specificity mitogen-activated protein kinase kinase 2 inhibitor,2,True,True,True
4693,CHEMBL2107779,CHEMBL260,INHIBITOR,MAP kinase p38 alpha inhibitor,2,True,True,True
4694,CHEMBL3545308,CHEMBL203,INHIBITOR,Epidermal growth factor receptor erbB1 inhibitor,3,True,True,True
4695,CHEMBL2105728,CHEMBL2095189,INHIBITOR,Platelet-derived growth factor receptor inhibitor,3,True,True,True
4696,CHEMBL2105728,CHEMBL1974,INHIBITOR,Tyrosine-protein kinase receptor FLT3 inhibitor,3,True,True,True
4697,CHEMBL4297182,CHEMBL2815,INHIBITOR,Nerve growth factor receptor Trk-A inhibitor,2,True,True,True
4698,CHEMBL1230165,CHEMBL3629,INHIBITOR,Casein kinase II alpha inhibitor,2,True,True,True
4699,CHEMBL14762,CHEMBL301,INHIBITOR,Cyclin-dependent kinase 2 inhibitor,2,True,True,True
4700,CHEMBL14762,CHEMBL3055,INHIBITOR,Cyclin-dependent kinase 7 inhibitor,2,True,True,True
4701,CHEMBL14762,CHEMBL3116,INHIBITOR,Cyclin-dependent kinase 9 inhibitor,2,True,True,True
4702,CHEMBL14762,CHEMBL308,INHIBITOR,Cyclin-dependent kinase 1 inhibitor,2,True,True,True
4703,CHEMBL14762,CHEMBL4036,INHIBITOR,Cyclin-dependent kinase 5 inhibitor,2,True,True,True
4704,CHEMBL1738757,CHEMBL1862,INHIBITOR,Tyrosine-protein kinase ABL inhibitor,2,True,True,True
4705,CHEMBL3545153,CHEMBL2111459,INHIBITOR,Rho-associated protein kinase inhibitor,2,True,True,True
4706,CHEMBL2220486,CHEMBL3650,INHIBITOR,Fibroblast growth factor receptor 1 inhibitor,2,True,True,True
4707,CHEMBL2220486,CHEMBL2095227,INHIBITOR,Vascular endothelial growth factor receptor inhibitor,2,True,True,True
4708,CHEMBL2220486,CHEMBL4142,INHIBITOR,Fibroblast growth factor receptor 2 inhibitor,2,True,True,True
4709,CHEMBL1097999,CHEMBL3587,INHIBITOR,Dual specificity mitogen-activated protein kinase kinase 1 inhibitor,2,True,True,True
4710,CHEMBL1097999,CHEMBL3956,INHIBITOR,Mitogen-activated protein kinase kinase kinase 1 inhibitor,2,True,True,True
4711,CHEMBL3039525,CHEMBL3717,INHIBITOR,Hepatocyte growth factor receptor inhibitor,2,True,True,True
4712,CHEMBL3039525,CHEMBL279,INHIBITOR,Vascular endothelial growth factor receptor 2 inhibitor,2,True,True,True
4713,CHEMBL607707,CHEMBL203,INHIBITOR,Epidermal growth factor receptor erbB1 inhibitor,2,True,True,True
4714,CHEMBL482968,CHEMBL4722,INHIBITOR,Serine/threonine-protein kinase Aurora-A inhibitor,2,True,True,True
4715,CHEMBL482968,CHEMBL2185,INHIBITOR,Serine/threonine-protein kinase Aurora-B inhibitor,2,True,True,True
4716,CHEMBL482968,CHEMBL279,INHIBITOR,Vascular endothelial growth factor receptor 2 inhibitor,2,True,True,True
4717,CHEMBL482968,CHEMBL2742,INHIBITOR,Fibroblast growth factor receptor 3 inhibitor,2,True,True,True
4718,CHEMBL482968,CHEMBL1974,INHIBITOR,Tyrosine-protein kinase receptor FLT3 inhibitor,2,True,True,True
4719,CHEMBL482968,CHEMBL1936,INHIBITOR,Stem cell growth factor receptor inhibitor,2,True,True,True
4720,CHEMBL482968,CHEMBL1844,INHIBITOR,Macrophage colony stimulating factor receptor inhibitor,2,True,True,True
4721,CHEMBL3545216,CHEMBL260,INHIBITOR,MAP kinase p38 alpha inhibitor,2,True,True,True
4722,CHEMBL5095028,CHEMBL3094,INHIBITOR,MAP kinase-activated protein kinase 5 inhibitor,2,True,True,True
4723,CHEMBL3301607,CHEMBL2835,INHIBITOR,Tyrosine-protein kinase JAK1 inhibitor,4,True,True,True
4724,CHEMBL4303323,CHEMBL3130,INHIBITOR,PI3-kinase p110-delta subunit inhibitor,2,True,True,True
4725,CHEMBL3265032,CHEMBL2599,INHIBITOR,Tyrosine-protein kinase SYK inhibitor,3,True,True,True
4726,CHEMBL1230609,CHEMBL1974,INHIBITOR,Tyrosine-protein kinase receptor FLT3 inhibitor,2,True,True,True
4727,CHEMBL1230609,CHEMBL1936,INHIBITOR,Stem cell growth factor receptor inhibitor,2,True,True,True
4728,CHEMBL1230609,CHEMBL3717,INHIBITOR,Hepatocyte growth factor receptor inhibitor,2,True,True,True
4729,CHEMBL1230609,CHEMBL2095189,INHIBITOR,Platelet-derived growth factor receptor inhibitor,2,True,True,True
4730,CHEMBL1230609,CHEMBL4128,INHIBITOR,Tyrosine-protein kinase TIE-2 inhibitor,2,True,True,True
4731,CHEMBL1230609,CHEMBL2095227,INHIBITOR,Vascular endothelial growth factor receptor inhibitor,2,True,True,True
4732,CHEMBL2219422,CHEMBL2111353,INHIBITOR,Serine/threonine-protein kinase AKT inhibitor,3,True,True,True
4733,CHEMBL3137336,CHEMBL2111353,INHIBITOR,Serine/threonine-protein kinase AKT inhibitor,2,True,True,True
4734,CHEMBL3301606,CHEMBL2835,INHIBITOR,Tyrosine-protein kinase JAK1 inhibitor,2,True,True,True
4735,CHEMBL2103838,CHEMBL260,INHIBITOR,MAP kinase p38 alpha inhibitor,2,True,True,True
4736,CHEMBL3545154,CHEMBL2363049,INHIBITOR,Epidermal growth factor receptor inhibitor,3,True,True,True
4737,CHEMBL4303214,CHEMBL2095227,INHIBITOR,Vascular endothelial growth factor receptor inhibitor,4,True,True,True
4738,CHEMBL206834,CHEMBL1862,INHIBITOR,Tyrosine-protein kinase ABL inhibitor,2,True,True,True
4739,CHEMBL206834,CHEMBL3905,INHIBITOR,Tyrosine-protein kinase Lyn inhibitor,2,True,True,True
4740,CHEMBL313972,CHEMBL1824,INHIBITOR,Receptor protein-tyrosine kinase erbB-2 inhibitor,4,True,True,True
4741,CHEMBL313972,CHEMBL1957,INHIBITOR,Insulin-like growth factor I receptor inhibitor,4,True,True,True
4744,CHEMBL3545155,CHEMBL5147,INHIBITOR,Ephrin type-B receptor 4 inhibitor,2,True,True,True
4745,CHEMBL3545155,CHEMBL1913,INHIBITOR,Platelet-derived growth factor receptor beta inhibitor,2,True,True,True
4746,CHEMBL3545155,CHEMBL279,INHIBITOR,Vascular endothelial growth factor receptor 2 inhibitor,2,True,True,True
4747,CHEMBL2107872,CHEMBL2996,INHIBITOR,Protein kinase C delta inhibitor,2,True,True,True
4748,CHEMBL3402567,CHEMBL260,INHIBITOR,MAP kinase p38 alpha inhibitor,2,True,True,True
4749,CHEMBL5283463,CHEMBL1957,INHIBITOR,Insulin-like growth factor I receptor inhibitor,2,True,True,True
4750,CHEMBL5283463,CHEMBL1981,INHIBITOR,Insulin receptor inhibitor,2,True,True,True
4751,CHEMBL571546,CHEMBL267,INHIBITOR,Tyrosine-protein kinase SRC inhibitor,4,True,True,True
4752,CHEMBL362558,CHEMBL262,INHIBITOR,Glycogen synthase kinase-3 beta inhibitor,2,True,True,True
4753,CHEMBL362558,CHEMBL2850,INHIBITOR,Glycogen synthase kinase-3 alpha inhibitor,2,True,True,True
4754,CHEMBL2364611,CHEMBL4439,INHIBITOR,TGF-beta receptor type I inhibitor,2,True,True,True
4755,CHEMBL2364626,CHEMBL260,INHIBITOR,MAP kinase p38 alpha inhibitor,2,True,True,True
4756,CHEMBL3039517,CHEMBL4630,INHIBITOR,Serine/threonine-protein kinase Chk1 inhibitor,2,True,True,True
4757,CHEMBL2107823,CHEMBL2971,INHIBITOR,Tyrosine-protein kinase JAK2 inhibitor,2,True,True,True
4758,CHEMBL3301610,CHEMBL331,INHIBITOR,Cyclin-dependent kinase 4 inhibitor,4,True,True,True
4759,CHEMBL3301610,CHEMBL2508,INHIBITOR,Cyclin-dependent kinase 6 inhibitor,4,True,True,True
4764,CHEMBL572878,CHEMBL3430911,INHIBITOR,Serine/threonine-protein kinase Aurora inhibitor,2,True,True,True
4765,CHEMBL1079175,CHEMBL2111353,INHIBITOR,Serine/threonine-protein kinase AKT inhibitor,2,True,True,True
4766,CHEMBL1822792,CHEMBL3717,INHIBITOR,Hepatocyte growth factor receptor inhibitor,2,True,True,True
4767,CHEMBL124660,CHEMBL1974,INHIBITOR,Tyrosine-protein kinase receptor FLT3 inhibitor,2,True,True,True
4768,CHEMBL124660,CHEMBL1936,INHIBITOR,Stem cell growth factor receptor inhibitor,2,True,True,True
4769,CHEMBL124660,CHEMBL1913,INHIBITOR,Platelet-derived growth factor receptor beta inhibitor,2,True,True,True
4770,CHEMBL2103851,CHEMBL1974,INHIBITOR,Tyrosine-protein kinase receptor FLT3 inhibitor,2,True,True,True
4771,CHEMBL2103851,CHEMBL1936,INHIBITOR,Stem cell growth factor receptor inhibitor,2,True,True,True
4772,CHEMBL2103851,CHEMBL3717,INHIBITOR,Hepatocyte growth factor receptor inhibitor,2,True,True,True
4773,CHEMBL2103851,CHEMBL2007,INHIBITOR,Platelet-derived growth factor receptor alpha inhibitor,2,True,True,True
4774,CHEMBL3545157,CHEMBL262,INHIBITOR,Glycogen synthase kinase-3 beta inhibitor,2,True,True,True
4775,CHEMBL4303389,CHEMBL2971,INHIBITOR,Tyrosine-protein kinase JAK2 inhibitor,2,True,True,True
4776,CHEMBL3120215,CHEMBL2842,INHIBITOR,Serine/threonine-protein kinase mTOR inhibitor,2,True,True,True
4777,CHEMBL253969,CHEMBL279,INHIBITOR,Vascular endothelial growth factor receptor 2 inhibitor,2,True,True,True
4778,CHEMBL3905910,CHEMBL331,INHIBITOR,Cyclin-dependent kinase 4 inhibitor,2,True,True,True
4779,CHEMBL3545283,CHEMBL308,INHIBITOR,Cyclin-dependent kinase 1 inhibitor,2,True,True,True
4780,CHEMBL3545283,CHEMBL331,INHIBITOR,Cyclin-dependent kinase 4 inhibitor,2,True,True,True
4781,CHEMBL3545283,CHEMBL3116,INHIBITOR,Cyclin-dependent kinase 9 inhibitor,2,True,True,True
4782,CHEMBL507361,CHEMBL3587,INHIBITOR,Dual specificity mitogen-activated protein kinase kinase 1 inhibitor,2,True,True,True
4783,CHEMBL507361,CHEMBL2964,INHIBITOR,Dual specificity mitogen-activated protein kinase kinase 2 inhibitor,2,True,True,True
4784,CHEMBL2109295,CHEMBL5311,INHIBITOR,Serine/threonine-protein kinase receptor R3 inhibitor,2,True,True,True
4785,CHEMBL1234354,CHEMBL2842,INHIBITOR,Serine/threonine-protein kinase mTOR inhibitor,2,True,True,True
4786,CHEMBL1234354,CHEMBL3559703,INHIBITOR,PI3-kinase class I inhibitor,2,True,True,True
4787,CHEMBL592445,CHEMBL2842,INHIBITOR,Serine/threonine-protein kinase mTOR inhibitor,3,True,True,True
4788,CHEMBL592445,CHEMBL3559703,INHIBITOR,PI3-kinase class I inhibitor,3,True,True,True
4789,CHEMBL3545398,CHEMBL260,INHIBITOR,MAP kinase p38 alpha inhibitor,2,True,True,True
4790,CHEMBL1088751,CHEMBL260,INHIBITOR,MAP kinase p38 alpha inhibitor,2,True,True,True
4791,CHEMBL402548,CHEMBL3430911,INHIBITOR,Serine/threonine-protein kinase Aurora inhibitor,2,True,True,True
4792,CHEMBL564829,CHEMBL308,INHIBITOR,Cyclin-dependent kinase 1 inhibitor,2,True,True,True
4793,CHEMBL564829,CHEMBL301,INHIBITOR,Cyclin-dependent kinase 2 inhibitor,2,True,True,True
4794,CHEMBL564829,CHEMBL331,INHIBITOR,Cyclin-dependent kinase 4 inhibitor,2,True,True,True
4795,CHEMBL564829,CHEMBL2815,INHIBITOR,Nerve growth factor receptor Trk-A inhibitor,2,True,True,True
4796,CHEMBL3813873,CHEMBL1844,INHIBITOR,Macrophage colony stimulating factor receptor inhibitor,4,True,True,True
4797,CHEMBL3813873,CHEMBL1974,INHIBITOR,Tyrosine-protein kinase receptor FLT3 inhibitor,4,True,True,True
4798,CHEMBL3813873,CHEMBL1936,INHIBITOR,Stem cell growth factor receptor inhibitor,4,True,True,True
4799,CHEMBL411907,CHEMBL3559703,INHIBITOR,PI3-kinase class I inhibitor,2,True,True,True
4800,CHEMBL515271,CHEMBL2599,INHIBITOR,Tyrosine-protein kinase SYK inhibitor,2,True,True,True
4801,CHEMBL1090089,CHEMBL260,INHIBITOR,MAP kinase p38 alpha inhibitor,2,True,True,True
4802,CHEMBL3545159,CHEMBL2148,INHIBITOR,Tyrosine-protein kinase JAK3 inhibitor,2,True,True,True
4803,CHEMBL3545159,CHEMBL2599,INHIBITOR,Tyrosine-protein kinase SYK inhibitor,2,True,True,True
4804,CHEMBL2170582,CHEMBL2599,INHIBITOR,Tyrosine-protein kinase SYK inhibitor,2,True,True,True
4805,CHEMBL475251,CHEMBL2599,INHIBITOR,Tyrosine-protein kinase SYK inhibitor,2,True,True,True
4806,CHEMBL558752,CHEMBL5145,INHIBITOR,Serine/threonine-protein kinase B-raf inhibitor,2,True,True,True
4807,CHEMBL558752,CHEMBL279,INHIBITOR,Vascular endothelial growth factor receptor 2 inhibitor,2,True,True,True
4808,CHEMBL521851,CHEMBL3559703,INHIBITOR,PI3-kinase class I inhibitor,2,True,True,True
4809,CHEMBL1922094,CHEMBL2842,INHIBITOR,Serine/threonine-protein kinase mTOR inhibitor,2,True,True,True
4810,CHEMBL1922094,CHEMBL3559703,INHIBITOR,PI3-kinase class I inhibitor,2,True,True,True
4811,CHEMBL2177390,CHEMBL2111353,INHIBITOR,Serine/threonine-protein kinase AKT inhibitor,3,True,True,True
4812,CHEMBL2387080,CHEMBL3559703,INHIBITOR,PI3-kinase class I inhibitor,3,True,True,True
4813,CHEMBL3545400,,,Unknown,2,True,True,True
4814,CHEMBL3544945,CHEMBL1991,INHIBITOR,Inhibitor of nuclear factor kappa B kinase beta subunit inhibitor,2,True,True,True
4815,CHEMBL3360203,CHEMBL3559703,INHIBITOR,PI3-kinase class I inhibitor,2,True,True,True
4816,CHEMBL3545366,CHEMBL2842,INHIBITOR,Serine/threonine-protein kinase mTOR inhibitor,2,True,True,True
4817,CHEMBL3545366,CHEMBL3559703,INHIBITOR,PI3-kinase class I inhibitor,2,True,True,True
4818,CHEMBL3545341,CHEMBL2111459,INHIBITOR,Rho-associated protein kinase inhibitor,2,True,True,True
4819,CHEMBL514201,CHEMBL260,INHIBITOR,MAP kinase p38 alpha inhibitor,2,True,True,True
4820,CHEMBL1278146,CHEMBL1936,INHIBITOR,Stem cell growth factor receptor inhibitor,3,True,True,True
4821,CHEMBL1278146,CHEMBL1868,INHIBITOR,Vascular endothelial growth factor receptor 1 inhibitor,3,True,True,True
4822,CHEMBL1278146,CHEMBL1974,INHIBITOR,Tyrosine-protein kinase receptor FLT3 inhibitor,3,True,True,True
4823,CHEMBL1278146,CHEMBL2095189,INHIBITOR,Platelet-derived growth factor receptor inhibitor,3,True,True,True
4824,CHEMBL1278146,CHEMBL279,INHIBITOR,Vascular endothelial growth factor receptor 2 inhibitor,3,True,True,True
4825,CHEMBL1278146,CHEMBL1955,INHIBITOR,Vascular endothelial growth factor receptor 3 inhibitor,3,True,True,True
4826,CHEMBL363648,CHEMBL260,INHIBITOR,MAP kinase p38 alpha inhibitor,2,True,True,True
4827,CHEMBL230011,CHEMBL3267,INHIBITOR,PI3-kinase p110-gamma subunit inhibitor,2,True,True,True
4828,CHEMBL230011,CHEMBL3130,INHIBITOR,PI3-kinase p110-delta subunit inhibitor,2,True,True,True
4829,CHEMBL403989,CHEMBL2363074,INHIBITOR,SRC inhibitor,2,True,True,True
4830,CHEMBL403989,CHEMBL5147,INHIBITOR,Ephrin type-B receptor 4 inhibitor,2,True,True,True
4831,CHEMBL403989,CHEMBL3650,INHIBITOR,Fibroblast growth factor receptor 1 inhibitor,2,True,True,True
4832,CHEMBL403989,CHEMBL4142,INHIBITOR,Fibroblast growth factor receptor 2 inhibitor,2,True,True,True
4833,CHEMBL403989,CHEMBL1913,INHIBITOR,Platelet-derived growth factor receptor beta inhibitor,2,True,True,True
4834,CHEMBL403989,CHEMBL1868,INHIBITOR,Vascular endothelial growth factor receptor 1 inhibitor,2,True,True,True
4835,CHEMBL403989,CHEMBL279,INHIBITOR,Vascular endothelial growth factor receptor 2 inhibitor,2,True,True,True
4836,CHEMBL574737,CHEMBL301,INHIBITOR,Cyclin-dependent kinase 2 inhibitor,2,True,True,True
4837,CHEMBL574737,CHEMBL331,INHIBITOR,Cyclin-dependent kinase 4 inhibitor,2,True,True,True
4838,CHEMBL574737,CHEMBL2508,INHIBITOR,Cyclin-dependent kinase 6 inhibitor,2,True,True,True
4839,CHEMBL574737,CHEMBL4630,INHIBITOR,Serine/threonine-protein kinase Chk1 inhibitor,2,True,True,True
4840,CHEMBL574737,CHEMBL2534,INHIBITOR,3-phosphoinositide dependent protein kinase-1 inhibitor,2,True,True,True
4841,CHEMBL574737,CHEMBL2093867,INHIBITOR,Protein kinase C (PKC) inhibitor,2,True,True,True
4842,CHEMBL462018,CHEMBL2111353,INHIBITOR,Serine/threonine-protein kinase AKT inhibitor,2,True,True,True
4843,CHEMBL3137331,CHEMBL2695,INHIBITOR,Focal adhesion kinase 1 inhibitor,3,True,True,True
4844,CHEMBL3137331,CHEMBL5469,INHIBITOR,Protein tyrosine kinase 2 beta inhibitor,3,True,True,True
4845,CHEMBL3039513,CHEMBL2148,INHIBITOR,Tyrosine-protein kinase JAK3 inhibitor,2,True,True,True
4846,CHEMBL1090090,CHEMBL260,INHIBITOR,MAP kinase p38 alpha inhibitor,2,True,True,True
4847,CHEMBL119385,CHEMBL260,INHIBITOR,MAP kinase p38 alpha inhibitor,2,True,True,True
4848,CHEMBL3545401,CHEMBL2095189,INHIBITOR,Platelet-derived growth factor receptor inhibitor,2,True,True,True
4849,CHEMBL3545401,CHEMBL2095227,INHIBITOR,Vascular endothelial growth factor receptor inhibitor,2,True,True,True
4850,CHEMBL3545027,CHEMBL5145,INHIBITOR,Serine/threonine-protein kinase B-raf inhibitor,2,True,True,True
4851,CHEMBL3545027,CHEMBL1906,INHIBITOR,Serine/threonine-protein kinase RAF inhibitor,2,True,True,True
4852,CHEMBL3544983,CHEMBL5147,INHIBITOR,Ephrin type-B receptor 4 inhibitor,3,True,True,True
4853,CHEMBL3544983,CHEMBL203,INHIBITOR,Epidermal growth factor receptor erbB1 inhibitor,3,True,True,True
4854,CHEMBL3544983,CHEMBL1824,INHIBITOR,Receptor protein-tyrosine kinase erbB-2 inhibitor,3,True,True,True
4855,CHEMBL3545402,CHEMBL1936,INHIBITOR,Stem cell growth factor receptor inhibitor,2,True,True,True
4856,CHEMBL3545402,CHEMBL2095189,INHIBITOR,Platelet-derived growth factor receptor inhibitor,2,True,True,True
4857,CHEMBL3545402,CHEMBL2095227,INHIBITOR,Vascular endothelial growth factor receptor inhibitor,2,True,True,True
4858,CHEMBL5314391,CHEMBL2095217,INHIBITOR,Fibroblast growth factor receptor inhibitor,2,True,True,True
4859,CHEMBL5314391,CHEMBL1974,INHIBITOR,Tyrosine-protein kinase receptor FLT3 inhibitor,2,True,True,True
4860,CHEMBL5314391,CHEMBL1936,INHIBITOR,Stem cell growth factor receptor inhibitor,2,True,True,True
4861,CHEMBL5314391,CHEMBL2095189,INHIBITOR,Platelet-derived growth factor receptor inhibitor,2,True,True,True
4862,CHEMBL5314391,CHEMBL2095227,INHIBITOR,Vascular endothelial growth factor receptor inhibitor,2,True,True,True
4863,CHEMBL586702,CHEMBL3559703,INHIBITOR,PI3-kinase class I inhibitor,2,True,True,True
4864,CHEMBL1852688,CHEMBL2095217,INHIBITOR,Fibroblast growth factor receptor inhibitor,4,True,True,True
4865,CHEMBL3402762,CHEMBL3717,INHIBITOR,Hepatocyte growth factor receptor inhibitor,4,True,True,True
4866,CHEMBL5314409,CHEMBL3130,INHIBITOR,PI3-kinase p110-delta subunit inhibitor,2,True,True,True
4867,CHEMBL3188267,CHEMBL3717,INHIBITOR,Hepatocyte growth factor receptor inhibitor,4,True,True,True
4868,CHEMBL3545054,CHEMBL3130,INHIBITOR,PI3-kinase p110-delta subunit inhibitor,2,True,True,True
4869,CHEMBL4297181,CHEMBL2842,INHIBITOR,Serine/threonine-protein kinase mTOR inhibitor,2,True,True,True
4870,CHEMBL4297181,CHEMBL3559703,INHIBITOR,PI3-kinase class I inhibitor,2,True,True,True
4871,CHEMBL2103799,CHEMBL1628478,ACTIVATOR,Chloride channel protein 2 activator,2,True,True,True
4872,CHEMBL105060,CHEMBL249,ANTAGONIST,Neurokinin 1 receptor antagonist,2,True,True,True
4873,CHEMBL1215661,CHEMBL224,ANTAGONIST,Serotonin 2a (5-HT2a) receptor antagonist,2,True,True,True
4874,CHEMBL1287935,CHEMBL1800,ANTAGONIST,Corticotropin releasing factor receptor 1 antagonist,2,True,True,True
4875,CHEMBL1631540,CHEMBL214,ANTAGONIST,Serotonin 1a (5-HT1a) receptor antagonist,2,True,True,True
4876,CHEMBL1631540,CHEMBL1898,ANTAGONIST,Serotonin 1b (5-HT1b) receptor antagonist,2,True,True,True
4877,CHEMBL1631540,CHEMBL1983,ANTAGONIST,Serotonin 1d (5-HT1d) receptor antagonist,2,True,True,True
4878,CHEMBL1631540,CHEMBL228,ANTAGONIST,Serotonin transporter antagonist,2,True,True,True
4879,CHEMBL1823681,CHEMBL234,AGONIST,Dopamine D3 receptor agonist,2,True,True,True
4880,CHEMBL1933349,CHEMBL1985,ANTAGONIST,Glucagon receptor antagonist,2,True,True,True
4881,CHEMBL1940832,CHEMBL210,AGONIST,Beta-2 adrenergic receptor agonist,2,True,True,True
4882,CHEMBL1950651,CHEMBL251,AGONIST,Adenosine A2a receptor agonist,2,True,True,True
4883,CHEMBL2012520,CHEMBL246,AGONIST,Beta-3 adrenergic receptor agonist,2,True,True,True
4884,CHEMBL2012520,CHEMBL210,ANTAGONIST,Beta-2 adrenergic receptor antagonist,2,True,True,True
4885,CHEMBL2012520,CHEMBL213,ANTAGONIST,Beta-1 adrenergic receptor antagonist,2,True,True,True
4886,CHEMBL2037511,CHEMBL2049,ANTAGONIST,Oxytocin receptor antagonist,2,True,True,True
4887,CHEMBL2043437,CHEMBL5971,ANTAGONIST,Smoothened homolog antagonist,4,True,True,True
4888,CHEMBL208427,CHEMBL246,AGONIST,Beta-3 adrenergic receptor agonist,2,True,True,True
4889,CHEMBL2087337,CHEMBL1875,AGONIST,Serotonin 4 (5-HT4) receptor agonist,2,True,True,True
4890,CHEMBL2308782,CHEMBL2094109,ANTAGONIST,Muscarinic acetylcholine receptor antagonist,2,True,True,True
4891,CHEMBL2103828,CHEMBL2001,ANTAGONIST,Purinergic receptor P2Y12 antagonist,2,True,True,True
4892,CHEMBL2103858,CHEMBL1875,AGONIST,Serotonin 4 (5-HT4) receptor agonist,2,True,True,True
4893,CHEMBL2103862,CHEMBL264,ANTAGONIST,Histamine H3 receptor antagonist,2,True,True,True
4894,CHEMBL2103880,CHEMBL3371,ANTAGONIST,Serotonin 6 (5-HT6) receptor antagonist,2,True,True,True
4895,CHEMBL2104986,CHEMBL228,INHIBITOR,Serotonin transporter inhibitor,2,True,True,True
4896,CHEMBL2104986,CHEMBL222,INHIBITOR,Norepinephrine transporter inhibitor,2,True,True,True
4897,CHEMBL2104986,CHEMBL238,INHIBITOR,Dopamine transporter inhibitor,2,True,True,True
4898,CHEMBL2104986,CHEMBL224,ANTAGONIST,Serotonin 2a (5-HT2a) receptor antagonist,2,True,True,True
4899,CHEMBL2104986,CHEMBL225,ANTAGONIST,Serotonin 2c (5-HT2c) receptor antagonist,2,True,True,True
4900,CHEMBL2104986,CHEMBL229,ANTAGONIST,Alpha-1a adrenergic receptor antagonist,2,True,True,True
4901,CHEMBL2104986,CHEMBL2094132,ANTAGONIST,Serotonin 3 (5-HT3) receptor antagonist,2,True,True,True
4902,CHEMBL2104991,CHEMBL225,AGONIST,Serotonin 2c (5-HT2c) receptor agonist,2,True,True,True
4903,CHEMBL2104991,CHEMBL1833,ANTAGONIST,Serotonin 2b (5-HT2b) receptor antagonist,2,True,True,True
4904,CHEMBL2104991,CHEMBL224,ANTAGONIST,Serotonin 2a (5-HT2a) receptor antagonist,2,True,True,True
4905,CHEMBL2104992,CHEMBL249,ANTAGONIST,Neurokinin 1 receptor antagonist,2,True,True,True
4906,CHEMBL2105667,CHEMBL249,ANTAGONIST,Neurokinin 1 receptor antagonist,2,True,True,True
4907,CHEMBL3989805,CHEMBL1898,ANTAGONIST,Serotonin 1b (5-HT1b) receptor antagonist,2,True,True,True
4908,CHEMBL3989805,CHEMBL1983,ANTAGONIST,Serotonin 1d (5-HT1d) receptor antagonist,2,True,True,True
4909,CHEMBL2107371,CHEMBL226,AGONIST,Adenosine A1 receptor agonist,2,True,True,True
4910,CHEMBL3989819,CHEMBL226,ANTAGONIST,Adenosine A1 receptor antagonist,2,True,True,True
4911,CHEMBL2107826,CHEMBL246,AGONIST,Beta-3 adrenergic receptor agonist,4,True,True,True
4912,CHEMBL2104864,CHEMBL217,PARTIAL AGONIST,Dopamine D2 receptor partial agonist,2,True,True,True
4913,CHEMBL2110727,CHEMBL274,ANTAGONIST,C-C chemokine receptor type 5 antagonist,3,True,True,True
4914,CHEMBL2110727,CHEMBL4015,ANTAGONIST,C-C chemokine receptor type 2 antagonist,3,True,True,True
4915,CHEMBL2142592,CHEMBL5971,ANTAGONIST,Smoothened homolog antagonist,2,True,True,True
4916,CHEMBL2151197,CHEMBL264,ANTAGONIST,Histamine H3 receptor antagonist,2,True,True,True
4917,CHEMBL2103864,CHEMBL4029,ANTAGONIST,Interleukin-8 receptor A antagonist,2,True,True,True
4918,CHEMBL2103864,CHEMBL2434,ANTAGONIST,Interleukin-8 receptor B antagonist,2,True,True,True
4919,CHEMBL2178422,CHEMBL3798,ANTAGONIST,Calcitonin gene-related peptide type 1 receptor antagonist,4,True,True,True
4920,CHEMBL2178579,CHEMBL2434,ANTAGONIST,Interleukin-8 receptor B antagonist,2,True,True,True
4921,CHEMBL2206292,CHEMBL264,ANTAGONIST,Histamine H3 receptor antagonist,2,True,True,True
4922,CHEMBL2364619,CHEMBL233,ANTAGONIST,Mu opioid receptor antagonist,2,True,True,True
4923,CHEMBL2364638,CHEMBL3798,ANTAGONIST,Calcitonin gene-related peptide type 1 receptor antagonist,4,True,True,True
4924,CHEMBL291657,CHEMBL1800,ANTAGONIST,Corticotropin releasing factor receptor 1 antagonist,4,True,True,True
4925,CHEMBL3039518,CHEMBL210,AGONIST,Beta-2 adrenergic receptor agonist,2,True,True,True
4926,CHEMBL3039518,CHEMBL211,ANTAGONIST,Muscarinic acetylcholine receptor M2 antagonist,2,True,True,True
4927,CHEMBL3039518,CHEMBL245,ANTAGONIST,Muscarinic acetylcholine receptor M3 antagonist,2,True,True,True
4928,CHEMBL3039520,CHEMBL1805,AGONIST,Serotonin 1f (5-HT1f) receptor agonist,4,True,True,True
4929,CHEMBL3039530,CHEMBL210,AGONIST,Beta-2 adrenergic receptor agonist,2,True,True,True
4930,CHEMBL3039531,CHEMBL2434,ANTAGONIST,Interleukin-8 receptor B antagonist,2,True,True,True
4931,CHEMBL3087515,CHEMBL3227,ANTAGONIST,Metabotropic glutamate receptor 5 antagonist,2,True,True,True
4932,CHEMBL3092650,CHEMBL264,ANTAGONIST,Histamine H3 receptor antagonist,2,True,True,True
4933,CHEMBL3137313,CHEMBL233,ANTAGONIST,Mu opioid receptor antagonist,2,True,True,True
4934,CHEMBL3301593,CHEMBL5137,MODULATOR,Metabotropic glutamate receptor 2 modulator,2,True,True,True
4935,CHEMBL3301593,CHEMBL2888,MODULATOR,Metabotropic glutamate receptor 3 modulator,2,True,True,True
4936,CHEMBL3301604,CHEMBL1995,AGONIST,Prostanoid IP receptor agonist,3,True,True,True
4937,CHEMBL3301626,CHEMBL3227,MODULATOR,Metabotropic glutamate receptor 5 modulator,2,True,True,True
4938,CHEMBL392149,CHEMBL226,AGONIST,Adenosine A1 receptor agonist,2,True,True,True
4939,CHEMBL412262,CHEMBL218,ANTAGONIST,Cannabinoid CB1 receptor antagonist,2,True,True,True
4940,CHEMBL426084,CHEMBL233,ANTAGONIST,Mu opioid receptor antagonist,4,True,True,True
4941,CHEMBL429736,CHEMBL2049,ANTAGONIST,Oxytocin receptor antagonist,3,True,True,True
4942,CHEMBL447664,CHEMBL251,ANTAGONIST,Adenosine A2a receptor antagonist,2,True,True,True
4943,CHEMBL447955,CHEMBL249,ANTAGONIST,Neurokinin 1 receptor antagonist,3,True,True,True
4944,CHEMBL476323,CHEMBL264,INVERSE AGONIST,Histamine H3 receptor inverse agonist,2,True,True,True
4945,CHEMBL489095,CHEMBL2203,AGONIST,Motilin receptor agonist,3,True,True,True
4946,CHEMBL514270,CHEMBL1800,ANTAGONIST,Corticotropin releasing factor receptor 1 antagonist,2,True,True,True
4947,CHEMBL517140,CHEMBL264,ANTAGONIST,Histamine H3 receptor antagonist,2,True,True,True
4948,CHEMBL538867,CHEMBL5971,ANTAGONIST,Smoothened homolog antagonist,3,True,True,True
4949,CHEMBL3545029,CHEMBL264,ANTAGONIST,Histamine H3 receptor antagonist,2,True,True,True
4950,CHEMBL3545403,CHEMBL5971,ANTAGONIST,Smoothened homolog antagonist,2,True,True,True
4951,CHEMBL3989871,CHEMBL2373,ANTAGONIST,C5a anaphylatoxin chemotactic receptor antagonist,4,True,True,True
4952,CHEMBL2178573,CHEMBL4015,ANTAGONIST,C-C chemokine receptor type 2 antagonist,2,True,True,True
4953,CHEMBL4444976,CHEMBL2413,ANTAGONIST,C-C chemokine receptor type 1 antagonist,2,True,True,True
4954,CHEMBL3545030,CHEMBL264,ANTAGONIST,Histamine H3 receptor antagonist,2,True,True,True
4955,CHEMBL4297183,CHEMBL1889,ANTAGONIST,Vasopressin V1a receptor antagonist,3,True,True,True
4956,CHEMBL3545031,CHEMBL5071,ANTAGONIST,G protein-coupled receptor 44 antagonist,2,True,True,True
4957,CHEMBL3545343,CHEMBL5071,ANTAGONIST,G protein-coupled receptor 44 antagonist,2,True,True,True
4958,CHEMBL5095029,CHEMBL4015,ANTAGONIST,C-C chemokine receptor type 2 antagonist,2,True,True,True
4959,CHEMBL5095029,CHEMBL274,ANTAGONIST,C-C chemokine receptor type 5 antagonist,2,True,True,True
4960,CHEMBL2381848,CHEMBL1985,ANTAGONIST,Glucagon receptor antagonist,2,True,True,True
4961,CHEMBL3329435,CHEMBL3371,ANTAGONIST,Serotonin 6 (5-HT6) receptor antagonist,2,True,True,True
4962,CHEMBL5314392,CHEMBL226,AGONIST,Adenosine A1 receptor agonist,2,True,True,True
4963,CHEMBL3545406,CHEMBL2014,ANTAGONIST,Nociceptin receptor antagonist,2,True,True,True
4964,CHEMBL3545100,CHEMBL1878,POSITIVE ALLOSTERIC MODULATOR,Calcium sensing receptor positive allosteric modulator,2,True,True,True
4965,CHEMBL2137148,CHEMBL4333,AGONIST,Sphingosine 1-phosphate receptor Edg-1 agonist,3,True,True,True
4966,CHEMBL3545220,CHEMBL3155,ANTAGONIST,Serotonin 7 (5-HT7) receptor antagonist,2,True,True,True
4967,CHEMBL5314393,CHEMBL231,ANTAGONIST,Histamine H1 receptor antagonist,2,True,True,True
4968,CHEMBL3139186,CHEMBL253,AGONIST,Cannabinoid CB2 receptor agonist,2,True,True,True
4969,CHEMBL3544984,CHEMBL249,ANTAGONIST,Neurokinin 1 receptor antagonist,3,True,True,True
4970,CHEMBL2107328,CHEMBL3227,ANTAGONIST,Metabotropic glutamate receptor 5 antagonist,2,True,True,True
4971,CHEMBL1819077,CHEMBL1800,ANTAGONIST,Corticotropin releasing factor receptor 1 antagonist,2,True,True,True
4972,CHEMBL4297184,CHEMBL251,ANTAGONIST,Adenosine A2a receptor antagonist,2,True,True,True
4973,CHEMBL3545289,CHEMBL218,ANTAGONIST,Cannabinoid CB1 receptor antagonist,2,True,True,True
4974,CHEMBL1198855,CHEMBL1878,ANTAGONIST,Calcium sensing receptor antagonist,2,True,True,True
4975,CHEMBL1272307,CHEMBL5113,ANTAGONIST,Orexin receptor 1 antagonist,2,True,True,True
4976,CHEMBL1272307,CHEMBL4792,ANTAGONIST,Orexin receptor 2 antagonist,2,True,True,True
4977,CHEMBL5314394,CHEMBL224,ANTAGONIST,Serotonin 2a (5-HT2a) receptor antagonist,2,True,True,True
4978,CHEMBL5314394,CHEMBL217,ANTAGONIST,Dopamine D2 receptor antagonist,2,True,True,True
4979,CHEMBL225411,CHEMBL253,AGONIST,Cannabinoid CB2 receptor agonist,2,True,True,True
4980,CHEMBL1951914,CHEMBL274,ANTAGONIST,C-C chemokine receptor type 5 antagonist,2,True,True,True
4981,CHEMBL1914489,CHEMBL5071,ANTAGONIST,G protein-coupled receptor 44 antagonist,2,True,True,True
4982,CHEMBL2178570,CHEMBL2413,ANTAGONIST,C-C chemokine receptor type 1 antagonist,2,True,True,True
4983,CHEMBL3545221,CHEMBL4015,ANTAGONIST,C-C chemokine receptor type 2 antagonist,2,True,True,True
4984,CHEMBL3545103,CHEMBL210,AGONIST,Beta-2 adrenergic receptor agonist,2,True,True,True
4985,CHEMBL3545222,CHEMBL245,ANTAGONIST,Muscarinic acetylcholine receptor M3 antagonist,2,True,True,True
4986,CHEMBL3545162,CHEMBL226,ANTAGONIST,Adenosine A1 receptor antagonist,2,True,True,True
4987,CHEMBL5314395,CHEMBL226,AGONIST,Adenosine A1 receptor agonist,2,True,True,True
4988,CHEMBL3545407,CHEMBL226,AGONIST,Adenosine A1 receptor agonist,3,True,True,True
4989,CHEMBL431733,CHEMBL256,AGONIST,Adenosine A3 receptor agonist,3,True,True,True
4990,CHEMBL244243,CHEMBL1889,ANTAGONIST,Vasopressin V1a receptor antagonist,2,True,True,True
4991,CHEMBL1910936,CHEMBL3798,ANTAGONIST,Calcitonin gene-related peptide type 1 receptor antagonist,2,True,True,True
4992,CHEMBL207197,CHEMBL3798,ANTAGONIST,Calcitonin gene-related peptide type 1 receptor antagonist,2,True,True,True
4993,CHEMBL3137332,CHEMBL5071,ANTAGONIST,G protein-coupled receptor 44 antagonist,3,True,True,True
4994,CHEMBL2442750,CHEMBL5071,ANTAGONIST,G protein-coupled receptor 44 antagonist,2,True,True,True
4995,CHEMBL560993,CHEMBL5071,ANTAGONIST,G protein-coupled receptor 44 antagonist,3,True,True,True
4996,CHEMBL3545367,CHEMBL5113,ANTAGONIST,Orexin receptor 1 antagonist,4,True,True,True
4997,CHEMBL3545367,CHEMBL4792,ANTAGONIST,Orexin receptor 2 antagonist,4,True,True,True
4998,CHEMBL2103829,CHEMBL233,AGONIST,Mu opioid receptor agonist,2,True,True,True
4999,CHEMBL2103829,CHEMBL222,INHIBITOR,Norepinephrine transporter inhibitor,2,True,True,True
5000,CHEMBL2103829,CHEMBL228,INHIBITOR,Serotonin transporter inhibitor,2,True,True,True
5001,CHEMBL3989680,CHEMBL233,AGONIST,Mu opioid receptor agonist,2,True,True,True
5002,CHEMBL3989680,CHEMBL236,AGONIST,Delta opioid receptor agonist,2,True,True,True
5003,CHEMBL3989680,CHEMBL237,AGONIST,Kappa opioid receptor agonist,2,True,True,True
5004,CHEMBL539423,CHEMBL252,ANTAGONIST,Endothelin receptor ET-A antagonist,4,True,True,True
5005,CHEMBL539423,CHEMBL227,ANTAGONIST,Type-1 angiotensin II receptor antagonist,4,True,True,True
5006,CHEMBL3301609,CHEMBL3759,ANTAGONIST,Histamine H4 receptor antagonist,2,True,True,True
5007,CHEMBL5314396,CHEMBL3759,ANTAGONIST,Histamine H4 receptor antagonist,2,True,True,True
5008,CHEMBL1096146,CHEMBL4333,AGONIST,Sphingosine 1-phosphate receptor Edg-1 agonist,4,True,True,True
5009,CHEMBL3545035,CHEMBL1875,AGONIST,Serotonin 4 (5-HT4) receptor agonist,2,True,True,True
5010,CHEMBL1800159,CHEMBL1855,ANTAGONIST,Gonadotropin-releasing hormone receptor antagonist,4,True,True,True
5011,CHEMBL1254771,CHEMBL4308,ANTAGONIST,Bradykinin B1 receptor antagonist,2,True,True,True
5012,CHEMBL232943,CHEMBL4308,ANTAGONIST,Bradykinin B1 receptor antagonist,2,True,True,True
5013,CHEMBL2103878,CHEMBL2095181,ANTAGONIST,Opioid receptors; mu/kappa/delta antagonist,2,True,True,True
5014,CHEMBL324547,CHEMBL298,ANTAGONIST,Cholecystokinin B receptor antagonist,2,True,True,True
5015,CHEMBL3545408,CHEMBL233,PARTIAL AGONIST,Mu opioid receptor partial agonist,2,True,True,True
5016,CHEMBL189475,CHEMBL4029,MODULATOR,Interleukin-8 receptor A modulator,3,True,True,True
5017,CHEMBL189475,CHEMBL2434,MODULATOR,Interleukin-8 receptor B modulator,3,True,True,True
5018,CHEMBL3234035,CHEMBL253,AGONIST,Cannabinoid CB2 receptor agonist,2,True,True,True
5019,CHEMBL541758,CHEMBL3157,ANTAGONIST,Bradykinin B2 receptor antagonist,2,True,True,True
5020,CHEMBL3545224,CHEMBL2107,ANTAGONIST,C-X-C chemokine receptor type 4 antagonist,2,True,True,True
5021,CHEMBL1950553,CHEMBL251,AGONIST,Adenosine A2a receptor agonist,2,True,True,True
5022,CHEMBL470888,CHEMBL251,AGONIST,Adenosine A2a receptor agonist,2,True,True,True
5023,CHEMBL3545163,CHEMBL226,AGONIST,Adenosine A1 receptor agonist,2,True,True,True
5024,CHEMBL3545163,CHEMBL251,AGONIST,Adenosine A2a receptor agonist,2,True,True,True
5025,CHEMBL1096896,CHEMBL251,AGONIST,Adenosine A2a receptor agonist,2,True,True,True
5026,CHEMBL592435,CHEMBL226,ANTAGONIST,Adenosine A1 receptor antagonist,2,True,True,True
5027,CHEMBL3545036,CHEMBL3227,MODULATOR,Metabotropic glutamate receptor 5 modulator,2,True,True,True
5028,CHEMBL3642985,CHEMBL3227,NEGATIVE ALLOSTERIC MODULATOR,Metabotropic glutamate receptor 5 negative allosteric modulator,2,True,True,True
5029,CHEMBL3545164,CHEMBL3227,MODULATOR,Metabotropic glutamate receptor 5 modulator,2,True,True,True
5030,CHEMBL3545346,CHEMBL3227,NEGATIVE ALLOSTERIC MODULATOR,Metabotropic glutamate receptor 5 negative allosteric modulator,2,True,True,True
5031,CHEMBL598172,CHEMBL224,INVERSE AGONIST,Serotonin 2a (5-HT2a) receptor inverse agonist,2,True,True,True
5032,CHEMBL2346738,CHEMBL3227,MODULATOR,Metabotropic glutamate receptor 5 modulator,2,True,True,True
5033,CHEMBL3544947,CHEMBL249,ANTAGONIST,Neurokinin 1 receptor antagonist,2,True,True,True
5034,CHEMBL3545165,CHEMBL2094109,ANTAGONIST,Muscarinic acetylcholine receptor antagonist,2,True,True,True
5035,CHEMBL3545165,CHEMBL5451,BLOCKER,Sodium channel protein type X alpha subunit blocker,2,True,True,True
5036,CHEMBL3545165,CHEMBL5167,BLOCKER,Sodium channel protein type XI alpha subunit blocker,2,True,True,True
5037,CHEMBL2016681,CHEMBL4561,ANTAGONIST,Neuropeptide Y receptor type 5 antagonist,2,True,True,True
5038,CHEMBL3545038,CHEMBL4561,ANTAGONIST,Neuropeptide Y receptor type 5 antagonist,2,True,True,True
5039,CHEMBL1779046,CHEMBL245,ANTAGONIST,Muscarinic acetylcholine receptor M3 antagonist,2,True,True,True
5040,CHEMBL3545166,CHEMBL218,ANTAGONIST,Cannabinoid CB1 receptor antagonist,3,True,True,True
5041,CHEMBL45305,CHEMBL214,AGONIST,Serotonin 1a (5-HT1a) receptor agonist,2,True,True,True
5042,CHEMBL3183740,CHEMBL1898,ANTAGONIST,Serotonin 1b (5-HT1b) receptor antagonist,2,True,True,True
5043,CHEMBL3183740,CHEMBL224,ANTAGONIST,Serotonin 2a (5-HT2a) receptor antagonist,2,True,True,True
5044,CHEMBL582857,CHEMBL1921,ANTAGONIST,Vasopressin V1b receptor antagonist,2,True,True,True
5045,CHEMBL539843,CHEMBL231,ANTAGONIST,Histamine H1 receptor antagonist,2,True,True,True
5046,CHEMBL3235279,CHEMBL226,PARTIAL AGONIST,Adenosine A1 receptor partial agonist,2,True,True,True
5047,CHEMBL189676,CHEMBL218,ANTAGONIST,Cannabinoid CB1 receptor antagonist,2,True,True,True
5048,CHEMBL2103856,CHEMBL3974,ANTAGONIST,Proteinase-activated receptor 1 antagonist,2,True,True,True
5049,CHEMBL261244,CHEMBL2001,ANTAGONIST,Purinergic receptor P2Y12 antagonist,2,True,True,True
5050,CHEMBL303960,CHEMBL1836,AGONIST,Prostanoid EP4 receptor agonist,2,True,True,True
5051,CHEMBL2027925,CHEMBL1875,PARTIAL AGONIST,Serotonin 4 (5-HT4) receptor partial agonist,2,True,True,True
5052,CHEMBL2218893,CHEMBL210,AGONIST,Beta-2 adrenergic receptor agonist,2,True,True,True
5053,CHEMBL345237,CHEMBL214,AGONIST,Serotonin 1a (5-HT1a) receptor agonist,2,True,True,True
5054,CHEMBL3668014,CHEMBL1855,ANTAGONIST,Gonadotropin-releasing hormone receptor antagonist,4,True,True,True
5055,CHEMBL567303,CHEMBL3764,ANTAGONIST,Urotensin II receptor antagonist,2,True,True,True
5056,CHEMBL1094785,CHEMBL210,AGONIST,Beta-2 adrenergic receptor agonist,2,True,True,True
5057,CHEMBL22055,CHEMBL1855,ANTAGONIST,Gonadotropin-releasing hormone receptor antagonist,2,True,True,True
5058,CHEMBL1628569,CHEMBL214,ANTAGONIST,Serotonin 1a (5-HT1a) receptor antagonist,2,True,True,True
5059,CHEMBL2107760,CHEMBL252,ANTAGONIST,Endothelin receptor ET-A antagonist,2,True,True,True
5060,CHEMBL257978,CHEMBL229,PARTIAL AGONIST,Alpha-1a adrenergic receptor partial agonist,2,True,True,True
5061,CHEMBL2107572,CHEMBL1878,MODULATOR,Calcium sensing receptor modulator,2,True,True,True
5062,CHEMBL279260,CHEMBL246,AGONIST,Beta-3 adrenergic receptor agonist,2,True,True,True
5063,CHEMBL2218898,CHEMBL2049,ANTAGONIST,Oxytocin receptor antagonist,2,True,True,True
5064,CHEMBL2107725,CHEMBL3157,ANTAGONIST,Bradykinin B2 receptor antagonist,2,True,True,True
5065,CHEMBL281764,CHEMBL4616,AGONIST,Ghrelin receptor agonist,2,True,True,True
5066,CHEMBL281764,CHEMBL340,INHIBITOR,Cytochrome P450 3A4 inhibitor,2,True,True,True
5067,CHEMBL41194,CHEMBL227,ANTAGONIST,Type-1 angiotensin II receptor antagonist,2,True,True,True
5068,CHEMBL41194,CHEMBL6120,INHIBITOR,Solute carrier family 22 member 12 inhibitor,2,True,True,True
5069,CHEMBL41194,CHEMBL1641347,INHIBITOR,Solute carrier family 22 member 6 inhibitor,2,True,True,True
5070,CHEMBL41194,CHEMBL1641348,INHIBITOR,Solute carrier family 22 member 8 inhibitor,2,True,True,True
5071,CHEMBL2104419,CHEMBL250,ANTAGONIST,Platelet activating factor receptor antagonist,2,True,True,True
5072,CHEMBL2106710,CHEMBL2095158,AGONIST,Adrenergic receptor alpha-2 agonist,2,True,True,True
5073,CHEMBL431651,CHEMBL252,ANTAGONIST,Endothelin receptor ET-A antagonist,2,True,True,True
5074,CHEMBL431651,CHEMBL1785,ANTAGONIST,Endothelin receptor ET-B antagonist,2,True,True,True
5075,CHEMBL1742420,CHEMBL3911,ANTAGONIST,Leukotriene B4 receptor 1 antagonist,2,True,True,True
5076,CHEMBL329123,CHEMBL3911,ANTAGONIST,Leukotriene B4 receptor 1 antagonist,2,True,True,True
5077,CHEMBL329123,CHEMBL235,AGONIST,Peroxisome proliferator-activated receptor gamma agonist,2,True,True,True
5078,CHEMBL522302,CHEMBL249,ANTAGONIST,Neurokinin 1 receptor antagonist,2,True,True,True
5079,CHEMBL10188,CHEMBL4429,ANTAGONIST,Neurokinin 3 receptor antagonist,2,True,True,True
5080,CHEMBL419667,CHEMBL1889,ANTAGONIST,Vasopressin V1a receptor antagonist,2,True,True,True
5081,CHEMBL419667,CHEMBL2049,ANTAGONIST,Oxytocin receptor antagonist,2,True,True,True
5082,CHEMBL2106841,CHEMBL218,AGONIST,Cannabinoid CB1 receptor agonist,2,True,True,True
5083,CHEMBL2106841,CHEMBL253,AGONIST,Cannabinoid CB2 receptor agonist,2,True,True,True
5084,CHEMBL1256717,CHEMBL298,ANTAGONIST,Cholecystokinin B receptor antagonist,2,True,True,True
5085,CHEMBL3989481,CHEMBL233,AGONIST,Mu opioid receptor agonist,2,True,True,True
5086,CHEMBL515966,CHEMBL249,ANTAGONIST,Neurokinin 1 receptor antagonist,2,True,True,True
5087,CHEMBL1742428,CHEMBL1898,AGONIST,Serotonin 1b (5-HT1b) receptor agonist,2,True,True,True
5088,CHEMBL1742428,CHEMBL1983,AGONIST,Serotonin 1d (5-HT1d) receptor agonist,2,True,True,True
5089,CHEMBL1742428,CHEMBL5071,ANTAGONIST,G protein-coupled receptor 44 antagonist,2,True,True,True
5090,CHEMBL1090488,CHEMBL259,AGONIST,Melanocortin receptor 4 agonist,2,True,True,True
5091,CHEMBL3301624,CHEMBL259,AGONIST,Melanocortin receptor 4 agonist,4,True,True,True
5092,CHEMBL2105635,CHEMBL3798,AGONIST,Calcitonin gene-related peptide type 1 receptor agonist,2,True,True,True
5093,CHEMBL2105635,CHEMBL2111189,AGONIST,"Amylin receptor AMY1, CALCR/RAMP1 agonist",2,True,True,True
5094,CHEMBL1817709,CHEMBL1889,AGONIST,Vasopressin V1a receptor agonist,2,True,True,True
5095,CHEMBL3545347,CHEMBL3559701,AGONIST,Proto-oncogene Mas agonist,2,True,True,True
5096,CHEMBL3545104,CHEMBL4644,AGONIST,Melanocortin receptor 3 agonist,2,True,True,True
5097,CHEMBL3545104,CHEMBL3795,AGONIST,Melanocortin receptor 1 agonist,2,True,True,True
5098,CHEMBL2105864,CHEMBL3157,AGONIST,Bradykinin B2 receptor agonist,2,True,True,True
5099,CHEMBL2108318,CHEMBL5844,AGONIST,Glucagon-like peptide 2 receptor agonist,2,True,True,True
5100,CHEMBL5095030,CHEMBL2107,ANTAGONIST,C-X-C chemokine receptor type 4 antagonist,3,True,True,True
5101,CHEMBL4802129,CHEMBL2107,ANTAGONIST,C-X-C chemokine receptor type 4 antagonist,3,True,True,True
5102,CHEMBL3544949,CHEMBL2107,ANTAGONIST,C-X-C chemokine receptor type 4 antagonist,2,True,True,True
5103,CHEMBL3545106,CHEMBL4877,AGONIST,Neuropeptide Y receptor type 4 agonist,2,True,True,True
5104,CHEMBL3545167,CHEMBL2049,AGONIST,Oxytocin receptor agonist,2,True,True,True
5105,CHEMBL448343,CHEMBL2064,AGONIST,GABA-B receptor 1 agonist,2,True,True,True
5106,CHEMBL448343,CHEMBL5034,AGONIST,GABA-B receptor 2 agonist,2,True,True,True
5107,CHEMBL3622820,CHEMBL2835,INHIBITOR,Tyrosine-protein kinase JAK1 inhibitor,3,True,True,True
5108,CHEMBL3545225,CHEMBL2835,INHIBITOR,Tyrosine-protein kinase JAK1 inhibitor,2,True,True,True
5109,CHEMBL3545168,CHEMBL1991,INHIBITOR,Inhibitor of nuclear factor kappa B kinase beta subunit inhibitor,2,True,True,True
5110,CHEMBL3301622,CHEMBL1974,INHIBITOR,Tyrosine-protein kinase receptor FLT3 inhibitor,4,True,True,True
5111,CHEMBL3301622,CHEMBL4895,INHIBITOR,Tyrosine-protein kinase receptor UFO inhibitor,4,True,True,True
5112,CHEMBL5314397,CHEMBL260,INHIBITOR,MAP kinase p38 alpha inhibitor,2,True,True,True
5113,CHEMBL207433,CHEMBL4794,ANTAGONIST,Vanilloid receptor antagonist,2,True,True,True
5114,CHEMBL3545039,CHEMBL4794,ANTAGONIST,Vanilloid receptor antagonist,2,True,True,True
5115,CHEMBL214796,CHEMBL4794,ANTAGONIST,Vanilloid receptor antagonist,2,True,True,True
5116,CHEMBL5314398,CHEMBL4794,ANTAGONIST,Vanilloid receptor antagonist,2,True,True,True
5117,CHEMBL5314399,CHEMBL4794,ANTAGONIST,Vanilloid receptor antagonist,2,True,True,True
5118,CHEMBL5314400,CHEMBL4794,ANTAGONIST,Vanilloid receptor antagonist,2,True,True,True
5119,CHEMBL1783282,CHEMBL4956,POSITIVE ALLOSTERIC MODULATOR,GABA receptor alpha-2 subunit positive allosteric modulator,2,True,True,True
5120,CHEMBL1783282,CHEMBL3026,POSITIVE ALLOSTERIC MODULATOR,GABA receptor alpha-3 subunit positive allosteric modulator,2,True,True,True
5121,CHEMBL3545040,CHEMBL240,BLOCKER,HERG blocker,2,True,True,True
5122,CHEMBL3545040,CHEMBL1980,BLOCKER,Sodium channel protein type V alpha subunit blocker,2,True,True,True
5123,CHEMBL3545169,CHEMBL240,BLOCKER,HERG blocker,2,True,True,True
5124,CHEMBL3545169,CHEMBL1980,BLOCKER,Sodium channel protein type V alpha subunit blocker,2,True,True,True
5125,CHEMBL3545169,CHEMBL2095229,BLOCKER,Voltage-gated L-type calcium channel blocker,2,True,True,True
5126,CHEMBL188462,CHEMBL1907589,PARTIAL AGONIST,Neuronal acetylcholine receptor; alpha4/beta2 partial agonist,2,True,True,True
5127,CHEMBL467084,CHEMBL2094124,BLOCKER,Glutamate [NMDA] receptor blocker,2,True,True,True
5128,CHEMBL2151437,CHEMBL2492,AGONIST,Neuronal acetylcholine receptor protein alpha-7 subunit agonist,2,True,True,True
5129,CHEMBL1207366,CHEMBL2094124,ANTAGONIST,Glutamate [NMDA] receptor antagonist,2,True,True,True
5130,CHEMBL2068839,CHEMBL1907603,ANTAGONIST,Glutamate NMDA receptor; GRIN1/GRIN2B antagonist,2,True,True,True
5131,CHEMBL3545349,CHEMBL1907603,ANTAGONIST,Glutamate NMDA receptor; GRIN1/GRIN2B antagonist,2,True,True,True
5132,CHEMBL3989872,CHEMBL2094124,PARTIAL AGONIST,Glutamate [NMDA] receptor partial agonist,2,True,True,True
5133,CHEMBL3544917,CHEMBL2094124,PARTIAL AGONIST,Glutamate [NMDA] receptor partial agonist,3,True,True,True
5134,CHEMBL1255840,CHEMBL2094124,POSITIVE ALLOSTERIC MODULATOR,Glutamate [NMDA] receptor positive allosteric modulator,2,True,True,True
5135,CHEMBL3545351,CHEMBL2094124,ANTAGONIST,Glutamate [NMDA] receptor antagonist,3,True,True,True
5136,CHEMBL3545108,CHEMBL4805,ANTAGONIST,P2X purinoceptor 7 antagonist,2,True,True,True
5137,CHEMBL3716057,CHEMBL2998,ANTAGONIST,P2X purinoceptor 3 antagonist,4,True,True,True
5138,CHEMBL1823817,CHEMBL4805,ANTAGONIST,P2X purinoceptor 7 antagonist,2,True,True,True
5139,CHEMBL1258006,CHEMBL2492,AGONIST,Neuronal acetylcholine receptor protein alpha-7 subunit agonist,2,True,True,True
5140,CHEMBL17350,CHEMBL1907603,ANTAGONIST,Glutamate NMDA receptor; GRIN1/GRIN2B antagonist,2,True,True,True
5141,CHEMBL3545231,CHEMBL2492,AGONIST,Neuronal acetylcholine receptor protein alpha-7 subunit agonist,2,True,True,True
5142,CHEMBL2325014,CHEMBL4296,BLOCKER,Sodium channel protein type IX alpha subunit blocker,2,True,True,True
5143,CHEMBL3544913,CHEMBL4296,BLOCKER,Sodium channel protein type IX alpha subunit blocker,3,True,True,True
5144,CHEMBL3589904,CHEMBL5451,BLOCKER,Sodium channel protein type X alpha subunit blocker,2,True,True,True
5145,CHEMBL5095031,CHEMBL2107836,BLOCKER,"Amiloride-sensitive sodium channel, ENaC blocker",2,True,True,True
5146,CHEMBL5314401,CHEMBL4478,BLOCKER,Voltage-gated N-type calcium channel alpha-1B subunit blocker,2,True,True,True
5147,CHEMBL3545232,CHEMBL2492,PARTIAL AGONIST,Neuronal acetylcholine receptor protein alpha-7 subunit partial agonist,2,True,True,True
5148,CHEMBL3545291,CHEMBL2492,POSITIVE ALLOSTERIC MODULATOR,Neuronal acetylcholine receptor protein alpha-7 subunit positive allosteric modulator,2,True,True,True
5149,CHEMBL559478,CHEMBL2492,PARTIAL AGONIST,Neuronal acetylcholine receptor protein alpha-7 subunit partial agonist,2,True,True,True
5150,CHEMBL5095032,CHEMBL2492,PARTIAL AGONIST,Neuronal acetylcholine receptor protein alpha-7 subunit partial agonist,2,True,True,True
5151,CHEMBL5095032,CHEMBL2094132,ANTAGONIST,Serotonin 3 (5-HT3) receptor antagonist,2,True,True,True
5152,CHEMBL5314402,CHEMBL2492,AGONIST,Neuronal acetylcholine receptor protein alpha-7 subunit agonist,2,True,True,True
5153,CHEMBL127071,CHEMBL3038461,PARTIAL AGONIST,Nicotinic acetylcholine receptor alpha4/beta2/alpha5 partial agonist,2,True,True,True
5154,CHEMBL127071,CHEMBL2109237,PARTIAL AGONIST,Neuronal acetylcholine receptor; alpha6/beta2 partial agonist,2,True,True,True
5155,CHEMBL2104964,CHEMBL1907589,AGONIST,Neuronal acetylcholine receptor; alpha4/beta2 agonist,2,True,True,True
5156,CHEMBL238465,CHEMBL1907589,AGONIST,Neuronal acetylcholine receptor; alpha4/beta2 agonist,2,True,True,True
5157,CHEMBL4594254,CHEMBL1907589,AGONIST,Neuronal acetylcholine receptor; alpha4/beta2 agonist,2,True,True,True
5158,CHEMBL4594254,CHEMBL1907594,AGONIST,Neuronal acetylcholine receptor; alpha3/beta4 agonist,2,True,True,True
5159,CHEMBL2179529,CHEMBL1907589,AGONIST,Neuronal acetylcholine receptor; alpha4/beta2 agonist,2,True,True,True
5160,CHEMBL3545042,CHEMBL2096670,ANTAGONIST,Glutamate receptor ionotropic AMPA antagonist,2,True,True,True
5161,CHEMBL3545042,CHEMBL2109241,ANTAGONIST,Glutamate receptor ionotropic kainate antagonist,2,True,True,True
5163,CHEMBL119549,CHEMBL4304,ACTIVATOR,Calcium-activated potassium channel subunit alpha-1 activator,2,True,True,True
5164,CHEMBL182066,CHEMBL1907603,ANTAGONIST,Glutamate NMDA receptor; GRIN1/GRIN2B antagonist,2,True,True,True
5165,CHEMBL4650318,CHEMBL4051,ACTIVATOR,Cystic fibrosis transmembrane conductance regulator activator,2,True,True,True
5166,CHEMBL3544953,CHEMBL4794,INHIBITOR,Vanilloid receptor inhibitor,2,True,True,True
5167,CHEMBL3544914,CHEMBL4051,POSITIVE MODULATOR,Cystic fibrosis transmembrane conductance regulator positive modulator,4,True,True,True
5168,CHEMBL222460,CHEMBL4304,ACTIVATOR,Calcium-activated potassium channel subunit alpha-1 activator,2,True,True,True
5169,CHEMBL3989703,CHEMBL2096670,ANTAGONIST,Glutamate receptor ionotropic AMPA antagonist,2,True,True,True
5170,CHEMBL3989703,CHEMBL2109241,ANTAGONIST,Glutamate receptor ionotropic kainate antagonist,2,True,True,True
5171,CHEMBL604710,CHEMBL4478,BLOCKER,Voltage-gated N-type calcium channel alpha-1B subunit blocker,2,True,True,True
5172,CHEMBL426559,CHEMBL4427,ANTAGONIST,Prostanoid DP receptor antagonist,4,True,True,True
5173,CHEMBL1951575,CHEMBL4427,ANTAGONIST,Prostanoid DP receptor antagonist,2,True,True,True
5174,CHEMBL1951575,CHEMBL5071,ANTAGONIST,G protein-coupled receptor 44 antagonist,2,True,True,True
5175,CHEMBL1688243,CHEMBL274,ANTAGONIST,C-C chemokine receptor type 5 antagonist,2,True,True,True
5176,CHEMBL3545233,CHEMBL4429,ANTAGONIST,Neurokinin 3 receptor antagonist,2,True,True,True
5177,CHEMBL3137316,CHEMBL2034,MODULATOR,Glucocorticoid receptor modulator,2,True,True,True
5178,CHEMBL3908979,CHEMBL3973,INHIBITOR,Fibroblast growth factor receptor 4 inhibitor,2,True,True,True
5179,CHEMBL3787344,CHEMBL203,INHIBITOR,Epidermal growth factor receptor erbB1 inhibitor,2,True,True,True
5180,CHEMBL3545073,CHEMBL2111459,INHIBITOR,Rho-associated protein kinase inhibitor,3,True,True,True
5181,CHEMBL3809489,CHEMBL4895,INHIBITOR,Tyrosine-protein kinase receptor UFO inhibitor,2,True,True,True
5182,CHEMBL2108767,CHEMBL3580491,INHIBITOR,CD40 ligand inhibitor,3,True,True,True
5183,CHEMBL2109256,CHEMBL2364161,AGONIST,Tumor necrosis factor receptor superfamily member 8 agonist,3,True,True,True
5184,CHEMBL41306,CHEMBL2094124,BLOCKER,Glutamate [NMDA] receptor blocker,-1,True,True,True
5185,CHEMBL3707400,CHEMBL2094124,ANTAGONIST,Glutamate [NMDA] receptor antagonist,2,True,True,True
5186,CHEMBL3707400,CHEMBL1951,INHIBITOR,Monoamine oxidase A inhibitor,2,True,True,True
5187,CHEMBL2103869,CHEMBL2096670,ANTAGONIST,Glutamate receptor ionotropic AMPA antagonist,2,True,True,True
5188,CHEMBL2103869,CHEMBL1918,ANTAGONIST,Glutamate receptor ionotropic kainate 1 antagonist,2,True,True,True
5189,CHEMBL3707316,CHEMBL2492,AGONIST,Neuronal acetylcholine receptor protein alpha-7 subunit agonist,2,True,True,True
5190,CHEMBL3707249,CHEMBL2492,MODULATOR,Neuronal acetylcholine receptor protein alpha-7 subunit modulator,2,True,True,True
5191,CHEMBL3707249,CHEMBL1907594,ANTAGONIST,Neuronal acetylcholine receptor; alpha3/beta4 antagonist,2,True,True,True
5192,CHEMBL3707249,CHEMBL216,ANTAGONIST,Muscarinic acetylcholine receptor M1 antagonist,2,True,True,True
5193,CHEMBL3707249,CHEMBL211,ANTAGONIST,Muscarinic acetylcholine receptor M2 antagonist,2,True,True,True
5194,CHEMBL3707249,CHEMBL245,ANTAGONIST,Muscarinic acetylcholine receptor M3 antagonist,2,True,True,True
5195,CHEMBL3341965,CHEMBL1907589,PARTIAL AGONIST,Neuronal acetylcholine receptor; alpha4/beta2 partial agonist,2,True,True,True
5196,CHEMBL2107762,CHEMBL2362996,BLOCKER,Voltage-gated potassium channel blocker,2,True,True,True
5197,CHEMBL2107762,CHEMBL2331043,BLOCKER,Sodium channel alpha subunit blocker,2,True,True,True
5198,CHEMBL3989682,CHEMBL2096670,ANTAGONIST,Glutamate receptor ionotropic AMPA antagonist,2,True,True,True
5199,CHEMBL1276138,CHEMBL2096670,POSITIVE ALLOSTERIC MODULATOR,Glutamate receptor ionotropic AMPA positive allosteric modulator,2,True,True,True
5200,CHEMBL1277001,CHEMBL2096670,POSITIVE ALLOSTERIC MODULATOR,Glutamate receptor ionotropic AMPA positive allosteric modulator,2,True,True,True
5201,CHEMBL2105631,,,Unknown,2,True,True,True
5202,CHEMBL2105160,CHEMBL2095152,OPENER,Sulfonylurea receptors; K-ATP channels opener,2,True,True,True
5203,CHEMBL593430,CHEMBL2363032,MODULATOR,Voltage-gated calcium channel modulator,2,True,True,True
5204,CHEMBL111659,CHEMBL1907589,AGONIST,Neuronal acetylcholine receptor; alpha4/beta2 agonist,2,True,True,True
5205,CHEMBL2103791,CHEMBL2093872,PARTIAL AGONIST,GABA-A receptor; anion channel partial agonist,2,True,True,True
5206,CHEMBL4303403,CHEMBL2093872,POSITIVE ALLOSTERIC MODULATOR,GABA-A receptor; anion channel positive allosteric modulator,2,True,True,True
5207,CHEMBL2107801,CHEMBL2093872,INVERSE AGONIST,GABA-A receptor; anion channel inverse agonist,2,True,True,True
5208,CHEMBL3707318,CHEMBL6007,ANTAGONIST,Transient receptor potential cation channel subfamily A member 1 antagonist,2,True,True,True
5209,CHEMBL3707319,CHEMBL5522,ANTAGONIST,Transient receptor potential cation channel subfamily V member 3 antagonist,2,True,True,True
5210,CHEMBL3707293,CHEMBL4794,ANTAGONIST,Vanilloid receptor antagonist,2,True,True,True
5211,CHEMBL3707401,CHEMBL2096670,POSITIVE ALLOSTERIC MODULATOR,Glutamate receptor ionotropic AMPA positive allosteric modulator,2,True,True,True
5212,CHEMBL3707356,CHEMBL5500263,ANTISENSE INHIBITOR,Vanilloid receptor mRNA antisense inhibitor,3,True,True,True
5213,CHEMBL3647536,CHEMBL2093872,AGONIST,GABA-A receptor; anion channel agonist,2,True,True,True
5214,CHEMBL356388,CHEMBL1847,POSITIVE ALLOSTERIC MODULATOR,GABA receptor beta-3 subunit positive allosteric modulator,2,True,True,True
5215,CHEMBL487,CHEMBL2093866,MODULATOR,Estrogen receptor modulator,3,True,True,True
5216,CHEMBL68055,CHEMBL2093866,MODULATOR,Estrogen receptor modulator,3,True,True,True
5217,CHEMBL4297185,CHEMBL1871,ANTAGONIST,Androgen Receptor antagonist,4,True,True,True
5218,CHEMBL1738889,CHEMBL1871,MODULATOR,Androgen Receptor modulator,3,True,True,True
5219,CHEMBL3183409,CHEMBL1871,ANTAGONIST,Androgen Receptor antagonist,4,True,True,True
5220,CHEMBL3545411,CHEMBL242,AGONIST,Estrogen receptor beta agonist,3,True,True,True
5221,CHEMBL566315,CHEMBL2047,AGONIST,Bile acid receptor FXR agonist,4,True,True,True
5222,CHEMBL2103876,CHEMBL2034,AGONIST,Glucocorticoid receptor agonist,3,True,True,True
5223,CHEMBL267431,CHEMBL208,MODULATOR,Progesterone receptor modulator,3,True,True,True
5224,CHEMBL3545412,CHEMBL239,AGONIST,Peroxisome proliferator-activated receptor alpha agonist,3,True,True,True
5225,CHEMBL592054,CHEMBL239,AGONIST,Peroxisome proliferator-activated receptor alpha agonist,3,True,True,True
5226,CHEMBL592054,CHEMBL235,AGONIST,Peroxisome proliferator-activated receptor gamma agonist,3,True,True,True
5227,CHEMBL519504,CHEMBL239,AGONIST,Peroxisome proliferator-activated receptor alpha agonist,3,True,True,True
5228,CHEMBL519504,CHEMBL235,AGONIST,Peroxisome proliferator-activated receptor gamma agonist,3,True,True,True
5229,CHEMBL186179,CHEMBL239,AGONIST,Peroxisome proliferator-activated receptor alpha agonist,3,True,True,True
5230,CHEMBL186179,CHEMBL235,AGONIST,Peroxisome proliferator-activated receptor gamma agonist,3,True,True,True
5231,CHEMBL282686,CHEMBL239,AGONIST,Peroxisome proliferator-activated receptor alpha agonist,3,True,True,True
5232,CHEMBL282686,CHEMBL235,AGONIST,Peroxisome proliferator-activated receptor gamma agonist,3,True,True,True
5233,CHEMBL2103991,CHEMBL235,PARTIAL AGONIST,Peroxisome proliferator-activated receptor gamma partial agonist,3,True,True,True
5234,CHEMBL2104753,CHEMBL235,AGONIST,Peroxisome proliferator-activated receptor gamma agonist,3,True,True,True
5235,CHEMBL1762621,CHEMBL235,ANTAGONIST,Peroxisome proliferator-activated receptor gamma antagonist,3,True,True,True
5236,CHEMBL1762621,CHEMBL1991,INHIBITOR,Inhibitor of nuclear factor kappa B kinase beta subunit inhibitor,3,True,True,True
5237,CHEMBL1762621,CHEMBL3038498,INHIBITOR,Keap1/Nrf2 inhibitor,3,True,True,True
5238,CHEMBL2035874,CHEMBL1947,AGONIST,Thyroid hormone receptor beta-1 agonist,3,True,True,True
5239,CHEMBL1908376,CHEMBL1977,AGONIST,Vitamin D receptor agonist,3,True,True,True
5240,CHEMBL3989862,CHEMBL1977,AGONIST,Vitamin D receptor agonist,3,True,True,True
5241,CHEMBL1908391,CHEMBL2742,INHIBITOR,Fibroblast growth factor receptor 3 inhibitor,3,True,True,True
5242,CHEMBL1908391,CHEMBL1936,INHIBITOR,Stem cell growth factor receptor inhibitor,3,True,True,True
5243,CHEMBL1908391,CHEMBL2095189,INHIBITOR,Platelet-derived growth factor receptor inhibitor,3,True,True,True
5244,CHEMBL223360,CHEMBL1844,INHIBITOR,Macrophage colony stimulating factor receptor inhibitor,3,True,True,True
5245,CHEMBL223360,CHEMBL1974,INHIBITOR,Tyrosine-protein kinase receptor FLT3 inhibitor,3,True,True,True
5246,CHEMBL223360,CHEMBL2095189,INHIBITOR,Platelet-derived growth factor receptor inhibitor,3,True,True,True
5247,CHEMBL223360,CHEMBL2095227,INHIBITOR,Vascular endothelial growth factor receptor inhibitor,3,True,True,True
5248,CHEMBL576982,CHEMBL1844,INHIBITOR,Macrophage colony stimulating factor receptor inhibitor,4,True,True,True
5249,CHEMBL576982,CHEMBL1974,INHIBITOR,Tyrosine-protein kinase receptor FLT3 inhibitor,4,True,True,True
5250,CHEMBL576982,CHEMBL1936,INHIBITOR,Stem cell growth factor receptor inhibitor,4,True,True,True
5251,CHEMBL576982,CHEMBL2095189,INHIBITOR,Platelet-derived growth factor receptor inhibitor,4,True,True,True
5252,CHEMBL576982,CHEMBL2041,INHIBITOR,Tyrosine-protein kinase receptor RET inhibitor,4,True,True,True
5253,CHEMBL2103882,CHEMBL3717,INHIBITOR,Hepatocyte growth factor receptor inhibitor,3,True,True,True
5254,CHEMBL217092,CHEMBL1862,INHIBITOR,Tyrosine-protein kinase ABL inhibitor,3,True,True,True
5255,CHEMBL217092,CHEMBL267,INHIBITOR,Tyrosine-protein kinase SRC inhibitor,3,True,True,True
5256,CHEMBL415049,CHEMBL2185,INHIBITOR,Serine/threonine-protein kinase Aurora-B inhibitor,3,True,True,True
5257,CHEMBL491473,CHEMBL1936,INHIBITOR,Stem cell growth factor receptor inhibitor,3,True,True,True
5258,CHEMBL491473,CHEMBL2095189,INHIBITOR,Platelet-derived growth factor receptor inhibitor,3,True,True,True
5259,CHEMBL491473,CHEMBL2095227,INHIBITOR,Vascular endothelial growth factor receptor inhibitor,3,True,True,True
5260,CHEMBL3353410,CHEMBL203,INHIBITOR,Epidermal growth factor receptor erbB1 inhibitor,4,True,True,True
5261,CHEMBL1233528,CHEMBL3024,INHIBITOR,Serine/threonine-protein kinase PLK1 inhibitor,3,True,True,True
5262,CHEMBL377300,CHEMBL2095217,INHIBITOR,Fibroblast growth factor receptor inhibitor,3,True,True,True
5263,CHEMBL377300,CHEMBL2095227,INHIBITOR,Vascular endothelial growth factor receptor inhibitor,3,True,True,True
5264,CHEMBL270995,CHEMBL2095217,INHIBITOR,Fibroblast growth factor receptor inhibitor,3,True,True,True
5265,CHEMBL270995,CHEMBL2095227,INHIBITOR,Vascular endothelial growth factor receptor inhibitor,3,True,True,True
5266,CHEMBL290352,CHEMBL2708,INHIBITOR,Mitogen-activated protein kinase kinase kinase 11 inhibitor,3,True,True,True
5267,CHEMBL290352,CHEMBL2873,INHIBITOR,Mitogen-activated protein kinase kinase kinase 10 inhibitor,3,True,True,True
5268,CHEMBL290352,CHEMBL2872,INHIBITOR,Mitogen-activated protein kinase kinase kinase 9 inhibitor,3,True,True,True
5269,CHEMBL290352,CHEMBL1163124,INHIBITOR,Mitogen-activated protein kinase kinase kinase 13 inhibitor,3,True,True,True
5270,CHEMBL290352,CHEMBL1908389,INHIBITOR,Mitogen-activated protein kinase kinase kinase 12 inhibitor,3,True,True,True
5271,CHEMBL603469,CHEMBL1974,INHIBITOR,Tyrosine-protein kinase receptor FLT3 inhibitor,3,True,True,True
5272,CHEMBL603469,CHEMBL2971,INHIBITOR,Tyrosine-protein kinase JAK2 inhibitor,3,True,True,True
5273,CHEMBL603469,CHEMBL2815,INHIBITOR,Nerve growth factor receptor Trk-A inhibitor,3,True,True,True
5274,CHEMBL603469,CHEMBL4898,INHIBITOR,Neurotrophic tyrosine kinase receptor type 2 inhibitor,3,True,True,True
5275,CHEMBL603469,CHEMBL5608,INHIBITOR,NT-3 growth factor receptor inhibitor,3,True,True,True
5276,CHEMBL603469,CHEMBL2041,INHIBITOR,Tyrosine-protein kinase receptor RET inhibitor,3,True,True,True
5277,CHEMBL545315,CHEMBL203,INHIBITOR,Epidermal growth factor receptor erbB1 inhibitor,3,True,True,True
5278,CHEMBL545315,CHEMBL1824,INHIBITOR,Receptor protein-tyrosine kinase erbB-2 inhibitor,3,True,True,True
5279,CHEMBL545315,CHEMBL3009,INHIBITOR,Receptor protein-tyrosine kinase erbB-4 inhibitor,3,True,True,True
5280,CHEMBL1078178,CHEMBL2835,INHIBITOR,Tyrosine-protein kinase JAK1 inhibitor,4,True,True,True
5281,CHEMBL1078178,CHEMBL2971,INHIBITOR,Tyrosine-protein kinase JAK2 inhibitor,4,True,True,True
5282,CHEMBL1088752,CHEMBL260,INHIBITOR,MAP kinase p38 alpha inhibitor,3,True,True,True
5283,CHEMBL1088752,CHEMBL3961,INHIBITOR,MAP kinase p38 beta inhibitor,3,True,True,True
5284,CHEMBL3545413,CHEMBL1862,INHIBITOR,Tyrosine-protein kinase ABL inhibitor,3,True,True,True
5285,CHEMBL180022,CHEMBL203,INHIBITOR,Epidermal growth factor receptor erbB1 inhibitor,4,True,True,True
5286,CHEMBL180022,CHEMBL1824,INHIBITOR,Receptor protein-tyrosine kinase erbB-2 inhibitor,4,True,True,True
5287,CHEMBL428690,CHEMBL301,INHIBITOR,Cyclin-dependent kinase 2 inhibitor,3,True,True,True
5288,CHEMBL428690,CHEMBL331,INHIBITOR,Cyclin-dependent kinase 4 inhibitor,3,True,True,True
5289,CHEMBL428690,CHEMBL2508,INHIBITOR,Cyclin-dependent kinase 6 inhibitor,3,True,True,True
5290,CHEMBL428690,CHEMBL3116,INHIBITOR,Cyclin-dependent kinase 9 inhibitor,3,True,True,True
5291,CHEMBL428690,CHEMBL308,INHIBITOR,Cyclin-dependent kinase 1 inhibitor,3,True,True,True
5292,CHEMBL428690,CHEMBL3055,INHIBITOR,Cyclin-dependent kinase 7 inhibitor,3,True,True,True
5293,CHEMBL2105759,CHEMBL2835,INHIBITOR,Tyrosine-protein kinase JAK1 inhibitor,4,True,True,True
5294,CHEMBL2105759,CHEMBL2971,INHIBITOR,Tyrosine-protein kinase JAK2 inhibitor,4,True,True,True
5295,CHEMBL1289494,CHEMBL2095227,INHIBITOR,Vascular endothelial growth factor receptor inhibitor,4,True,True,True
5296,CHEMBL3545110,CHEMBL331,INHIBITOR,Cyclin-dependent kinase 4 inhibitor,4,True,True,True
5297,CHEMBL3545110,CHEMBL2508,INHIBITOR,Cyclin-dependent kinase 6 inhibitor,4,True,True,True
5298,CHEMBL3301612,CHEMBL5145,INHIBITOR,Serine/threonine-protein kinase B-raf inhibitor,4,True,True,True
5299,CHEMBL300138,CHEMBL3045,INHIBITOR,Protein kinase C beta inhibitor,3,True,True,True
5300,CHEMBL91829,CHEMBL3045,INHIBITOR,Protein kinase C beta inhibitor,3,True,True,True
5301,CHEMBL3187723,CHEMBL3587,INHIBITOR,Dual specificity mitogen-activated protein kinase kinase 1 inhibitor,4,True,True,True
5302,CHEMBL3187723,CHEMBL2964,INHIBITOR,Dual specificity mitogen-activated protein kinase kinase 2 inhibitor,4,True,True,True
5303,CHEMBL2103840,CHEMBL308,INHIBITOR,Cyclin-dependent kinase 1 inhibitor,3,True,True,True
5304,CHEMBL2103840,CHEMBL301,INHIBITOR,Cyclin-dependent kinase 2 inhibitor,3,True,True,True
5305,CHEMBL2103840,CHEMBL4036,INHIBITOR,Cyclin-dependent kinase 5 inhibitor,3,True,True,True
5306,CHEMBL2103840,CHEMBL3116,INHIBITOR,Cyclin-dependent kinase 9 inhibitor,3,True,True,True
5307,CHEMBL483158,CHEMBL4722,INHIBITOR,Serine/threonine-protein kinase Aurora-A inhibitor,3,True,True,True
5309,CHEMBL1091644,CHEMBL1957,INHIBITOR,Insulin-like growth factor I receptor inhibitor,3,True,True,True
5310,CHEMBL1091644,CHEMBL1981,INHIBITOR,Insulin receptor inhibitor,3,True,True,True
5311,CHEMBL2105719,CHEMBL203,INHIBITOR,Epidermal growth factor receptor erbB1 inhibitor,4,True,True,True
5312,CHEMBL2105719,CHEMBL1824,INHIBITOR,Receptor protein-tyrosine kinase erbB-2 inhibitor,4,True,True,True
5313,CHEMBL2105719,CHEMBL3009,INHIBITOR,Receptor protein-tyrosine kinase erbB-4 inhibitor,4,True,True,True
5314,CHEMBL608533,CHEMBL1974,INHIBITOR,Tyrosine-protein kinase receptor FLT3 inhibitor,4,True,True,True
5315,CHEMBL608533,CHEMBL1936,INHIBITOR,Stem cell growth factor receptor inhibitor,4,True,True,True
5316,CHEMBL608533,CHEMBL2095189,INHIBITOR,Platelet-derived growth factor receptor inhibitor,4,True,True,True
5317,CHEMBL608533,CHEMBL2093867,INHIBITOR,Protein kinase C (PKC) inhibitor,4,True,True,True
5318,CHEMBL608533,CHEMBL279,INHIBITOR,Vascular endothelial growth factor receptor 2 inhibitor,4,True,True,True
5319,CHEMBL101253,CHEMBL1936,INHIBITOR,Stem cell growth factor receptor inhibitor,3,True,True,True
5320,CHEMBL101253,CHEMBL2095189,INHIBITOR,Platelet-derived growth factor receptor inhibitor,3,True,True,True
5321,CHEMBL101253,CHEMBL2095227,INHIBITOR,Vascular endothelial growth factor receptor inhibitor,3,True,True,True
5322,CHEMBL101253,CHEMBL1844,INHIBITOR,Macrophage colony stimulating factor receptor inhibitor,3,True,True,True
5323,CHEMBL2103830,CHEMBL2599,INHIBITOR,Tyrosine-protein kinase SYK inhibitor,4,True,True,True
5324,CHEMBL2146883,CHEMBL3587,INHIBITOR,Dual specificity mitogen-activated protein kinase kinase 1 inhibitor,4,True,True,True
5325,CHEMBL2146883,CHEMBL2964,INHIBITOR,Dual specificity mitogen-activated protein kinase kinase 2 inhibitor,4,True,True,True
5326,CHEMBL1287853,CHEMBL1974,INHIBITOR,Tyrosine-protein kinase receptor FLT3 inhibitor,4,True,True,True
5327,CHEMBL1287853,CHEMBL2971,INHIBITOR,Tyrosine-protein kinase JAK2 inhibitor,4,True,True,True
5328,CHEMBL2035187,CHEMBL2971,INHIBITOR,Tyrosine-protein kinase JAK2 inhibitor,4,True,True,True
5329,CHEMBL2035187,CHEMBL1974,INHIBITOR,Tyrosine-protein kinase receptor FLT3 inhibitor,4,True,True,True
5330,CHEMBL3545235,CHEMBL203,INHIBITOR,Epidermal growth factor receptor erbB1 inhibitor,3,True,True,True
5331,CHEMBL276711,CHEMBL1936,INHIBITOR,Stem cell growth factor receptor inhibitor,3,True,True,True
5332,CHEMBL276711,CHEMBL2095227,INHIBITOR,Vascular endothelial growth factor receptor inhibitor,3,True,True,True
5333,CHEMBL274654,CHEMBL2095217,INHIBITOR,Fibroblast growth factor receptor inhibitor,3,True,True,True
5334,CHEMBL274654,CHEMBL2095189,INHIBITOR,Platelet-derived growth factor receptor inhibitor,3,True,True,True
5335,CHEMBL274654,CHEMBL279,INHIBITOR,Vascular endothelial growth factor receptor 2 inhibitor,3,True,True,True
5336,CHEMBL522892,CHEMBL2742,INHIBITOR,Fibroblast growth factor receptor 3 inhibitor,3,True,True,True
5337,CHEMBL522892,CHEMBL1974,INHIBITOR,Tyrosine-protein kinase receptor FLT3 inhibitor,3,True,True,True
5338,CHEMBL522892,CHEMBL1936,INHIBITOR,Stem cell growth factor receptor inhibitor,3,True,True,True
5339,CHEMBL522892,CHEMBL2095189,INHIBITOR,Platelet-derived growth factor receptor inhibitor,3,True,True,True
5340,CHEMBL522892,CHEMBL2095227,INHIBITOR,Vascular endothelial growth factor receptor inhibitor,3,True,True,True
5341,CHEMBL3545414,CHEMBL279,INHIBITOR,Vascular endothelial growth factor receptor 2 inhibitor,3,True,True,True
5342,CHEMBL405821,CHEMBL4305,BLOCKER,Intermediate conductance calcium-activated potassium channel protein 4 blocker,3,True,True,True
5343,CHEMBL1208155,CHEMBL1855,ANTAGONIST,Gonadotropin-releasing hormone receptor antagonist,4,True,True,True
5344,CHEMBL1628688,CHEMBL252,ANTAGONIST,Endothelin receptor ET-A antagonist,3,True,True,True
5345,CHEMBL1668019,CHEMBL274,ANTAGONIST,C-C chemokine receptor type 5 antagonist,3,True,True,True
5346,CHEMBL1672054,CHEMBL249,ANTAGONIST,Neurokinin 1 receptor antagonist,3,True,True,True
5347,CHEMBL191413,CHEMBL4029,MODULATOR,Interleukin-8 receptor A modulator,3,True,True,True
5348,CHEMBL191413,CHEMBL2434,MODULATOR,Interleukin-8 receptor B modulator,3,True,True,True
5349,CHEMBL1923502,CHEMBL4616,AGONIST,Ghrelin receptor agonist,3,True,True,True
5350,CHEMBL1950554,CHEMBL251,AGONIST,Adenosine A2a receptor agonist,3,True,True,True
5351,CHEMBL1950649,CHEMBL251,AGONIST,Adenosine A2a receptor agonist,3,True,True,True
5352,CHEMBL209821,CHEMBL214,AGONIST,Serotonin 1a (5-HT1a) receptor agonist,3,True,True,True
5353,CHEMBL2103794,CHEMBL4616,AGONIST,Ghrelin receptor agonist,3,True,True,True
5354,CHEMBL562668,CHEMBL218,ANTAGONIST,Cannabinoid CB1 receptor antagonist,3,True,True,True
5355,CHEMBL2105747,CHEMBL251,ANTAGONIST,Adenosine A2a receptor antagonist,3,True,True,True
5356,CHEMBL2105755,CHEMBL233,ANTAGONIST,Mu opioid receptor antagonist,4,True,True,True
5357,CHEMBL2107339,CHEMBL231,ANTAGONIST,Histamine H1 receptor antagonist,3,True,True,True
5358,CHEMBL2107339,CHEMBL224,ANTAGONIST,Serotonin 2a (5-HT2a) receptor antagonist,3,True,True,True
5359,CHEMBL2107339,CHEMBL225,ANTAGONIST,Serotonin 2c (5-HT2c) receptor antagonist,3,True,True,True
5360,CHEMBL2107339,CHEMBL2095158,ANTAGONIST,Adrenergic receptor alpha-2 antagonist,3,True,True,True
5361,CHEMBL2107349,CHEMBL214,ANTAGONIST,Serotonin 1a (5-HT1a) receptor antagonist,3,True,True,True
5362,CHEMBL2107384,CHEMBL274,ANTAGONIST,C-C chemokine receptor type 5 antagonist,3,True,True,True
5363,CHEMBL2110730,CHEMBL5137,AGONIST,Metabotropic glutamate receptor 2 agonist,3,True,True,True
5364,CHEMBL2110730,CHEMBL2888,AGONIST,Metabotropic glutamate receptor 3 agonist,3,True,True,True
5365,CHEMBL2146110,CHEMBL214,AGONIST,Serotonin 1a (5-HT1a) receptor agonist,3,True,True,True
5366,CHEMBL2146110,CHEMBL217,PARTIAL AGONIST,Dopamine D2 receptor partial agonist,3,True,True,True
5367,CHEMBL2146110,CHEMBL234,AGONIST,Dopamine D3 receptor agonist,3,True,True,True
5368,CHEMBL2146110,CHEMBL219,AGONIST,Dopamine D4 receptor agonist,3,True,True,True
5369,CHEMBL2178578,CHEMBL5815,ANTAGONIST,C-C chemokine receptor type 9 antagonist,3,True,True,True
5370,CHEMBL220360,CHEMBL218,INVERSE AGONIST,Cannabinoid CB1 receptor inverse agonist,3,True,True,True
5371,CHEMBL2336071,CHEMBL4333,AGONIST,Sphingosine 1-phosphate receptor Edg-1 agonist,4,True,True,True
5373,CHEMBL2364612,CHEMBL1987,AGONIST,Prostanoid FP receptor agonist,4,True,True,True
5374,CHEMBL236593,CHEMBL3798,ANTAGONIST,Calcitonin gene-related peptide type 1 receptor antagonist,3,True,True,True
5375,CHEMBL240624,CHEMBL251,ANTAGONIST,Adenosine A2a receptor antagonist,3,True,True,True
5376,CHEMBL278623,CHEMBL4616,AGONIST,Ghrelin receptor agonist,4,True,True,True
5377,CHEMBL3039511,CHEMBL233,ANTAGONIST,Mu opioid receptor antagonist,3,True,True,True
5378,CHEMBL3137314,CHEMBL1995,AGONIST,Prostanoid IP receptor agonist,3,True,True,True
5379,CHEMBL3286580,CHEMBL3371,ANTAGONIST,Serotonin 6 (5-HT6) receptor antagonist,3,True,True,True
5380,CHEMBL414157,CHEMBL226,ANTAGONIST,Adenosine A1 receptor antagonist,3,True,True,True
5381,CHEMBL462605,CHEMBL264,INVERSE AGONIST,Histamine H3 receptor inverse agonist,4,True,True,True
5382,CHEMBL482950,CHEMBL1800,ANTAGONIST,Corticotropin releasing factor receptor 1 antagonist,3,True,True,True
5383,CHEMBL52333,CHEMBL226,ANTAGONIST,Adenosine A1 receptor antagonist,3,True,True,True
5384,CHEMBL545437,CHEMBL246,AGONIST,Beta-3 adrenergic receptor agonist,3,True,True,True
5385,CHEMBL2106068,CHEMBL252,ANTAGONIST,Endothelin receptor ET-A antagonist,3,True,True,True
5386,CHEMBL3989873,CHEMBL256,AGONIST,Adenosine A3 receptor agonist,3,True,True,True
5387,CHEMBL2364605,CHEMBL2014,AGONIST,Nociceptin receptor agonist,3,True,True,True
5388,CHEMBL2364605,CHEMBL2095181,AGONIST,Opioid receptors; mu/kappa/delta agonist,3,True,True,True
5389,CHEMBL2448613,CHEMBL224,INVERSE AGONIST,Serotonin 2a (5-HT2a) receptor inverse agonist,4,True,True,True
5390,CHEMBL266125,CHEMBL2327,ANTAGONIST,Neurokinin 2 receptor antagonist,3,True,True,True
5391,CHEMBL74355,CHEMBL224,ANTAGONIST,Serotonin 2a (5-HT2a) receptor antagonist,3,True,True,True
5392,CHEMBL61780,CHEMBL252,ANTAGONIST,Endothelin receptor ET-A antagonist,3,True,True,True
5393,CHEMBL61780,CHEMBL1785,ANTAGONIST,Endothelin receptor ET-B antagonist,3,True,True,True
5394,CHEMBL2107786,CHEMBL2069,ANTAGONIST,Thromboxane A2 receptor antagonist,3,True,True,True
5395,CHEMBL2107777,CHEMBL1790,ANTAGONIST,Vasopressin V2 receptor antagonist,3,True,True,True
5396,CHEMBL3989834,CHEMBL252,ANTAGONIST,Endothelin receptor ET-A antagonist,3,True,True,True
5397,CHEMBL2107773,CHEMBL246,AGONIST,Beta-3 adrenergic receptor agonist,3,True,True,True
5398,CHEMBL3989686,CHEMBL224,ANTAGONIST,Serotonin 2a (5-HT2a) receptor antagonist,3,True,True,True
5399,CHEMBL109648,CHEMBL252,ANTAGONIST,Endothelin receptor ET-A antagonist,3,True,True,True
5400,CHEMBL506981,CHEMBL4123,ANTAGONIST,Neurotensin receptor 1 antagonist,3,True,True,True
5401,CHEMBL1742408,CHEMBL214,AGONIST,Serotonin 1a (5-HT1a) receptor agonist,3,True,True,True
5402,CHEMBL49429,CHEMBL1790,ANTAGONIST,Vasopressin V2 receptor antagonist,3,True,True,True
5403,CHEMBL23261,CHEMBL252,ANTAGONIST,Endothelin receptor ET-A antagonist,3,True,True,True
5404,CHEMBL23261,CHEMBL1785,ANTAGONIST,Endothelin receptor ET-B antagonist,3,True,True,True
5407,CHEMBL2070241,CHEMBL259,AGONIST,Melanocortin receptor 4 agonist,4,True,True,True
5408,CHEMBL3545415,CHEMBL1832,AGONIST,Calcitonin receptor agonist,3,True,True,True
5409,CHEMBL3545184,CHEMBL1878,AGONIST,Calcium sensing receptor agonist,4,True,True,True
5410,CHEMBL2107860,CHEMBL1784,AGONIST,Glucagon-like peptide 1 receptor agonist,3,True,True,True
5411,CHEMBL2108358,CHEMBL1293316,ACTIVATOR,Relaxin receptor 1 activator,3,True,True,True
5412,CHEMBL2108358,CHEMBL1628482,ACTIVATOR,Relaxin receptor 2 activator,3,True,True,True
5413,CHEMBL2108724,CHEMBL1784,AGONIST,Glucagon-like peptide 1 receptor agonist,4,True,True,True
5414,CHEMBL3349523,CHEMBL1804,AGONIST,Somatostatin receptor 2 agonist,3,True,True,True
5415,CHEMBL3349523,CHEMBL2028,AGONIST,Somatostatin receptor 3 agonist,3,True,True,True
5416,CHEMBL3349523,CHEMBL1792,AGONIST,Somatostatin receptor 5 agonist,3,True,True,True
5417,CHEMBL3544954,CHEMBL1855,AGONIST,Gonadotropin-releasing hormone receptor agonist,3,True,True,True
5418,CHEMBL2108312,CHEMBL1855,ANTAGONIST,Gonadotropin-releasing hormone receptor antagonist,3,True,True,True
5419,CHEMBL596802,CHEMBL217,MODULATOR,Dopamine D2 receptor modulator,3,True,True,True
5420,CHEMBL2151572,CHEMBL2492,PARTIAL AGONIST,Neuronal acetylcholine receptor protein alpha-7 subunit partial agonist,3,True,True,True
5421,CHEMBL2107771,CHEMBL4478,BLOCKER,Voltage-gated N-type calcium channel alpha-1B subunit blocker,3,True,True,True
5422,CHEMBL2107771,CHEMBL2039,INHIBITOR,Monoamine oxidase B inhibitor,3,True,True,True
5423,CHEMBL2107771,CHEMBL2331043,BLOCKER,Sodium channel alpha subunit blocker,3,True,True,True
5424,CHEMBL2107771,CHEMBL2094124,ANTAGONIST,Glutamate [NMDA] receptor antagonist,3,True,True,True
5425,CHEMBL2103881,CHEMBL1907589,ANTAGONIST,Neuronal acetylcholine receptor; alpha4/beta2 antagonist,3,True,True,True
5426,CHEMBL266510,CHEMBL4304,OPENER,Calcium-activated potassium channel subunit alpha-1 opener,3,True,True,True
5427,CHEMBL266510,CHEMBL2925,ACTIVATOR,Voltage-gated potassium channel subunit Kv7.5 activator,3,True,True,True
5428,CHEMBL266510,CHEMBL3576,ACTIVATOR,Voltage-gated potassium channel subunit Kv7.4 activator,3,True,True,True
5429,CHEMBL266510,CHEMBL2476,ACTIVATOR,Voltage-gated potassium channel subunit Kv7.2 activator,3,True,True,True
5430,CHEMBL266510,CHEMBL2221348,ACTIVATOR,"Voltage-gated potassium channel, KQT; KCNQ2(Kv7.2)/KCNQ3(Kv7.3) activator",3,True,True,True
5431,CHEMBL266510,CHEMBL3707192,ACTIVATOR,Voltage-gated potassium channel KCNQ3/KCNQ4 activator,3,True,True,True
5432,CHEMBL2386081,CHEMBL5071,ANTAGONIST,G protein-coupled receptor 44 antagonist,3,True,True,True
5433,CHEMBL3545043,CHEMBL4427,ANTAGONIST,Prostanoid DP receptor antagonist,3,True,True,True
5434,CHEMBL572881,CHEMBL1936,INHIBITOR,Stem cell growth factor receptor inhibitor,3,True,True,True
5435,CHEMBL572881,CHEMBL2041,INHIBITOR,Tyrosine-protein kinase receptor RET inhibitor,3,True,True,True
5436,CHEMBL572881,CHEMBL2095227,INHIBITOR,Vascular endothelial growth factor receptor inhibitor,3,True,True,True
5437,CHEMBL572881,CHEMBL2095189,INHIBITOR,Platelet-derived growth factor receptor inhibitor,3,True,True,True
5438,CHEMBL3306803,CHEMBL224,ANTAGONIST,Serotonin 2a (5-HT2a) receptor antagonist,4,True,True,True
5439,CHEMBL3306803,CHEMBL217,ANTAGONIST,Dopamine D2 receptor antagonist,4,True,True,True
5440,CHEMBL3306803,CHEMBL228,INHIBITOR,Serotonin transporter inhibitor,4,True,True,True
5441,CHEMBL3545257,CHEMBL1919,MODULATOR,Voltage-gated calcium channel alpha2/delta subunit 1 modulator,-1,True,True,True
5442,CHEMBL3545257,CHEMBL3896,MODULATOR,Voltage-gated calcium channel alpha2/delta subunit 2 modulator,-1,True,True,True
5443,CHEMBL1742981,CHEMBL3580482,OTHER,Mucin-16 other,3,True,True,True
5444,CHEMBL1742991,CHEMBL3580483,INHIBITOR,Interleukin-5 receptor subunit alpha inhibitor,4,True,True,True
5445,CHEMBL1742995,CHEMBL2364154,INHIBITOR,Interleukin-23 inhibitor,3,True,True,True
5446,CHEMBL1742995,CHEMBL2364153,INHIBITOR,Interleukin-12 inhibitor,3,True,True,True
5448,CHEMBL1742996,CHEMBL3580485,ANTAGONIST,Interleukin-17 receptor A antagonist,4,True,True,True
5449,CHEMBL1743009,CHEMBL3580503,INHIBITOR,Heat shock protein 90 homolog inhibitor,3,True,True,True
5450,CHEMBL1743015,CHEMBL2979,ANTAGONIST,Integrin beta-7 antagonist,3,True,True,True
5451,CHEMBL1743016,CHEMBL2121,INHIBITOR,Folate receptor alpha inhibitor,3,True,True,True
5452,CHEMBL1743019,CHEMBL1957,ANTAGONIST,Insulin-like growth factor I receptor antagonist,3,True,True,True
5453,CHEMBL1743023,CHEMBL1649058,INHIBITOR,Beta-nerve growth factor inhibitor,3,True,True,True
5454,CHEMBL1743024,CHEMBL1957,ANTAGONIST,Insulin-like growth factor I receptor antagonist,3,True,True,True
5455,CHEMBL1743025,CHEMBL2487,BINDING AGENT,Amyloid-beta A4 protein binding agent,3,True,True,True
5456,CHEMBL1743026,CHEMBL1909490,NEGATIVE ALLOSTERIC MODULATOR,Interleukin-1 beta negative allosteric modulator,3,True,True,True
5457,CHEMBL1743027,CHEMBL3594,OTHER,Carbonic anhydrase IX other,3,True,True,True
5458,CHEMBL1743035,CHEMBL3580486,INHIBITOR,Interleukin-13 inhibitor,4,True,True,True
5459,CHEMBL1743042,CHEMBL2364165,INHIBITOR,Fusion glycoprotein F0 inhibitor,3,True,True,True
5460,CHEMBL1743043,CHEMBL3218,BINDING AGENT,CD22 binding agent,4,True,True,True
5461,CHEMBL1743051,CHEMBL3717,ANTAGONIST,Hepatocyte growth factor receptor antagonist,3,True,True,True
5462,CHEMBL1743053,CHEMBL1975,BINDING AGENT,T-cell surface glycoprotein CD3 epsilon chain binding agent,3,True,True,True
5463,CHEMBL1743063,CHEMBL5479,INHIBITOR,Hepatocyte growth factor inhibitor,3,True,True,True
5464,CHEMBL1743071,CHEMBL1795129,INHIBITOR,Interleukin-6 inhibitor,3,True,True,True
5465,CHEMBL1743072,CHEMBL2487,BINDING AGENT,Amyloid-beta A4 protein binding agent,3,True,True,True
5466,CHEMBL1743075,CHEMBL2364158,INHIBITOR,Tumor necrosis factor ligand superfamily member 13B inhibitor,3,True,True,True
5467,CHEMBL1743078,CHEMBL1975,OTHER,T-cell surface glycoprotein CD3 epsilon chain other,4,True,True,True
5468,CHEMBL1743080,CHEMBL1075153,AGONIST,Tumor necrosis factor receptor superfamily member 10B agonist,3,True,True,True
5469,CHEMBL1743081,CHEMBL3580486,INHIBITOR,Interleukin-13 inhibitor,4,True,True,True
5470,CHEMBL2107861,CHEMBL203,ANTAGONIST,Epidermal growth factor receptor erbB1 antagonist,3,True,True,True
5471,CHEMBL2107874,CHEMBL3580487,INHIBITOR,Sclerostin inhibitor,4,True,True,True
5472,CHEMBL2107917,CHEMBL3580482,OTHER,Mucin-16 other,3,True,True,True
5473,CHEMBL2107979,CHEMBL2364163,INHIBITOR,Complement C5 inhibitor,3,True,True,True
5474,CHEMBL2108041,CHEMBL2058,BINDING AGENT,B-lymphocyte antigen CD20 binding agent,4,True,True,True
5475,CHEMBL2108061,CHEMBL2095226,ANTAGONIST,Integrin alpha-5/beta-1 antagonist,3,True,True,True
5476,CHEMBL2108063,CHEMBL2754,OTHER,T-cell surface antigen CD4 other,3,True,True,True
5477,CHEMBL2108208,CHEMBL1825,INHIBITOR,TNF-alpha inhibitor,3,True,True,True
5478,CHEMBL2108228,CHEMBL3218,OTHER,CD22 other,3,True,True,True
5479,CHEMBL2108378,CHEMBL3580508,OTHER,Lipopolysaccharide (LPS) other,3,True,True,True
5480,CHEMBL2108442,CHEMBL3580507,OTHER,Ganglioside GD3 other,3,True,True,True
5481,CHEMBL2108566,CHEMBL1825,INHIBITOR,TNF-alpha inhibitor,3,True,True,True
5482,CHEMBL2108567,CHEMBL1649058,INHIBITOR,Beta-nerve growth factor inhibitor,3,True,True,True
5483,CHEMBL2108576,CHEMBL2487,BINDING AGENT,Amyloid-beta A4 protein binding agent,3,True,True,True
5484,CHEMBL2108611,CHEMBL3218,BINDING AGENT,CD22 binding agent,4,True,True,True
5485,CHEMBL2108658,CHEMBL2364164,INHIBITOR,Cytotoxic T-lymphocyte protein 4 inhibitor,4,True,True,True
5486,CHEMBL2108675,CHEMBL3580490,ANTAGONIST,Interleukin-4 receptor subunit alpha antagonist,4,True,True,True
5487,CHEMBL2108730,CHEMBL2364155,ANTAGONIST,Interleukin-6 receptor alpha subunit antagonist,4,True,True,True
5488,CHEMBL2108811,CHEMBL1975,INHIBITOR,T-cell surface glycoprotein CD3 epsilon chain inhibitor,3,True,True,True
5489,CHEMBL2108887,CHEMBL1825,INHIBITOR,TNF-alpha inhibitor,2,True,True,True
5490,CHEMBL2108967,CHEMBL3217393,INHIBITOR,Transforming growth factor beta-2 inhibitor,3,True,True,True
5491,CHEMBL2109150,CHEMBL1842,OTHER,Myeloid cell surface antigen CD33 other,3,True,True,True
5492,CHEMBL2109177,CHEMBL1803,INHIBITOR,Leukocyte adhesion glycoprotein LFA-1 alpha inhibitor,3,True,True,True
5493,CHEMBL2109191,CHEMBL2364157,INHIBITOR,T-lymphocyte activation antigen CD80 inhibitor,3,True,True,True
5494,CHEMBL2109193,CHEMBL3580492,OTHER,Basigin other,3,True,True,True
5495,CHEMBL2109361,CHEMBL3580494,BINDING AGENT,Mucin-1 binding agent,3,True,True,True
5496,CHEMBL2109406,CHEMBL5838,INHIBITOR,Receptor tyrosine-protein kinase erbB-3 inhibitor,3,True,True,True
5497,CHEMBL2109447,CHEMBL3831291,OTHER,"HLA class II histocompatibility antigen, DRB1-15 beta chain other",3,True,True,True
5498,CHEMBL2109592,CHEMBL3580506,ANTAGONIST,T-cell receptor antagonist,3,True,True,True
5499,CHEMBL3707253,CHEMBL1783,BINDING AGENT,Vascular endothelial growth factor A binding agent,-1,True,True,True
5500,CHEMBL2109626,CHEMBL3580509,INHIBITOR,Urushiol inhibitor,3,True,True,True
5501,CHEMBL2109653,CHEMBL3580496,INHIBITOR,Interleukin-1 alpha inhibitor,3,True,True,True
5502,CHEMBL3707280,CHEMBL3594,BINDING AGENT,Carbonic anhydrase IX binding agent,3,True,True,True
5503,CHEMBL2108713,CHEMBL3594,BINDING AGENT,Carbonic anhydrase IX binding agent,3,True,True,True
5504,CHEMBL3707297,CHEMBL3594,BINDING AGENT,Carbonic anhydrase IX binding agent,3,True,True,True
5505,CHEMBL3137349,CHEMBL2929,INHIBITOR,Subtilisin/kexin type 9 inhibitor,3,True,True,True
5506,CHEMBL3707403,,,Unknown,3,True,True,True
5507,CHEMBL2103836,CHEMBL2363032,MODULATOR,Voltage-gated calcium channel modulator,3,True,True,True
5508,CHEMBL262075,CHEMBL1962,POSITIVE ALLOSTERIC MODULATOR,GABA receptor alpha-1 subunit positive allosteric modulator,3,True,True,True
5510,CHEMBL3039514,CHEMBL3307224,INHIBITOR,Nonstructural protein 5A inhibitor,4,True,True,True
5511,CHEMBL2063090,CHEMBL2095231,INHIBITOR,"Hepatitis C virus serine protease, NS3/NS4A inhibitor",4,True,True,True
5512,CHEMBL607400,CHEMBL1998,MODULATOR,Synaptic vesicle glycoprotein 2A modulator,4,True,True,True
5513,CHEMBL3544926,CHEMBL5352,BINDING AGENT,Protective antigen binding agent,4,True,True,True
5514,CHEMBL1743034,CHEMBL3390822,INHIBITOR,Interleukin 17A inhibitor,4,True,True,True
5515,CHEMBL2107884,CHEMBL1169600,INHIBITOR,Interleukin-5 inhibitor,4,True,True,True
5516,CHEMBL3137309,CHEMBL4860,INHIBITOR,Apoptosis regulator Bcl-2 inhibitor,4,True,True,True
5518,CHEMBL3707227,CHEMBL3580522,INHIBITOR,Programmed cell death 1 ligand 1 inhibitor,4,True,True,True
5520,CHEMBL1255654,CHEMBL2331043,BLOCKER,Sodium channel alpha subunit blocker,4,True,True,True
5521,CHEMBL3707226,CHEMBL1801,ACTIVATOR,Plasminogen activator,4,True,True,True
5522,CHEMBL1201341,CHEMBL220,INHIBITOR,Acetylcholinesterase inhibitor,4,True,True,True
5528,CHEMBL1742986,CHEMBL2364158,INHIBITOR,Tumor necrosis factor ligand superfamily member 13B inhibitor,3,True,True,True
5533,CHEMBL2109662,CHEMBL3831181,INHIBITOR,Growth/differentiation factor 2 inhibitor,3,True,True,True
5534,CHEMBL1083390,CHEMBL3371,ANTAGONIST,Serotonin 6 (5-HT6) receptor antagonist,3,True,True,True
5535,CHEMBL113461,CHEMBL2362996,BLOCKER,Voltage-gated potassium channel blocker,3,True,True,True
5537,CHEMBL2107359,CHEMBL2366047,INHIBITOR,Kinetoplast DNA inhibitor,3,True,True,True
5538,CHEMBL2107842,CHEMBL2364170,AGONIST,Interferon alpha/beta receptor agonist,3,True,True,True
5540,CHEMBL2107846,CHEMBL3551,AGONIST,TRAIL receptor-1 agonist,2,True,True,True
5541,CHEMBL2107856,CHEMBL2916,INHIBITOR,Telomerase reverse transcriptase inhibitor,3,True,True,True
5542,CHEMBL2107859,CHEMBL3712996,INHIBITOR,Blood group Rh(D) polypeptide inhibitor,2,True,True,True
5543,CHEMBL2107862,CHEMBL1075113,AGONIST,Toll-like receptor 3 agonist,3,True,True,True
5545,CHEMBL2107866,CHEMBL1817,AGONIST,Erythropoietin receptor agonist,4,True,True,True
5547,CHEMBL2107870,CHEMBL2016,INHIBITOR,Coagulation factor IX inhibitor,3,True,True,True
5548,CHEMBL2107875,CHEMBL3545434,CHELATING AGENT,Potassium chelating agent,3,True,True,True
5550,CHEMBL2108557,CHEMBL2111480,AGONIST,Vascular endothelial growth factor receptor 1 and 2 (Flt-1 and KDR) agonist,2,True,True,True
5553,CHEMBL2108702,CHEMBL2916,INHIBITOR,Telomerase reverse transcriptase inhibitor,4,True,True,True
5554,CHEMBL2108703,CHEMBL3559389,HYDROLYTIC ENZYME,Triglyceride hydrolytic enzyme,3,True,True,True
5555,CHEMBL2108712,CHEMBL3831291,MODULATOR,"HLA class II histocompatibility antigen, DRB1-15 beta chain modulator",2,True,True,True
5556,CHEMBL2108718,CHEMBL1950,INHIBITOR,Antithrombin-III inhibitor,3,True,True,True
5558,CHEMBL2108723,CHEMBL3831284,AGONIST,Interferon lambda receptor agonist,3,True,True,True
5559,CHEMBL2108727,CHEMBL614126,DISRUPTING AGENT,Melanoma cell disrupting agent,4,True,True,True
5560,CHEMBL2108735,CHEMBL3826826,POSITIVE MODULATOR,Dystrophin pre-mRNA positive modulator,3,True,True,True
5562,CHEMBL2109084,CHEMBL1801,ACTIVATOR,Plasminogen activator,3,True,True,True
5565,CHEMBL2108278,CHEMBL3826826,POSITIVE MODULATOR,Dystrophin pre-mRNA positive modulator,4,True,True,True
5566,CHEMBL2108569,CHEMBL1981,AGONIST,Insulin receptor agonist,3,True,True,True
5567,CHEMBL2108572,CHEMBL1996,AGONIST,Granulocyte colony stimulating factor receptor agonist,2,True,True,True
5569,CHEMBL2108583,CHEMBL3831285,BINDING AGENT,Interleukin 13 receptor binding agent,3,True,True,True
5571,CHEMBL2108628,CHEMBL2095182,STABILISER,Tubulin stabiliser,3,True,True,True
5574,CHEMBL2108683,CHEMBL2176839,AGONIST,Toll-like receptor 5 agonist,2,True,True,True
5575,CHEMBL1516,CHEMBL227,ANTAGONIST,Type-1 angiotensin II receptor antagonist,3,True,True,True
5577,CHEMBL289228,CHEMBL2094108,INHIBITOR,Protein farnesyltransferase inhibitor,3,True,True,True
5579,CHEMBL2103778,CHEMBL2111332,ANTAGONIST,Serotonin 3 (5-HT3) receptor antagonist,2,True,True,True
5580,CHEMBL348475,CHEMBL4302,INHIBITOR,P-glycoprotein 1 inhibitor,3,True,True,True
5581,CHEMBL395091,CHEMBL2094124,NEGATIVE ALLOSTERIC MODULATOR,Glutamate [NMDA] receptor negative allosteric modulator,4,True,True,True
5582,CHEMBL2103793,CHEMBL5804,AGONIST,Toll-like receptor 9 agonist,3,True,True,True
5583,CHEMBL1800807,CHEMBL3572,INHIBITOR,Cholesteryl ester transfer protein inhibitor,3,True,True,True
5584,CHEMBL57242,CHEMBL227,ANTAGONIST,Type-1 angiotensin II receptor antagonist,3,True,True,True
5585,CHEMBL2103796,CHEMBL2094255,INHIBITOR,DNA topoisomerase II inhibitor,2,True,True,True
5586,CHEMBL512351,CHEMBL244,INHIBITOR,Coagulation factor X inhibitor,4,True,True,True
5587,CHEMBL2103800,CHEMBL2364184,SEQUESTERING AGENT,Phosphate sequestering agent,4,True,True,True
5588,CHEMBL313006,CHEMBL3572,INHIBITOR,Cholesteryl ester transfer protein inhibitor,3,True,True,True
5589,CHEMBL2103810,CHEMBL3902,INHIBITOR,Glutathione S-transferase Pi inhibitor,2,True,True,True
5591,CHEMBL49642,CHEMBL2095182,INHIBITOR,Tubulin inhibitor,2,True,True,True
5592,CHEMBL2103815,CHEMBL1907594,PARTIAL AGONIST,Neuronal acetylcholine receptor; alpha3/beta4 partial agonist,3,True,True,True
5593,CHEMBL481611,CHEMBL268,INHIBITOR,Cathepsin K inhibitor,3,True,True,True
5595,CHEMBL459505,CHEMBL5141,INHIBITOR,Cytochrome P450 26A1 inhibitor,2,True,True,True
5597,CHEMBL48361,CHEMBL204,INHIBITOR,Thrombin inhibitor,3,True,True,True
5598,CHEMBL2103826,CHEMBL2095182,STABILISER,Tubulin stabiliser,2,True,True,True
5599,CHEMBL515387,CHEMBL284,INHIBITOR,Dipeptidyl peptidase IV inhibitor,4,True,True,True
5601,CHEMBL2103831,CHEMBL2094253,INHIBITOR,Cyclooxygenase inhibitor,3,True,True,True
5602,CHEMBL889,CHEMBL2311221,CROSS-LINKING AGENT,DNA cross-linking agent,3,True,True,True
5603,CHEMBL2103832,CHEMBL2095169,PARTIAL AGONIST,Dopamine receptors; D2 & D3 partial agonist,3,True,True,True
5604,CHEMBL148674,CHEMBL3474,INHIBITOR,Phospholipase A2 group IIA inhibitor,2,True,True,True
5605,CHEMBL2103837,CHEMBL3194,STABILISER,Transthyretin stabiliser,4,True,True,True
5607,CHEMBL2103839,CHEMBL2842,INHIBITOR,Serine/threonine-protein kinase mTOR inhibitor,3,True,True,True
5608,CHEMBL2103844,CHEMBL2311221,CROSS-LINKING AGENT,DNA cross-linking agent,4,True,True,True
5609,CHEMBL2103846,CHEMBL208,MODULATOR,Progesterone receptor modulator,4,True,True,True
5610,CHEMBL2103847,CHEMBL3831223,INHIBITOR,Aminopeptidase inhibitor,2,True,True,True
5611,CHEMBL2103849,CHEMBL1827,INHIBITOR,Phosphodiesterase 5A inhibitor,3,True,True,True
5612,CHEMBL2103852,CHEMBL2095182,INHIBITOR,Tubulin inhibitor,2,True,True,True
5613,CHEMBL286738,CHEMBL3559,INHIBITOR,Steryl-sulfatase inhibitor,2,True,True,True
5615,CHEMBL2103855,CHEMBL3831287,INHIBITOR,Tryptophan 5-hydroxylase inhibitor,4,True,True,True
5616,CHEMBL2103857,CHEMBL222,INHIBITOR,Norepinephrine transporter inhibitor,3,True,True,True
5617,CHEMBL218650,CHEMBL2111188,INHIBITOR,Mycobacterium tuberculosis H37Rv inhibitor,4,True,True,True
5618,CHEMBL1922660,CHEMBL4550,INHIBITOR,5-lipoxygenase activating protein inhibitor,3,True,True,True
5619,CHEMBL552212,CHEMBL2095182,INHIBITOR,Tubulin inhibitor,2,True,True,True
5620,CHEMBL2103867,CHEMBL1795197,AGONIST,Heat-stable enterotoxin receptor agonist,4,True,True,True
5621,CHEMBL1922673,CHEMBL4550,INHIBITOR,5-lipoxygenase activating protein inhibitor,3,True,True,True
5622,CHEMBL2017179,CHEMBL3572,INHIBITOR,Cholesteryl ester transfer protein inhibitor,3,True,True,True
5623,CHEMBL2103879,CHEMBL2095165,INHIBITOR,Heat shock protein HSP90 inhibitor,3,True,True,True
5624,CHEMBL117287,CHEMBL1875,AGONIST,Serotonin 4 (5-HT4) receptor agonist,4,True,True,True
5625,CHEMBL2103883,CHEMBL1864,AGONIST,Thrombopoietin receptor agonist,4,True,True,True
5626,CHEMBL2103884,CHEMBL2364701,INHIBITOR,26S proteasome inhibitor,2,True,True,True
5629,CHEMBL298734,CHEMBL2094108,INHIBITOR,Protein farnesyltransferase inhibitor,4,True,True,True
5632,CHEMBL3301672,CHEMBL3038512,ANTAGONIST,Toll-like receptor 4/MD-2 antagonist,3,True,True,True
5633,CHEMBL2104967,CHEMBL1907599,ANTAGONIST,Integrin alpha-4/beta-1 antagonist,2,True,True,True
5634,CHEMBL2104981,CHEMBL3514,INHIBITOR,LDL-associated phospholipase A2 inhibitor,2,True,True,True
5635,CHEMBL90983,CHEMBL2311221,INHIBITOR,DNA inhibitor,2,True,True,True
5636,CHEMBL3989496,CHEMBL2095215,INHIBITOR,Ribonucleoside-diphosphate reductase RR1 inhibitor,2,True,True,True
5637,CHEMBL235191,CHEMBL2093865,INHIBITOR,Histone deacetylase inhibitor,3,True,True,True
5638,CHEMBL5314374,CHEMBL244,INHIBITOR,Coagulation factor X inhibitor,3,True,True,True
5639,CHEMBL2110725,CHEMBL2095182,INHIBITOR,Tubulin inhibitor,4,True,True,True
5640,CHEMBL429876,CHEMBL1907598,ANTAGONIST,Integrin alpha-V/beta-3 antagonist,3,True,True,True
5642,CHEMBL325424,CHEMBL3475,INHIBITOR,Plasminogen activator inhibitor-1 inhibitor,2,True,True,True
5643,CHEMBL591118,CHEMBL284,INHIBITOR,Dipeptidyl peptidase IV inhibitor,2,True,True,True
5646,CHEMBL27759,CHEMBL2093865,INHIBITOR,Histone deacetylase inhibitor,3,True,True,True
5647,CHEMBL315985,CHEMBL2331043,BLOCKER,Sodium channel alpha subunit blocker,4,True,True,True
5649,CHEMBL289351,CHEMBL2095182,INHIBITOR,Tubulin inhibitor,2,True,True,True
5650,CHEMBL2105643,CHEMBL2095182,DISRUPTING AGENT,Tubulin disrupting agent,2,True,True,True
5651,CHEMBL272980,CHEMBL325,INHIBITOR,Histone deacetylase 1 inhibitor,2,True,True,True
5652,CHEMBL2028665,CHEMBL3884,INHIBITOR,Sodium/glucose cotransporter 2 inhibitor,2,True,True,True
5653,CHEMBL377559,CHEMBL2095165,INHIBITOR,Heat shock protein HSP90 inhibitor,3,True,True,True
5654,CHEMBL2304041,CHEMBL2095182,STABILISER,Tubulin stabiliser,2,True,True,True
5655,CHEMBL2105659,CHEMBL3474,INHIBITOR,Phospholipase A2 group IIA inhibitor,3,True,True,True
5656,CHEMBL2105661,CHEMBL4581,INHIBITOR,Kinesin-like protein 1 inhibitor,2,True,True,True
5657,CHEMBL2105665,CHEMBL2311221,INHIBITOR,DNA inhibitor,3,True,True,True
5658,CHEMBL190412,CHEMBL1744525,INHIBITOR,Nicotinamide phosphoribosyltransferase inhibitor,2,True,True,True
5659,CHEMBL371405,CHEMBL3831201,INHIBITOR,20S proteasome inhibitor,3,True,True,True
5660,CHEMBL1800955,CHEMBL3831286,ACTIVATOR,Cardiac myosin activator,3,True,True,True
5661,CHEMBL1096380,CHEMBL2095182,INHIBITOR,Tubulin inhibitor,3,True,True,True
5662,CHEMBL506871,CHEMBL3390820,INHIBITOR,"PARP 1, 2 and 3 inhibitor",3,True,True,True
5663,CHEMBL2105671,CHEMBL2179,STABILISER,Beta-glucocerebrosidase stabiliser,2,True,True,True
5664,CHEMBL2105675,CHEMBL3194,STABILISER,Transthyretin stabiliser,4,True,True,True
5665,CHEMBL460785,CHEMBL2608,STABILISER,Lysosomal alpha-glucosidase stabiliser,2,True,True,True
5666,CHEMBL2105681,CHEMBL2311221,INHIBITOR,DNA inhibitor,3,True,True,True
5667,CHEMBL2105683,CHEMBL2094253,INHIBITOR,Cyclooxygenase inhibitor,2,True,True,True
5669,CHEMBL1095032,CHEMBL244,INHIBITOR,Coagulation factor X inhibitor,2,True,True,True
5670,CHEMBL301742,CHEMBL2111463,AGONIST,GABA-B receptor agonist,3,True,True,True
5672,CHEMBL2105711,CHEMBL3884,INHIBITOR,Sodium/glucose cotransporter 2 inhibitor,4,True,True,True
5673,CHEMBL2105721,CHEMBL3776,INHIBITOR,Caspase-8 inhibitor,2,True,True,True
5674,CHEMBL1173055,CHEMBL3390820,INHIBITOR,"PARP 1, 2 and 3 inhibitor",4,True,True,True
5675,CHEMBL3989801,CHEMBL1275223,INHIBITOR,Heat shock cognate 71 kDa protein inhibitor,3,True,True,True
5679,CHEMBL1921976,CHEMBL3522,INHIBITOR,Cytochrome P450 17A1 inhibitor,3,True,True,True
5681,CHEMBL1094636,CHEMBL5366,INHIBITOR,Poly [ADP-ribose] polymerase 2 inhibitor,4,True,True,True
5682,CHEMBL2105754,CHEMBL284,INHIBITOR,Dipeptidyl peptidase IV inhibitor,4,True,True,True
5683,CHEMBL1770248,CHEMBL3884,INHIBITOR,Sodium/glucose cotransporter 2 inhibitor,4,True,True,True
5684,CHEMBL2105762,CHEMBL284,INHIBITOR,Dipeptidyl peptidase IV inhibitor,4,True,True,True
5685,CHEMBL4594230,CHEMBL1996,AGONIST,Granulocyte colony stimulating factor receptor agonist,4,True,True,True
5688,CHEMBL431770,CHEMBL251,ANTAGONIST,Adenosine A2a receptor antagonist,4,True,True,True
5689,CHEMBL416146,CHEMBL230,INHIBITOR,Cyclooxygenase-2 inhibitor,4,True,True,True
5691,CHEMBL218166,CHEMBL214,PARTIAL AGONIST,Serotonin 1a (5-HT1a) receptor partial agonist,3,True,True,True
5692,CHEMBL2106798,CHEMBL2109238,ANTAGONIST,Neuronal acetylcholine receptor; alpha9/alpha10 antagonist,3,True,True,True
5694,CHEMBL2107312,CHEMBL2111463,AGONIST,GABA-B receptor agonist,3,True,True,True
5695,CHEMBL2107313,CHEMBL1781,INHIBITOR,DNA topoisomerase I inhibitor,3,True,True,True
5698,CHEMBL1767407,CHEMBL4398,AGONIST,Purinergic receptor P2Y2 agonist,3,True,True,True
5700,CHEMBL550755,CHEMBL4338,INHIBITOR,Purine nucleoside phosphorylase inhibitor,4,True,True,True
5702,CHEMBL2107354,CHEMBL1293266,OTHER,Nucleotide-binding oligomerization domain-containing protein 2 other,4,True,True,True
5703,CHEMBL2107358,CHEMBL4860,INHIBITOR,Apoptosis regulator Bcl-2 inhibitor,3,True,True,True
5705,CHEMBL190083,CHEMBL2094135,MODULATOR,Gamma-secretase modulator,3,True,True,True
5710,CHEMBL197672,CHEMBL3831289,INHIBITOR,Caspase inhibitor,2,True,True,True
5711,CHEMBL180101,CHEMBL222,INHIBITOR,Norepinephrine transporter inhibitor,3,True,True,True
5712,CHEMBL520733,CHEMBL2094135,INHIBITOR,Gamma-secretase inhibitor,3,True,True,True
5713,CHEMBL1835207,CHEMBL230,INHIBITOR,Cyclooxygenase-2 inhibitor,2,True,True,True
5717,CHEMBL68117,CHEMBL2094255,INHIBITOR,DNA topoisomerase II inhibitor,3,True,True,True
5719,CHEMBL257704,CHEMBL224,ANTAGONIST,Serotonin 2a (5-HT2a) receptor antagonist,3,True,True,True
5722,CHEMBL492399,CHEMBL2095182,DISRUPTING AGENT,Tubulin disrupting agent,2,True,True,True
5723,CHEMBL1090771,CHEMBL2094135,INHIBITOR,Gamma-secretase inhibitor,2,True,True,True
5725,CHEMBL396778,CHEMBL2039,INHIBITOR,Monoamine oxidase B inhibitor,4,True,True,True
5726,CHEMBL1171829,CHEMBL2337,INHIBITOR,Glycine transporter 1 inhibitor,3,True,True,True
5727,CHEMBL18901,CHEMBL2095168,NEGATIVE MODULATOR,Hemoglobin HbA negative modulator,3,True,True,True
5728,CHEMBL463981,CHEMBL2094135,INHIBITOR,Gamma-secretase inhibitor,2,True,True,True
5729,CHEMBL204021,CHEMBL3514,INHIBITOR,LDL-associated phospholipase A2 inhibitor,3,True,True,True
5730,CHEMBL167731,CHEMBL2311221,CROSS-LINKING AGENT,DNA cross-linking agent,4,True,True,True
5732,CHEMBL3989689,CHEMBL3273,INHIBITOR,Sodium/hydrogen exchanger 3 inhibitor,3,True,True,True
5733,CHEMBL109480,CHEMBL2095165,INHIBITOR,Heat shock protein HSP90 inhibitor,3,True,True,True
5734,CHEMBL142703,CHEMBL284,INHIBITOR,Dipeptidyl peptidase IV inhibitor,4,True,True,True
5737,CHEMBL481958,CHEMBL1806,INHIBITOR,DNA topoisomerase II alpha inhibitor,3,True,True,True
5740,CHEMBL443684,CHEMBL4860,INHIBITOR,Apoptosis regulator Bcl-2 inhibitor,3,True,True,True
5743,CHEMBL1215923,CHEMBL3831288,INHIBITOR,Selectin inhibitor,2,True,True,True
5744,CHEMBL73822,CHEMBL2311221,INHIBITOR,DNA inhibitor,3,True,True,True
5746,CHEMBL435224,CHEMBL3338,INHIBITOR,Squalene synthetase inhibitor,3,True,True,True
5748,CHEMBL490665,CHEMBL237,AGONIST,Kappa opioid receptor agonist,4,True,True,True
5752,CHEMBL2107818,CHEMBL1806,INHIBITOR,DNA topoisomerase II alpha inhibitor,3,True,True,True
5753,CHEMBL2107821,CHEMBL3831182,INHIBITOR,Retinoid isomerohydrolase inhibitor,3,True,True,True
5754,CHEMBL2107829,CHEMBL3831182,INHIBITOR,Retinoid isomerohydrolase inhibitor,2,True,True,True
5758,CHEMBL2364609,CHEMBL2094124,NEGATIVE ALLOSTERIC MODULATOR,Glutamate [NMDA] receptor negative allosteric modulator,4,True,True,True
5759,CHEMBL1829174,CHEMBL4422,POSITIVE ALLOSTERIC MODULATOR,Free fatty acid receptor 1 positive allosteric modulator,3,True,True,True
5760,CHEMBL2364614,CHEMBL2363064,INHIBITOR,Monoamine transporter inhibitor,2,True,True,True
5761,CHEMBL1231160,CHEMBL3831283,INHIBITOR,NEDD8 activating enzyme inhibitor,3,True,True,True
5762,CHEMBL2364624,CHEMBL6009,INHIBITOR,Diacylglycerol O-acyltransferase 1 inhibitor,3,True,True,True
5763,CHEMBL3707446,CHEMBL5378,ANTAGONIST,P-selectin antagonist,3,True,True,True
5766,CHEMBL2364639,CHEMBL1893,INHIBITOR,Synaptic vesicular amine transporter inhibitor,4,True,True,True
5767,CHEMBL1812161,CHEMBL3623,MODULATOR,Quinone reductase 1 modulator,3,True,True,True
5769,CHEMBL2048028,CHEMBL2364172,ANTAGONIST,Integrin alpha-L/beta-2 (LFA-1) antagonist,4,True,True,True
5770,CHEMBL3039507,CHEMBL4979,INHIBITOR,Sodium/glucose cotransporter 1 inhibitor,4,True,True,True
5771,CHEMBL3039515,CHEMBL2778,INHIBITOR,Ileal bile acid transporter inhibitor,3,True,True,True
5773,CHEMBL3039521,CHEMBL2121,BINDING AGENT,Folate receptor alpha binding agent,3,True,True,True
5774,CHEMBL3039522,CHEMBL3038465,INHIBITOR,cIAP1/cIAP2 inhibitor,2,True,True,True
5777,CHEMBL3039529,CHEMBL3831282,ACTIVATOR,Fast skeletal troponin complex activator,3,True,True,True
5778,CHEMBL3039558,CHEMBL1781,INHIBITOR,DNA topoisomerase I inhibitor,3,True,True,True
5780,CHEMBL4297163,CHEMBL3921,INHIBITOR,Heparanase inhibitor,3,True,True,True
5783,CHEMBL5314381,CHEMBL1781,INHIBITOR,DNA topoisomerase I inhibitor,3,True,True,True
5784,CHEMBL166863,CHEMBL230,INHIBITOR,Cyclooxygenase-2 inhibitor,3,True,True,True
5785,CHEMBL2338329,CHEMBL3831261,INHIBITOR,Hypoxia-inducible factor prolyl hydroxylase inhibitor,4,True,True,True
5789,CHEMBL3137318,CHEMBL5366,INHIBITOR,Poly [ADP-ribose] polymerase 2 inhibitor,4,True,True,True
5790,CHEMBL3137320,CHEMBL3105,INHIBITOR,Poly [ADP-ribose] polymerase-1 inhibitor,4,True,True,True
5791,CHEMBL3137322,CHEMBL2311221,CROSS-LINKING AGENT,DNA cross-linking agent,3,True,True,True
5798,CHEMBL1186894,CHEMBL1806,INHIBITOR,DNA topoisomerase II alpha inhibitor,3,True,True,True
5799,CHEMBL3301576,CHEMBL3108633,INHIBITOR,Platelet-derived growth factor subunit B inhibitor,3,True,True,True
5802,CHEMBL3301595,CHEMBL2363064,INHIBITOR,Monoamine transporter inhibitor,3,True,True,True
5804,CHEMBL3301627,CHEMBL3273,INHIBITOR,Sodium/hydrogen exchanger 3 inhibitor,4,True,True,True
5805,CHEMBL3544907,CHEMBL2311221,CROSS-LINKING AGENT,DNA cross-linking agent,3,True,True,True
5806,CHEMBL3544911,CHEMBL4630,INHIBITOR,Serine/threonine-protein kinase Chk1 inhibitor,2,True,True,True
5807,CHEMBL260046,CHEMBL2311221,INHIBITOR,DNA inhibitor,3,True,True,True
5811,CHEMBL3544988,CHEMBL3831261,INHIBITOR,Hypoxia-inducible factor prolyl hydroxylase inhibitor,4,True,True,True
5813,CHEMBL3545070,CHEMBL3713712,PROTEOLYTIC ENZYME,Elastin proteolytic enzyme,3,True,True,True
5814,CHEMBL2443262,CHEMBL233,AGONIST,Mu opioid receptor agonist,4,True,True,True
5815,CHEMBL3545185,CHEMBL5661,INHIBITOR,Exportin-1 inhibitor,4,True,True,True
5818,CHEMBL1241348,CHEMBL2095231,INHIBITOR,"Hepatitis C virus serine protease, NS3/NS4A inhibitor",3,True,True,True
5820,CHEMBL3545369,CHEMBL4685,INHIBITOR,"Indoleamine 2,3-dioxygenase inhibitor",3,True,True,True
5821,CHEMBL484785,CHEMBL2093863,INHIBITOR,Phosphodiesterase 4 inhibitor,4,True,True,True
5822,CHEMBL190461,CHEMBL218,NEGATIVE ALLOSTERIC MODULATOR,Cannabinoid CB1 receptor negative allosteric modulator,4,True,True,True
5826,CHEMBL1808388,CHEMBL3884,INHIBITOR,Sodium/glucose cotransporter 2 inhibitor,4,True,True,True
5827,CHEMBL2105665,CHEMBL2311222,INHIBITOR,RNA inhibitor,3,True,True,True
5829,CHEMBL2106798,CHEMBL2094124,ANTAGONIST,Glutamate [NMDA] receptor antagonist,3,True,True,True
5830,CHEMBL2107358,CHEMBL4625,INHIBITOR,Apoptosis regulator Bcl-X inhibitor,3,True,True,True
5831,CHEMBL2107358,CHEMBL4677,INHIBITOR,Apoptosis regulator Bcl-W inhibitor,3,True,True,True
5832,CHEMBL2107358,CHEMBL4361,INHIBITOR,Induced myeloid leukemia cell differentiation protein Mcl-1 inhibitor,3,True,True,True
5833,CHEMBL2107358,CHEMBL6044,INHIBITOR,Bcl-2-related protein A1 inhibitor,3,True,True,True
5834,CHEMBL2107358,CHEMBL5988,INHIBITOR,Bcl-2-like protein 10 inhibitor,3,True,True,True
5835,CHEMBL166863,CHEMBL205,INHIBITOR,Carbonic anhydrase II inhibitor,3,True,True,True
5836,CHEMBL166863,CHEMBL261,INHIBITOR,Carbonic anhydrase I inhibitor,3,True,True,True
5837,CHEMBL2103832,CHEMBL214,AGONIST,Serotonin 1a (5-HT1a) receptor agonist,3,True,True,True
5838,CHEMBL3707446,CHEMBL3890,ANTAGONIST,Selectin E antagonist,3,True,True,True
5839,CHEMBL3707446,CHEMBL3161,ANTAGONIST,Leukocyte adhesion molecule-1 antagonist,3,True,True,True
5841,CHEMBL3039507,CHEMBL3884,INHIBITOR,Sodium/glucose cotransporter 2 inhibitor,4,True,True,True
5842,CHEMBL3137320,CHEMBL5366,INHIBITOR,Poly [ADP-ribose] polymerase 2 inhibitor,4,True,True,True
5843,CHEMBL68117,CHEMBL2311221,INHIBITOR,DNA inhibitor,3,True,True,True
5844,CHEMBL3137318,CHEMBL3105,INHIBITOR,Poly [ADP-ribose] polymerase-1 inhibitor,4,True,True,True
5845,CHEMBL2104967,CHEMBL2095184,ANTAGONIST,Integrin alpha-4/beta-7 antagonist,2,True,True,True
5846,CHEMBL272980,CHEMBL1937,INHIBITOR,Histone deacetylase 2 inhibitor,2,True,True,True
5847,CHEMBL272980,CHEMBL1829,INHIBITOR,Histone deacetylase 3 inhibitor,2,True,True,True
5848,CHEMBL272980,CHEMBL3310,INHIBITOR,Histone deacetylase 11 inhibitor,2,True,True,True
5849,CHEMBL272980,CHEMBL3192,INHIBITOR,Histone deacetylase 8 inhibitor,2,True,True,True
5850,CHEMBL443684,CHEMBL4625,INHIBITOR,Apoptosis regulator Bcl-X inhibitor,3,True,True,True
5851,CHEMBL443684,CHEMBL4677,INHIBITOR,Apoptosis regulator Bcl-W inhibitor,3,True,True,True
5853,CHEMBL2105721,CHEMBL4801,INHIBITOR,Caspase-1 inhibitor,2,True,True,True
5854,CHEMBL2105721,CHEMBL2273,INHIBITOR,Caspase-9 inhibitor,2,True,True,True
5855,CHEMBL3544911,CHEMBL2527,INHIBITOR,Serine/threonine-protein kinase Chk2 inhibitor,2,True,True,True
5856,CHEMBL4297163,CHEMBL3107,INHIBITOR,Basic fibroblast growth factor inhibitor,3,True,True,True
5865,CHEMBL4297163,CHEMBL2120,INHIBITOR,Acidic fibroblast growth factor inhibitor,3,True,True,True
5866,CHEMBL4297163,CHEMBL1783,INHIBITOR,Vascular endothelial growth factor A inhibitor,3,True,True,True
5867,CHEMBL1742986,CHEMBL3713436,INHIBITOR,Tumor necrosis factor ligand superfamily member 13 inhibitor,3,True,True,True
5868,CHEMBL2107846,CHEMBL1075153,AGONIST,Tumor necrosis factor receptor superfamily member 10B agonist,2,True,True,True
5869,CHEMBL2108703,CHEMBL2364181,PROTEOLYTIC ENZYME,Polypeptides proteolytic enzyme,3,True,True,True
5870,CHEMBL2108703,CHEMBL2364180,HYDROLYTIC ENZYME,Starch hydrolytic enzyme,3,True,True,True
5871,CHEMBL429876,CHEMBL2096675,ANTAGONIST,Integrin alpha-V/beta-5 antagonist,3,True,True,True
5872,CHEMBL2105659,CHEMBL4342,INHIBITOR,Group X secretory phospholipase A2 inhibitor,3,True,True,True
5873,CHEMBL2105659,CHEMBL4323,INHIBITOR,Phospholipase A2 group V inhibitor,3,True,True,True
5874,CHEMBL1169,CHEMBL6065,INHIBITOR,Dihydrofolate reductase inhibitor,4,True,True,True
5875,CHEMBL468,CHEMBL3833061,INHIBITOR,CRL4(CRBN) E3 ubiquitin ligase inhibitor,4,True,True,True
5876,CHEMBL848,CHEMBL3833061,INHIBITOR,CRL4(CRBN) E3 ubiquitin ligase inhibitor,4,True,True,True
5877,CHEMBL43452,CHEMBL3833061,INHIBITOR,CRL4(CRBN) E3 ubiquitin ligase inhibitor,4,True,True,True
5878,CHEMBL2107913,CHEMBL3580508,SEQUESTERING AGENT,Lipopolysaccharide (LPS) sequestering agent,2,True,True,True
5879,CHEMBL2108081,CHEMBL4142,AGONIST,Fibroblast growth factor receptor 2 agonist,4,True,True,True
