gene_symbol,tissue,ntpm
TNMD,adipose tissue,22.3
TNMD,breast,14.2
TNMD,seminal vesicle,24.6
C1orf112,parathyroid gland,12.7
FGR,bone marrow,196.5
FGR,lung,83.0
FGR,lymphoid tissue,136.4
CFH,liver,1585.8
FUCA2,parathyroid gland,155.6
GCLC,liver,142.2
STPG1,testis,26.1
NIPAL3,brain,59.6
SEMA3F,esophagus,96.2
CFTR,gallbladder,47.0
CFTR,intestine,42.2
CFTR,pancreas,187.0
CYP51A1,liver,188.9
HS3ST1,ovary,29.3
AOC1,intestine,214.1
AOC1,kidney,127.7
AOC1,placenta,466.7
WNT16,cervix,6.4
WNT16,skin 1,19.4
HECW1,brain,7.6
HECW1,kidney,7.3
TMEM176A,kidney,351.8
TMEM176A,liver,1277.5
KLHL13,endometrium 1,29.2
CYP26B1,brain,34.6
CYP26B1,skin 1,29.6
DBNDD1,brain,91.5
DBNDD1,skeletal muscle,46.9
ALS2,brain,21.3
TFPI,liver,254.3
TFPI,placenta,179.5
NDUFAF7,testis,36.2
MTMR7,brain,11.6
MTMR7,retina,26.3
SLC7A2,liver,165.3
SLC7A2,parathyroid gland,210.8
POLDIP2,skeletal muscle,255.8
CD38,lymphoid tissue,58.9
CAMKK1,brain,70.2
HSPB6,skeletal muscle,2832.4
HSPB6,tongue,1642.4
NDUFAB1,heart muscle,612.8
PDK4,skeletal muscle,2154.8
PDK4,tongue,1137.3
SLC22A16,bone marrow,19.3
SLC22A16,testis,20.0
ZMYND10,choroid plexus,80.2
ZMYND10,fallopian tube,113.1
ZMYND10,testis,226.5
ABCB5,epididymis,25.7
ARX,ovary,77.7
ARX,skeletal muscle,25.0
SLC25A13,liver,140.4
SLC4A1,bone marrow,379.7
CALCR,brain,4.0
CALCR,kidney,1.4
PRSS22,esophagus,77.9
PRSS22,salivary gland,25.9
PRSS22,vagina,23.8
MCUB,lymphoid tissue,30.1
HOXA11,cervix,52.4
HOXA11,endometrium 1,80.2
HOXA11,smooth muscle,38.5
MEOX1,adipose tissue,31.3
MEOX1,breast,22.5
MEOX1,heart muscle,22.4
THSD7A,kidney,7.0
ACSM3,kidney,79.3
ACSM3,liver,166.3
ACSM3,ovary,72.9
REXO5,testis,321.5
PRKAR2B,adipose tissue,159.6
TSPOAP1,brain,149.3
MPO,bone marrow,3249.5
PON1,liver,498.0
WDR54,fallopian tube,66.0
ABCB4,liver,115.1
RHBDD2,brain,348.9
RHBDD2,choroid plexus,356.5
SOX8,brain,92.6
ITGAL,bone marrow,34.9
ITGAL,lymphoid tissue,58.7
PDK2,skeletal muscle,202.5
PDK2,tongue,265.8
ITGA2B,bone marrow,15.7
ITGA2B,epididymis,10.1
ITGA2B,lymphoid tissue,11.7
ASB4,adrenal gland,44.5
ASB4,skeletal muscle,32.0
CRLF1,blood vessel,231.1
TMEM98,choroid plexus,392.6
YBX2,testis,493.0
KRT33A,skin 1,42.6
ABCC8,brain,22.2
ABCC8,pancreas,13.3
ABCC8,pituitary gland,23.3
CACNG3,brain,67.4
TMEM132A,brain,105.8
TMEM132A,choroid plexus,107.2
TAC1,brain,223.0
SPATA20,testis,112.8
CACNA1G,brain,19.3
CACNA1G,cervix,8.2
CACNA1G,retina,8.0
DLX6,brain,10.2
DLX6,testis,5.2
MAP3K9,brain,16.6
BAIAP2L1,stomach 1,55.5
ETV1,brain,124.0
ETV1,salivary gland,85.2
TTC22,cervix,38.0
TTC22,esophagus,104.7
TTC22,vagina,45.7
PHTF2,skeletal muscle,104.0
PHTF2,tongue,50.7
CCL26,choroid plexus,45.8
CCL26,ovary,22.0
CCL26,pituitary gland,18.2
USH1C,intestine,92.0
USH1C,kidney,50.5
DBF4,testis,14.2
TBXA2R,blood vessel,34.6
IFRD1,bone marrow,54.0
LGALS14,placenta,61.7
COX10,skeletal muscle,40.5
COX10,tongue,41.4
GTF2IRD1,skeletal muscle,65.9
ARHGAP44,brain,24.1
SCIN,intestine,43.6
SCIN,kidney,44.0
SCIN,placenta,73.1
MYH13,skeletal muscle,1.4
MYH13,stomach 1,1.5
ADIPOR2,brain,121.3
CDKL3,testis,13.7
UPP2,kidney,42.7
UPP2,liver,22.3
PRSS21,testis,81.8
PROM1,retina,252.8
CEACAM21,bone marrow,16.5
CEACAM21,lymphoid tissue,9.9
NOS2,intestine,19.6
NOS2,lymphoid tissue,13.8
DNAH9,brain,13.5
DNAH9,choroid plexus,11.9
DNAH9,fallopian tube,33.1
SLC13A2,intestine,121.8
SLC13A2,kidney,40.2
SLC13A2,salivary gland,45.4
GAS7,brain,176.2
MATK,bone marrow,19.3
MATK,brain,55.6
CEACAM7,intestine,612.7
CD79B,lymphoid tissue,247.5
SCN4A,skeletal muscle,128.7
SCN4A,tongue,50.4
ST7L,testis,33.7
TKTL1,testis,118.9
PAX6,brain,80.4
PAX6,retina,63.9
CACNA2D2,lung,46.3
BAIAP3,brain,135.9
BAIAP3,pituitary gland,360.8
SELE,urinary bladder,52.2
FMO3,liver,1050.2
NOX1,intestine,67.4
E2F2,bone marrow,23.7
E2F2,esophagus,8.3
E2F2,lymphoid tissue,14.7
SYN1,brain,311.6
JARID2,bone marrow,54.5
CDKL5,brain,12.8
CAMK1G,brain,48.1
CAMK1G,ovary,25.7
TFAP2B,epididymis,31.4
TFAP2B,retina,13.7
DLEC1,choroid plexus,14.4
DLEC1,fallopian tube,17.9
DLEC1,pituitary gland,9.2
DLEC1,testis,12.4
ADAM22,brain,48.2
CELSR3,brain,15.4
CELSR3,pituitary gland,6.8
PLEKHG6,esophagus,24.5
PLEKHG6,intestine,37.7
MGST1,adipose tissue,1028.7
MGST1,adrenal gland,1044.9
MGST1,liver,2898.8
PGLYRP1,bone marrow,594.9
NFIX,skeletal muscle,391.4
MMP25,bone marrow,31.3
MMP25,lymphoid tissue,75.1
IL32,liver,830.9
IL32,pancreas,685.8
PKD1,brain,199.9
MAPK8IP2,brain,103.2
CSDE1,skeletal muscle,1250.0
REV3L,retina,24.2
TENM1,brain,18.1
PAX7,skeletal muscle,5.3
PAX7,tongue,4.1
MASP2,liver,452.9
IYD,thyroid gland,442.1
TRAF3IP3,lymphoid tissue,121.5
MLXIPL,liver,546.1
ETV7,intestine,15.0
ETV7,skin 1,14.5
DYRK4,testis,34.3
UQCRC1,heart muscle,604.8
UQCRC1,skeletal muscle,718.0
UQCRC1,tongue,825.7
HHATL,brain,233.4
HHATL,heart muscle,487.7
HHATL,skeletal muscle,264.6
HHATL,tongue,144.0
NCAPD2,lymphoid tissue,71.5
GIPR,stomach 1,21.4
PHF7,testis,1149.0
SEMA3G,adipose tissue,67.3
SEMA3G,breast,55.7
NISCH,brain,276.3
STAB1,lymphoid tissue,428.0
FUZ,testis,76.2
SLC6A13,kidney,142.8
SLC6A13,liver,36.8
IDS,brain,432.1
PRSS3,pancreas,29336.6
ZNF200,testis,16.8
CD4,liver,143.1
CD4,lymphoid tissue,204.2
CD4,parathyroid gland,163.6
LRRC23,fallopian tube,95.7
BTK,bone marrow,24.2
BTK,lymphoid tissue,62.7
FMO1,kidney,185.7
NME1-NME2,retina,47.6
SLC6A7,brain,67.7
TSPAN9,brain,148.5
TSPAN9,heart muscle,120.6
ANOS1,lung,40.7
DPF1,brain,30.9
SYT7,brain,60.4
SYT7,liver,79.3
SYT7,prostate,47.8
SYT7,salivary gland,53.7
PLAUR,bone marrow,650.6
ANLN,brain,163.3
ZBTB32,testis,47.0
TYROBP,bone marrow,562.9
TYROBP,lymphoid tissue,411.3
GABRA3,brain,16.4
GABRA3,choroid plexus,32.1
GABRA3,retina,8.3
CD22,lymphoid tissue,215.0
CD22,ovary,124.5
SEMA3B,adrenal gland,162.8
SEMA3B,brain,159.5
LTF,bone marrow,4021.0
LTF,salivary gland,1063.0
NR1H4,intestine,36.8
NR1H4,liver,112.7
ALOX5,lung,69.4
ALOX5,lymphoid tissue,90.4
EHD3,brain,41.0
EHD3,esophagus,40.9
SLC7A14,brain,15.0
SLC7A14,pituitary gland,6.7
SLC7A14,retina,5.7
CLDN11,brain,119.5
CLDN11,ovary,46.0
CLDN11,testis,50.6
DNASE1L1,skeletal muscle,136.0
DNASE1L1,tongue,88.4
GPRC5A,lung,190.3
GPRC5A,urinary bladder,121.8
CD6,intestine,12.6
CD6,lymphoid tissue,40.4
TACC3,bone marrow,53.1
TACC3,lymphoid tissue,48.0
TACC3,testis,54.6
CAPN1,esophagus,267.3
ACP3,prostate,3409.5
MDH1,heart muscle,1262.4
MDH1,tongue,1722.1
CCDC88C,lymphoid tissue,37.7
WAS,bone marrow,61.5
WAS,lymphoid tissue,79.9
DPEP1,intestine,364.7
DPEP1,kidney,245.4
DPEP1,pancreas,477.7
BID,bone marrow,97.6
NPC1L1,intestine,51.0
NPC1L1,liver,46.6
XYLT2,stomach 1,85.0
STMN4,brain,426.0
ISL1,retina,21.2
ISL1,seminal vesicle,18.1
ISL1,vagina,15.2
CHDH,kidney,35.1
CHDH,liver,33.2
IL20RA,breast,24.8
IL20RA,skin 1,35.5
CLCA1,intestine,1318.0
CLCA4,esophagus,352.4
CLCA4,intestine,241.9
SLC38A5,pancreas,223.8
RUFY3,retina,111.4
CNTN1,brain,120.8
SLC11A1,choroid plexus,34.3
SLC11A1,lung,83.5
SLC11A1,lymphoid tissue,51.8
ATP1A2,brain,582.8
ATP1A2,skeletal muscle,825.7
ATP1A2,tongue,446.6
VSIG2,stomach 1,584.2
MARCO,liver,88.8
MARCO,lung,188.3
MARCO,lymphoid tissue,83.1
CYP24A1,endometrium 1,14.1
CYP24A1,kidney,31.6
CYP24A1,lymphoid tissue,9.9
CYP24A1,placenta,9.4
CYP24A1,urinary bladder,27.0
SYT13,brain,43.7
SYT13,gallbladder,19.5
CD74,lymphoid tissue,4925.3
HGF,placenta,292.9
NCDN,brain,912.9
SAMD4A,brain,78.3
SAMD4A,skeletal muscle,88.3
SAMD4A,testis,99.6
RUNX3,bone marrow,66.3
RUNX3,lymphoid tissue,33.3
PLEKHB1,brain,2714.0
PLEKHB1,retina,703.2
SERPINB1,bone marrow,440.9
SERPINB1,esophagus,497.6
CYP3A43,liver,38.6
SLC7A9,intestine,122.3
SLC7A9,kidney,63.7
NRXN3,brain,123.6
NRXN3,retina,39.8
CPS1,liver,994.6
C8B,liver,607.6
FHL1,skeletal muscle,10741.5
FHL1,tongue,9124.0
GABRA1,brain,52.4
GABRA1,retina,16.5
GRAMD1B,adrenal gland,204.1
GRAMD1B,brain,111.7
GRAMD1B,retina,89.2
NDUFS1,heart muscle,170.1
NDUFS1,skeletal muscle,210.5
NDUFS1,tongue,210.3
ALAS1,adrenal gland,697.4
ALAS1,liver,513.2
BIRC3,intestine,83.8
BIRC3,lymphoid tissue,132.2
DERA,liver,97.7
ABCC2,intestine,37.9
ABCC2,liver,113.8
DEF6,lymphoid tissue,60.1
PLEKHO1,intestine,189.3
GCLM,liver,45.3
DEPDC1,bone marrow,4.7
DEPDC1,lymphoid tissue,7.5
DEPDC1,testis,7.5
RRAGD,skeletal muscle,79.1
RRAGD,tongue,56.3
HSD17B6,liver,1686.3
NR1H3,liver,84.3
TOMM34,testis,119.2
VIM,blood vessel,5524.1
CD44,salivary gland,469.7
KCNG1,cervix,49.5
KCNG1,endometrium 1,80.2
AGPAT4,brain,53.1
SLAMF7,intestine,30.5
SLAMF7,lymphoid tissue,58.0
SLAMF7,stomach 1,32.1
INSRR,kidney,3.8
INSRR,testis,1.9
SH2D2A,lymphoid tissue,13.8
TNFRSF1B,lymphoid tissue,64.5
POU2F2,lymphoid tissue,47.4
TBPL1,testis,118.4
BMAL2,esophagus,26.1
BMAL2,lymphoid tissue,20.5
BCLAF1,bone marrow,127.3
ANK1,skeletal muscle,922.8
ANK1,tongue,592.2
IBSP,blood vessel,2.5
IBSP,pituitary gland,1.9
HMGB3,placenta,128.3
MUSK,intestine,2.7
MUSK,skeletal muscle,3.8
IKZF2,lymphoid tissue,38.3
IFT88,testis,65.5
ZCCHC8,bone marrow,41.2
LRRC7,brain,7.9
GAB2,brain,54.0
ATP6V0A1,brain,98.9
SLC4A7,intestine,53.6
SLC4A7,retina,67.5
APBA2,brain,76.5
MAP2K3,bone marrow,200.3
CLXN,choroid plexus,51.3
CLXN,fallopian tube,86.1
CLXN,testis,35.9
MYOC,blood vessel,95.1
MYOC,tongue,103.4
DEPDC1B,bone marrow,10.5
DEPDC1B,gallbladder,19.7
DEPDC1B,lymphoid tissue,19.3
DEPDC1B,testis,11.8
DAPK2,skeletal muscle,45.4
DAPK2,thyroid gland,39.7
STAP1,lymphoid tissue,47.7
CUL3,testis,193.0
MYOM2,heart muscle,324.6
MYOM2,skeletal muscle,372.0
OTC,intestine,105.7
OTC,liver,353.1
CYP46A1,brain,159.2
SLC18A1,adrenal gland,23.7
USP2,skeletal muscle,157.6
CASR,parathyroid gland,615.6
TUBG2,brain,120.4
HOXC8,epididymis,14.6
HOXC8,skeletal muscle,14.6
PI4K2B,liver,54.1
TLL1,brain,6.4
TLL1,placenta,6.0
VCAN,blood vessel,171.7
MSR1,lung,113.2
CDH1,parathyroid gland,186.0
DNAH5,choroid plexus,2.8
DNAH5,fallopian tube,3.3
C6,liver,588.3
SOX30,testis,76.2
BEST2,intestine,42.7
BEST2,skin 1,16.9
PHLPP2,intestine,20.7
PHLPP2,retina,29.8
SPDL1,testis,33.2
RTN4R,brain,82.6
CDH10,brain,18.5
RAB27B,stomach 1,41.7
MYO16,brain,2.6
MYO16,pituitary gland,2.4
TNC,blood vessel,345.5
TNC,smooth muscle,447.3
RIPOR3,kidney,40.3
SPATA7,testis,53.2
RETSAT,adipose tissue,231.9
USH2A,liver,6.5
USH2A,retina,17.8
ZPBP,testis,133.7
TG,thyroid gland,8743.8
ADAM28,epididymis,336.5
ADAM28,stomach 1,103.8
BARX2,esophagus,142.8
BARX2,salivary gland,123.8
BARX2,vagina,66.3
DCUN1D1,testis,231.3
ZIC2,brain,150.4
LCP2,bone marrow,154.8
LCP2,lymphoid tissue,107.3
ADRB1,heart muscle,20.3
ADRB1,lung,11.4
ADRB1,placenta,27.4
GUCA2B,intestine,138.2
EPHA3,prostate,29.5
DSG2,intestine,99.0
DSG2,parathyroid gland,148.5
GPM6B,brain,709.5
GPM6B,retina,180.8
MAGEC2,testis,18.4
ARAP2,bone marrow,37.5
CP,liver,1750.2
DTNBP1,brain,89.8
DTNBP1,retina,117.7
XK,bone marrow,13.4
XK,intestine,11.4
XK,stomach 1,10.9
ANO2,retina,190.9
FAM184B,brain,1.8
FAM184B,retina,1.6
FAM184B,skeletal muscle,3.9
MAP4,brain,890.0
MAP4,skeletal muscle,562.4
ROS1,epididymis,55.3
ROS1,lung,29.9
USP28,skeletal muscle,53.2
CC2D2A,retina,78.4
ZNF800,bone marrow,70.4
TNFRSF17,intestine,27.3
TNFRSF17,lymphoid tissue,44.8
TNFRSF17,stomach 1,23.0
LMO3,brain,110.4
LMO3,intestine,67.4
GUCA1A,retina,703.2
CELF2,bone marrow,73.5
R3HDM1,brain,62.7
COL9A2,brain,135.9
COL9A2,pituitary gland,106.4
ADAMTS6,placenta,1.8
H6PD,liver,89.4
UTS2,adrenal gland,3.7
UTS2,bone marrow,2.7
UTS2,brain,6.4
TNFRSF9,lymphoid tissue,9.2
EPN3,esophagus,34.8
EPN3,skin 1,30.1
EPN3,stomach 1,34.7
LTBP1,blood vessel,382.8
RCN1,epididymis,623.3
ELN,blood vessel,1227.9
FOXP3,epididymis,4.9
FOXP3,lymphoid tissue,6.6
PPP1R3F,brain,25.8
NEXMIF,brain,2.9
DKK3,choroid plexus,371.6
DKK3,heart muscle,1240.0
ARHGEF5,skin 1,45.2
NFE2L3,placenta,32.3
MCUR1,retina,75.6
SLC4A8,brain,12.0
SLC4A8,pituitary gland,16.9
SLC4A8,retina,10.3
SLC4A8,testis,11.0
LAMC3,placenta,45.8
PTGER3,endometrium 1,81.4
PTGER3,kidney,75.4
PTGER3,smooth muscle,63.3
TNIP3,lymphoid tissue,6.0
TNIP3,urinary bladder,3.9
COL23A1,thyroid gland,18.8
RAD51,lymphoid tissue,14.6
RAD51,testis,22.6
POLQ,bone marrow,5.6
POLQ,lymphoid tissue,4.2
CYBA,bone marrow,777.5
CYBA,lymphoid tissue,781.6
MPHOSPH9,lymphoid tissue,30.5
PRSS8,salivary gland,231.3
RRP12,bone marrow,85.9
RRP12,skeletal muscle,36.0
MSMO1,liver,537.9
ALX4,breast,1.7
ALX4,choroid plexus,1.5
NNAT,brain,914.4
NNAT,pituitary gland,1528.9
MCF2L2,brain,32.6
MCF2L2,retina,26.3
NRIP2,blood vessel,16.7
NRIP2,brain,55.5
KCNQ1,adrenal gland,196.1
KCNQ1,stomach 1,96.3
LY75,lymphoid tissue,73.1
OPN3,placenta,17.6
PTPRN,brain,157.2
PTPRN,pituitary gland,178.0
KIF1B,retina,118.5
KIF1B,skeletal muscle,184.8
KIF1B,tongue,141.5
FOXC1,blood vessel,80.4
FOXC1,salivary gland,145.6
SYNE2,skeletal muscle,185.6
PLEKHH1,brain,42.2
PLEKHH1,thyroid gland,35.4
ATP9A,brain,87.5
SPO11,testis,7.9
CBLN4,adrenal gland,16.8
CBLN4,brain,15.6
CBLN4,epididymis,8.3
CHRDL2,endometrium 1,118.1
CHRDL2,gallbladder,99.4
CHRDL2,lymphoid tissue,109.3
CHRDL2,smooth muscle,114.0
RELT,bone marrow,146.0
KCNH2,bone marrow,39.0
KCNH2,pituitary gland,41.5
CYFIP2,brain,82.2
CYFIP2,kidney,130.8
MCOLN3,adrenal gland,41.3
MCOLN3,epididymis,13.3
MCOLN3,parathyroid gland,33.2
CCDC85A,adipose tissue,11.8
CCDC85A,brain,11.9
ITIH4,liver,1743.0
ITIH1,liver,1407.7
ZNF280C,testis,8.8
NPFFR2,lymphoid tissue,6.7
NPFFR2,seminal vesicle,3.0
PHF21B,cervix,8.4
PHF21B,pituitary gland,18.0
IL17RB,brain,17.2
IL17RB,cervix,16.9
IL17RB,kidney,55.8
IL17RB,liver,31.1
GYG2,adipose tissue,146.8
GYG2,breast,40.4
SERPINB3,cervix,584.0
SERPINB3,esophagus,760.5
SERPINB3,vagina,669.9
SOAT1,adrenal gland,155.9
PKP2,heart muscle,185.4
MSH4,epididymis,1.7
MSH4,testis,4.0
F7,liver,128.6
PRDM1,esophagus,51.9
MTA3,lymphoid tissue,65.6
USP13,heart muscle,39.8
USP13,skeletal muscle,99.1
USP13,tongue,101.6
LAMC2,urinary bladder,36.5
RASGRF1,brain,51.5
CAMK2B,brain,104.5
CAMK2B,heart muscle,62.4
CAMK2B,skeletal muscle,112.2
CAMK2B,tongue,57.4
POLR3E,skeletal muscle,55.6
ATP2B4,smooth muscle,164.7
DGKG,brain,25.7
TBXAS1,lymphoid tissue,54.1
ALDH18A1,salivary gland,113.1
MXD1,bone marrow,163.8
MXD1,esophagus,125.8
DNAJC25,liver,30.0
SLC2A3,bone marrow,404.4
PSD,brain,475.5
PSD,intestine,249.1
YBX3,skeletal muscle,4495.4
YBX3,tongue,1528.5
STYK1,intestine,16.0
STYK1,stomach 1,16.5
GNA15,bone marrow,71.2
GNA15,esophagus,99.4
CREB3L3,intestine,242.2
CREB3L3,liver,381.3
RIMBP2,brain,18.7
RIMBP2,parathyroid gland,21.3
RIMBP2,pituitary gland,27.5
COL11A1,placenta,18.9
COL11A1,retina,8.9
MPC1,heart muscle,692.4
MPC1,tongue,521.3
ACAA1,kidney,198.3
ACAA1,liver,616.3
BCAT1,pancreas,54.8
LZTS1,brain,24.4
LZTS1,parathyroid gland,51.0
PRDM6,blood vessel,14.8
PRDM6,urinary bladder,8.8
SPAG4,pancreas,85.0
SPAG4,testis,30.4
CDH3,choroid plexus,51.8
CDH3,ovary,32.3
ARSF,brain,4.8
ARSF,kidney,7.1
ARSF,skin 1,5.3
DGAT2,adipose tissue,447.0
DGAT2,breast,135.2
DGAT2,liver,309.8
DGAT2,skin 1,147.4
CS,skeletal muscle,515.2
CS,tongue,561.0
LTK,intestine,12.4
LTK,lung,14.3
LTK,salivary gland,11.1
SEZ6,brain,109.8
SLC6A16,testis,88.0
CA11,brain,517.6
ISOC2,liver,262.8
AHRR,testis,22.8
GSC2,retina,1.0
GSC2,testis,3.5
ZNF275,adrenal gland,67.9
GPC1,skin 1,213.4
CASP8,bone marrow,44.1
LIMCH1,skeletal muscle,191.0
LIMCH1,tongue,258.9
TM7SF3,kidney,239.2
DLX3,skin 1,51.9
SPA17,fallopian tube,23.1
SPA17,testis,36.7
TSPAN32,bone marrow,18.8
TSPAN32,heart muscle,10.7
TSPAN32,lymphoid tissue,5.2
CCN5,adipose tissue,422.9
CCN5,blood vessel,904.2
CCN5,cervix,365.6
DMRT3,choroid plexus,9.3
DMRT3,parathyroid gland,25.3
DMRT3,testis,9.1
ST3GAL6,heart muscle,21.4
ST3GAL6,liver,39.3
ATP2C2,intestine,35.1
ATP2C2,salivary gland,19.1
ATP2C2,skin 1,24.5
CDON,ovary,13.5
HIPK2,brain,146.1
LPAR2,lymphoid tissue,74.0
CTSA,adrenal gland,312.4
SLC12A2,salivary gland,71.2
EYA2,cervix,52.3
ABCA7,lymphoid tissue,41.5
ABCA7,pituitary gland,48.5
SNCAIP,cervix,16.1
SNCAIP,endometrium 1,18.2
SNCAIP,ovary,24.6
DDX20,testis,38.3
BTBD1,skeletal muscle,304.4
BTBD1,tongue,215.5
FAR2,epididymis,18.1
FAR2,intestine,21.4
BCAS1,brain,201.8
BCAS1,choroid plexus,83.2
BCAS1,stomach 1,150.9
POU1F1,pituitary gland,55.4
CHI3L2,lymphoid tissue,186.8
CHI3L2,salivary gland,133.9
PMS1,testis,45.4
CALCRL,adipose tissue,66.3
CALCRL,lung,72.4
SLC9A3R2,heart muscle,571.9
IPO5,testis,196.2
OAT,intestine,736.4
NTN1,blood vessel,35.5
NTN1,heart muscle,56.1
GLP2R,gallbladder,11.4
GLP2R,intestine,13.4
GLP2R,urinary bladder,12.1
MCM10,bone marrow,8.7
MCM10,lymphoid tissue,7.5
DGKA,lymphoid tissue,184.5
ROPN1,testis,151.3
ANKRD44,lymphoid tissue,34.2
PDIA5,liver,75.0
NDUFB4,skeletal muscle,887.5
MYLK,seminal vesicle,1572.0
MYLK,smooth muscle,1933.2
PACC1,brain,70.2
SNAP91,brain,105.4
SNAP91,retina,85.1
COL17A1,skin 1,548.0
GSTO2,testis,19.4
SEC61A2,brain,31.5
PRKCQ,lymphoid tissue,30.8
PRKCQ,skeletal muscle,115.2
PRKCQ,tongue,104.8
TLE2,brain,285.6
SLC9A7,brain,28.7
YBX1,skeletal muscle,1910.6
CTNNA2,brain,88.2
CTNNA2,epididymis,63.3
CTNNA2,retina,74.5
ZMYND12,fallopian tube,16.1
ZMYND12,testis,26.9
SLC9A3,gallbladder,42.6
SLC9A3,intestine,88.4
SLC9A3,kidney,64.4
SLC9A3,stomach 1,47.2
NGEF,adrenal gland,54.1
NGEF,brain,139.7
ASPM,bone marrow,9.5
ASPM,lymphoid tissue,15.8
CD84,lymphoid tissue,22.6
ELOVL1,brain,357.2
SPI1,bone marrow,316.4
SPI1,lung,98.6
SPI1,lymphoid tissue,167.9
MPPED2,cervix,23.0
MPPED2,thyroid gland,23.0
CLDN18,lung,237.8
CLDN18,stomach 1,684.2
FGFR2,brain,549.0
ACSM2B,kidney,386.3
ACSM2B,liver,509.8
ZFAT,placenta,29.3
STAG3,testis,49.8
FECH,bone marrow,36.8
MYO9A,retina,57.2
DDX3Y,bone marrow,90.4
PFKP,retina,250.0
SP100,bone marrow,177.8
KLF6,bone marrow,412.7
PHKA1,parathyroid gland,30.1
PHKA1,skeletal muscle,96.1
PHKA1,tongue,83.3
CACNB1,skeletal muscle,314.2
CACNB1,tongue,206.3
STOML1,brain,48.7
PKM,skeletal muscle,3777.5
PKM,tongue,2492.1
TRO,skeletal muscle,29.1
PRKCZ,brain,137.3
SYT1,brain,280.3
SYT1,retina,187.2
NAV3,brain,15.2
NAV3,ovary,14.3
PDZD4,brain,269.0
ATP2B3,choroid plexus,106.2
PDK3,blood vessel,33.6
HYAL2,lymphoid tissue,296.8
HDAC4,skeletal muscle,33.2
HDAC4,tongue,24.9
FGFR3,brain,148.8
FGFR3,esophagus,126.6
FGFR3,skin 1,256.5
PLEKHH3,pancreas,39.0
PRR11,bone marrow,17.0
PRR11,lymphoid tissue,19.1
REEP1,testis,42.3
TTC7A,testis,38.0
RASGRP2,bone marrow,139.0
RASGRP2,lymphoid tissue,137.9
PSME4,skeletal muscle,53.7
SIRT2,brain,492.9
SIRT2,skeletal muscle,306.9
SIRT2,tongue,203.7
PPP2R5B,brain,112.8
PYGM,skeletal muscle,7932.8
PYGM,tongue,3356.6
PAGE1,testis,17.0
PITX1,esophagus,701.1
PITX1,vagina,194.5
ADGRF5,lung,99.9
SDK2,cervix,5.2
SDK2,testis,9.1
ADAM7,epididymis,3519.1
BCL3,liver,168.5
KCNAB2,brain,202.4
GAL,pituitary gland,957.4
CLEC2D,lymphoid tissue,50.4
MAOB,liver,296.9
RORA,skin 1,77.7
PLA2G10,intestine,25.4
PLA2G10,stomach 1,39.5
HES2,cervix,17.6
HES2,esophagus,32.0
HES2,skin 1,16.1
HES2,vagina,17.9
NEDD4,skeletal muscle,63.3
NEDD4,tongue,54.3
GNB5,retina,111.3
RAB27A,stomach 1,114.2
GUCY2C,intestine,64.2
SCT,intestine,41.5
NUCB2,pancreas,465.9
NUCB2,salivary gland,478.3
PFN2,brain,341.8
PTPN3,skeletal muscle,59.5
PTPN3,tongue,43.8
SPTB,bone marrow,59.0
SPTB,skeletal muscle,153.7
SPTB,tongue,65.2
DAPP1,esophagus,23.5
DAPP1,lymphoid tissue,36.1
SLC44A1,brain,229.5
TMEM260,cervix,37.3
CLTCL1,skeletal muscle,180.9
CLTCL1,testis,45.3
CLTCL1,tongue,57.3
FGF22,brain,5.6
FGF22,skin 1,13.0
ZXDC,bone marrow,37.2
JMJD6,bone marrow,115.0
POLB,brain,176.1
ST6GALNAC1,cervix,57.5
ST6GALNAC1,intestine,183.8
ST6GALNAC1,stomach 1,61.3
WIPI1,skeletal muscle,119.2
FRMPD1,retina,63.9
ASNS,pancreas,114.4
CNGB1,retina,557.0
ST6GALNAC2,choroid plexus,123.4
CHAT,brain,3.7
CHAT,placenta,5.1
PABPC1,salivary gland,1212.8
CSNK2A2,testis,113.9
CAMK2A,brain,486.6
CAMK2A,skeletal muscle,153.5
EPHA8,choroid plexus,31.5
SLC12A3,kidney,94.2
ATP2B1,bone marrow,89.1
TRPM5,epididymis,1.6
TRPM5,intestine,3.1
TRPM5,pancreas,2.3
TRPM5,seminal vesicle,1.6
MAP4K4,brain,230.3
MGAT4A,bone marrow,90.5
MS4A12,intestine,238.8
ING3,bone marrow,76.0
VASH1,retina,62.8
LMCD1,blood vessel,381.9
LMCD1,skeletal muscle,537.1
SEL1L,pancreas,380.4
TRIP13,testis,27.9
PRLH,brain,1.7
PRLH,heart muscle,1.0
MYO3B,epididymis,13.3
MYO3B,kidney,4.9
MYO3B,parathyroid gland,8.3
MYO3B,retina,5.4
CDH19,blood vessel,14.1
CDH19,heart muscle,35.4
CDH19,intestine,18.6
SLC6A15,brain,13.0
SLC6A15,retina,14.6
RDH11,prostate,546.2
PRKACA,skeletal muscle,276.2
ADGRL1,brain,70.4
SPP2,liver,484.9
ACTN1,smooth muscle,499.3
LIMS2,intestine,473.9
ASIC4,brain,5.9
ASIC4,pituitary gland,7.4
ASIC4,retina,6.0
SPEG,blood vessel,206.9
SPEG,intestine,169.5
ALDH3A2,liver,269.4
SREBF1,adrenal gland,150.1
SREBF1,liver,113.9
TRPC5,brain,1.3
UBE2D1,skeletal muscle,129.9
UBE2D1,tongue,61.1
RHOBTB1,skeletal muscle,135.1
HMMR,bone marrow,19.4
HMMR,lymphoid tissue,25.4
HMMR,testis,25.7
TRHDE,adipose tissue,11.1
TRHDE,pancreas,9.8
FCGR2B,placenta,378.4
NFATC3,lymphoid tissue,95.0
STK10,bone marrow,72.3
ACAP1,bone marrow,38.8
ACAP1,intestine,40.5
ACAP1,lymphoid tissue,93.2
CRMP1,brain,82.7
CRMP1,pituitary gland,63.6
CRMP1,retina,52.8
SIDT1,brain,10.6
SIDT1,salivary gland,10.2
IRAG1,blood vessel,161.7
TMEM38A,skeletal muscle,543.6
TMEM38A,tongue,242.4
SCARB1,adrenal gland,235.6
SCARB1,liver,66.0
SCARB1,placenta,104.6
CYP2W1,adrenal gland,18.7
CYP2W1,intestine,5.8
CYP2W1,skin 1,10.2
MCM2,bone marrow,63.9
MCM2,lymphoid tissue,35.0
MOV10L1,testis,41.3
PANX2,brain,39.0
SELENOO,liver,26.5
TP63,esophagus,65.3
TP63,skin 1,129.6
TP63,vagina,52.6
CLCN4,brain,27.3
CLCN4,retina,35.1
CLCN4,skeletal muscle,41.9
CLCN4,tongue,32.0
SDHA,heart muscle,522.4
SDHA,skeletal muscle,446.5
FNDC8,testis,86.3
GSDMB,intestine,71.8
GSDMB,liver,54.4
GSDMB,stomach 1,44.7
KDM5A,bone marrow,42.9
ADAM11,brain,91.2
PPP2R3A,heart muscle,47.9
PPP2R3A,skeletal muscle,168.9
PPP2R3A,tongue,110.0
ABCB11,liver,75.3
DHRS9,heart muscle,50.2
DHRS9,intestine,66.0
CD5L,lymphoid tissue,540.1
PTGS2,bone marrow,110.4
PTGS2,seminal vesicle,120.2
PTGS2,urinary bladder,151.3
ST6GAL1,liver,463.6
ST6GAL1,lymphoid tissue,138.6
TBX21,bone marrow,10.5
TBX21,lung,3.1
TBX21,lymphoid tissue,11.0
NSF,brain,145.0
GLI2,ovary,9.8
NOTCH3,blood vessel,200.8
PPP2R2C,brain,112.0
CDHR2,intestine,253.8
SNCB,brain,562.7
SNCB,retina,169.1
ATP2A3,salivary gland,174.6
CA12,choroid plexus,145.1
CA12,kidney,271.0
CA12,skin 1,134.2
NTN4,lymphoid tissue,171.0
SLC24A1,retina,179.2
SCARF1,lymphoid tissue,25.8
IPCEF1,bone marrow,15.8
IPCEF1,brain,18.1
IPCEF1,lymphoid tissue,12.6
IPCEF1,thyroid gland,34.0
SLC12A1,kidney,664.4
ANO8,brain,26.8
TXK,epididymis,7.9
TXK,lymphoid tissue,14.4
WSCD2,brain,105.4
KCNQ2,brain,135.5
TACR2,intestine,134.1
SRI,intestine,529.7
SEMA3A,retina,20.9
GTSE1,bone marrow,10.5
GTSE1,lymphoid tissue,18.2
GTSE1,testis,7.1
TTC38,liver,226.4
ACAT1,kidney,580.7
ACAT1,liver,905.7
GRAMD4,liver,167.3
CELSR1,esophagus,32.9
WNT8B,parathyroid gland,1.1
ADD2,bone marrow,62.7
ADD2,brain,36.1
CACNG5,retina,14.6
CACNG4,brain,58.1
MOCOS,adrenal gland,9.7
MOCOS,liver,14.9
PLD1,gallbladder,81.4
ATP12A,esophagus,10.5
ATP12A,kidney,5.0
ATP12A,lymphoid tissue,13.9
ATP12A,placenta,5.2
ATP12A,skin 1,5.8
WDR62,skeletal muscle,103.4
WDR62,testis,66.9
WDR62,tongue,58.9
ARHGAP15,bone marrow,75.1
ARHGAP15,lymphoid tissue,70.0
TUBA3D,heart muscle,82.4
TUBA3D,testis,211.7
PAX2,epididymis,28.0
PAX2,kidney,94.2
MCM6,lymphoid tissue,45.2
RBM7,bone marrow,37.5
FMO4,kidney,45.3
FMO4,liver,57.3
RGS11,brain,164.0
RGS11,pituitary gland,52.6
SLC46A1,intestine,88.2
PLXNA2,pancreas,33.1
SPAG5,bone marrow,35.7
SPAG5,kidney,37.6
SPAG5,testis,72.1
TPD52,retina,173.2
ACACB,adipose tissue,171.9
ACACB,skeletal muscle,160.4
ICAM3,bone marrow,167.4
ICAM3,lymphoid tissue,88.8
MCAM,adipose tissue,312.2
MCAM,blood vessel,1211.4
MBNL3,liver,54.8
MBNL3,placenta,153.7
CAMSAP3,skin 1,59.9
RAP1GAP,brain,242.8
RAP1GAP,kidney,179.1
RAP1GAP,thyroid gland,150.3
ARHGEF1,lymphoid tissue,165.2
STXBP2,lymphoid tissue,153.1
NMRK2,heart muscle,1378.3
NMRK2,skeletal muscle,590.6
NMRK2,tongue,669.1
DGKD,brain,29.7
DGKD,skeletal muscle,26.7
ACTL6B,brain,51.2
ACTL6B,pituitary gland,14.6
UBE2T,lymphoid tissue,44.5
PPP1R12B,heart muscle,334.5
DNAJC10,epididymis,107.6
PAK3,brain,18.9
PAK3,pancreas,19.0
PAK3,pituitary gland,12.7
CAPN6,epididymis,200.9
CAPN6,placenta,78.2
CAPN6,seminal vesicle,68.2
DCX,brain,5.8
DCX,retina,2.0
SPAG6,choroid plexus,94.1
SPAG6,fallopian tube,46.1
SPAG6,testis,90.0
APBB1IP,lymphoid tissue,135.3
FAM76B,bone marrow,37.3
TYR,skin 1,29.8
ACTN2,heart muscle,695.9
ACTN2,skeletal muscle,1961.6
ACTN2,tongue,1195.2
GPR137B,retina,125.6
NAALAD2,pituitary gland,18.8
NAALAD2,testis,13.3
FKBP6,testis,53.0
SMC1B,testis,29.0
FBLN1,choroid plexus,1775.4
ITGA8,blood vessel,353.6
CST7,bone marrow,1033.4
MAP2,brain,259.5
MAP2,retina,379.4
PIAS2,testis,62.8
AMPH,brain,51.0
AMPH,pituitary gland,20.1
AMPH,retina,61.1
LAMP3,lung,207.1
FAP,endometrium 1,29.4
NEBL,heart muscle,292.1
N4BP2,lymphoid tissue,10.5
SYNJ2,brain,115.1
ADCY2,brain,35.4
ADCY2,skeletal muscle,64.1
ADCY2,tongue,28.8
RBFOX1,brain,65.9
RBFOX1,skeletal muscle,80.8
RBFOX1,tongue,41.2
GNB1,retina,2147.2
HOXA9,kidney,27.0
EDN1,adipose tissue,41.8
MLLT10,testis,86.9
ZCWPW1,testis,35.8
ADCYAP1R1,brain,76.2
ADCYAP1R1,fallopian tube,28.5
FGF20,brain,2.7
P2RY10,lymphoid tissue,25.7
ITM2A,lymphoid tissue,300.7
NRDC,skeletal muscle,266.0
VDAC3,heart muscle,360.7
VDAC3,skeletal muscle,857.0
VDAC3,tongue,879.9
TNRC6C,retina,22.8
BRINP1,brain,37.8
PKD2L2,testis,7.6
TP53INP2,brain,888.0
MYH7B,heart muscle,338.7
MYH7B,skeletal muscle,147.2
BPIFB2,salivary gland,2419.0
TP73,brain,6.0
TP73,fallopian tube,6.3
TP73,skin 1,6.2
UBE2D4,skeletal muscle,30.4
CLUL1,retina,275.9
RUNX1T1,brain,16.6
CDH17,intestine,295.7
FKBP7,ovary,52.9
OSBPL6,skeletal muscle,31.4
OSBPL6,tongue,19.0
SLC1A3,brain,527.4
SLC1A3,retina,204.7
SP140,intestine,14.5
SP140,lymphoid tissue,52.3
MKNK1,pancreas,112.4
TNS1,blood vessel,538.4
CDC14A,testis,24.8
CEACAM1,intestine,230.9
SENP1,salivary gland,30.5
SENP1,testis,57.7
DUSP13,skeletal muscle,240.9
DUSP13,testis,50.8
DUSP13,tongue,104.0
LIPE,adipose tissue,783.5
LIPE,breast,523.8
AFM,liver,898.8
KIF22,lymphoid tissue,53.6
SCGN,brain,42.4
SCGN,pancreas,44.4
SCGN,pituitary gland,35.4
PGM1,skeletal muscle,1460.8
PGM1,tongue,735.9
EPB41L2,retina,327.6
RIMS1,brain,59.7
MOXD1,endometrium 1,59.9
MOXD1,smooth muscle,73.5
RABL2B,epididymis,84.8
KEAP1,skeletal muscle,170.8
DDX43,placenta,4.6
DDX43,testis,18.3
PTPRH,gallbladder,22.8
PTPRH,intestine,64.6
PTPRH,stomach 1,22.3
DCT,skin 1,101.6
CRYBG3,thyroid gland,25.0
EPHA6,ovary,3.8
EPHA6,testis,7.7
SCTR,intestine,25.0
SCTR,pancreas,64.3
RFX3,testis,19.8
SLC4A4,kidney,111.6
SLC4A4,pancreas,245.3
RDH8,retina,106.2
DNAAF6,choroid plexus,3.8
DNAAF6,fallopian tube,10.2
DNAAF6,testis,11.1
CPB2,liver,1387.2
CHRNA3,adrenal gland,37.1
CHRNA3,lymphoid tissue,61.2
CHRNA3,retina,49.6
KCNN2,adrenal gland,19.6
KCNN2,liver,30.0
CLDND1,brain,1440.2
MOK,retina,116.9
MOK,testis,52.1
RBL1,bone marrow,13.7
IGSF9B,brain,44.7
CFHR2,liver,1262.2
NDC80,bone marrow,29.4
NDC80,lymphoid tissue,27.2
MAGI3,retina,32.2
CXCL2,liver,537.4
AFP,liver,3.4
TCF7,lymphoid tissue,518.8
CDH7,brain,4.1
CDH7,retina,3.4
IMPG2,retina,282.9
ARG2,parathyroid gland,206.5
ARG2,prostate,101.8
ARG2,thyroid gland,97.9
MEF2C,skeletal muscle,522.1
MEF2C,tongue,231.4
PTPRC,lymphoid tissue,273.8
CACNA1S,skeletal muscle,238.7
CACNA1S,tongue,180.4
PKP1,esophagus,404.9
PKP1,skin 1,665.0
PKP1,vagina,192.1
STK17B,bone marrow,355.5
STK17B,lymphoid tissue,105.8
LRP2,kidney,32.5
LRP2,parathyroid gland,42.1
LRP2,retina,27.1
SLC13A1,kidney,76.4
CADPS2,brain,160.8
PCDHA6,brain,2.4
PHLPP1,brain,31.8
ATP8B1,intestine,71.4
IL12RB2,placenta,6.2
IL12RB2,skeletal muscle,3.3
SMARCD3,brain,148.9
SMARCD3,skeletal muscle,120.5
FYB1,bone marrow,50.1
FYB1,lymphoid tissue,105.1
MPP4,retina,265.2
PGR,cervix,59.9
PGR,endometrium 1,96.6
PGR,fallopian tube,32.3
PGR,smooth muscle,73.3
C1QTNF3,esophagus,31.2
C1QTNF3,salivary gland,49.0
ME2,choroid plexus,86.4
FAM135A,esophagus,28.1
COL19A1,brain,2.8
COL19A1,lymphoid tissue,3.0
COL19A1,urinary bladder,2.6
COBLL1,liver,100.6
KCNK2,adrenal gland,50.1
OPRK1,brain,3.8
OPRK1,prostate,1.5
NFE2L1,skeletal muscle,1273.4
NFE2L1,tongue,800.7
SEMA5B,brain,14.1
ITGB5,blood vessel,290.3
TRPM3,choroid plexus,657.8
BCKDHB,liver,73.2
GRHL2,skin 1,27.0
P2RX5,intestine,23.7
P2RX5,lymphoid tissue,73.8
ITGAE,bone marrow,6.1
ITGAE,intestine,5.5
ITGAE,lung,6.2
OXCT1,heart muscle,230.2
EPYC,placenta,6.0
CYLD,bone marrow,89.0
SLC27A5,liver,989.3
FAT1,choroid plexus,81.8
SMAP2,lymphoid tissue,208.2
HAL,liver,184.4
HAL,skin 1,57.7
GSTP1,esophagus,2859.0
FAM234B,brain,21.7
SLCO1A2,brain,15.0
SLCO1A2,choroid plexus,7.0
SLCO1A2,liver,7.5
SLCO1A2,salivary gland,14.6
NKAIN1,adrenal gland,22.0
NKAIN1,brain,28.4
NKAIN1,skeletal muscle,18.2
NKAIN1,tongue,11.1
APOB,intestine,286.7
APOB,liver,1114.1
AGBL5,parathyroid gland,46.9
AGBL5,testis,180.4
EFR3B,brain,32.5
EFR3B,skeletal muscle,18.6
KIF3C,brain,75.6
GCKR,liver,133.0
HADHA,skeletal muscle,467.6
MAPRE3,brain,161.0
MAPRE3,skeletal muscle,139.6
FCN1,bone marrow,150.0
FCN1,lymphoid tissue,45.0
MECOM,stomach 1,69.2
HACE1,placenta,28.8
WDR47,brain,41.5
OVGP1,fallopian tube,1950.7
IGSF9,liver,26.0
IGSF9,retina,26.2
IGSF9,skin 1,22.1
ABCB1,adrenal gland,96.1
ABCB1,intestine,66.6
AKR1B1,adrenal gland,3016.7
WNT11,adipose tissue,35.7
TTC39A,testis,52.8
ORC1,bone marrow,27.4
ORC1,lymphoid tissue,10.8
MGST2,liver,366.8
RAD54L,bone marrow,8.2
RAD54L,lymphoid tissue,14.3
RAD54L,testis,11.8
MAST2,skeletal muscle,161.4
AQP6,kidney,47.5
FOLH1,intestine,250.9
FOLH1,prostate,71.4
NME8,bone marrow,11.6
NME8,testis,9.7
EPDR1,skeletal muscle,113.9
SNX10,brain,43.2
SNX10,liver,41.1
HBQ1,bone marrow,24.1
HBQ1,brain,13.5
ITPKC,esophagus,94.0
CEACAM6,bone marrow,171.4
CEACAM6,esophagus,194.9
CEACAM6,intestine,206.9
CEACAM6,lung,270.1
CEACAM6,salivary gland,177.8
FAT2,brain,223.1
ERO1B,pancreas,172.5
HSD17B2,intestine,403.6
HSD17B2,liver,203.6
HSD17B2,placenta,358.5
PPEF1,brain,8.9
PPEF1,breast,3.9
PPEF1,testis,13.1
LAT2,bone marrow,57.8
LAT2,lymphoid tissue,53.0
MYBPC2,skeletal muscle,4065.8
MYBPC2,tongue,1120.1
NOX4,blood vessel,35.3
NOX4,kidney,128.9
PPP1R15A,bone marrow,529.2
HSD17B14,choroid plexus,138.6
ACHE,brain,103.9
ACHE,skeletal muscle,152.9
ACHE,tongue,44.9
FTL,liver,14257.7
NLK,retina,72.8
TMPRSS11E,cervix,115.7
TMPRSS11E,esophagus,210.0
TMPRSS11E,vagina,156.3
CETP,adipose tissue,31.4
CETP,liver,40.2
CETP,lymphoid tissue,56.2
CETP,placenta,34.0
MMP2,gallbladder,994.4
MT3,brain,7006.0
LPCAT2,bone marrow,83.4
LPCAT2,thyroid gland,80.8
GNAO1,brain,133.2
GNAO1,retina,48.0
L2HGDH,kidney,18.3
NID2,ovary,57.9
NID2,placenta,57.1
PTHLH,parathyroid gland,21.4
PHACTR3,brain,94.1
PHACTR3,pituitary gland,26.0
TFAP2C,esophagus,27.5
TFAP2C,skin 1,50.3
AURKA,lymphoid tissue,20.6
AURKA,testis,28.8
CASS4,lung,11.1
CASS4,lymphoid tissue,9.1
AAMDC,skeletal muscle,621.6
RFX2,testis,55.3
SULT2B1,cervix,105.9
SULT2B1,esophagus,305.3
SULT2B1,skin 1,195.8
SULT2B1,vagina,152.9
GP6,brain,2.3
GP6,testis,2.5
DNMT3B,pancreas,5.8
DNMT3B,testis,5.7
REM1,cervix,22.6
TPX2,bone marrow,45.3
TPX2,lymphoid tissue,65.5
TPX2,testis,28.7
SLC15A1,intestine,191.1
DOCK3,brain,18.5
DOCK3,retina,9.3
C3orf18,brain,54.9
COQ9,skeletal muscle,239.3
COQ9,tongue,225.2
TMEM40,cervix,55.3
TMEM40,esophagus,213.6
TMEM40,skin 1,61.8
TMEM40,vagina,77.3
KIF9,choroid plexus,107.2
KIF9,testis,60.4
ARHGAP28,placenta,24.3
ARHGAP28,testis,72.3
CRLS1,liver,158.4
DEFB127,epididymis,1016.3
SMOX,brain,62.6
SLC4A11,esophagus,19.3
SLC4A11,kidney,75.8
SLC4A11,salivary gland,68.1
SLC4A11,thyroid gland,74.6
CPXM1,ovary,107.0
LZTS3,brain,175.2
F11,liver,227.2
TESC,salivary gland,310.5
SIRPG,lymphoid tissue,36.4
P2RX7,brain,16.8
SLC23A2,adrenal gland,96.5
SLC23A2,retina,99.4
SLC8B1,adrenal gland,70.6
CFAP61,fallopian tube,11.4
CFAP61,heart muscle,11.6
CFAP61,skeletal muscle,26.0
CFAP61,testis,14.5
LHX5,brain,3.3
LHX5,stomach 1,1.3
TASP1,blood vessel,27.3
OAS1,salivary gland,85.6
OAS1,urinary bladder,103.7
RPH3A,brain,115.4
CHGB,adrenal gland,3273.4
CHGB,brain,663.8
CHGB,pituitary gland,1393.2
PEBP1,adrenal gland,2060.5
PEBP1,liver,1946.9
TBX5,heart muscle,73.6
TBX5,lung,17.2
TBX5,placenta,27.0
BRAP,testis,63.5
NOS1,skeletal muscle,34.5
NOS1,tongue,53.5
FXYD3,intestine,1697.0
HEPH,intestine,55.1
HEPH,smooth muscle,51.4
CDIP1,brain,159.5
CMTM1,testis,29.2
KCNH4,brain,6.9
GMIP,bone marrow,48.1
GMIP,lymphoid tissue,52.0
BIRC5,bone marrow,35.8
BIRC5,lymphoid tissue,38.1
BIRC5,testis,18.8
LAG3,choroid plexus,12.9
LAG3,lymphoid tissue,22.2
LAG3,ovary,18.0
OTUB2,esophagus,3.7
OTUB2,skin 1,7.2
OTUB2,testis,13.2
NECAP1,brain,64.7
ARHGAP4,bone marrow,106.5
ARHGAP4,lymphoid tissue,114.4
ANKRD24,brain,32.9
ANKRD24,testis,13.7
LTBP4,blood vessel,548.8
BLVRB,bone marrow,588.8
SLC9A1,salivary gland,72.1
SLC9A1,stomach 1,62.3
CCNK,bone marrow,96.4
PCBP4,brain,257.0
PCBP4,retina,363.6
RGS1,brain,415.3
ICAM1,lung,233.5
ICAM1,urinary bladder,200.0
IRAK3,bone marrow,73.8
LYZ,bone marrow,9984.7
LYZ,salivary gland,21193.7
LYZ,stomach 1,8449.1
SI,intestine,513.4
FETUB,liver,219.3
THPO,liver,33.7
CHRD,brain,71.0
CHRD,liver,124.3
RAB11FIP3,kidney,151.2
PABPC4,pancreas,338.9
PABPC4,skeletal muscle,448.1
CD209,adipose tissue,32.0
CD209,placenta,21.4
KIF4A,bone marrow,10.6
KIF4A,lymphoid tissue,11.7
DLL3,brain,27.1
NAT14,brain,66.2
PITPNM2,lymphoid tissue,79.3
DTX2,esophagus,51.1
NLRC4,bone marrow,8.5
NLRC4,lymphoid tissue,11.3
LAMB4,skin 1,36.7
NRCAM,adrenal gland,35.1
NRCAM,brain,101.7
NRCAM,retina,34.8
LAMB1,placenta,145.0
SLC26A4,thyroid gland,247.4
SLC26A3,intestine,1050.9
DLD,skeletal muscle,215.8
DLD,tongue,228.7
IL5RA,choroid plexus,5.9
IL5RA,fallopian tube,10.1
ABCC6,kidney,21.7
ABCC6,liver,82.0
RAPGEF4,brain,272.2
MAP3K20,skeletal muscle,245.3
MAP3K20,tongue,261.1
SMPX,heart muscle,709.4
SMPX,skeletal muscle,1108.9
SMPX,tongue,1025.1
FH,liver,252.7
SEL1L3,lymphoid tissue,120.2
TF,liver,7020.0
TF,retina,2256.7
MYO15A,pituitary gland,40.5
ALKBH5,skeletal muscle,221.6
APOH,liver,16781.5
PITPNM3,brain,37.5
PITPNM3,lymphoid tissue,57.5
SPAG7,skeletal muscle,286.1
ORC6,bone marrow,9.7
ORC6,lymphoid tissue,6.9
ORC6,testis,9.3
SLC17A6,brain,15.6
SLC17A6,pituitary gland,3.5
SLC17A6,retina,7.3
CPA1,pancreas,223994.4
ESR1,cervix,80.7
ESR1,endometrium 1,103.7
ESR1,fallopian tube,61.1
RGS17,brain,4.0
CD200,brain,63.9
CMA1,breast,17.3
JPH4,brain,136.2
JPH4,pituitary gland,54.0
MYH7,heart muscle,7145.3
MYH7,skeletal muscle,13633.1
MYH7,tongue,5024.6
CEBPE,bone marrow,43.6
SLC7A8,parathyroid gland,310.6
SLC22A17,brain,276.8
SLC22A17,choroid plexus,234.8
SLC22A17,pituitary gland,178.3
G2E3,testis,39.5
RPGRIP1,retina,171.2
RPGRIP1,testis,55.4
TGM1,esophagus,697.8
TINF2,parathyroid gland,219.4
DAZL,testis,74.5
TBL1Y,prostate,2.7
TBL1Y,thyroid gland,1.8
SEMA6A,adrenal gland,60.3
SEMA6A,brain,54.1
TRPM7,parathyroid gland,102.5
TYRO3,brain,37.9
TYRO3,ovary,44.4
WDR76,bone marrow,18.0
WDR76,lymphoid tissue,20.0
CAPN3,brain,318.3
CAPN3,skeletal muscle,848.7
CAPN3,tongue,352.2
TBX15,liver,43.7
TBX15,skeletal muscle,124.6
TBX15,tongue,107.3
COL9A3,brain,70.9
TEKT2,choroid plexus,27.0
TEKT2,fallopian tube,59.0
TEKT2,testis,68.7
CLSPN,bone marrow,10.6
CLSPN,lymphoid tissue,7.3
CLSPN,retina,6.3
CLSPN,testis,5.4
UNC13D,bone marrow,66.9
UNC13D,lymphoid tissue,65.9
DPYSL2,brain,231.1
CDC45,bone marrow,24.0
CDC45,lymphoid tissue,19.0
CDC45,testis,26.6
ADA2,lymphoid tissue,106.4
XYLB,liver,31.2
GABRP,breast,142.2
GABRP,esophagus,161.4
KRT31,skin 1,257.3
CDC6,bone marrow,25.7
CDC6,lymphoid tissue,16.0
CBX5,choroid plexus,112.0
FMO2,adipose tissue,65.4
FMO2,blood vessel,93.7
FMO2,lung,74.8
SUCO,bone marrow,78.7
NXPE1,intestine,70.3
EPB41L4B,liver,83.1
EPB41L4B,pancreas,140.8
TMEM38B,skeletal muscle,70.8
TMEM38B,tongue,58.0
PTGS1,intestine,102.0
PTGS1,skin 1,144.0
PTGS1,urinary bladder,227.5
CRAT,skeletal muscle,206.8
CRAT,tongue,188.1
WHRN,adrenal gland,121.0
PDE6C,retina,21.4
SEMA4G,intestine,26.1
BLNK,lymphoid tissue,52.9
TLL2,brain,1.5
TLL2,heart muscle,3.7
TLL2,tongue,1.8
CYP26A1,liver,16.8
TDRD1,testis,14.7
SORBS1,blood vessel,482.7
CRTAC1,blood vessel,61.8
CRTAC1,lung,47.1
CRTAC1,urinary bladder,50.4
IL11,brain,7.1
MYO3A,retina,14.3
MYO3A,testis,5.2
CREM,testis,194.3
TPSD1,stomach 1,20.0
SMIM24,epididymis,1491.1
SMIM24,intestine,708.4
SMIM24,kidney,785.7
TREM2,brain,58.6
TREM2,choroid plexus,55.1
KCNK16,pancreas,22.4
KCNK16,stomach 1,9.8
CRISP3,fallopian tube,1133.0
CRISP3,salivary gland,2263.8
FKBP5,skeletal muscle,833.2
FKBP5,tongue,864.2
PGC,stomach 1,57583.8
EFHC1,fallopian tube,32.5
MLN,intestine,239.2
DSP,esophagus,437.5
DSP,skin 1,807.7
IL12RB1,lymphoid tissue,22.7
ACOT7,brain,140.7
CDC7,testis,15.8
SYDE2,retina,7.1
PCSK5,intestine,24.4
SCD,adipose tissue,1158.4
SCD,brain,979.4
SCD,liver,546.1
ERMP1,parathyroid gland,20.9
PALMD,adipose tissue,122.7
TSPAN15,brain,98.0
MAST3,brain,44.9
OCEL1,liver,75.7
MYO9B,lymphoid tissue,145.0
CATSPERG,testis,30.6
PSMD8,skeletal muscle,667.0
STX1B,brain,141.4
HSD3B7,liver,131.6
MAGEB2,testis,27.2
EFNA2,gallbladder,3.3
EFNA2,intestine,11.6
EFNA2,liver,12.6
ATP5F1D,skeletal muscle,784.2
CBARP,brain,16.7
CBARP,pituitary gland,19.8
PCDH11Y,brain,2.4
IGFALS,liver,112.7
MISP,intestine,185.2
HCN2,brain,95.1
CDHR5,intestine,296.9
CDHR5,liver,129.1
IZUMO4,testis,430.4
RASSF7,kidney,121.5
PALM,brain,292.8
MADCAM1,intestine,11.7
MADCAM1,lymphoid tissue,13.1
MKNK2,skeletal muscle,1308.2
ARVCF,brain,52.5
SERPIND1,liver,1171.6
MMP11,cervix,87.0
MMP11,endometrium 1,134.2
MMP11,placenta,37.2
CECR2,brain,11.1
CECR2,retina,11.8
CECR2,skeletal muscle,18.3
P2RX6,skeletal muscle,31.7
P2RX6,tongue,11.1
DERL3,lymphoid tissue,41.2
DERL3,pancreas,41.6
DERL3,salivary gland,34.3
SLC7A4,choroid plexus,13.2
SLC7A4,testis,14.6
DDTL,liver,57.8
DDT,liver,1021.2
GSTT2,skin 1,3.3
OSM,bone marrow,111.7
SUSD2,blood vessel,59.3
SUSD2,lung,94.2
SEC14L2,epididymis,81.2
SEC14L2,liver,227.8
SEC14L3,bone marrow,3.6
SEC14L3,liver,2.7
SEC14L3,retina,8.4
UPB1,liver,152.4
YPEL1,testis,149.8
GGT1,kidney,149.7
GGT1,liver,103.5
PRODH,brain,59.8
PRODH,choroid plexus,63.6
PRODH,skeletal muscle,46.7
SLC35E4,testis,21.6
CYTH4,bone marrow,55.0
CYTH4,lymphoid tissue,63.5
ESS2,brain,4.7
MFNG,lymphoid tissue,64.6
CARD10,intestine,33.8
SLC25A1,liver,206.9
GRK3,adipose tissue,19.8
PLA2G3,cervix,5.0
PLA2G3,esophagus,14.0
PLA2G3,skin 1,15.1
PLA2G3,vagina,7.2
LGALS2,gallbladder,315.1
LGALS2,intestine,186.3
LGALS2,kidney,142.2
LGALS2,pancreas,199.3
GGA1,testis,176.9
SH3BP1,esophagus,38.9
SEZ6L,brain,46.3
GCAT,pancreas,132.2
GGTLC2,testis,35.1
CRYBB1,epididymis,9.1
SOX10,brain,151.8
SOX10,salivary gland,105.2
SLC16A8,brain,2.4
CENPM,bone marrow,27.4
CENPM,lymphoid tissue,23.4
SEPTIN3,brain,253.5
SLC5A1,intestine,497.5
SLC5A4,intestine,18.6
CYP2D6,liver,386.2
DMC1,testis,11.0
RSPH14,fallopian tube,11.6
RSPH14,testis,24.9
XBP1,pancreas,1102.3
XBP1,salivary gland,792.7
FBXO7,bone marrow,263.7
GTPBP1,bone marrow,100.4
RAB36,fallopian tube,25.7
C22orf31,brain,2.6
C22orf31,parathyroid gland,2.9
C22orf31,testis,8.4
MIOX,kidney,653.9
LMF2,pancreas,170.5
RASL10A,brain,38.7
TOM1,skeletal muscle,212.6
NEFH,brain,83.8
NEFH,prostate,230.9
BIK,salivary gland,16.9
HMOX1,lymphoid tissue,740.2
MCM5,bone marrow,130.7
TSPO,esophagus,704.4
RASD2,brain,184.3
TTLL12,esophagus,98.6
ACR,testis,80.9
CABP7,brain,52.8
SYNGR1,brain,224.7
MTMR3,bone marrow,77.1
PNPLA5,brain,2.6
PNPLA5,epididymis,1.6
PNPLA5,skin 1,2.9
APOL1,liver,168.3
PNPLA3,liver,29.0
MYH9,blood vessel,530.2
CACNA1I,brain,9.7
CACNA1I,thyroid gland,5.1
SAMM50,skeletal muscle,225.2
GRAP2,lymphoid tissue,171.9
PVALB,brain,639.2
PVALB,parathyroid gland,1992.9
PVALB,retina,346.2
KIAA0930,brain,183.3
NCF4,bone marrow,170.3
NCF4,lymphoid tissue,156.4
CSF2RB,bone marrow,51.4
CSF2RB,lymphoid tissue,61.8
UPK3A,prostate,20.9
UPK3A,skeletal muscle,32.8
UPK3A,urinary bladder,39.1
KCTD17,brain,147.4
IL2RB,bone marrow,32.9
IL2RB,lymphoid tissue,46.4
CHADL,brain,109.8
RANGAP1,testis,156.9
ACO2,heart muscle,463.1
ACO2,skeletal muscle,618.6
ACO2,tongue,650.0
MLC1,brain,231.9
KCNK10,brain,3.8
KCNK10,intestine,4.8
KCNK10,kidney,2.2
KCNK10,stomach 1,2.5
FKBP3,skeletal muscle,397.6
FKBP3,tongue,347.3
CTSG,bone marrow,5049.0
GZMH,bone marrow,31.9
GZMH,lymphoid tissue,23.6
GZMB,bone marrow,62.9
GZMB,lung,15.7
GZMB,lymphoid tissue,33.8
GZMB,urinary bladder,17.2
COCH,pancreas,473.2
POLE2,bone marrow,17.3
NIN,bone marrow,38.9
PYGL,liver,136.2
TRIM9,brain,46.3
TRIM9,retina,21.5
GNPNAT1,liver,72.1
DDHD1,testis,28.8
CDKN3,testis,192.4
CCDC198,fallopian tube,25.8
CCDC198,kidney,86.0
CCDC198,liver,35.6
CCDC198,pancreas,31.9
PLEK2,adrenal gland,48.7
LRRC74A,testis,6.2
GSTZ1,liver,245.7
SAMD15,retina,13.8
SAMD15,testis,15.0
ISM2,placenta,200.6
RIN3,bone marrow,43.7
CHGA,parathyroid gland,6179.1
ITPK1,brain,190.5
DHRS7,skeletal muscle,634.3
PPM1A,bone marrow,134.9
SIX4,parathyroid gland,14.2
SIX4,salivary gland,6.5
SIX4,skeletal muscle,13.1
SIX4,tongue,14.6
GALNT16,brain,32.4
GALNT16,heart muscle,46.5
ASB2,skeletal muscle,494.8
ASB2,tongue,147.3
CEP128,lymphoid tissue,23.1
HIF1A,bone marrow,423.5
SLC10A1,liver,399.1
SERPINA4,liver,514.2
SLC8A3,brain,8.6
SLC8A3,retina,9.4
SLC8A3,skeletal muscle,19.0
SLC8A3,tongue,8.7
MTHFD1,liver,318.5
TCL1A,lymphoid tissue,249.5
ZC3H14,testis,162.0
BDKRB1,urinary bladder,21.8
VRK1,bone marrow,48.2
PSMC1,skeletal muscle,294.5
DHRS2,breast,316.3
DHRS2,urinary bladder,417.5
CPNE6,brain,45.5
CPNE6,retina,22.1
CPNE6,seminal vesicle,21.4
PCK2,intestine,184.6
PCK2,kidney,92.5
PCK2,liver,366.9
NFKBIA,bone marrow,960.5
REC8,brain,33.5
REC8,pituitary gland,64.9
RABGGTA,esophagus,63.4
MMP9,bone marrow,355.6
MMP9,lymphoid tissue,102.5
VSX1,brain,15.1
VSX1,retina,32.9
PROCR,adipose tissue,120.1
GINS1,lymphoid tissue,6.8
GINS1,testis,8.3
CD40,lymphoid tissue,52.9
SGK2,kidney,76.6
SGK2,liver,63.5
MYBL2,bone marrow,86.6
MYBL2,lymphoid tissue,51.8
R3HDML,intestine,2.3
HNF4A,intestine,96.1
HNF4A,kidney,42.7
HNF4A,liver,112.7
NDRG3,brain,147.7
SLA2,bone marrow,11.7
SLA2,lymphoid tissue,17.0
RAB5IF,skeletal muscle,222.7
RIMS4,brain,40.4
STK4,bone marrow,46.4
STK4,lymphoid tissue,36.6
SALL4,testis,3.8
SALL4,thyroid gland,5.6
DOK5,skeletal muscle,43.1
DOK5,tongue,22.7
BMP7,choroid plexus,34.2
BMP7,thyroid gland,43.0
RAE1,testis,96.1
TUBB1,bone marrow,8.0
TUBB1,lymphoid tissue,4.0
HRH3,brain,51.9
PSMA7,skeletal muscle,740.0
SLCO4A1,lung,56.0
NTSR1,intestine,9.8
MRGBP,testis,46.0
TCFL5,brain,65.8
TCFL5,testis,69.2
SLC17A9,liver,38.5
BIRC7,placenta,6.1
NKAIN4,brain,88.5
NKAIN4,kidney,53.5
AVP,brain,4348.0
COL20A1,brain,7.2
COL20A1,testis,2.3
CHRNA4,liver,82.6
EEF1A2,heart muscle,722.2
EEF1A2,skeletal muscle,1827.0
PTK6,esophagus,104.2
PTK6,skin 1,51.4
PTK6,vagina,41.0
C20orf27,brain,318.6
SPEF1,brain,27.6
SPEF1,choroid plexus,23.5
SPEF1,fallopian tube,9.3
SPEF1,testis,11.9
ISM1,blood vessel,22.6
ISM1,thyroid gland,34.9
RNF24,bone marrow,48.9
NDUFAF5,skeletal muscle,19.2
SEL1L2,testis,6.6
TRIB3,liver,80.6
RASSF2,brain,286.3
RASSF2,retina,150.9
SLC52A3,intestine,18.1
SLC52A3,testis,46.8
ANGPT4,adipose tissue,6.9
ANGPT4,breast,6.5
RSPO4,brain,8.2
RSPO4,lung,11.6
PROKR2,brain,1.5
SNPH,brain,72.8
MYLK2,skeletal muscle,686.1
SIRPB1,bone marrow,49.3
SIRPB1,lung,18.3
SIRPB1,lymphoid tissue,27.0
FERMT1,intestine,29.9
HAO1,liver,568.2
PDYN,brain,125.1
CCM2L,lymphoid tissue,98.9
PLCB4,salivary gland,47.7
MYL9,blood vessel,7663.2
MYL9,intestine,7656.8
HCK,lymphoid tissue,106.7
TLDC2,intestine,17.4
PAK5,brain,16.3
PAK5,retina,4.3
MROH8,testis,17.4
SNTA1,brain,193.1
SNTA1,heart muscle,197.4
SNTA1,skeletal muscle,288.4
SNTA1,tongue,306.2
OXT,brain,2931.7
E2F1,bone marrow,32.4
RPRD1B,liver,74.0
BPI,bone marrow,1420.3
CST9L,epididymis,24.9
CST9L,testis,85.6
SLC32A1,brain,44.4
CST3,brain,4698.8
CST3,choroid plexus,3897.4
ASIP,epididymis,11.5
ASIP,heart muscle,23.2
ASIP,ovary,34.5
CST4,salivary gland,27276.5
WFDC2,cervix,4905.6
WFDC2,salivary gland,1869.1
PPP1R16B,brain,73.0
PPP1R16B,lymphoid tissue,39.3
SPINT3,epididymis,4.5
SPINT3,seminal vesicle,10.1
FAM83D,esophagus,81.8
FAM83D,intestine,76.6
FAM83D,smooth muscle,88.9
EPPIN,epididymis,309.3
SYNDIG1,brain,44.8
SYNDIG1,heart muscle,26.1
TNNC2,skeletal muscle,28518.2
TNNC2,tongue,7540.4
APMAP,liver,302.7
CELF4,brain,94.3
CELF4,pituitary gland,26.9
CDH20,brain,17.3
CDH20,retina,10.2
CDH20,tongue,22.4
ADNP2,bone marrow,39.0
LPIN2,liver,141.2
MYOM1,heart muscle,375.8
MYOM1,skeletal muscle,762.9
MYOM1,tongue,399.9
MYL12A,heart muscle,3965.3
MYL12A,skeletal muscle,3053.6
MYL12A,tongue,1943.8
ST8SIA5,adrenal gland,5.9
ST8SIA5,brain,23.2
ST8SIA5,parathyroid gland,5.8
SMAD7,blood vessel,49.1
LIPG,placenta,140.4
LIPG,thyroid gland,226.7
LAMA1,kidney,3.1
LAMA1,ovary,3.1
LAMA1,testis,5.5
RNF125,bone marrow,17.3
NOL4,brain,8.6
NOL4,pituitary gland,6.3
NOL4,retina,5.8
NOL4,testis,11.7
RIOK3,bone marrow,164.5
H2BW2,testis,2.6
MXRA5,cervix,32.8
VSIG1,stomach 1,182.7
STS,placenta,24.5
GPR143,choroid plexus,23.3
PGRMC1,liver,633.3
RHOXF1,brain,12.3
RHOXF1,testis,15.0
GUCY2F,retina,39.1
ATP1B4,skeletal muscle,52.1
ATP1B4,tongue,20.1
PRPS2,ovary,141.8
PRPS2,parathyroid gland,171.4
TLR8,lung,10.0
TLR8,lymphoid tissue,15.8
CHRDL1,adipose tissue,176.6
CHRDL1,seminal vesicle,211.4
PAGE4,epididymis,822.3
PAGE4,placenta,959.5
SRPX,adipose tissue,206.2
GLRA2,brain,8.9
GLRA2,intestine,1.5
GLRA2,retina,3.0
ATP11C,liver,45.4
MCF2,adrenal gland,22.6
MCF2,brain,11.6
MCF2,seminal vesicle,14.3
MCF2,testis,14.0
F9,liver,659.1
CACNA1F,retina,116.2
SYP,brain,419.3
SYP,retina,288.2
BMX,epididymis,96.9
LUZP4,testis,7.6
PLS3,blood vessel,451.3
RENBP,kidney,42.7
RENBP,lymphoid tissue,68.0
ELF4,bone marrow,50.1
ASB9,kidney,15.7
ASB9,liver,16.3
ASB9,testis,24.2
PPP1R2C,testis,76.2
KCND1,brain,11.7
OPN1LW,retina,237.8
PIM2,bone marrow,96.5
PIM2,intestine,82.3
PIM2,lymphoid tissue,152.7
SCML2,testis,10.8
RS1,retina,198.0
PCSK1N,brain,782.7
PCSK1N,pituitary gland,1213.3
GATA1,bone marrow,55.7
PHEX,ovary,4.8
CD99L2,skeletal muscle,170.4
GPR50,pituitary gland,15.6
RP2,bone marrow,46.7
USP11,brain,169.4
PCYT1B,brain,11.0
PCYT1B,retina,11.2
PCYT1B,testis,12.0
BRS3,epididymis,24.3
VGLL1,placenta,191.5
CD40LG,lymphoid tissue,14.1
TIMP1,blood vessel,2942.8
KLHL4,adrenal gland,23.1
KLHL4,brain,9.6
KLHL4,ovary,9.6
GABRE,adipose tissue,9.1
GABRE,brain,13.5
GABRE,heart muscle,8.9
PCDH11X,brain,2.8
PCDH11X,ovary,4.8
PORCN,adrenal gland,30.9
ITIH6,skeletal muscle,1.4
SRPX2,adipose tissue,29.6
SYTL4,endometrium 1,40.0
SYTL4,ovary,49.2
CENPI,bone marrow,5.2
CENPI,lymphoid tissue,4.9
DRP2,brain,12.4
DRP2,lymphoid tissue,4.4
TAF7L,testis,29.5
RUBCNL,lymphoid tissue,38.5
NALCN,brain,15.1
FGF14,brain,9.6
FGF14,cervix,5.5
HTR2A,blood vessel,5.4
HTR2A,brain,18.2
TNFSF13B,lymphoid tissue,24.4
MLNR,bone marrow,1.2
MLNR,thyroid gland,1.6
CAB39L,choroid plexus,88.0
KLF5,esophagus,226.7
KLF5,skin 1,221.8
ACP5,lung,155.5
FGF9,brain,11.0
FGF9,kidney,10.0
FGF9,retina,7.6
SGCG,heart muscle,111.2
SGCG,skeletal muscle,148.0
SGCG,tongue,134.5
SUPT20H,testis,53.0
SLC25A15,intestine,35.4
SLC25A15,liver,99.4
SLC25A15,pancreas,48.9
KPNA3,skeletal muscle,136.2
KPNA3,tongue,88.0
FLT1,placenta,394.3
RGCC,bone marrow,391.7
RGCC,lung,668.1
ACOD1,lymphoid tissue,1.3
DHRS12,pancreas,47.3
MEDAG,adipose tissue,160.7
MEDAG,blood vessel,138.5
OLFM4,intestine,1220.0
OLFM4,pancreas,666.4
MSLN,adipose tissue,89.2
MSLN,fallopian tube,261.5
CORO1A,bone marrow,525.4
CORO1A,lymphoid tissue,544.1
GDPD3,esophagus,66.4
MT4,skin 1,151.4
PHKB,skeletal muscle,122.8
TSNAXIP1,fallopian tube,8.1
TSNAXIP1,testis,19.7
CBLN1,brain,425.4
PLLP,brain,200.3
ZNF423,skeletal muscle,25.8
CCL22,lymphoid tissue,13.8
CCL22,skin 1,6.2
DHODH,liver,58.8
CCL17,lymphoid tissue,19.6
PARD6A,brain,45.1
PARD6A,testis,41.3
ZNF821,brain,25.3
ZNF821,testis,19.8
MMP15,liver,50.7
CYB5B,adrenal gland,190.3
CCDC113,fallopian tube,29.4
PRSS54,testis,38.7
NDRG4,brain,347.4
NDRG4,heart muscle,326.5
SLC38A7,testis,32.7
HAS3,esophagus,32.1
HAS3,urinary bladder,86.6
SMPD3,intestine,57.9
SMPD3,lymphoid tissue,48.4
SLC7A6,skeletal muscle,67.0
PLA2G15,skeletal muscle,56.3
ESRP2,esophagus,64.1
FA2H,brain,182.4
FA2H,stomach 1,57.6
HCFC1R1,skeletal muscle,479.9
MLYCD,tongue,20.2
NECAB2,brain,137.0
WFDC1,blood vessel,104.6
WFDC1,seminal vesicle,108.3
SEC14L5,brain,35.1
SEC14L5,tongue,10.2
COTL1,lymphoid tissue,349.9
NOMO3,brain,5.9
FOXF1,intestine,57.8
FOXF1,urinary bladder,48.0
HAGHL,brain,36.3
SLC7A5,bone marrow,104.4
SLC7A5,esophagus,96.2
METRN,brain,390.2
METRN,choroid plexus,174.4
FBXO31,skeletal muscle,60.9
RHBDL1,brain,36.5
ZP2,brain,35.0
MEFV,bone marrow,5.1
MEFV,lung,3.9
MEFV,lymphoid tissue,8.5
CRYM,brain,302.3
CRYM,heart muscle,164.0
EEF2K,skin 1,45.9
UBFD1,skeletal muscle,74.7
PRSS33,fallopian tube,4.6
AQP8,intestine,309.2
AQP8,pancreas,1207.4
CORO7-PAM16,brain,1.1
SALL1,brain,28.2
SALL1,kidney,31.7
SALL1,liver,34.3
TOX3,intestine,16.8
TOX3,retina,16.4
TOX3,stomach 1,19.1
QPRT,liver,220.5
PYCARD,lymphoid tissue,104.6
PYCARD,skin 1,111.0
RPGRIP1L,testis,12.6
NOMO1,pancreas,132.5
IL21R,bone marrow,7.1
IL21R,lymphoid tissue,22.9
SYT17,brain,28.1
SYT17,parathyroid gland,23.8
TMC5,intestine,50.3
TMC5,stomach 1,43.5
CCP110,testis,33.2
SLC6A2,adrenal gland,9.9
SLC6A2,placenta,6.4
SLC6A2,skin 1,4.4
SLC6A2,testis,4.2
AQP9,liver,657.2
IQCH,fallopian tube,6.4
IQCH,testis,10.8
CORO2B,brain,94.9
CORO2B,retina,41.9
CSK,lymphoid tissue,158.2
RASL12,blood vessel,273.6
AP3B2,brain,46.0
AP3B2,parathyroid gland,12.0
AP3B2,pituitary gland,29.9
AP3B2,retina,30.5
ACSBG1,brain,38.5
ACSBG1,skin 1,13.5
IGDCC4,skeletal muscle,9.9
IGDCC4,tongue,13.1
CTSH,lung,329.6
FAH,liver,282.9
CEMIP,endometrium 1,30.0
HOMER2,pancreas,213.3
ZNF106,heart muscle,164.3
ZNF106,skeletal muscle,367.4
ZNF106,tongue,435.1
CEP152,bone marrow,15.5
ATP8B4,bone marrow,73.7
OCA2,choroid plexus,28.0
TGM5,esophagus,11.4
TGM5,skin 1,37.4
ENTREP2,brain,23.2
BMF,lymphoid tissue,70.7
SCG3,brain,155.7
SCG3,pituitary gland,37.2
SCG3,retina,52.5
EIF3J,skeletal muscle,196.4
RHOV,esophagus,210.1
RHOV,skin 1,129.0
RHOV,vagina,92.9
OIP5,bone marrow,9.7
OIP5,skeletal muscle,9.6
OIP5,testis,19.5
SLC30A4,prostate,37.4
PDGFRL,ovary,61.7
ZDHHC2,retina,72.0
RP1,retina,218.9
CA2,choroid plexus,944.3
CA2,intestine,644.2
CA2,stomach 1,1046.9
FZD3,retina,13.6
EYA1,choroid plexus,14.3
EYA1,parathyroid gland,22.3
EYA1,prostate,11.3
TRPA1,intestine,8.6
TRPA1,stomach 1,9.7
TRPA1,urinary bladder,25.9
CPQ,thyroid gland,212.0
DECR1,liver,70.1
CALB1,brain,90.7
CALB1,kidney,300.4
SFRP1,choroid plexus,649.5
LAPTM4B,retina,352.2
PLAT,parathyroid gland,231.2
PLAT,urinary bladder,169.0
JPH1,skeletal muscle,222.3
JPH1,tongue,99.1
DKK4,esophagus,4.6
DKK4,intestine,2.3
GDAP1,brain,39.7
CCN4,ovary,18.8
STMN2,brain,576.2
TRPS1,breast,56.9
NCALD,brain,113.1
NCALD,salivary gland,94.5
GML,adrenal gland,182.4
ANXA13,gallbladder,135.6
ANXA13,intestine,275.9
SLC39A14,liver,515.9
SLC39A14,pancreas,235.9
UBXN8,ovary,117.0
NEFM,brain,308.0
NEFM,retina,84.1
MCM4,bone marrow,52.0
ADAM2,testis,35.6
FGL1,liver,3863.2
ASAH1,heart muscle,537.2
KCNN4,salivary gland,119.1
TULP2,testis,29.4
DHDH,intestine,16.3
DHDH,kidney,16.8
GYS1,heart muscle,112.2
GYS1,skeletal muscle,299.1
GYS1,tongue,188.4
MAP4K1,intestine,28.3
MAP4K1,lymphoid tissue,55.1
CGB2,testis,1.4
ECH1,heart muscle,769.1
ECH1,skeletal muscle,904.1
NFKBIB,testis,72.2
LHB,pituitary gland,4053.3
CGB3,pancreas,2.2
CGB3,pituitary gland,2.5
CGB3,placenta,9.3
TUBB4A,brain,1155.6
KCNA7,skeletal muscle,74.6
KCNA7,tongue,19.2
LIN7B,brain,51.4
LIN7B,skeletal muscle,50.4
CKM,skeletal muscle,68908.9
CKM,tongue,24326.4
PPP1R13L,esophagus,157.3
PPP1R13L,heart muscle,124.0
PPP1R13L,skin 1,187.3
PEX11G,liver,25.2
PEX11G,testis,27.7
DOT1L,testis,49.2
SLC17A7,brain,385.5
SLC17A7,retina,292.9
KLC3,esophagus,24.9
KLC3,skin 1,99.8
CD37,bone marrow,146.8
CD37,intestine,112.2
CD37,lymphoid tissue,233.1
AMH,brain,5.3
AMH,pituitary gland,3.8
AMH,testis,10.0
DKKL1,testis,352.3
LYL1,bone marrow,33.8
LYL1,lymphoid tissue,35.3
RETN,bone marrow,233.2
FCER2,lymphoid tissue,39.5
DMPK,heart muscle,145.9
DMPK,skeletal muscle,193.1
DMPK,tongue,138.8
CLEC4M,liver,58.6
CLEC4M,lymphoid tissue,15.4
RSPH6A,testis,28.3
TBC1D17,skeletal muscle,132.3
IL4I1,lymphoid tissue,17.1
IL4I1,testis,27.5
TLE6,thyroid gland,7.5
NOVA2,brain,16.3
LILRB1,lymphoid tissue,48.0
LILRA1,lymphoid tissue,13.2
IL27RA,lymphoid tissue,15.5
ASF1B,lymphoid tissue,21.6
ASF1B,testis,36.2
TNNT1,skeletal muscle,20208.4
TNNT1,tongue,12476.3
VRK3,testis,128.9
MED26,testis,34.0
OLFM2,brain,168.1
OLFM2,skin 1,85.3
RASAL3,bone marrow,22.2
RASAL3,intestine,19.0
RASAL3,lung,10.6
RASAL3,lymphoid tissue,39.2
EPHX3,cervix,26.2
EPHX3,esophagus,66.3
EPHX3,lymphoid tissue,25.1
EPHX3,skin 1,73.7
EPHX3,vagina,35.0
CASP14,skin 1,458.8
SLC1A6,brain,105.2
AURKC,testis,44.6
CCNE1,bone marrow,33.7
CCNE1,placenta,29.0
LGALS13,placenta,10.6
DYRK1B,skeletal muscle,124.8
DYRK1B,testis,79.9
CLC,bone marrow,426.7
CCNP,brain,5.9
CCNP,kidney,5.7
CCNP,liver,3.0
CCNP,pituitary gland,1.5
PLD3,pituitary gland,672.4
PRX,lung,33.7
EBI3,placenta,138.8
SHD,brain,12.7
SHD,heart muscle,21.3
TBCB,brain,386.0
FSD1,brain,34.7
OVOL3,testis,3.6
CLIP3,brain,210.5
ZFR2,brain,15.0
ZFR2,pituitary gland,27.4
ZFR2,retina,10.1
ZFR2,testis,14.0
TJP3,esophagus,24.6
TJP3,intestine,40.5
TJP3,stomach 1,25.5
APLP1,brain,1120.2
DENND3,bone marrow,100.5
CEACAM4,lymphoid tissue,33.1
MYH14,intestine,70.3
MYH14,skeletal muscle,133.3
SIGLEC8,brain,8.8
SIGLEC8,lymphoid tissue,6.4
CD79A,intestine,157.7
CD79A,lymphoid tissue,510.4
ICAM4,bone marrow,12.6
ICAM4,lung,8.7
NKG7,bone marrow,568.3
NKG7,lymphoid tissue,161.0
ICAM5,brain,22.8
ETFB,liver,489.9
CD33,bone marrow,30.6
CD33,lymphoid tissue,22.6
CEACAM5,intestine,920.3
CRX,retina,202.2
SULT2A1,liver,1005.4
ATP1A3,brain,279.0
ATP1A3,heart muscle,147.7
ATP1A3,retina,271.7
MEIS3,brain,115.2
MEIS3,endometrium 1,79.8
CNFN,cervix,1123.8
CNFN,esophagus,2986.1
CNFN,vagina,1350.2
ZNRF4,testis,112.5
GRIN2D,brain,4.1
SYNGR4,testis,49.5
CLEC11A,bone marrow,109.3
ODAD1,choroid plexus,27.5
ODAD1,fallopian tube,24.0
ODAD1,testis,21.1
LIG1,bone marrow,29.1
LIG1,lymphoid tissue,20.3
SIGLEC6,placenta,100.4
PLA2G4C,retina,73.1
PLA2G4C,skeletal muscle,62.5
CABP5,retina,360.1
HAS1,adipose tissue,46.2
HAS1,ovary,19.3
RAB3D,pancreas,64.5
RAB3D,skin 1,50.1
CAPS,fallopian tube,314.9
PLPPR2,brain,86.0
FAM83E,intestine,30.9
FAM83E,salivary gland,28.6
FAM83E,stomach 1,35.3
THEG,testis,40.2
FGF21,liver,79.4
BCAT2,choroid plexus,200.2
CACNG7,brain,78.7
GCDH,liver,86.6
LILRB5,adipose tissue,16.0
LILRB5,lymphoid tissue,45.4
KLF1,bone marrow,38.8
MAST1,brain,92.5
TFPT,brain,90.2
JAK3,lymphoid tissue,53.3
SLC5A5,choroid plexus,134.2
SLC5A5,salivary gland,60.7
SLC5A5,stomach 1,55.5
KCNN1,brain,23.3
ARRDC2,skeletal muscle,145.8
RAB3A,brain,340.1
PDE4C,skeletal muscle,10.8
PDE4C,tongue,23.0
ISYNA1,choroid plexus,199.7
ISYNA1,testis,219.6
CRTC1,brain,72.4
COMP,blood vessel,333.9
UPK1A,urinary bladder,122.1
ETV2,testis,18.2
ATP4A,stomach 1,780.3
ARMC6,liver,111.9
GAPDHS,testis,261.4
MAG,brain,699.7
TMEM59L,brain,342.8
HAMP,liver,3623.6
LSR,liver,138.5
HPN,kidney,197.5
HPN,liver,849.7
HPN,pancreas,263.1
SCN1B,brain,271.5
SCN1B,skeletal muscle,550.8
SCN1B,tongue,212.7
PBX4,testis,3.5
PBX4,thyroid gland,3.6
GRIK5,brain,30.5
GRIK5,testis,31.4
ETHE1,intestine,239.8
CADM4,brain,203.4
RUNDC3B,adrenal gland,7.8
RUNDC3B,brain,5.0
RUNDC3B,liver,5.6
CFAP69,choroid plexus,50.5
RASA4,skeletal muscle,223.0
RASA4,tongue,76.1
CDK6,lymphoid tissue,38.3
TFPI2,placenta,899.6
NAMPT,lymphoid tissue,339.4
PIK3CG,bone marrow,41.2
PIK3CG,lymphoid tissue,18.4
PON3,liver,576.2
PON2,brain,229.4
WDR91,choroid plexus,17.5
DNAH11,parathyroid gland,66.9
DLX5,endometrium 1,13.2
DLX5,placenta,11.0
DLX5,skin 1,26.1
STEAP1B,choroid plexus,5.4
PTN,brain,251.8
PTN,parathyroid gland,366.1
PALS2,gallbladder,17.9
PALS2,testis,23.3
ATP6V0A4,kidney,59.4
ATP6V0A4,salivary gland,73.9
ZC3HAV1,bone marrow,81.0
OGDH,heart muscle,302.2
OGDH,skeletal muscle,340.6
OGDH,tongue,349.9
NPVF,retina,204.2
ADAP1,brain,131.1
TFEC,bone marrow,16.2
TFEC,kidney,19.1
TFEC,lymphoid tissue,20.6
CAV2,adipose tissue,213.4
MET,liver,40.1
RNF32,testis,56.8
WNT2,placenta,37.5
HOXA1,urinary bladder,5.0
LFNG,pancreas,71.9
LFNG,skin 1,54.9
HOXA5,adrenal gland,77.6
HOXA5,epididymis,46.2
HOXA5,fallopian tube,55.4
HOXA6,fallopian tube,11.2
ANKRD7,testis,803.6
TSPAN12,kidney,85.5
HOXA13,cervix,21.0
HOXA13,placenta,16.0
HOXA13,prostate,20.9
HOXA13,seminal vesicle,21.9
EVX1,adrenal gland,2.8
EVX1,prostate,3.8
EVX1,seminal vesicle,2.8
EVX1,urinary bladder,2.8
EVX1,vagina,3.4
CPVL,choroid plexus,192.1
CPVL,lymphoid tissue,206.3
CHN2,brain,170.8
CHN2,intestine,72.2
COBL,skeletal muscle,124.0
COBL,tongue,100.7
STX1A,brain,169.5
STX1A,pituitary gland,94.1
CRHR2,choroid plexus,20.9
EPHB6,brain,69.8
EPHB6,skin 1,79.7
GHRHR,pituitary gland,197.2
CCL24,intestine,66.6
CCL24,lymphoid tissue,76.9
HSPB1,esophagus,6918.5
NPTX2,pituitary gland,200.0
CYP3A5,intestine,167.3
CYP3A5,liver,319.4
NUDT1,bone marrow,73.1
PTPRZ1,brain,150.5
HYAL4,placenta,3.7
HYAL4,skeletal muscle,3.8
SPAM1,testis,16.2
AIMP2,skeletal muscle,151.1
TFR2,liver,313.5
FSCN3,testis,95.7
FBXO24,testis,77.1
PPP1R17,brain,21.6
IMPDH1,retina,98.6
AGFG2,salivary gland,272.4
SERPINE1,blood vessel,620.0
SERPINE1,placenta,392.6
AP1S1,brain,116.3
MOGAT3,intestine,22.9
MOGAT3,liver,17.2
CLDN15,adipose tissue,69.3
CLDN15,intestine,244.4
GLCCI1,lymphoid tissue,31.4
MYL10,skeletal muscle,1.3
EZH2,bone marrow,23.9
EZH2,lymphoid tissue,34.1
EZH2,testis,24.5
CEP41,testis,47.3
SFRP4,cervix,582.1
SFRP4,endometrium 1,436.9
MEST,placenta,724.6
MEOX2,adipose tissue,38.4
MEOX2,blood vessel,30.8
MEOX2,placenta,39.6
ACTR3C,parathyroid gland,53.3
POU6F2,brain,1.2
RARRES2,adrenal gland,2645.8
RARRES2,liver,2145.2
AGR2,cervix,600.4
AGR2,intestine,1148.3
AGR2,stomach 1,1323.9
CHCHD3,skeletal muscle,329.6
CHCHD3,tongue,227.3
GIMAP2,lymphoid tissue,73.4
TMEM176B,liver,1555.3
PRKAG2,heart muscle,122.3
AEBP1,blood vessel,1145.3
MYL7,heart muscle,22266.8
GCK,brain,12.4
GCK,liver,16.7
GCK,pituitary gland,19.5
TBL2,testis,12.7
GALNTL5,testis,10.5
CLIP2,brain,78.2
LIMK1,brain,87.1
SLC1A1,epididymis,42.5
SLC1A1,intestine,60.9
SLC1A1,kidney,47.6
LHX2,brain,82.0
LHX2,retina,31.7
FSD1L,retina,40.1
MEGF9,retina,63.2
CORO2A,intestine,33.0
C5,liver,418.8
OGN,blood vessel,367.4
OGN,ovary,223.5
ASPN,blood vessel,129.3
ASPN,heart muscle,89.2
ASPN,smooth muscle,103.1
ECM2,adipose tissue,116.6
ECM2,ovary,109.9
TLE4,testis,94.4
LHX6,adipose tissue,15.1
LHX6,brain,13.9
PTGR1,intestine,262.5
PTGR1,liver,555.5
AMBP,liver,10227.4
AKNA,lymphoid tissue,105.7
TNFSF8,bone marrow,17.6
TNFSF8,lymphoid tissue,25.0
DNM1,brain,353.4
ENG,heart muscle,518.6
AK1,choroid plexus,522.7
AK1,skeletal muscle,1262.8
AK1,tongue,730.8
CDC37L1,skeletal muscle,80.0
RLN2,fallopian tube,4.8
RLN1,prostate,22.0
DOCK8,bone marrow,35.7
DOCK8,lymphoid tissue,57.8
ELAVL2,brain,22.3
ELAVL2,testis,40.3
NCS1,brain,357.2
KCNT1,brain,53.2
KCNT1,lymphoid tissue,14.7
KCNT1,skeletal muscle,12.6
CA9,stomach 1,293.9
TYRP1,choroid plexus,67.5
TYRP1,heart muscle,56.0
TYRP1,skin 1,137.2
MPDZ,liver,80.1
LHX3,pituitary gland,49.1
PIP5K1B,choroid plexus,111.3
GLIS3,thyroid gland,14.0
APBA1,brain,35.1
SH3GL2,brain,227.8
SH3GL2,retina,69.5
PTGDS,brain,3337.6
PTGDS,heart muscle,4605.2
PTGDS,testis,3126.4
ABCA2,brain,178.1
ZFAND5,skeletal muscle,561.2
DVL1,skeletal muscle,215.3
PDLIM1,skeletal muscle,652.8
DNTT,lymphoid tissue,306.4
GATA3,parathyroid gland,111.9
GATA3,skin 1,169.0
ATRNL1,brain,17.2
PHYH,liver,624.2
PHYH,skeletal muscle,453.0
PHYH,tongue,385.4
RASSF4,kidney,76.5
ERLIN1,liver,106.7
PKD2L1,lymphoid tissue,7.6
PKD2L1,retina,12.3
CUBN,kidney,131.1
CDH23,ovary,34.8
VSIR,bone marrow,76.9
VSIR,lymphoid tissue,87.9
SPOCK2,brain,218.8
SPOCK2,lymphoid tissue,106.6
PPP3CB,skeletal muscle,355.5
ACTA2,blood vessel,10509.9
ACTA2,smooth muscle,7564.0
LIPA,lymphoid tissue,375.3
TLX1,lymphoid tissue,56.4
TLX1,salivary gland,15.6
KAZALD1,lymphoid tissue,14.0
FGF8,skeletal muscle,33.3
PITX3,brain,3.3
PITX3,skeletal muscle,15.5
PITX3,tongue,5.6
ARHGAP21,brain,74.7
CPEB3,liver,30.1
LHPP,brain,388.9
MTPAP,bone marrow,34.6
NEURL1,brain,63.3
NEURL1,skeletal muscle,136.2
NEURL1,tongue,55.8
MAP3K8,bone marrow,313.3
DKK1,adipose tissue,20.7
DKK1,cervix,31.9
DKK1,placenta,46.0
EBF3,adipose tissue,15.8
SORCS1,brain,10.1
SORCS1,thyroid gland,10.1
UBE2S,bone marrow,109.2
UBE2S,testis,146.2
DNAJC12,adrenal gland,66.9
DNAJC12,brain,82.3
DNAJC12,liver,63.1
PBLD,intestine,160.8
PBLD,kidney,251.7
PBLD,liver,312.7
LGI1,brain,42.1
LGI1,choroid plexus,68.6
TBC1D12,brain,41.1
CYP2C18,intestine,96.6
CYP2C18,liver,184.2
CYP2C18,stomach 1,63.5
KRT23,salivary gland,134.8
KRT23,skin 1,164.8
NUFIP2,bone marrow,75.4
GIT1,brain,127.9
RUNDC3A,brain,297.6
RUNDC3A,pituitary gland,94.7
CSF3,lung,142.1
CSF3,urinary bladder,53.4
PSMD3,skeletal muscle,242.1
RAPGEFL1,esophagus,194.7
RAPGEFL1,skin 1,231.9
RAPGEFL1,vagina,109.8
RGS9,brain,62.9
RNF43,intestine,21.4
WNT3,liver,12.0
WNT3,skin 1,26.7
ASPA,brain,30.0
ASPA,kidney,35.6
SEPTIN4,brain,1097.2
SEPTIN4,retina,375.4
TRIM37,testis,58.2
P2RX1,blood vessel,150.2
P2RX1,pancreas,61.4
P2RX1,urinary bladder,82.5
KRT37,skin 1,6.2
PNPO,liver,82.9
GALK1,liver,98.5
HOXB6,epididymis,38.0
HOXB6,kidney,57.8
ENO3,skeletal muscle,13830.4
ENO3,tongue,10054.3
SLC25A11,heart muscle,218.8
SLC25A11,skeletal muscle,294.7
SLC25A11,tongue,419.8
RASD1,pituitary gland,351.7
CHRNE,heart muscle,57.6
CHRNE,pituitary gland,27.7
SLC6A4,intestine,38.0
SLC6A4,lung,27.2
SLC6A4,placenta,17.3
BLMH,skin 1,128.4
ALDH3A1,esophagus,504.2
ALDH3A1,salivary gland,117.1
ALDH3A1,stomach 1,212.1
ICAM2,lymphoid tissue,156.5
ASIC2,brain,12.7
ASIC2,cervix,5.5
ASIC2,endometrium 1,3.2
ASIC2,retina,4.2
CCL7,bone marrow,24.4
CCL2,urinary bladder,701.0
CCL1,intestine,2.1
CCL1,lymphoid tissue,1.1
KRT32,esophagus,5.5
KRT32,skin 1,16.6
HSD17B1,placenta,77.5
CNTNAP1,brain,72.7
ABI3,lymphoid tissue,74.8
EZH1,retina,123.7
DLX4,placenta,3.3
DLX4,skin 1,2.9
PPP1R9B,brain,107.1
COL1A1,cervix,1248.6
COL1A1,gallbladder,1134.3
COL1A1,ovary,1143.7
SGCA,blood vessel,168.4
SGCA,heart muscle,118.7
SGCA,skeletal muscle,435.8
SGCA,tongue,202.7
PTGES3L-AARSD1,skeletal muscle,16.4
PTGES3L-AARSD1,tongue,9.9
RND2,brain,95.2
RND2,testis,35.5
ALOX12,cervix,78.6
ALOX12,esophagus,47.5
ALOX12,vagina,95.8
ABCC3,adrenal gland,58.1
ABCC3,liver,49.3
PPY,pancreas,152.7
MPP2,brain,32.8
DUSP3,skeletal muscle,245.3
CACNG1,skeletal muscle,311.7
CACNG1,tongue,113.6
HLF,liver,114.4
SLC16A6,choroid plexus,42.8
SLC16A6,epididymis,30.9
SLC16A6,retina,28.4
EFNB3,brain,41.5
FAM20A,liver,23.6
MMD,adipose tissue,142.9
MMD,brain,101.7
MAP2K6,intestine,29.8
MAP2K6,skeletal muscle,41.3
RCVRN,retina,430.9
MYH1,skeletal muscle,7384.5
SLC9A3R1,esophagus,348.1
MYH3,prostate,27.1
MYH3,seminal vesicle,17.2
MYH3,skeletal muscle,20.2
VTN,liver,5644.8
TMEM97,liver,105.9
TMEM97,pancreas,303.3
CDR2L,brain,58.8
FOXN1,esophagus,17.4
FOXN1,skin 1,38.8
FOXN1,vagina,10.0
UNC119,retina,1084.9
ALDOC,brain,1156.4
ALDOC,retina,1098.1
PHOX2B,adrenal gland,8.1
PHOX2B,intestine,2.4
GABRA4,brain,9.3
GABRA4,heart muscle,2.4
GNRHR,pituitary gland,11.9
UGT2B10,liver,218.6
CWH43,esophagus,19.7
CWH43,prostate,40.2
CWH43,skin 1,24.1
SULT1E1,intestine,25.8
SULT1E1,liver,34.7
SULT1E1,skin 1,18.4
SULT1E1,vagina,29.0
ODAM,salivary gland,320.4
SMR3A,salivary gland,56.2
NMU,esophagus,96.3
NMU,skin 1,36.3
NMU,vagina,29.4
CRACD,intestine,18.2
CRACD,testis,27.4
PF4V1,intestine,1.6
PF4V1,lymphoid tissue,2.7
AREG,bone marrow,122.6
AREG,placenta,308.9
AREG,urinary bladder,135.5
MAPK10,brain,73.7
NDUFC1,heart muscle,78.4
NDUFC1,skeletal muscle,251.3
NDUFC1,tongue,148.5
UCP1,adrenal gland,2.6
KLHL2,brain,48.1
CPE,brain,1047.2
CPE,retina,687.1
ANXA10,stomach 1,459.0
AADAT,liver,62.7
GALNT7,stomach 1,61.9
SOD3,blood vessel,827.8
SOD3,choroid plexus,1058.5
SEPSECS,liver,24.4
CPZ,ovary,145.4
TRIM2,brain,62.9
SLC2A9,kidney,27.3
SLC2A9,liver,20.0
FBXW7,brain,58.3
FBXW7,skin 1,57.7
NEIL3,bone marrow,6.3
NEIL3,lymphoid tissue,22.0
CLNK,kidney,6.1
CLNK,lymphoid tissue,2.5
STIM2,choroid plexus,59.3
NKX3-2,intestine,21.5
GLRB,brain,41.3
GLRB,parathyroid gland,31.1
BST1,bone marrow,131.9
BST1,intestine,45.7
HGFAC,liver,223.6
LRP2BP,pituitary gland,16.4
LRP2BP,retina,26.8
FAM149A,liver,46.8
NCAPG,bone marrow,13.1
NCAPG,lymphoid tissue,14.7
UGDH,liver,128.7
PPARGC1A,liver,41.7
DDX25,brain,21.8
DDX25,retina,20.2
DDX25,testis,85.4
CRYAB,heart muscle,10537.6
CRYAB,skeletal muscle,7429.7
CRYAB,tongue,8772.8
CCDC34,testis,48.3
SC5D,liver,367.9
CRTAM,brain,128.2
JHY,choroid plexus,16.1
JHY,testis,33.4
B3GAT1,brain,191.4
P2RX3,heart muscle,3.9
P2RX3,liver,1.6
P2RX3,testis,3.1
DNAJC4,testis,231.9
SIAE,intestine,98.0
LPXN,lymphoid tissue,111.0
DTX4,brain,55.5
EHD1,bone marrow,143.0
EHD1,testis,148.3
UNC93B1,lymphoid tissue,74.4
DCPS,liver,79.5
NRXN2,brain,184.5
MS4A4A,placenta,59.3
CCDC86,parathyroid gland,355.2
CCKBR,brain,21.1
CCKBR,pancreas,25.5
CCKBR,stomach 1,41.3
HPX,liver,4942.7
TRIM3,brain,49.0
FOLR1,choroid plexus,2860.9
FOLR3,bone marrow,90.4
FOLR3,lymphoid tissue,30.7
APOA5,liver,568.8
APOA4,intestine,2929.9
APOC3,liver,28690.9
CEP126,choroid plexus,39.4
IL10RA,bone marrow,54.5
IL10RA,lymphoid tissue,71.6
UPK2,urinary bladder,61.6
NECTIN1,esophagus,121.1
NECTIN1,skin 1,126.9
KIAA1549L,brain,20.8
KIAA1549L,parathyroid gland,30.9
PDHX,skeletal muscle,130.0
PDHX,tongue,116.9
SLC1A2,brain,1024.9
CD5,lymphoid tissue,43.3
SCGB2A2,breast,2629.3
SCGB2A2,skin 1,689.2
MDK,ovary,571.9
MADD,brain,101.0
SLC22A18,intestine,48.1
SLC22A18,liver,80.8
SLC35F2,salivary gland,35.2
C11orf21,bone marrow,47.6
C11orf21,heart muscle,19.4
C11orf21,lymphoid tissue,15.0
ELMOD1,brain,51.8
ELMOD1,pituitary gland,20.0
ELMOD1,retina,30.2
ELMOD1,skin 1,27.3
CALCA,parathyroid gland,167.3
CALCA,thyroid gland,146.0
SOX6,bone marrow,25.3
TCIRG1,pancreas,278.3
EXPH5,brain,15.1
EXPH5,skin 1,24.4
HPS5,liver,32.8
POU2AF1,intestine,41.3
POU2AF1,lymphoid tissue,111.9
POU2AF1,stomach 1,37.8
PTPN5,brain,301.3
CD69,bone marrow,159.6
CD69,lymphoid tissue,88.3
CLEC2B,bone marrow,106.6
SELPLG,lymphoid tissue,75.0
ASIC1,brain,30.0
DAO,brain,48.2
DAO,kidney,84.2
DAO,liver,139.9
TSPAN11,intestine,22.7
MVK,liver,58.8
CAMKK2,brain,324.0
BIN2,bone marrow,95.7
BIN2,lymphoid tissue,48.5
IL23A,urinary bladder,41.5
ATP5F1B,skeletal muscle,2427.2
ATP5F1B,tongue,2993.0
SYT10,fallopian tube,2.1
RSRC2,bone marrow,61.7
CYP27B1,kidney,18.6
CYP27B1,thyroid gland,5.3
MYF6,skeletal muscle,471.7
MYF6,tongue,193.8
MYF5,skeletal muscle,5.2
MYF5,tongue,8.3
LIN7A,bone marrow,26.3
LIN7A,retina,24.6
ACSS3,liver,37.4
GLI1,cervix,10.4
PPM1H,brain,34.8
PPM1H,parathyroid gland,39.8
SLC6A12,kidney,19.7
SLC6A12,liver,68.3
WNT5B,prostate,31.6
TRPV4,choroid plexus,69.8
FOXM1,bone marrow,23.6
FOXM1,lymphoid tissue,30.0
FOXM1,testis,20.0
PRR4,salivary gland,6404.5
PRMT8,brain,24.0
FGF6,skeletal muscle,12.9
FGF6,tongue,8.9
MYL2,heart muscle,27634.5
MYL2,skeletal muscle,27153.8
MYL2,tongue,18492.7
RAD51AP1,bone marrow,15.9
RAD51AP1,lymphoid tissue,13.4
CUX2,brain,13.7
CUX2,choroid plexus,10.3
CUX2,liver,19.7
CUX2,prostate,10.7
SH2B3,bone marrow,57.3
AKAP3,testis,93.5
MANSC1,salivary gland,65.5
KCNA1,brain,53.1
CREBL2,adrenal gland,123.4
ALDH2,liver,801.4
GPRC5D,skin 1,26.4
GSG1,testis,406.3
SCNN1A,choroid plexus,184.9
SCNN1A,salivary gland,149.7
CDK2AP1,brain,431.1
OAS3,salivary gland,26.2
OAS2,salivary gland,63.3
ART4,liver,49.7
ART4,lymphoid tissue,17.9
MGP,blood vessel,15727.7
RASAL1,parathyroid gland,56.1
RASAL1,salivary gland,26.2
ARHGDIB,bone marrow,1491.2
ARHGDIB,lymphoid tissue,1001.9
RERGL,blood vessel,166.7
ENDOU,cervix,23.2
ENDOU,esophagus,80.6
ENDOU,vagina,29.9
SPRING1,thyroid gland,35.0
VDR,parathyroid gland,221.9
FZD10,esophagus,15.7
FZD10,skin 1,8.9
ADGRD1,heart muscle,54.6
TBC1D30,pancreas,10.1
IFNG,bone marrow,10.9
IFNG,lymphoid tissue,7.0
GAPDH,skeletal muscle,25843.3
GAPDH,tongue,17635.1
ACRBP,testis,271.0
GNB3,retina,396.1
CDCA3,lymphoid tissue,28.4
CDCA3,retina,61.8
TPI1,skeletal muscle,2315.7
TPI1,tongue,1873.5
ENO2,brain,857.9
ENO2,retina,1573.2
PTPN6,bone marrow,124.6
PTPN6,lymphoid tissue,143.6
NT5DC3,intestine,74.2
SLCO1B3,liver,247.7
APOBEC1,intestine,27.3
GYS2,liver,162.5
LDHB,heart muscle,1824.5
LDHB,kidney,1610.4
CLEC4A,bone marrow,20.4
CLEC4A,lymphoid tissue,25.3
AICDA,lymphoid tissue,10.5
COX6A1,brain,1831.8
RFX4,brain,22.2
RFX4,testis,70.2
KLRB1,bone marrow,44.6
KLRB1,lymphoid tissue,34.1
COL12A1,ovary,103.2
TDP2,intestine,172.6
RSPH4A,choroid plexus,22.0
RSPH4A,fallopian tube,35.0
MAK,retina,110.1
GCNT2,prostate,13.7
CEP85L,testis,28.0
ADTRP,choroid plexus,97.8
ADTRP,intestine,92.7
ADTRP,parathyroid gland,87.2
MAN1A1,liver,144.6
GABRR2,retina,29.1
HDDC2,choroid plexus,156.6
TPD52L1,salivary gland,281.1
HINT3,skeletal muscle,105.5
RIPOR2,endometrium 1,49.3
RIPOR2,lymphoid tissue,77.3
ULBP1,brain,3.6
ULBP1,lung,1.5
ULBP1,testis,3.2
FBXO5,bone marrow,41.6
FBXO5,lymphoid tissue,25.4
OPRM1,brain,4.4
OPRM1,testis,2.6
TULP1,retina,194.3
SLC26A8,testis,41.2
RHAG,bone marrow,112.6
IL17A,lymphoid tissue,1.3
IL17F,lymphoid tissue,2.0
PHACTR1,bone marrow,21.5
PHACTR1,brain,25.7
MDGA1,brain,80.5
CD83,bone marrow,197.9
GLP1R,heart muscle,2.6
GLP1R,pancreas,8.6
SAYSD1,testis,30.6
BMP5,placenta,66.9
BACH2,bone marrow,6.9
BACH2,lymphoid tissue,16.3
RBM24,heart muscle,132.9
RBM24,skeletal muscle,293.2
RBM24,tongue,98.7
CAP2,skeletal muscle,539.5
CAP2,tongue,291.8
TREML2,bone marrow,13.7
TREML2,lymphoid tissue,9.0
ZNF451,bone marrow,66.3
TSPO2,bone marrow,47.3
FHL5,blood vessel,244.7
KHDRBS2,brain,6.4
KHDRBS2,retina,3.7
KHDRBS2,thyroid gland,3.8
PTP4A1,liver,533.7
PTP4A1,skeletal muscle,349.2
SIM1,epididymis,2.7
SIM1,kidney,9.2
SIM1,skeletal muscle,3.3
HDGFL1,testis,87.5
BVES,heart muscle,26.0
BVES,skeletal muscle,41.0
BVES,tongue,27.3
COL9A1,brain,10.4
COL9A1,choroid plexus,23.9
COL9A1,prostate,10.8
WASF1,brain,99.1
WASF1,testis,73.4
GPLD1,liver,43.1
ALDH5A1,liver,92.3
CRYBG1,esophagus,65.5
CRYBG1,placenta,67.6
VNN1,gallbladder,83.9
VNN1,intestine,128.3
VNN1,liver,204.4
VNN2,bone marrow,29.8
VNN2,lymphoid tissue,66.0
ACOT13,liver,28.6
B3GAT2,brain,15.0
B3GAT2,retina,17.0
GMNN,pancreas,218.1
EYA4,skeletal muscle,29.0
EYA4,tongue,18.7
NR2E1,brain,23.9
NR2E1,choroid plexus,7.8
NR2E1,retina,28.4
SLC17A2,liver,74.4
ZBTB24,bone marrow,16.5
PERP,cervix,309.5
PERP,esophagus,758.5
PERP,salivary gland,274.1
PERP,skin 1,1079.2
PERP,vagina,423.8
ARFGEF3,brain,20.1
ARFGEF3,salivary gland,17.0
SLC16A10,choroid plexus,24.8
SLC16A10,pancreas,28.0
SLC16A10,skeletal muscle,33.7
ADGRG6,liver,67.2
ADGRG6,placenta,44.6
PHACTR2,placenta,79.4
EPM2A,skeletal muscle,71.9
EPM2A,tongue,74.2
CCR6,lymphoid tissue,31.7
UNC93A,esophagus,4.8
UNC93A,intestine,9.0
UNC93A,liver,13.1
UNC93A,skin 1,18.2
SLC22A2,kidney,143.6
PACRG,fallopian tube,28.6
PACRG,testis,23.4
QKI,brain,290.1
QKI,tongue,207.3
C6orf118,choroid plexus,9.4
C6orf118,fallopian tube,15.4
C6orf118,testis,6.6
TFEB,skeletal muscle,76.5
SMOC2,blood vessel,407.9
CCND3,lymphoid tissue,239.0
GUCA1B,retina,432.4
PRPH2,retina,594.9
GMDS,intestine,99.8
GMDS,salivary gland,99.4
GMDS,stomach 1,91.7
IMPG1,retina,621.3
TTK,bone marrow,23.9
TTK,lymphoid tissue,43.4
TTK,testis,32.1
CCN6,epididymis,9.6
CCN6,skin 1,2.8
LAMA4,fallopian tube,163.3
TENT5A,bone marrow,213.3
TENT5A,salivary gland,98.3
CLIC5,heart muscle,96.2
CLIC5,skeletal muscle,271.2
CLIC5,tongue,91.9
ENPP5,epididymis,230.1
LY86,lymphoid tissue,73.4
PRSS16,lymphoid tissue,770.3
MEP1A,intestine,440.6
TBX18,blood vessel,34.2
CEP72,testis,7.1
C7,adrenal gland,861.4
GHR,adipose tissue,79.5
GHR,liver,199.5
HMGCS1,liver,364.9
NME5,fallopian tube,35.0
NME5,testis,49.8
KIF20A,bone marrow,13.3
KIF20A,lymphoid tissue,22.9
KIF20A,testis,10.9
NNT,skeletal muscle,223.6
NNT,tongue,358.8
HBEGF,urinary bladder,119.6
SLC4A9,kidney,36.8
GZMK,lymphoid tissue,93.3
CDH9,brain,6.5
CDH9,kidney,5.4
APBB3,brain,23.6
HMGCR,liver,98.8
HAND1,heart muscle,23.1
HAND1,intestine,63.4
PDE8B,thyroid gland,116.7
HAVCR1,intestine,4.3
HAVCR1,kidney,6.5
GRM6,retina,39.6
ITK,lymphoid tissue,53.6
THBS4,adipose tissue,203.6
THBS4,heart muscle,157.1
THBS4,smooth muscle,234.9
THBS4,tongue,200.5
IL12B,lymphoid tissue,1.2
BTNL8,intestine,112.1
RASGRF2,retina,21.2
GABRG2,brain,40.7
GABRG2,retina,10.3
CDH6,blood vessel,12.2
CDH6,kidney,13.8
LMNB1,bone marrow,32.1
LMNB1,lymphoid tissue,45.9
NPR3,kidney,100.5
SLC27A6,adrenal gland,23.0
SLC27A6,fallopian tube,20.0
SLC27A6,heart muscle,22.0
IRX4,esophagus,14.2
IRX4,heart muscle,12.7
IRX4,skin 1,20.1
IRX4,vagina,11.0
PDE4D,bone marrow,70.7
PDE4D,skeletal muscle,63.5
AGXT2,kidney,194.0
AGXT2,liver,115.4
PRLR,choroid plexus,120.7
PRLR,parathyroid gland,77.7
PRLR,placenta,47.2
SLC12A7,heart muscle,71.9
IL5,testis,4.8
ST8SIA4,lymphoid tissue,13.2
ST8SIA4,placenta,10.5
PCDH12,placenta,28.4
NUP155,testis,66.2
FGF1,brain,282.0
C9,liver,1222.6
WWC1,salivary gland,134.1
HMGXB3,parathyroid gland,110.1
CDX1,intestine,93.3
STC2,breast,135.0
HRH2,bone marrow,25.7
HRH2,heart muscle,15.7
UNC5A,brain,58.7
EHHADH,kidney,134.7
EHHADH,liver,322.1
SMC4,lymphoid tissue,56.4
KNG1,liver,2986.1
HRG,liver,5081.0
BCL6,skeletal muscle,527.7
HGD,kidney,186.7
HGD,liver,703.2
CLDN16,kidney,59.3
ARL6,retina,35.2
CD86,lymphoid tissue,32.5
NIT2,liver,24.7
PCCB,liver,188.7
RBP2,intestine,2547.7
RBP1,choroid plexus,1159.9
RBP1,ovary,1363.3
GRK7,retina,10.4
TFDP2,lymphoid tissue,157.9
BCHE,liver,490.0
SERPINI2,pancreas,1338.6
LRRC31,intestine,20.4
LRRC31,salivary gland,5.9
LRRC31,stomach 1,9.5
WNT5A,endometrium 1,25.7
WNT5A,salivary gland,32.4
PFKFB4,testis,23.8
COL7A1,skin 1,92.9
FGF12,heart muscle,125.4
PRKAR2A,skeletal muscle,81.8
PRKAR2A,testis,78.3
GNAT1,retina,1040.7
HYAL1,liver,197.5
HYAL1,lymphoid tissue,93.2
C3orf14,brain,59.2
FXR1,skeletal muscle,741.3
FXR1,tongue,425.1
HHLA2,intestine,129.9
IQCG,choroid plexus,51.6
IQCG,fallopian tube,49.6
IQCG,testis,41.0
GBE1,skeletal muscle,141.9
MORC1,testis,14.9
C3orf52,pancreas,17.1
C3orf52,skin 1,25.9
ROPN1B,testis,204.8
PODXL2,brain,98.6
PODXL2,pituitary gland,56.0
UPK1B,stomach 1,31.9
UPK1B,urinary bladder,82.9
CSPG5,brain,103.3
CSPG5,choroid plexus,53.4
CSPG5,retina,26.3
EFCC1,lung,3.8
EFCC1,ovary,3.6
CFAP92,testis,23.9
NEK11,choroid plexus,41.9
CISH,liver,59.2
MAPKAPK3,heart muscle,241.8
MAPKAPK3,skeletal muscle,213.3
MAPKAPK3,tongue,265.2
PEX5L,brain,46.5
PEX5L,parathyroid gland,28.4
PEX5L,retina,14.1
AADAC,adrenal gland,235.1
AADAC,intestine,227.7
AADAC,liver,884.4
PLCH1,lymphoid tissue,15.5
PLCH1,retina,11.5
PLCH1,testis,10.5
VIPR1,lung,124.0
ZBTB47,skeletal muscle,99.1
TNNC1,heart muscle,8750.1
TNNC1,skeletal muscle,19761.9
TNNC1,tongue,11563.6
CLCN2,intestine,15.2
NEK4,testis,43.0
SLC4A3,heart muscle,265.9
SLC4A3,ovary,122.8
INO80D,bone marrow,17.0
ADAM23,brain,31.5
ADAM23,parathyroid gland,77.8
RTKN,brain,114.0
RTKN,liver,120.9
IL1A,esophagus,13.5
IL1A,testis,9.7
IL1A,urinary bladder,24.1
CCL20,gallbladder,153.1
CCL20,lymphoid tissue,155.0
CCL20,urinary bladder,179.3
KCNIP3,brain,30.4
KCNIP3,lymphoid tissue,22.9
KCNIP3,parathyroid gland,25.1
FAHD2A,liver,107.6
ZAP70,bone marrow,22.6
ZAP70,lymphoid tissue,74.4
STEAP3,liver,180.3
STEAP3,parathyroid gland,74.2
TFCP2L1,kidney,46.2
TFCP2L1,salivary gland,92.0
TP53I3,esophagus,121.5
DNAJC27,testis,20.8
POMC,pituitary gland,30726.6
OTOF,bone marrow,6.1
OTOF,brain,20.8
CENPA,lymphoid tissue,12.4
CYTIP,bone marrow,99.7
CYTIP,lymphoid tissue,107.1
SLC30A3,brain,30.3
SLC30A3,epididymis,64.6
SLC30A3,testis,32.0
ITGB6,skeletal muscle,74.9
ITGB6,tongue,60.3
FNDC4,adrenal gland,124.6
FNDC4,liver,125.5
ITGA4,bone marrow,44.0
ITGA4,lymphoid tissue,69.0
PPM1G,testis,232.2
PDE1A,thyroid gland,40.1
REEP6,intestine,204.5
REEP6,liver,523.4
REEP6,testis,363.6
PCSK4,testis,62.5
GCG,pancreas,1834.3
APC2,brain,48.0
IFIH1,bone marrow,34.6
GCA,bone marrow,307.8
NDUFS7,skeletal muscle,623.2
GRB14,epididymis,23.8
GRB14,liver,29.1
GRB14,tongue,43.3
TLX2,adrenal gland,1.9
TLX2,retina,2.9
GALNT3,stomach 1,73.0
TACR1,adipose tissue,6.2
CCDC88A,brain,65.7
ACADL,blood vessel,24.9
ACADL,liver,26.3
EVA1A,liver,178.5
LANCL1,brain,161.6
EFEMP1,blood vessel,977.9
REG1A,pancreas,108891.6
FN1,blood vessel,2745.6
FN1,liver,1614.4
FN1,placenta,2751.7
GLS,kidney,144.3
DNAH6,choroid plexus,5.0
DNAH6,fallopian tube,5.1
PECR,liver,149.7
IGFBP2,blood vessel,1281.4
IGFBP2,pancreas,901.3
IGFBP5,cervix,1401.0
EFHD1,blood vessel,313.4
EFHD1,brain,324.6
KCNJ13,choroid plexus,165.9
KCNJ13,intestine,85.9
GGCX,liver,100.9
NEU2,skin 1,1.9
OTX1,salivary gland,17.4
OTX1,skin 1,8.1
GNLY,bone marrow,271.5
GNLY,endometrium 1,67.6
GNLY,lymphoid tissue,81.2
ST3GAL5,adrenal gland,45.9
HSPE1,adrenal gland,1080.8
PLCD4,retina,153.9
PLCD4,skeletal muscle,106.9
IL1R2,lymphoid tissue,91.9
PRKAG3,skeletal muscle,78.0
SMYD1,heart muscle,152.8
SMYD1,skeletal muscle,462.4
SMYD1,tongue,281.3
WNT6,brain,9.8
IL1RL2,skin 1,11.6
IL1RL1,choroid plexus,58.2
IL1RL1,kidney,116.5
IL1RL1,lung,158.6
IL1RL1,placenta,187.6
IL18R1,lung,11.3
IL18RAP,bone marrow,101.8
SLC9A2,intestine,19.4
SLC9A2,stomach 1,24.9
FHL2,heart muscle,1337.6
FHL2,ovary,513.6
MLPH,prostate,133.3
MLPH,salivary gland,118.7
SLC5A7,brain,2.2
SLC5A7,intestine,2.6
PASK,lymphoid tissue,21.3
STK25,skeletal muscle,459.7
TPO,thyroid gland,1387.6
PROC,liver,584.1
ID2,blood vessel,790.2
ID2,parathyroid gland,1136.9
HPCAL1,brain,410.9
QPCT,adrenal gland,162.3
QPCT,epididymis,98.2
SLC25A12,skeletal muscle,44.6
SLC25A12,tongue,47.7
RMDN2,adrenal gland,40.0
DLX2,brain,2.9
LCT,intestine,212.7
SDC1,esophagus,467.3
SDC1,liver,471.7
SDC1,skin 1,422.7
PLCL1,tongue,38.1
SLC1A4,brain,49.2
KYNU,liver,82.6
KYNU,urinary bladder,48.0
WIPF1,lymphoid tissue,107.0
PLEK,bone marrow,571.1
RND3,esophagus,146.1
AAK1,parathyroid gland,83.6
TRAK2,brain,195.8
C2orf42,testis,55.2
KISS1R,brain,3.5
KISS1R,pancreas,1.3
KISS1R,pituitary gland,1.0
EPAS1,lung,388.8
EPAS1,placenta,419.0
ARID3A,placenta,22.0
ARID3A,testis,16.1
CD207,skin 1,82.8
GRIN3B,fallopian tube,2.6
GRIN3B,lung,1.4
VAX2,brain,12.4
VAX2,retina,10.3
ATP6V1B1,kidney,128.7
ATP6V1B1,salivary gland,131.8
EPHA4,brain,23.6
ALMS1,testis,20.7
DHCR24,adrenal gland,1055.0
DHCR24,liver,583.3
TNR,brain,38.9
TNR,retina,15.1
MORN1,brain,24.4
SCP2,liver,1042.5
TPSG1,intestine,13.6
PAPPA2,placenta,53.4
RALGPS2,lymphoid tissue,48.9
RALGPS2,retina,49.8
RALGPS2,testis,67.0
ANGPTL1,placenta,125.3
NPHS2,kidney,244.9
CHD5,brain,80.2
CHD5,pituitary gland,53.4
CHD5,testis,30.9
ERRFI1,liver,695.4
ERRFI1,pancreas,640.2
ELAPOR1,pancreas,147.7
ELAPOR1,salivary gland,156.2
ELAPOR1,stomach 1,83.2
OPRD1,brain,2.7
AMPD2,brain,68.9
KCNC4,brain,18.7
WDR77,fallopian tube,98.8
ATP5PB,skeletal muscle,127.5
ATP5PB,tongue,122.9
RNF19B,testis,73.9
DLGAP3,brain,43.8
RHOU,brain,67.0
MEF2D,skeletal muscle,157.9
FBXO2,brain,374.1
FBXO2,pituitary gland,136.0
C1orf21,skeletal muscle,36.2
SWT1,testis,35.8
DNAJC6,brain,90.0
DNAJC6,retina,48.9
LEPR,liver,121.9
IVNS1ABP,bone marrow,427.4
MFN2,heart muscle,253.1
MFN2,skeletal muscle,290.9
MFN2,tongue,315.0
PRG4,adipose tissue,87.0
PRG4,liver,173.7
NCF2,bone marrow,119.1
NCF2,lung,61.2
NCF2,lymphoid tissue,73.9
PDC,retina,618.7
SLC35D1,liver,69.9
PLA2G4A,parathyroid gland,82.0
PLA2G4A,seminal vesicle,45.5
RPE65,brain,5.2
RPE65,choroid plexus,3.5
RPE65,retina,7.8
RPE65,seminal vesicle,4.2
AMPD1,skeletal muscle,538.0
AMPD1,tongue,202.3
CTH,liver,115.0
AGMAT,kidney,125.0
AGMAT,liver,58.0
AGMAT,skeletal muscle,32.1
OLFML3,ovary,238.5
TNNI3K,heart muscle,54.6
CFHR3,liver,366.8
PLEKHM2,brain,159.3
CRYZ,kidney,308.8
CRYZ,liver,264.3
TFAP2E,brain,9.7
TFAP2E,retina,3.2
CD2,lymphoid tissue,232.5
NR5A2,intestine,16.8
NR5A2,liver,36.1
NR5A2,pancreas,57.7
KIF21B,bone marrow,32.3
KIF21B,brain,19.3
KIF21B,retina,19.9
MAP7D1,skeletal muscle,267.9
HAO2,kidney,283.1
HAO2,liver,397.7
OSCP1,choroid plexus,79.1
OSCP1,testis,72.0
NID1,placenta,216.7
NT5C1A,skeletal muscle,72.5
NT5C1A,tongue,29.1
HPCAL4,brain,122.5
MYCL,pancreas,63.9
MYCL,skin 1,37.4
ZP4,ovary,3.6
KMO,kidney,29.3
KMO,liver,85.6
ZNF684,liver,12.0
KCNQ4,intestine,3.7
RIMS3,brain,97.9
ACADM,liver,343.6
ACADM,skeletal muscle,357.2
ACADM,tongue,445.9
SLAMF1,lymphoid tissue,59.1
CD48,bone marrow,140.1
CD48,lymphoid tissue,265.6
PADI2,brain,236.1
PADI2,skeletal muscle,292.0
PADI2,tongue,459.8
SDHB,skeletal muscle,460.5
SDHB,tongue,542.0
KDM5B,testis,34.5
UAP1,liver,93.9
ACTL8,testis,6.8
RGS4,brain,192.4
IGSF21,brain,97.3
SSX2IP,retina,109.9
SSX2IP,testis,98.7
PLA2G2D,lymphoid tissue,99.6
GBP3,intestine,74.1
GBP1,liver,82.4
GBP1,lymphoid tissue,67.5
KIF17,testis,21.0
CDK18,brain,367.7
CDK18,heart muscle,116.7
RAB29,kidney,68.2
CD160,bone marrow,4.8
CD160,brain,15.2
CD160,intestine,4.4
CD160,liver,4.7
CD160,lymphoid tissue,12.7
HMGCL,liver,321.5
GALE,stomach 1,115.5
ID3,blood vessel,460.8
CR2,lymphoid tissue,163.6
SLC2A1,placenta,92.7
CDC20,bone marrow,50.8
CDC20,lymphoid tissue,49.0
CDC20,testis,46.8
IPO13,skeletal muscle,121.1
PTCH2,parathyroid gland,55.6
PTCH2,salivary gland,70.9
TSPAN1,intestine,556.4
TSPAN1,kidney,233.4
CCDC181,choroid plexus,30.6
CCDC181,retina,37.0
CCDC181,testis,24.6
SLC19A2,skeletal muscle,101.6
SLC19A2,tongue,79.4
NSUN4,testis,80.0
MROH9,fallopian tube,2.4
MROH9,testis,1.5
ABCD3,liver,118.4
FASLG,lymphoid tissue,5.3
HSD11B1,liver,904.9
IRF6,esophagus,86.6
IRF6,skin 1,104.1
PLPPR5,brain,6.5
PLPPR5,retina,1.5
PLPPR5,testis,1.9
PLPPR4,brain,50.1
SERPINC1,liver,4726.5
RCAN3,prostate,31.7
STMN1,brain,1366.8
STMN1,lymphoid tissue,1250.2
NEK2,bone marrow,16.7
NEK2,lymphoid tissue,17.9
NEK2,testis,62.8
PROX1,liver,81.1
CENPF,bone marrow,19.8
CENPF,lymphoid tissue,23.7
CENPF,testis,7.3
MTARC2,kidney,123.2
MTARC2,liver,208.6
SLC5A9,intestine,40.9
RCN2,epididymis,303.6
CHRNB4,adrenal gland,2.3
CHRNB4,lymphoid tissue,2.7
CHRNB4,retina,2.6
CHRNB4,testis,5.6
MUC5B,salivary gland,2643.1
COLEC11,gallbladder,50.7
COLEC11,liver,108.9
COLEC11,ovary,50.7
A4GNT,stomach 1,22.3
TREH,intestine,62.4
MMP8,bone marrow,473.9
APOA1,liver,20151.0
ZNF541,testis,21.1
SLC8A2,brain,99.2
KIF14,bone marrow,6.2
KIF14,lymphoid tissue,10.2
TNNT2,heart muscle,8731.9
CRYGD,brain,3.1
CRYGD,ovary,7.7
MREG,retina,43.4
TNP1,testis,5763.6
NRP2,intestine,73.7
TTR,choroid plexus,672504.5
B4GALT6,retina,24.7
CA14,brain,43.3
CA14,choroid plexus,112.9
CA14,retina,36.5
CA14,tongue,44.3
DNAI7,choroid plexus,13.5
DNAI7,fallopian tube,13.2
DNAI7,testis,21.4
IRAG2,bone marrow,48.7
IRAG2,lymphoid tissue,167.0
ATP10B,gallbladder,15.6
ATP10B,intestine,42.9
ELOVL4,lymphoid tissue,98.1
ELOVL4,retina,163.6
FILIP1,heart muscle,50.3
FILIP1,skeletal muscle,33.8
FILIP1,tongue,45.6
CNR1,adipose tissue,18.3
CNR1,brain,18.6
SPACA1,testis,39.5
SGIP1,retina,152.0
ZC2HC1B,testis,14.9
ADGB,choroid plexus,4.7
ADGB,fallopian tube,7.1
ADGB,testis,24.4
PLAGL1,placenta,232.2
TNFAIP3,bone marrow,393.5
TNFAIP3,urinary bladder,146.3
AKAP7,adrenal gland,54.4
RAB32,bone marrow,165.1
MYB,bone marrow,33.1
MYB,breast,18.9
MYB,intestine,24.9
MYB,lymphoid tissue,61.5
ALDH8A1,kidney,67.2
ALDH8A1,liver,231.1
SGK1,parathyroid gland,946.1
ARG1,liver,1124.7
CCN2,blood vessel,1230.3
TCF21,lung,197.6
TCF21,ovary,192.4
PMFBP1,epididymis,12.7
PMFBP1,testis,20.0
SLC16A7,adipose tissue,18.8
SLC16A7,heart muscle,32.2
ARMC2,testis,31.2
GHRH,brain,64.3
CASQ2,heart muscle,989.2
OLFM3,brain,17.1
OLFM3,retina,6.8
PKD2,blood vessel,106.7
ABCG2,intestine,83.2
SPP1,brain,1840.1
SPP1,gallbladder,2283.6
SPP1,kidney,3270.9
SPP1,placenta,2626.4
STBD1,liver,121.8
STBD1,skeletal muscle,232.9
STBD1,tongue,144.4
RARRES1,adipose tissue,233.7
RARRES1,fallopian tube,173.0
RARRES1,salivary gland,172.7
PPL,cervix,218.4
PPL,esophagus,697.4
PPL,vagina,274.1
PCDH17,brain,14.7
PCDH17,lung,13.0
PCDH17,lymphoid tissue,23.6
CCND2,heart muscle,27.8
FGF23,heart muscle,5.4
FGF23,liver,4.7
DNAH7,choroid plexus,19.8
DNAH7,testis,10.3
NDUFB3,skeletal muscle,659.2
NDUFB3,tongue,676.6
SATB2,brain,13.1
SATB2,intestine,30.8
UBE2B,skeletal muscle,202.4
TRPM6,intestine,15.6
GDA,brain,69.9
GDA,intestine,89.3
GDA,kidney,40.1
GDA,liver,57.4
ECRG4,choroid plexus,412.4
PIGZ,brain,25.2
PIGZ,intestine,37.2
CCDC92,brain,138.0
C1orf198,brain,144.0
TRIM67,brain,8.3
TRIM67,retina,3.1
CTNNAL1,adrenal gland,273.5
CNTRL,lymphoid tissue,20.3
CNTRL,testis,28.4
NEK6,liver,64.3
BSPRY,parathyroid gland,420.6
NDUFA8,heart muscle,356.0
HDHD3,adrenal gland,151.0
HDHD3,liver,123.4
SLC46A2,cervix,15.5
SLC46A2,lung,9.9
SLC46A2,lymphoid tissue,14.9
SLC46A2,skin 1,24.0
HSDL2,tongue,169.3
GALNT12,epididymis,70.6
GALNT12,intestine,52.4
GALNT12,stomach 1,51.7
CSF3R,bone marrow,183.7
CSF3R,lung,134.4
CSF3R,lymphoid tissue,375.3
ONECUT2,gallbladder,9.5
ONECUT2,intestine,9.5
ONECUT2,liver,7.9
ONECUT2,retina,5.0
PROX2,bone marrow,2.3
VSX2,retina,68.4
PGF,blood vessel,66.8
BBOF1,testis,36.1
NPC2,epididymis,15839.4
DNAL1,testis,51.0
LTBP2,blood vessel,337.5
TTLL5,testis,53.7
FLVCR2,choroid plexus,28.5
PPP4R4,brain,15.1
PPP4R4,testis,7.5
ZC2HC1C,epididymis,22.6
ZC2HC1C,testis,51.7
ALDH6A1,kidney,353.5
ALDH6A1,liver,342.8
GPR68,pituitary gland,11.7
ESRRB,kidney,15.2
ESRRB,retina,33.9
RHOQ,tongue,169.4
GPR75,brain,9.8
GPR75,retina,7.1
FKBP1B,brain,73.7
YPEL5,bone marrow,413.6
LGALSL,retina,83.9
LGALSL,skin 1,88.4
CNRIP1,brain,75.2
BCL11A,brain,49.4
BCL11A,lymphoid tissue,38.2
BCL11A,skin 1,44.7
EPCAM,intestine,756.2
SLC17A5,parathyroid gland,292.0
ELOVL3,skin 1,28.1
NKX2-3,intestine,35.2
NKX2-3,lymphoid tissue,28.3
NKX2-3,salivary gland,14.3
IFIT2,bone marrow,45.8
GPAM,adipose tissue,287.2
GPAM,liver,134.8
CUTC,skeletal muscle,361.4
CUTC,tongue,190.9
PPP1R3C,skeletal muscle,850.6
PPP1R3C,tongue,419.1
CNNM1,brain,13.2
CNNM1,testis,9.8
HELLS,lymphoid tissue,10.5
PRLHR,adrenal gland,4.9
PRLHR,endometrium 1,4.6
PRLHR,pituitary gland,6.3
PRLHR,smooth muscle,3.2
AVPI1,skin 1,104.5
KCNIP2,adipose tissue,213.5
KCNIP2,brain,247.2
KCNIP2,heart muscle,286.7
CFAP58,fallopian tube,7.9
CFAP58,testis,12.8
GOT1,heart muscle,478.6
GOT1,skeletal muscle,458.7
GOT1,tongue,944.6
CPN1,liver,73.2
C10orf95,fallopian tube,9.1
SFRP5,choroid plexus,215.9
SFRP5,heart muscle,71.7
SFRP5,pancreas,135.1
GNA13,bone marrow,136.4
HOXB8,brain,40.1
HOXB8,epididymis,45.4
HOXB8,kidney,33.0
HOXB5,epididymis,17.4
HOXB5,intestine,16.9
HOXB5,kidney,33.0
CRHR1,brain,18.7
CRHR1,pituitary gland,18.5
HOXB3,epididymis,66.6
MSX2,parathyroid gland,24.2
MSX2,placenta,31.5
MSX2,urinary bladder,16.3
TEK,placenta,43.5
RCL1,liver,229.4
EQTN,testis,35.3
MOB3B,brain,30.9
INSL6,retina,6.1
INSL6,testis,14.5
INSL4,placenta,14.9
MLANA,skin 1,40.6
CD274,lung,16.1
GRIA2,brain,78.8
MTHFD1L,blood vessel,60.3
CCDC170,choroid plexus,11.0
CCDC170,fallopian tube,31.4
PLEKHG1,lymphoid tissue,27.0
MYCT1,lymphoid tissue,46.7
TASL,bone marrow,18.4
TASL,lymphoid tissue,10.2
MAGEB4,epididymis,25.7
MAGEB4,testis,8.3
CYSTM1,stomach 1,1242.2
SLC25A2,testis,6.3
TNN,adipose tissue,11.3
TNN,breast,4.6
CENPL,bone marrow,8.9
CENPL,testis,9.1
TNFSF18,brain,1.3
TNFSF18,gallbladder,1.4
TNFSF18,pancreas,1.4
SEC16B,intestine,27.7
SEC16B,liver,38.6
GPR31,lymphoid tissue,1.3
ACAT2,liver,216.3
TTLL2,testis,14.3
KCNJ5,adrenal gland,60.7
KCNJ5,pancreas,19.2
TP53AIP1,cervix,14.7
TP53AIP1,esophagus,24.8
TP53AIP1,lymphoid tissue,27.6
TP53AIP1,skin 1,19.2
TP53AIP1,vagina,13.8
TEX11,pancreas,55.5
ARR3,retina,357.5
KIAA1217,skeletal muscle,101.4
LYZL1,testis,48.7
EPC1,bone marrow,141.2
IQSEC3,brain,60.6
TNFSF11,liver,3.9
TNFSF11,lymphoid tissue,11.5
SOHLH2,testis,25.8
ELF1,bone marrow,189.8
SMAD9,thyroid gland,36.2
TGFBI,choroid plexus,469.7
TGFBI,placenta,429.3
MYOT,skeletal muscle,2045.0
MYOT,tongue,1904.0
PLS1,intestine,296.8
TMPO,lymphoid tissue,130.2
APAF1,bone marrow,30.3
DUSP4,pancreas,30.4
DUSP4,stomach 1,30.5
CLU,liver,9103.3
PTK2B,bone marrow,100.4
PTK2B,brain,136.7
CHRNA2,prostate,27.3
ADRA1A,adipose tissue,20.5
ADRA1A,liver,56.2
EPHX2,liver,311.3
NPPB,heart muscle,4819.9
TNFRSF8,adipose tissue,5.1
CRISPLD1,blood vessel,66.0
EPX,bone marrow,31.7
AKAP1,skeletal muscle,194.7
COIL,testis,92.1
SCPEP1,parathyroid gland,283.0
TBX2,lung,71.7
TBX4,lung,30.9
TBX4,placenta,19.8
TBX4,prostate,8.4
TEX14,testis,25.2
FAM117A,bone marrow,72.2
NCAPH,bone marrow,33.3
NCAPH,intestine,8.7
NCAPH,lymphoid tissue,34.8
NCAPH,testis,33.1
LRAT,brain,1.9
LRAT,liver,2.0
TMEM131L,bone marrow,46.7
TMEM131L,lymphoid tissue,45.0
MND1,bone marrow,12.5
MND1,lymphoid tissue,24.9
MND1,testis,14.8
TRIM6,kidney,19.5
ABCC11,breast,43.7
ADCY7,lymphoid tissue,27.9
TSHZ3,ovary,31.7
ECHDC2,liver,174.8
PLBD1,bone marrow,270.1
PRB2,salivary gland,11382.0
IAPP,pancreas,157.0
KCNJ8,heart muscle,63.9
BCL2L14,intestine,14.5
BCL2L14,stomach 1,8.8
BCL2L14,testis,29.6
A1BG,liver,565.1
RGSL1,testis,4.6
LHX4,retina,14.3
CSTA,cervix,1354.2
CSTA,esophagus,5787.1
CSTA,vagina,1836.0
DPPA4,bone marrow,4.5
DPPA4,lymphoid tissue,11.6
DPPA4,testis,3.9
POPDC2,heart muscle,378.0
NAA50,skeletal muscle,259.1
CD80,lung,2.8
CD80,lymphoid tissue,6.4
KIF18A,bone marrow,7.8
KIF18A,lymphoid tissue,8.9
KIF18A,testis,12.8
GJA8,testis,5.5
MAPK8IP1,brain,255.8
MAPK8IP1,pituitary gland,113.0
DEPDC7,intestine,27.3
DEPDC7,kidney,18.2
DEPDC7,liver,69.2
DEPDC7,testis,26.4
CAT,liver,1138.3
GJB6,cervix,159.8
GJB6,esophagus,212.4
GJB6,vagina,163.9
GJA3,heart muscle,7.3
GJA3,parathyroid gland,3.8
GJA3,placenta,2.3
ADGRB2,brain,74.7
HCRTR1,adrenal gland,1.0
ZCCHC17,brain,137.7
FABP3,heart muscle,1397.8
FABP3,skeletal muscle,525.2
FABP3,tongue,1347.3
CCR2,lymphoid tissue,23.1
GHSR,pituitary gland,3.5
SLITRK3,brain,9.3
SLITRK3,fallopian tube,13.0
TMEM156,lymphoid tissue,25.1
CPXM2,blood vessel,199.4
CPXM2,choroid plexus,177.2
TMEM54,intestine,242.6
CSMD2,brain,2.4
CSMD2,pancreas,1.3
HPCA,brain,945.6
TMIGD3,testis,51.5
GPSM2,tongue,50.8
CXCR4,bone marrow,1175.0
CXCR4,lymphoid tissue,523.2
SV2C,brain,16.6
FLT3,bone marrow,5.0
FLT3,brain,8.9
FLT3,lymphoid tissue,6.1
XPNPEP2,intestine,156.9
XPNPEP2,kidney,145.6
SASH3,bone marrow,102.1
SASH3,intestine,34.2
SASH3,lymphoid tissue,112.8
PAEP,endometrium 1,240.5
OBP2A,fallopian tube,23.4
TBX22,testis,10.4
TBX22,thyroid gland,4.5
FMOD,blood vessel,432.3
MYOG,skeletal muscle,98.4
MYOG,tongue,43.5
LAX1,lymphoid tissue,19.8
PLG,liver,2479.5
CD244,bone marrow,9.4
CD244,lymphoid tissue,15.9
LY9,bone marrow,10.9
LY9,intestine,11.2
LY9,lymphoid tissue,29.2
HS3ST2,blood vessel,7.2
HS3ST2,brain,19.8
RBBP6,bone marrow,135.4
PRM2,testis,11179.1
LDB3,heart muscle,1170.6
LDB3,skeletal muscle,2717.5
LDB3,tongue,1686.1
OPN4,adipose tissue,1.2
OPN4,brain,1.1
OPN4,skeletal muscle,1.4
PRXL2A,adipose tissue,380.6
PTGFR,tongue,18.8
SPATA1,testis,1.0
LRRC39,heart muscle,100.1
LRRC39,retina,109.2
LRRC39,skeletal muscle,403.8
LRRC39,tongue,161.4
CCDC18,bone marrow,6.0
CCDC18,lymphoid tissue,5.3
CCDC18,testis,7.6
SLC66A2,liver,179.0
OCM,brain,6.7
EEPD1,skeletal muscle,45.3
KLHL7,heart muscle,47.5
WIPF3,brain,37.3
WIPF3,ovary,57.4
NXPH1,adrenal gland,39.5
NXPH1,brain,26.8
NPY,adrenal gland,115.4
NPY,brain,297.4
NPY,prostate,348.0
INHBA,blood vessel,18.6
INHBA,gallbladder,20.2
NT5C3A,skeletal muscle,82.6
ARL4A,testis,181.2
TWIST1,breast,25.3
SPINK4,intestine,914.5
TAF1L,retina,1.5
TAF1L,testis,1.5
ACO1,liver,125.8
PHF24,brain,48.2
PHF24,testis,15.6
DNAI1,choroid plexus,65.4
DNAI1,fallopian tube,31.9
DNAI1,testis,31.3
CNTFR,brain,106.8
CNTFR,skeletal muscle,120.6
AKR1D1,liver,398.8
NUDT10,ovary,17.0
NUDT10,testis,24.6
SFTPA1,lung,6679.7
NEUROG3,brain,2.3
NEUROG3,intestine,2.4
PLAU,kidney,93.0
PLAU,urinary bladder,119.5
SRGN,bone marrow,7641.5
BICC1,kidney,26.8
CISD1,parathyroid gland,77.4
EGR2,epididymis,56.3
EGR2,thyroid gland,114.5
ZWINT,bone marrow,39.2
ZWINT,lymphoid tissue,40.5
CIT,brain,13.4
CIT,lymphoid tissue,6.3
ACADS,liver,253.5
ACADS,skeletal muscle,160.6
HVCN1,choroid plexus,505.3
CDKN2C,adipose tissue,92.4
CDKN2C,lymphoid tissue,89.5
RASSF8,testis,55.6
BHLHE41,retina,113.5
BHLHE41,skeletal muscle,86.6
SSPN,tongue,73.7
ITPR2,liver,41.5
NECAB1,brain,49.7
NECAB1,choroid plexus,15.9
WWP1,skeletal muscle,160.5
PRDX4,pancreas,1142.7
DDX39A,testis,155.6
ADGRE5,blood vessel,165.3
ADGRE5,bone marrow,200.1
GIPC1,esophagus,338.2
ACTRT1,testis,3.9
CCDC70,testis,126.8
EBPL,liver,92.8
ATP7B,intestine,10.0
CENPK,bone marrow,23.5
CENPK,lymphoid tissue,20.7
OPTN,skeletal muscle,835.6
OPTN,tongue,368.6
ITIH5,adipose tissue,105.7
NEUROD4,pituitary gland,7.7
NEUROD4,retina,28.0
ARHGAP9,bone marrow,113.0
ARHGAP9,lymphoid tissue,96.5
NCKAP1L,lymphoid tissue,43.0
MMP19,adipose tissue,37.8
PDE1B,brain,95.6
HOXC13,skin 1,9.2
LRP1,adipose tissue,102.4
HOXC11,blood vessel,4.1
HOXC11,skin 1,4.7
NFE2,bone marrow,106.1
NFE2,lymphoid tissue,45.9
HOXC12,adipose tissue,1.1
HOXC12,blood vessel,1.7
HOXC12,skin 1,2.8
SARDH,epididymis,39.2
SARDH,liver,100.0
SARDH,pancreas,39.8
DBH,adrenal gland,257.4
ATPAF1,tongue,295.7
STIL,bone marrow,8.4
STIL,lymphoid tissue,8.2
HJURP,bone marrow,44.7
HJURP,lymphoid tissue,28.3
IL13RA2,blood vessel,30.5
IL13RA2,testis,28.0
COL10A1,gallbladder,8.3
COL10A1,ovary,5.5
AMD1,prostate,190.4
PLP1,brain,10196.4
SERPINA7,liver,263.9
RAB9B,heart muscle,20.1
NRK,adrenal gland,15.2
NRK,ovary,23.6
NRK,placenta,22.7
ESX1,testis,8.4
MAGEA9,testis,3.8
ATXN3L,testis,4.4
TNFAIP6,urinary bladder,181.9
ACVR1C,adipose tissue,29.3
SLC36A1,parathyroid gland,97.0
BATF3,choroid plexus,24.8
G0S2,adipose tissue,755.3
G0S2,bone marrow,1271.4
KCNJ2,parathyroid gland,33.9
RAP2C,endometrium 1,86.4
PFKFB2,retina,77.2
C4BPA,liver,1793.3
C4BPB,liver,440.2
RAB38,esophagus,47.9
RAB38,skin 1,43.2
GPR83,brain,15.0
CKS2,bone marrow,167.0
CKS2,testis,175.8
DAW1,choroid plexus,55.4
DAW1,fallopian tube,30.8
DAW1,testis,48.2
ACSL3,parathyroid gland,161.9
INHA,adrenal gland,75.8
INHA,ovary,108.7
INHA,testis,101.4
MOGAT1,gallbladder,15.8
OBSL1,ovary,329.2
FAM124B,placenta,8.0
MC3R,brain,1.3
GCNT7,bone marrow,4.1
CTCFL,testis,10.4
HMGB1P1,choroid plexus,1.1
PI3,cervix,1450.9
PI3,esophagus,2187.8
PI3,lymphoid tissue,1967.8
PI3,vagina,1668.8
FAM209A,testis,150.9
SLPI,cervix,26260.0
SLPI,salivary gland,14071.9
WFDC3,skin 1,15.9
WFDC3,testis,19.4
TTPAL,liver,27.4
PREX1,bone marrow,49.6
KCNS1,brain,24.0
SLC12A5,brain,194.7
SLC12A5,retina,109.4
ARHGAP40,breast,28.5
ARHGAP40,epididymis,33.6
ARHGAP40,esophagus,25.1
ARHGAP40,skin 1,42.4
SDC4,liver,383.9
SEMG2,seminal vesicle,9810.7
MATN4,pancreas,23.4
PARD6B,kidney,15.0
TOX2,lymphoid tissue,46.7
GDAP1L1,brain,61.9
GDAP1L1,pituitary gland,17.5
GTSF1L,testis,210.9
ARFGEF2,parathyroid gland,76.7
ZNF831,lymphoid tissue,5.8
EDN3,cervix,47.1
EDN3,pituitary gland,45.8
EDN3,salivary gland,64.3
EDN3,vagina,102.4
PTGIS,blood vessel,123.6
CDH26,prostate,7.5
SNAI1,adipose tissue,28.6
PMEPA1,blood vessel,127.6
RNF114,testis,153.8
ANKRD60,testis,3.5
RBPJL,pancreas,919.9
SEMG1,seminal vesicle,28650.3
C20orf85,fallopian tube,427.9
BCAS4,lymphoid tissue,39.1
KCNK15,blood vessel,23.4
TP53TG5,testis,16.9
PCK1,kidney,403.6
PCK1,liver,643.7
ZBP1,bone marrow,26.9
ZBP1,lymphoid tissue,23.5
MAGEA10,placenta,8.9
MAGEA10,testis,2.4
PEPD,intestine,201.1
PEPD,kidney,310.3
CHST8,brain,17.4
CHST8,pituitary gland,61.4
IQSEC2,skeletal muscle,57.4
IL9R,lymphoid tissue,3.1
IL9R,urinary bladder,4.0
XG,skin 1,33.7
PAIP2B,brain,122.7
IL17C,endometrium 1,1.9
IL17C,urinary bladder,1.5
ATP8A1,thyroid gland,37.1
POF1B,intestine,50.9
POF1B,skin 1,118.4
IRGC,testis,148.6
LYPD3,cervix,347.9
LYPD3,esophagus,1070.5
LYPD3,skin 1,661.0
LYPD3,vagina,483.6
PSG8,placenta,6.1
CEACAM8,bone marrow,204.8
NDP,brain,32.4
NDP,ovary,31.8
CRISP2,testis,482.3
F13A1,adipose tissue,217.7
F13A1,placenta,459.5
GRM4,brain,254.0
PACSIN1,brain,238.9
PACSIN1,retina,59.7
BTN1A1,breast,29.8
SLC17A3,kidney,153.3
SLC17A1,kidney,157.7
SLC17A1,liver,46.2
H1-3,bone marrow,19.9
H1-3,choroid plexus,7.1
PEX6,pancreas,71.9
UNC5CL,intestine,34.9
UNC5CL,kidney,54.2
UNC5CL,liver,50.3
UNC5CL,pancreas,35.7
UNC5CL,stomach 1,22.3
H2BC11,testis,30.2
SPDEF,prostate,135.2
SPDEF,salivary gland,110.2
TCP11,testis,327.6
APOBEC2,heart muscle,141.9
APOBEC2,skeletal muscle,799.8
APOBEC2,tongue,268.9
KLHDC3,skeletal muscle,370.7
GNMT,liver,278.9
GNMT,pancreas,563.6
DNAH8,epididymis,2.4
DNAH8,prostate,2.0
DNAH8,testis,7.3
TREM1,bone marrow,90.7
TREM1,lung,61.6
TREM1,lymphoid tissue,41.6
KLHL31,heart muscle,47.2
KLHL31,skeletal muscle,136.8
KLHL31,tongue,32.6
COL21A1,blood vessel,28.5
COL21A1,placenta,26.6
SOX4,lymphoid tissue,68.4
SOX4,ovary,66.7
CPNE5,brain,131.7
CPNE5,heart muscle,90.0
KCNK17,blood vessel,26.6
NRN1,brain,187.2
CRISP1,epididymis,1486.0
OPN5,testis,2.4
GCM2,parathyroid gland,247.4
RAB17,choroid plexus,72.0
RAB17,intestine,72.1
RAB17,kidney,77.4
RAB17,liver,123.1
CXCL6,gallbladder,33.9
CXCL6,lymphoid tissue,95.0
CXCL6,urinary bladder,24.8
EREG,bone marrow,121.5
MYRF,brain,69.1
MYRF,stomach 1,47.8
SCGB1D2,breast,1148.9
SCGB1D2,cervix,3767.2
SCGB2A1,cervix,1903.4
SCGB2A1,epididymis,1293.8
SSUH2,intestine,6.2
SSUH2,testis,5.2
WNT1,testis,1.2
SH3TC1,lymphoid tissue,90.3
MT1G,kidney,3503.8
MT1G,liver,6501.2
MT1G,thyroid gland,2684.8
MT2A,liver,15847.5
PHAF1,liver,54.0
GOT2,choroid plexus,205.8
GOT2,heart muscle,297.9
GOT2,liver,300.5
GOT2,skeletal muscle,654.1
GOT2,tongue,678.6
PIWIL1,testis,39.9
GPR18,bone marrow,9.1
GPR18,lymphoid tissue,36.3
GPR18,testis,12.2
CLYBL,liver,99.8
SLC10A2,intestine,89.4
ABCC4,prostate,38.7
SOX21,brain,12.1
SOX21,esophagus,9.6
SOX21,skin 1,15.0
SOX21,stomach 1,33.1
HROB,bone marrow,8.8
HROB,testis,10.7
KIF25,brain,6.4
KIF25,retina,2.3
IRF1,bone marrow,134.1
SEPTIN6,lymphoid tissue,215.5
TMEM255A,brain,28.9
TMEM255A,ovary,16.4
NDUFA1,heart muscle,1658.3
BMP4,choroid plexus,74.6
PTGER2,bone marrow,36.2
GRK4,testis,39.6
SOX9,salivary gland,75.5
TEKT3,testis,29.9
MYH2,skeletal muscle,11977.3
MYH2,tongue,5736.0
HS3ST3B1,liver,26.6
HS3ST3B1,retina,10.7
BARHL1,brain,32.8
KIR2DL1,lymphoid tissue,1.9
MBOAT7,adrenal gland,127.7
SRMS,epididymis,2.0
SRMS,lymphoid tissue,2.1
SRMS,stomach 1,2.1
OPRL1,brain,12.1
OPRL1,lymphoid tissue,3.8
OPRL1,testis,6.0
SLC2A4RG,liver,85.5
FNDC11,testis,106.2
IL1B,bone marrow,190.0
IL1B,urinary bladder,117.2
PLGLB2,liver,122.6
IL37,skin 1,114.2
PAX8,kidney,241.1
PAX8,thyroid gland,537.2
SLC25A23,brain,364.2
ALKBH7,testis,518.4
TNFSF9,esophagus,9.6
TNFSF9,vagina,9.1
GRIA3,brain,38.9
GRIA3,retina,15.5
CD70,lymphoid tissue,3.2
C3,liver,5062.4
SH2D3A,esophagus,31.2
TRIP10,skeletal muscle,339.9
TNFSF14,adipose tissue,24.3
TNFSF14,liver,92.6
RTN2,skeletal muscle,477.7
RTN2,tongue,194.0
GPCPD1,bone marrow,71.3
SDCBP2,esophagus,140.3
SDCBP2,intestine,128.8
SDCBP2,stomach 1,96.0
TGM3,esophagus,1777.7
DEFB126,epididymis,1210.1
FOXA2,liver,34.8
FOXA2,pancreas,25.2
FOXA2,stomach 1,29.3
CD93,placenta,129.3
PAX1,parathyroid gland,152.5
NAPB,brain,190.1
NAPB,retina,142.7
CST8,testis,21.5
NKX2-4,testis,1.1
CENPB,brain,169.8
NKX2-2,brain,41.9
CSTL1,testis,1.7
CST11,epididymis,198.7
STK35,retina,110.2
NRSN2,brain,152.5
RRBP1,pancreas,469.5
FLRT3,kidney,21.7
OVOL2,salivary gland,6.7
OVOL2,stomach 1,7.4
PCSK2,adrenal gland,26.9
PCSK2,retina,33.2
PCSK2,thyroid gland,54.2
GFRA4,thyroid gland,1.0
DSTN,blood vessel,2615.7
LAMP5,brain,297.8
LRRN4,adipose tissue,7.8
LRRN4,lung,9.8
TCF15,heart muscle,44.2
TCF15,skeletal muscle,19.6
TCF15,tongue,14.1
BANF2,testis,106.6
TMEM74B,brain,27.3
TMEM74B,lung,23.0
FAM110A,skin 1,68.7
SIRPD,testis,65.1
DEFB129,epididymis,1833.2
S1PR4,bone marrow,18.5
S1PR4,lymphoid tissue,58.6
CITED1,epididymis,1389.4
GDF5,salivary gland,9.3
MMP24,brain,67.5
C20orf173,testis,33.6
FAM83C,cervix,10.3
FAM83C,esophagus,31.5
FAM83C,skin 1,40.1
FAM83C,vagina,14.2
BPIFB1,cervix,532.0
BPIFB1,salivary gland,255.4
BPIFB1,stomach 1,483.0
PLAGL2,bone marrow,30.4
GRPR,pancreas,19.1
AMOT,epididymis,137.7
AMOT,tongue,51.2
ST3GAL3,skeletal muscle,82.4
ST3GAL3,tongue,77.3
TMEM53,liver,56.1
KLC1,brain,513.1
MCF2L,brain,158.2
F10,liver,149.7
PROZ,liver,109.2
SLURP1,esophagus,1037.0
SLURP1,skin 1,854.7
IGFLR1,liver,47.1
PDCD2L,skeletal muscle,24.2
KIRREL2,pancreas,67.0
FFAR2,bone marrow,19.1
FFAR2,lymphoid tissue,21.0
HCST,bone marrow,239.0
HCST,lymphoid tissue,112.5
FFAR1,bone marrow,2.9
FFAR1,brain,2.2
FFAR1,ovary,2.5
FFAR1,pancreas,2.4
COX6B1,tongue,2287.9
KRT36,lymphoid tissue,3.1
KRT36,skin 1,1.7
THRA,brain,400.8
CCR7,intestine,19.7
CCR7,lymphoid tissue,78.7
NR1D1,skin 1,329.3
PRDX5,choroid plexus,1322.0
RRAS,blood vessel,476.7
PRRG2,parathyroid gland,26.6
TSKS,testis,115.8
FLRT1,adrenal gland,4.1
FLRT1,brain,6.9
ASL,liver,356.0
CSN1S1,breast,1289.8
STATH,salivary gland,8578.0
HTN1,salivary gland,45682.2
STAT5A,adipose tissue,74.1
WNK4,kidney,41.5
WNK4,prostate,13.8
PRKCG,brain,50.1
IFI6,choroid plexus,3349.7
DACH2,brain,10.4
DACH2,epididymis,3.5
DACH2,fallopian tube,3.6
SSX1,testis,6.9
CFP,bone marrow,79.3
CFP,lymphoid tissue,50.0
SIX1,parathyroid gland,45.0
SIX1,salivary gland,48.1
SIX1,skeletal muscle,111.8
SIX1,tongue,43.2
DLGAP5,bone marrow,28.0
DLGAP5,lymphoid tissue,39.1
DLGAP5,testis,16.3
HSPA2,brain,344.7
HSPA2,skeletal muscle,177.8
PZP,liver,76.4
EVI2A,brain,164.5
EVI2A,lymphoid tissue,97.8
OMG,brain,80.4
AIF1L,brain,262.3
AIF1L,kidney,358.0
AIF1L,lymphoid tissue,194.9
FAM78A,skeletal muscle,58.8
FAM78A,testis,30.0
NUP214,testis,119.1
CTAG2,heart muscle,5.0
CTAG2,testis,10.2
AVPR2,adipose tissue,9.6
AVPR2,kidney,12.5
TMEM35A,brain,55.8
TMEM35A,intestine,37.3
TMEM35A,seminal vesicle,48.0
RGS13,lymphoid tissue,44.7
IPPK,esophagus,30.7
OMD,blood vessel,63.3
FGD3,bone marrow,37.3
FGD3,lymphoid tissue,32.5
HIVEP3,lymphoid tissue,6.2
EDN2,cervix,29.8
EDN2,esophagus,20.2
EDN2,vagina,31.7
BCL11B,brain,12.4
BCL11B,lymphoid tissue,34.1
BCL11B,skin 1,14.2
COX7C,skeletal muscle,2234.1
ABHD8,brain,99.0
MASP1,cervix,100.9
MASP1,heart muscle,108.6
MASP1,liver,171.6
ATP13A4,epididymis,61.0
ATP13A4,parathyroid gland,54.9
ATP13A4,thyroid gland,48.9
PLAAT1,skeletal muscle,84.4
PLAAT1,testis,77.8
PLAAT1,tongue,41.6
IL22,urinary bladder,1.4
TSPAN8,intestine,891.6
TSPAN8,stomach 1,595.5
BEST3,skeletal muscle,66.8
BEST3,tongue,52.0
RAB3IP,choroid plexus,109.6
TAS2R4,brain,3.1
CRYGN,thyroid gland,15.3
TRPV5,brain,1.6
TRPV5,kidney,4.0
AUNIP,bone marrow,5.9
AUNIP,testis,14.9
PIN1,brain,256.4
PLA2G5,choroid plexus,55.7
PLA2G5,heart muscle,46.4
ADGRE2,lymphoid tissue,18.3
OR7C1,parathyroid gland,6.4
F2RL3,adipose tissue,18.9
F2RL3,breast,19.0
F2RL3,lung,33.0
F2RL3,thyroid gland,19.3
UQCR11,skeletal muscle,292.4
SYNGR3,brain,125.4
PKMYT1,bone marrow,26.1
PKMYT1,testis,57.6
WFIKKN1,brain,5.0
FBXL16,brain,504.7
GNG13,brain,58.3
GNG13,retina,51.9
TICAM1,esophagus,44.2
IL17B,blood vessel,10.6
EMC6,skeletal muscle,178.5
TUBA4A,skeletal muscle,345.9
TUBA4A,tongue,249.0
VIL1,intestine,410.7
TNFRSF19,salivary gland,52.1
TNFRSF19,skin 1,101.5
ECHS1,liver,1285.7
GNGT1,retina,1760.3
POR,liver,292.8
FGL2,blood vessel,153.8
FGL2,lymphoid tissue,153.1
STEAP4,adipose tissue,106.6
GNAI1,brain,37.1
SGCE,ovary,115.3
LRFN1,brain,14.3
SPINK2,epididymis,4955.9
RASL11B,lymphoid tissue,28.0
RASL11B,ovary,64.4
ADM2,kidney,7.7
ADM2,pancreas,14.6
ADM2,thyroid gland,10.8
ASPHD2,brain,18.6
ASPHD2,skin 1,10.4
VPREB3,epididymis,48.5
VPREB3,intestine,74.4
VPREB3,lymphoid tissue,110.8
SDF2L1,liver,167.9
GAL3ST1,brain,66.3
GAL3ST1,intestine,22.9
GAL3ST1,kidney,22.2
YWHAH,blood vessel,288.0
YWHAH,brain,728.3
RFPL1,brain,16.4
RFPL2,brain,4.3
RFPL2,prostate,3.4
GNAZ,brain,45.1
MGAT3,brain,41.3
MGAT3,intestine,26.7
ADORA2A,bone marrow,38.3
ADORA2A,brain,108.6
ADORA2A,lymphoid tissue,50.4
RFPL3,testis,23.3
MCHR1,brain,9.3
MCHR1,endometrium 1,5.5
MCHR1,ovary,9.9
TPST2,pancreas,378.0
BAIAP2L2,intestine,92.8
BAIAP2L2,kidney,36.3
MPST,liver,370.6
TST,liver,555.5
APOL5,skeletal muscle,1.3
APOL5,tongue,1.9
IGLL1,bone marrow,66.3
IGLL1,testis,24.2
RAC2,bone marrow,389.1
RAC2,lymphoid tissue,362.6
LIF,gallbladder,44.7
LIF,urinary bladder,84.6
C22orf23,skin 1,24.5
C22orf23,testis,87.9
APOBEC3A,bone marrow,88.5
APOBEC3A,lymphoid tissue,47.9
RIBC2,choroid plexus,12.6
RIBC2,fallopian tube,9.2
RIBC2,testis,28.8
KRT17,breast,409.9
KRT17,skin 1,953.7
KRT17,urinary bladder,590.8
RNF112,brain,105.5
SPECC1,brain,42.9
CPA4,esophagus,21.0
CPA4,skin 1,53.9
DOCK4,brain,28.0
CDHR3,choroid plexus,34.2
CDHR3,fallopian tube,102.3
VGF,brain,143.5
VGF,pituitary gland,91.1
PODXL,kidney,130.6
FOXP2,intestine,17.4
STRIP2,brain,33.6
STRIP2,choroid plexus,43.8
STRIP2,skeletal muscle,26.7
IFT22,choroid plexus,69.9
FLNC,heart muscle,587.8
FLNC,skeletal muscle,1324.7
FLNC,tongue,413.4
LRRC4,brain,28.6
CCDC136,brain,82.4
CCDC136,retina,48.7
CCDC136,testis,175.1
LRRC17,ovary,92.6
NDUFA5,tongue,376.8
FEZF1,brain,13.1
FEZF1,pituitary gland,3.0
FEZF1,testis,4.2
OPN1SW,retina,38.0
MYO1B,liver,238.9
HOXD1,brain,17.2
HOXD1,epididymis,7.1
HOXD3,epididymis,39.4
PDE11A,liver,5.9
PDE11A,parathyroid gland,9.7
CHN1,brain,842.8
GAD1,brain,69.1
GAD1,parathyroid gland,43.4
GAD1,retina,27.5
HOXD9,cervix,41.1
HOXD9,endometrium 1,59.3
HOXD9,kidney,49.0
HOXD10,cervix,20.7
HOXD10,endometrium 1,38.4
HOXD10,kidney,24.2
HOXD10,vagina,24.8
HOXD11,cervix,3.4
HOXD11,endometrium 1,6.4
HOXD11,intestine,3.3
HOXD11,kidney,5.1
HOXD11,vagina,4.3
HOXD13,cervix,11.8
HOXD13,intestine,15.8
HOXD13,prostate,9.0
HOXD13,seminal vesicle,15.3
HOXD13,vagina,15.1
ARHGAP22,brain,36.7
WDFY4,bone marrow,11.0
WDFY4,lymphoid tissue,26.6
CGNL1,kidney,63.8
TMOD2,brain,63.1
TTBK2,testis,28.3
ELL3,lymphoid tissue,54.0
ELL3,skin 1,25.0
ICE2,parathyroid gland,32.5
ALDH1A2,endometrium 1,76.9
ALDH1A2,fallopian tube,70.1
KNSTRN,testis,59.0
KNSTRN,thyroid gland,51.2
CHAC1,pancreas,64.7
CHAC1,skeletal muscle,108.2
ARPP19,brain,481.4
CALML4,choroid plexus,27.3
CALML4,intestine,36.3
ISLR,cervix,214.1
LOXL1,blood vessel,67.3
ACKR4,intestine,14.8
BBOX1,kidney,436.5
BBOX1,liver,123.3
MYOD1,skeletal muscle,34.4
KCNC1,brain,98.9
TPH1,choroid plexus,6.4
TPH1,intestine,18.6
TPH1,stomach 1,14.5
CSRP3,heart muscle,2447.5
CSRP3,skeletal muscle,1545.8
CSRP3,tongue,540.3
E2F8,bone marrow,13.4
E2F8,lymphoid tissue,11.0
E2F8,skeletal muscle,11.8
SOX15,esophagus,85.9
SOX15,skin 1,48.3
PIMREG,lymphoid tissue,13.0
USP6,skeletal muscle,19.0
USP6,testis,12.4
SHBG,liver,59.3
PLD2,esophagus,62.1
AIPL1,retina,775.1
CD68,lung,337.0
CD68,lymphoid tissue,349.0
TXNDC17,esophagus,178.4
ATP1B2,brain,290.0
ATP1B2,retina,570.1
FXR2,skeletal muscle,113.4
KIF1C,skeletal muscle,525.9
KIF1C,tongue,363.3
DNAAF11,choroid plexus,46.5
DNAAF11,testis,24.5
CDKN2D,bone marrow,267.8
CDKN2D,brain,127.7
CDKN2D,lymphoid tissue,72.6
KLK14,skin 1,9.9
SIGLEC9,lymphoid tissue,19.9
KLK10,cervix,45.7
KLK10,esophagus,136.1
KLK10,vagina,60.0
KLK8,cervix,41.5
KLK8,esophagus,115.9
KLK8,skin 1,96.5
KLK8,vagina,47.8
AJUBA,skin 1,58.2
FOXA1,prostate,70.2
EGLN3,heart muscle,101.7
EGLN3,skin 1,114.3
MIS18BP1,bone marrow,38.5
NRL,retina,294.2
RNASE1,pancreas,8599.3
CDO1,choroid plexus,318.9
CDO1,liver,473.7
QRICH2,testis,21.3
FOXJ1,choroid plexus,70.2
FOXJ1,fallopian tube,50.0
AANAT,retina,10.2
AANAT,testis,4.5
FGF13,brain,64.9
FGF13,skeletal muscle,51.9
FGF13,tongue,41.3
ART1,skeletal muscle,44.4
ART1,tongue,34.3
CHRNA10,skeletal muscle,44.8
CDKN1C,brain,191.6
CDKN1C,ovary,188.1
SGO1,bone marrow,8.2
SGO1,lymphoid tissue,12.1
SGO1,testis,6.2
VCY1B,testis,64.3
VCY,testis,60.7
CDH15,brain,79.7
CDH15,skeletal muscle,54.1
KLF16,brain,43.4
DOHH,brain,38.7
SHC2,pancreas,100.4
PLPPR3,brain,40.2
INS-IGF2,pancreas,8.3
INS-IGF2,placenta,2.1
ABHD17A,brain,203.3
LBP,liver,1320.7
SYT5,brain,106.0
SYT5,pituitary gland,55.4
TNNI3,heart muscle,10359.2
CBFA2T3,brain,36.7
CBFA2T3,lymphoid tissue,27.4
CBFA2T3,pancreas,25.8
GAMT,liver,610.2
GAMT,skeletal muscle,1157.4
GAMT,tongue,435.1
PRRG3,brain,11.0
PRRG3,epididymis,7.0
GALNT8,intestine,29.3
GALNT8,testis,10.4
KCNA5,blood vessel,42.2
KCNA5,choroid plexus,57.3
KCNA5,heart muscle,36.5
CRACR2A,bone marrow,16.0
CRACR2A,intestine,12.7
CRACR2A,salivary gland,36.4
NXNL2,cervix,9.6
NXNL2,fallopian tube,14.1
NALF2,heart muscle,34.6
GDPD2,intestine,19.6
GDPD2,lymphoid tissue,58.9
GDPD2,skin 1,45.1
SH3BP4,salivary gland,78.6
LDLR,adrenal gland,112.1
TSPAN16,testis,124.5
ANGPTL8,liver,408.5
CNN1,blood vessel,2087.4
CNN1,intestine,2743.0
CNN1,smooth muscle,2059.2
APOE,adrenal gland,3391.3
APOE,brain,2714.9
APOE,liver,6533.9
APOC1,liver,18659.9
GADD45G,heart muscle,313.6
GADD45G,liver,333.6
DPP6,brain,55.9
DPP6,endometrium 1,51.4
ACE2,gallbladder,62.3
ACE2,intestine,230.5
ACE2,kidney,82.4
ATP8B3,bone marrow,5.5
ATP8B3,testis,20.6
GDF1,brain,41.6
NCAN,brain,98.5
KIF1A,brain,121.5
KIF1A,pancreas,32.2
KIF1A,retina,54.3
PLVAP,thyroid gland,419.4
BST2,adrenal gland,500.9
BST2,ovary,677.0
USHBP1,heart muscle,12.8
MAS1,brain,2.0
ACSBG2,testis,120.8
ACTN4,blood vessel,539.7
STK33,choroid plexus,38.3
STK33,testis,45.2
NDUFA10,tongue,309.9
EPO,liver,34.4
ARPC1B,lymphoid tissue,288.1
CACNG6,skeletal muscle,84.9
CACNG6,tongue,28.0
FCHO1,brain,23.8
FCHO1,lymphoid tissue,14.9
FCHO1,skin 1,20.2
UNC13A,brain,40.0
UNC13A,pituitary gland,30.1
UNC13A,retina,17.1
KLHDC7B,lymphoid tissue,4.8
KLHDC7B,parathyroid gland,12.8
GDF15,kidney,328.4
IQCN,testis,30.1
HRC,heart muscle,692.1
HRC,skeletal muscle,424.2
HRC,tongue,228.2
SULT4A1,brain,96.3
CRB3,esophagus,52.7
OLFM1,brain,906.9
CAMSAP1,retina,97.9
UBAC1,skeletal muscle,290.9
UBAC1,tongue,159.7
SAG,retina,1359.9
ZBTB46,brain,24.1
SAMD10,brain,29.7
LSP1,adrenal gland,218.5
LSP1,lymphoid tissue,251.1
TNNT3,skeletal muscle,13033.0
TNNT3,tongue,4206.7
TNNI2,skeletal muscle,7469.2
TNNI2,tongue,2445.9
COL5A1,cervix,144.7
CALY,brain,304.6
CALY,pituitary gland,155.6
CYP2E1,liver,9697.0
HBZ,bone marrow,3.7
HBZ,testis,13.9
MNX1,intestine,6.8
MNX1,pancreas,15.3
ZNF337,brain,72.1
CEP85,skeletal muscle,124.5
CEP85,tongue,61.6
GATA5,fallopian tube,11.0
GATA5,testis,11.3
GATA5,urinary bladder,15.9
RBBP8NL,esophagus,8.7
ADRM1,skeletal muscle,376.2
ASS1,kidney,1200.9
ASS1,liver,1907.1
PRDM12,brain,1.0
FIBCD1,adrenal gland,9.9
FIBCD1,brain,24.4
FIBCD1,parathyroid gland,11.8
FIBCD1,testis,6.4
TMEM160,brain,99.9
NPAS1,brain,10.4
NPAS1,skin 1,7.6
GMFG,bone marrow,544.6
GMFG,lymphoid tissue,428.5
MAP3K10,brain,73.5
ARHGEF16,intestine,41.4
SMPDL3B,intestine,22.6
SMPDL3B,pancreas,46.6
THEMIS2,bone marrow,203.3
THEMIS2,lymphoid tissue,117.7
CLIP1,skeletal muscle,283.5
CCDC62,testis,65.5
ANGPTL6,liver,29.3
SHFL,liver,100.5
PNCK,brain,101.3
PNCK,intestine,78.2
DUSP9,kidney,52.1
DUSP9,placenta,68.3
MPP1,bone marrow,110.2
ZNF331,adrenal gland,117.5
SLC7A10,adipose tissue,30.2
SLC7A10,brain,20.1
SLC7A10,breast,13.0
LRP3,brain,76.5
MTRFR,lymphoid tissue,55.9
CASZ1,skin 1,46.8
PKDREJ,testis,3.2
HSD17B3,liver,10.9
HSD17B3,testis,34.4
NUTM2F,testis,1.8
HABP4,brain,109.9
FBP2,choroid plexus,217.1
FBP2,skeletal muscle,706.1
FBP2,tongue,359.7
PRRG1,brain,40.4
RGN,adrenal gland,176.1
RGN,liver,358.7
POLN,adipose tissue,2.2
POLN,testis,1.8
ULBP2,esophagus,5.9
ULBP3,skeletal muscle,6.1
ULBP3,testis,5.9
EPS8L1,esophagus,120.5
EPS8L1,skin 1,59.2
LILRB2,bone marrow,33.1
LILRB2,lung,14.3
LILRB2,lymphoid tissue,48.8
TTLL9,choroid plexus,14.6
BPIFA2,salivary gland,6453.2
RBM39,bone marrow,162.0
COX4I2,lung,48.5
COX4I2,placenta,108.4
BPIFA3,testis,52.4
DEFB118,epididymis,935.8
ACSS2,skeletal muscle,109.9
ARHGEF9,brain,68.4
ARHGEF9,retina,81.7
C1QL1,brain,41.9
C1QL1,kidney,17.1
GFAP,brain,15929.3
PYY,intestine,66.2
HIGD1B,brain,48.5
HIGD1B,placenta,98.1
TEX101,testis,111.4
CCL25,intestine,547.3
CCL25,lymphoid tissue,718.3
ENSG00000131152,skeletal muscle,4.0
GINS2,bone marrow,13.8
COX7B,heart muscle,1007.2
COX7B,skeletal muscle,1052.7
SLC34A1,kidney,145.2
F12,liver,593.2
PRR7,brain,31.9
NFATC1,choroid plexus,33.8
IDO1,lymphoid tissue,55.0
IDO1,placenta,104.2
RAB11FIP4,brain,52.7
RAB11FIP4,testis,47.0
RLIM,bone marrow,38.9
CDX4,skin 1,1.0
ADGRE3,bone marrow,3.0
ADGRE3,lymphoid tissue,5.7
RFTN1,lymphoid tissue,110.0
C3orf20,testis,6.2
GALNT15,adipose tissue,132.1
SLC6A6,retina,133.6
KCNC3,brain,56.7
KCNC3,thyroid gland,39.3
NAPSA,lung,983.7
LRRC4B,brain,99.9
LRRC4B,cervix,35.5
KIF3A,brain,40.4
KIF3A,retina,31.3
GFPT2,adipose tissue,107.6
TUBG1,testis,155.1
PSMC3IP,testis,24.3
AOC3,adipose tissue,397.0
AOC3,blood vessel,328.7
G6PC1,kidney,70.0
G6PC1,liver,253.6
ACAP3,brain,155.0
C1orf159,testis,22.4
ANO1,epididymis,81.3
ANO1,seminal vesicle,83.9
KREMEN2,retina,3.8
KREMEN2,skin 1,7.5
BARX1,stomach 1,158.3
NINJ1,bone marrow,270.8
CA6,salivary gland,8839.7
MAP1B,blood vessel,83.8
MAP1B,brain,116.7
MAP1B,retina,143.5
RHOXF2,testis,3.9
CKMT2,heart muscle,1157.4
CKMT2,skeletal muscle,1341.7
CKMT2,tongue,2166.2
KRT34,skin 1,64.6
KRT33B,skin 1,74.2
TNS4,skin 1,193.9
TNS4,vagina,70.2
TOP2A,lymphoid tissue,119.0
TOP2A,testis,62.4
PPP1R1B,brain,1368.7
PPP1R1B,choroid plexus,1463.9
KHDRBS3,testis,147.1
FMO5,liver,638.8
PRKAB2,skeletal muscle,91.1
PRKAB2,tongue,97.0
FSHB,pituitary gland,198.9
PDHA1,heart muscle,239.9
PDHA1,skeletal muscle,209.1
PDHA1,tongue,419.9
MCCC2,liver,109.5
ZSCAN5A,testis,17.0
USP29,bone marrow,1.5
USP29,testis,4.6
LLGL1,brain,64.9
NR0B2,intestine,72.2
NR0B2,liver,140.3
LIN28A,testis,4.9
C19orf12,adipose tissue,110.6
C19orf12,tongue,98.1
LRRC9,choroid plexus,2.5
LRRC9,testis,5.4
ABHD12B,brain,6.3
ABHD12B,retina,13.3
ABHD12B,skin 1,9.8
GCH1,bone marrow,29.6
GCH1,liver,58.1
LGALS3,intestine,1118.6
PODNL1,blood vessel,12.7
ZSWIM4,esophagus,11.0
BRME1,testis,13.5
RTBDN,retina,267.5
MATN3,lung,12.5
MATN3,placenta,10.6
SPATA6,testis,46.8
CCT6B,testis,117.9
RAF1,skeletal muscle,163.1
SLC6A11,brain,77.7
PPARG,adipose tissue,153.2
PPARG,breast,83.9
NUP210,bone marrow,36.8
NUP210,lymphoid tissue,30.8
FCRLA,lymphoid tissue,92.1
HSD17B7,liver,64.5
EMILIN2,parathyroid gland,71.6
CNGA4,fallopian tube,16.2
CNGA4,testis,5.9
EFR3A,retina,112.6
IMMT,tongue,270.0
IQCA1,brain,23.7
IQCA1,choroid plexus,47.4
IQCA1,thyroid gland,18.0
RAMP1,blood vessel,533.5
RAMP1,endometrium 1,693.9
SCLY,liver,37.5
PTPRE,bone marrow,44.3
RAP1GAP2,bone marrow,26.2
RAP1GAP2,pancreas,36.5
INPP5K,choroid plexus,137.9
SERPINF1,choroid plexus,4585.5
UBE2G1,skeletal muscle,190.2
COQ3,tongue,47.7
POPDC3,heart muscle,19.4
POPDC3,skeletal muscle,76.4
POPDC3,tongue,27.6
DDC,intestine,156.1
DDC,kidney,294.0
DDC,retina,162.8
FTHL17,testis,3.8
GRSF1,skeletal muscle,242.1
ENAM,epididymis,7.1
ENAM,heart muscle,6.1
ENAM,kidney,8.4
ENAM,skeletal muscle,4.5
JCHAIN,breast,2822.4
JCHAIN,intestine,7466.4
JCHAIN,stomach 1,5567.4
ITGB4,salivary gland,198.1
ITGB4,skin 1,198.6
H3-3B,bone marrow,3984.2
CLEC10A,lymphoid tissue,27.7
SLC52A1,intestine,33.6
SLC52A1,placenta,17.2
SLC52A1,skin 1,10.4
GUCY2D,retina,31.7
DLG4,brain,211.2
DLG4,retina,200.9
RIDA,kidney,462.4
RIDA,liver,1435.3
RGS22,testis,57.3
REEP2,brain,141.9
REEP2,choroid plexus,97.9
PCBD2,skeletal muscle,46.2
PCBD2,tongue,40.0
MTSS2,brain,289.4
ANKEF1,pancreas,13.2
SCP2D1,testis,62.0
SNAP25,brain,2270.3
BTBD3,brain,65.8
PCNA,bone marrow,361.5
RHBG,brain,3.0
RHBG,kidney,10.3
ATP1A4,placenta,5.9
ATP1A4,testis,15.4
ATP1A4,urinary bladder,4.8
NES,heart muscle,151.3
BCAN,brain,236.6
CRP,liver,8524.7
RAB25,esophagus,407.1
RAB25,skin 1,203.2
HAPLN2,brain,659.7
APCS,liver,3389.4
FCRL2,intestine,19.5
FCRL2,lymphoid tissue,33.2
SYT11,brain,227.7
ACY3,intestine,73.0
ACY3,kidney,55.1
ACY3,liver,32.2
ACY3,pancreas,20.9
ALDH3B2,breast,68.4
ALDH3B2,esophagus,157.7
ALDH3B2,skin 1,126.8
TESMIN,testis,49.1
MMACHC,liver,16.2
RBM38,bone marrow,251.7
RBM38,skeletal muscle,261.1
VSTM2L,brain,98.0
VSTM2L,heart muscle,78.7
VSTM2L,lymphoid tissue,28.5
DMGDH,kidney,158.2
DMGDH,liver,265.4
BHMT2,kidney,310.9
BHMT2,liver,401.8
KANK4,adipose tissue,10.1
KANK4,brain,9.2
KANK4,pancreas,12.7
KANK4,placenta,10.1
ANGPTL3,liver,631.8
SYT4,brain,140.6
SLC14A2,kidney,4.3
FBXO44,brain,260.4
NMUR2,stomach 1,1.0
NMUR2,testis,1.5
PDE6A,retina,1001.0
ATP8A2,brain,17.8
ATP8A2,pituitary gland,13.6
ATP8A2,retina,13.7
MTUS2,blood vessel,12.9
MTUS2,heart muscle,47.0
XPO4,skeletal muscle,41.5
TPTE2,testis,6.9
ALOX5AP,bone marrow,460.3
ALOX5AP,lung,172.6
ALOX5AP,lymphoid tissue,141.7
WASF3,brain,58.7
WASF3,retina,52.2
RNF17,testis,22.7
GPR12,brain,11.6
GPR12,retina,7.8
GPR12,skin 1,5.1
CHRM3,salivary gland,16.5
MYH8,esophagus,15.0
MYH8,lymphoid tissue,10.0
MYH8,skeletal muscle,16.1
MYH8,tongue,9.4
MYH10,blood vessel,253.8
PEMT,epididymis,156.9
PEMT,liver,259.1
CHI3L1,choroid plexus,347.9
CHI3L1,liver,423.6
MYBPH,salivary gland,17.1
MYBPH,skeletal muscle,72.9
MYBPH,tongue,18.2
CHIT1,bone marrow,47.0
CHIT1,lung,34.3
CHIT1,lymphoid tissue,20.4
SLC41A1,heart muscle,93.1
SLC41A1,pancreas,58.1
SLC41A1,tongue,71.0
LGR6,blood vessel,66.9
TMCC2,bone marrow,83.1
TMCC2,brain,29.0
DCLK1,brain,93.3
CCNA1,parathyroid gland,20.9
CCNA1,testis,76.0
TRPC4,endometrium 1,11.2
TRPC4,smooth muscle,11.8
POSTN,skin 1,195.7
POSTN,stomach 1,165.0
TPT1,skeletal muscle,21778.2
STOML3,fallopian tube,32.8
KL,kidney,120.2
KL,parathyroid gland,127.3
IRS4,brain,6.0
IRS4,pituitary gland,23.6
MORC4,placenta,74.7
BEX2,brain,301.2
BEX2,pituitary gland,199.0
RNF128,intestine,58.4
RNF128,liver,116.5
GNG5B,choroid plexus,1.5
GNG5B,liver,1.3
BEX1,brain,602.9
BEX1,pituitary gland,418.3
FAM104A,testis,92.9
EPHB2,intestine,21.9
BTBD2,brain,159.5
PRAM1,bone marrow,91.5
PDE6B,retina,357.2
HSPBP1,brain,118.3
SLF1,testis,7.2
MACROD1,skeletal muscle,270.3
WDR74,bone marrow,119.2
LGALS12,adipose tissue,73.5
LGALS12,breast,39.7
RTN3,brain,620.3
PLAAT2,intestine,63.9
MYH11,blood vessel,2385.4
MYH11,intestine,3136.0
MYH11,urinary bladder,2375.2
PDZD2,heart muscle,17.6
LARGE1,heart muscle,57.6
GSTT2B,adrenal gland,79.0
GSTT2B,breast,289.9
MYO18B,heart muscle,114.3
MYO18B,skeletal muscle,251.6
MYO18B,tongue,51.9
C1QTNF6,endometrium 1,29.8
C1QTNF6,placenta,27.9
FAM83F,esophagus,18.9
FAM83F,testis,38.9
SEC14L4,bone marrow,7.7
SEC14L4,liver,18.0
GIMAP6,lymphoid tissue,60.3
GIMAP4,lymphoid tissue,119.6
AGAP3,brain,264.6
KRBA1,heart muscle,37.5
ACTR3B,brain,51.8
NTS,intestine,156.1
BTG1,bone marrow,88.7
LRRIQ1,choroid plexus,13.3
LRRIQ1,fallopian tube,12.9
LRRIQ1,testis,14.5
SFTPD,lung,479.1
DYDC2,choroid plexus,25.3
DYDC2,fallopian tube,91.5
SPINK5,cervix,538.7
SPINK5,esophagus,953.6
SPINK5,lymphoid tissue,274.6
SPINK5,skin 1,300.2
SPINK5,vagina,552.2
LRRCC1,testis,31.3
E2F5,lymphoid tissue,27.7
CA1,bone marrow,1694.4
CA1,intestine,1982.3
LYVE1,adipose tissue,118.2
LYVE1,placenta,140.3
AMPD3,bone marrow,56.8
AMPD3,skeletal muscle,61.1
MICAL2,brain,138.2
HSD17B4,liver,308.8
TEX15,endometrium 1,6.3
TEX15,smooth muscle,4.9
TEX15,testis,11.3
DUSP26,skeletal muscle,394.8
DUSP26,tongue,190.8
GSC,adipose tissue,4.0
GSC,breast,7.1
DGLUCY,tongue,152.7
UNC79,brain,12.8
UNC79,pituitary gland,11.1
UNC79,retina,5.0
CATSPERB,pancreas,10.3
VRTN,epididymis,1.4
VRTN,testis,1.6
TTC9,esophagus,60.0
ADAM20,testis,4.9
LOXL2,smooth muscle,38.5
PEBP4,epididymis,361.1
PEBP4,skeletal muscle,628.6
PEBP4,tongue,542.1
ADAMDEC1,intestine,400.1
MRO,brain,36.3
MRO,kidney,22.5
MRO,testis,27.1
CCNB1,bone marrow,49.9
CCNB1,lymphoid tissue,70.9
CD180,lymphoid tissue,21.8
IRAK2,bone marrow,21.9
CAMK1,adrenal gland,99.5
EDEM1,lymphoid tissue,73.6
CNTN6,adrenal gland,3.2
CNTN6,brain,8.8
CNTN6,thyroid gland,9.0
CHL1,brain,62.8
CHL1,ovary,31.9
MEIS2,salivary gland,45.2
TRPM1,retina,16.2
TRPM1,skin 1,4.6
GNAT2,retina,73.0
GSTM1,liver,569.8
REG4,intestine,623.9
TSPAN2,intestine,48.1
TSHB,pituitary gland,1603.2
GSTM5,breast,874.2
GSTM3,choroid plexus,93.2
SYT6,brain,7.4
SYT6,pancreas,2.9
VAV3,kidney,78.4
CHIA,stomach 1,339.8
PSRC1,brain,91.4
PSRC1,retina,38.7
HMGCS2,liver,2275.9
PTPN22,bone marrow,35.9
PTPN22,lymphoid tissue,19.0
ADAM30,testis,24.2
TRIM45,skeletal muscle,27.3
CD101,bone marrow,4.4
CD101,intestine,5.9
CD101,lung,6.3
VTCN1,breast,94.8
VTCN1,fallopian tube,30.5
VTCN1,pancreas,28.4
NGF,heart muscle,21.9
NGF,ovary,19.3
FKBP11,pancreas,466.6
ARF3,brain,271.2
GRHL1,esophagus,114.7
GRHL1,skin 1,84.6
GRHL1,vagina,65.5
RSAD2,salivary gland,19.7
MYCN,brain,5.8
MYCN,placenta,7.7
LPIN1,skeletal muscle,180.0
LPIN1,tongue,128.3
CMPK2,bone marrow,6.1
CMPK2,salivary gland,8.0
SAA2,liver,31118.2
ANO3,brain,58.4
ANO3,epididymis,54.2
FST,liver,66.8
CFHR4,liver,95.0
NAV1,blood vessel,34.3
CRB1,retina,69.2
CFHR5,liver,156.2
ERN2,cervix,18.3
ERN2,gallbladder,15.9
ERN2,intestine,27.7
ERN2,salivary gland,22.5
ERN2,stomach 1,49.0
RAX,pituitary gland,6.8
RAX,retina,14.8
GRP,brain,12.4
GRP,lung,8.5
GRP,stomach 1,11.4
IL2RA,adipose tissue,17.5
IL2RA,lymphoid tissue,16.7
IL2RA,urinary bladder,10.1
ECHDC3,liver,157.5
ECHDC3,skeletal muscle,122.5
CABLES1,brain,53.3
DOCK2,bone marrow,50.1
DOCK2,lung,14.7
DOCK2,lymphoid tissue,46.8
EMP1,esophagus,1936.4
EMP1,vagina,705.5
SOX5,testis,29.2
SLCO1B1,liver,502.3
KLRD1,lymphoid tissue,16.2
KLRC1,lymphoid tissue,6.2
SPX,adipose tissue,104.7
SPX,pancreas,38.8
PRH2,salivary gland,21601.6
LRP4,brain,19.3
LRP4,skin 1,29.8
MYBPC3,heart muscle,1615.9
RAB33A,brain,44.4
RAB33A,heart muscle,19.8
SOX3,brain,3.3
SOX3,fallopian tube,8.7
SOX3,testis,2.2
STK26,bone marrow,66.1
STK26,epididymis,53.1
PIWIL4,bone marrow,22.9
SPOCD1,choroid plexus,10.6
SPOCD1,testis,9.4
SPOCD1,urinary bladder,8.9
CDCA8,bone marrow,31.6
CDCA8,lymphoid tissue,36.1
CDCA8,testis,21.6
HOOK1,retina,46.7
CYP2J2,heart muscle,83.9
CYP2J2,intestine,78.5
CYP2J2,liver,136.7
DSC2,esophagus,160.9
DSC2,lymphoid tissue,60.5
DSG3,cervix,93.0
DSG3,esophagus,296.1
DSG3,vagina,115.5
RNF138,bone marrow,90.6
RNF138,testis,113.0
DSG1,skin 1,533.0
DSC3,esophagus,93.2
DSC3,skin 1,351.6
DSC1,skin 1,216.0
DTNA,brain,204.2
DTNA,choroid plexus,72.0
DTNA,heart muscle,140.1
DTNA,skeletal muscle,152.8
DTNA,tongue,197.5
FHOD3,heart muscle,143.4
TPGS2,choroid plexus,275.5
DAGLA,brain,12.3
SLC43A3,liver,134.9
CBLIF,stomach 1,1485.0
APLNR,brain,77.5
APLNR,lymphoid tissue,101.5
APLNR,placenta,87.2
FADS2,adrenal gland,302.5
TCN1,salivary gland,816.7
C5AR2,lymphoid tissue,13.2
PDGFRA,ovary,188.3
GGACT,kidney,67.5
COL4A2,placenta,445.7
CLDN10,kidney,73.2
CLDN10,pancreas,112.3
CLDN10,salivary gland,80.8
STT3A,parathyroid gland,368.8
ADAMTS8,lung,33.2
ACRV1,testis,110.6
ETS1,lymphoid tissue,253.0
SLC37A2,adrenal gland,48.9
SLC37A2,salivary gland,74.4
SLC37A2,skin 1,37.1
KLB,adipose tissue,18.4
KLB,liver,16.6
APC,brain,38.7
NREP,brain,419.7
ANXA1,esophagus,7699.2
CTSL,placenta,529.1
CEMIP2,parathyroid gland,87.0
CEMIP2,placenta,74.8
AGTPBP1,bone marrow,56.8
AGTPBP1,retina,43.1
GOLM1,stomach 1,374.5
ENTREP1,skeletal muscle,45.9
ENTREP1,thyroid gland,50.3
PSAT1,brain,153.9
PSAT1,kidney,127.7
PSAT1,liver,250.5
PSAT1,pancreas,121.8
CCNJL,brain,16.1
SDS,liver,971.8
MSI1,retina,96.8
HNF1A,intestine,13.2
HNF1A,kidney,8.1
HNF1A,liver,9.7
HNF1A,pancreas,5.1
HNF1A,stomach 1,3.6
FBXO21,fallopian tube,108.4
TBX3,adrenal gland,171.8
OASL,bone marrow,33.7
OASL,stomach 1,21.0
HRK,brain,7.6
HRK,choroid plexus,3.2
HRK,lymphoid tissue,3.2
HRK,pituitary gland,2.6
HRK,thyroid gland,3.6
RNFT2,brain,10.3
RNFT2,choroid plexus,4.7
RNFT2,pituitary gland,4.9
RNFT2,retina,4.6
RNFT2,testis,6.5
BICDL1,kidney,112.8
BICDL1,pituitary gland,63.8
DTX1,adipose tissue,8.9
DTX1,lymphoid tissue,11.7
CCDC146,fallopian tube,32.0
CCDC146,testis,20.1
CD36,adipose tissue,1439.4
CD36,breast,534.4
UGT2A3,intestine,29.6
UGT2A3,kidney,19.9
UGT2A3,liver,12.5
UGT2A3,pancreas,14.8
CSN2,breast,538.2
UGT2B28,breast,186.9
HILPDA,esophagus,158.6
GARIN1B,testis,88.5
SRPK2,testis,87.6
KCP,kidney,18.2
TES,seminal vesicle,185.6
ADGRB3,brain,28.2
ADGRB3,pituitary gland,21.3
ANKRD6,brain,25.8
HTR1B,blood vessel,7.5
HTR1B,brain,2.6
HTR1B,placenta,6.3
HTR1B,stomach 1,4.7
KHDC1,brain,14.1
NT5E,cervix,105.8
MRAP2,blood vessel,97.2
EPHA7,parathyroid gland,65.8
CGA,pituitary gland,6387.3
PRR5L,brain,25.4
PRR5L,intestine,32.5
PRR5L,lymphoid tissue,34.3
EHF,esophagus,196.3
EHF,salivary gland,270.9
ELF5,breast,140.5
ELF5,salivary gland,138.9
PRPH,intestine,30.8
PRPH,testis,16.3
AMHR2,adrenal gland,38.9
AMHR2,ovary,32.4
LACRT,salivary gland,12.4
GDF11,retina,20.0
GLS2,liver,191.6
ITGA7,heart muscle,138.6
ITGA7,skeletal muscle,135.6
TESPA1,brain,79.7
TESPA1,lymphoid tissue,70.0
FAM186B,testis,44.3
RDH5,adipose tissue,88.7
RDH5,liver,55.1
AGAP2,brain,181.6
KRT85,skin 1,158.6
PPP1R1A,skeletal muscle,779.6
PPP1R1A,tongue,253.3
TROAP,bone marrow,48.3
TROAP,lymphoid tissue,34.3
TROAP,testis,27.2
B4GALNT1,brain,83.9
COQ10A,heart muscle,157.6
COQ10A,skeletal muscle,263.1
COQ10A,tongue,361.4
FAIM2,brain,309.1
FAIM2,parathyroid gland,91.9
ESPL1,bone marrow,8.0
ESPL1,esophagus,14.2
ESPL1,lymphoid tissue,9.9
KRT7,lung,341.9
KRT7,salivary gland,952.4
KRT7,thyroid gland,405.5
KCNH3,brain,71.6
KCNH3,pituitary gland,19.7
MAP7,brain,85.6
AFG1L,testis,10.3
NHSL1,intestine,21.7
AHI1,retina,25.2
HEY2,blood vessel,70.9
HEY2,heart muscle,29.1
PKIB,brain,248.3
PKIB,intestine,87.1
SMPD2,testis,49.6
STX11,bone marrow,141.4
PRADC1,skeletal muscle,118.7
EGR4,brain,19.1
RAB11FIP5,testis,35.0
DYSF,bone marrow,49.3
DYSF,skeletal muscle,119.0
EMX1,brain,16.4
EMX1,kidney,39.9
KCNMB4,brain,38.1
USP15,bone marrow,166.2
CPM,adipose tissue,146.3
BCO1,choroid plexus,11.5
BCO1,intestine,13.7
CHST5,intestine,82.2
KIAA0513,brain,54.3
DYNC1LI2,brain,269.4
FHOD1,lymphoid tissue,93.9
FHOD1,skeletal muscle,119.0
SLC9A5,brain,15.1
SLC9A5,lymphoid tissue,17.8
AGT,liver,1554.9
PCNX2,brain,25.1
KCNK1,brain,108.6
KCNK1,choroid plexus,70.0
EGLN1,skeletal muscle,396.2
EGLN1,tongue,143.2
CAPN9,intestine,20.8
CAPN9,stomach 1,56.9
COG2,parathyroid gland,66.9
ABCB10,bone marrow,56.7
GLUL,skeletal muscle,1348.7
RGS8,brain,26.7
RGS8,retina,28.2
KIAA1614,retina,27.3
NPL,kidney,42.4
NPL,placenta,37.9
NIBAN1,heart muscle,153.6
LAMC1,placenta,217.7
GPR55,brain,3.5
GPR55,lymphoid tissue,4.2
GPR55,testis,4.4
CHRND,skeletal muscle,75.2
PAX3,brain,2.7
PAX3,salivary gland,4.2
PAX3,skeletal muscle,3.4
PAX3,skin 1,2.7
DOCK10,brain,34.2
DOCK10,lymphoid tissue,35.0
HTR2B,adrenal gland,17.2
HTR2B,cervix,20.2
HTR2B,endometrium 1,17.6
HTR2B,smooth muscle,15.7
ITM2C,brain,1020.9
ITM2C,intestine,662.7
SLC19A3,adipose tissue,43.6
SLC19A3,breast,18.5
SLC19A3,placenta,22.6
SERPINE2,ovary,276.5
SERPINE2,placenta,1024.8
DNAJB2,brain,284.8
WNT10A,esophagus,7.9
WNT10A,skin 1,8.4
CYP27A1,choroid plexus,193.4
CYP27A1,liver,575.4
ARMC9,retina,40.6
CAB39,skeletal muscle,168.0
COX5B,heart muscle,1143.7
COX5B,skeletal muscle,1249.4
TSGA10,testis,48.2
EDAR,esophagus,3.5
GPR45,brain,1.0
ANKRD36,retina,18.1
ARHGEF4,brain,96.3
ALDH1L2,pancreas,38.3
ALDH1L2,salivary gland,12.2
STAB2,lymphoid tissue,63.4
USP44,testis,22.6
DRAM1,lung,88.7
SLC41A2,liver,86.0
VILL,intestine,51.7
VILL,stomach 1,82.4
PCDH8,brain,12.3
RNASEH2B,lymphoid tissue,123.4
CKAP2,bone marrow,63.9
CNMD,brain,6.4
CNMD,choroid plexus,11.9
CNMD,retina,7.7
CNMD,salivary gland,6.3
CNMD,thyroid gland,3.1
TBC1D4,skeletal muscle,77.5
SUCLA2,skeletal muscle,217.4
SUCLA2,tongue,253.9
LMO7,heart muscle,233.5
SCEL,esophagus,350.3
SCEL,skin 1,285.8
EDNRB,placenta,120.1
LCP1,bone marrow,669.6
LCP1,epididymis,380.4
LCP1,lymphoid tissue,566.7
SCRN1,brain,157.9
SPDYE1,testis,6.4
IGF2BP3,lymphoid tissue,6.9
IGF2BP3,placenta,27.2
GPNMB,skin 1,548.1
RAPGEF5,brain,158.3
RAPGEF5,parathyroid gland,364.8
IL6,adipose tissue,187.7
IL6,lung,140.6
IL6,urinary bladder,256.4
AOAH,bone marrow,40.9
AOAH,lymphoid tissue,61.2
BZW2,heart muscle,248.4
BZW2,skeletal muscle,344.4
BZW2,tongue,241.7
DGKB,brain,18.6
NACAD,brain,63.4
NACAD,pituitary gland,22.9
CCM2,brain,135.4
MYO1G,bone marrow,41.1
MYO1G,lymphoid tissue,25.3
TTYH3,brain,92.1
MMD2,brain,28.0
CIDEB,intestine,175.5
CIDEB,liver,448.3
NKX2-8,brain,5.1
NKX2-8,esophagus,1.6
NKX2-8,testis,5.1
NKX2-1,lung,52.0
NKX2-1,thyroid gland,162.9
ZFHX2,testis,6.6
MTHFS,liver,168.9
ADAMTS7,blood vessel,14.2
ADAMTS7,heart muscle,28.7
ABHD17C,intestine,61.2
ALPK3,heart muscle,62.2
ALPK3,skeletal muscle,198.3
ALPK3,tongue,55.2
TM6SF1,skeletal muscle,44.3
CIB2,heart muscle,46.8
CIB2,lymphoid tissue,44.7
MYCBPAP,testis,61.7
CHAD,brain,34.2
CHAD,liver,36.8
CHAD,pancreas,30.3
GH2,pituitary gland,94.7
GH2,placenta,120.3
CSH1,placenta,9234.3
LIMD2,bone marrow,105.8
LIMD2,lymphoid tissue,207.8
BRIP1,bone marrow,2.6
BRIP1,lymphoid tissue,3.4
NDUFB5,skeletal muscle,226.3
SCN2A,brain,67.0
TBR1,brain,33.1
ERMN,brain,596.2
GALNT5,intestine,12.7
GALNT5,lung,9.6
GALNT5,stomach 1,12.1
SCN7A,intestine,33.1
SCN7A,ovary,37.4
BLK,intestine,40.2
BLK,lymphoid tissue,49.9
GATA4,heart muscle,80.1
GATA4,ovary,85.2
GATA4,pancreas,48.3
HLX,bone marrow,86.3
IL10,adipose tissue,5.5
IL10,lymphoid tissue,6.5
IL36G,cervix,10.8
IL36G,esophagus,13.3
IL36G,lymphoid tissue,36.9
IL36G,skin 1,28.0
IL1RN,esophagus,1886.8
IL36A,esophagus,385.8
IL36A,lymphoid tissue,108.2
IL36RN,esophagus,26.1
IL36RN,lymphoid tissue,42.2
IL36RN,skin 1,60.0
IL36B,esophagus,2.1
IL36B,lymphoid tissue,3.5
IL36B,skin 1,8.0
IL1F10,skin 1,12.2
CFC1,brain,22.6
CFC1,pancreas,17.8
CFC1,pituitary gland,35.5
SAP130,testis,44.2
BIN1,skeletal muscle,1986.0
BIN1,tongue,751.1
GYPC,bone marrow,415.6
STAM,bone marrow,50.1
GAD2,brain,65.4
TXN,esophagus,1237.8
ODF2,testis,292.3
ECPAS,skeletal muscle,227.2
SMC2,lymphoid tissue,24.0
KLF4,skin 1,185.8
NIBAN2,esophagus,591.8
ST6GALNAC4,pancreas,69.0
TMOD1,skeletal muscle,234.3
TMOD1,tongue,238.8
DAB2IP,brain,144.8
STXBP1,brain,252.0
STXBP1,retina,188.2
SLC31A2,parathyroid gland,535.8
SLC31A2,salivary gland,385.7
SLC31A1,liver,100.5
ZNF189,epididymis,79.2
ALDOB,intestine,5987.0
ALDOB,kidney,6695.1
ALDOB,liver,10467.2
BAAT,liver,674.5
KIF12,kidney,214.1
KIF12,pancreas,91.8
GARNL3,brain,20.2
WDR38,choroid plexus,42.5
WDR38,fallopian tube,73.1
GABBR2,brain,62.4
HEMGN,bone marrow,232.9
NR5A1,adrenal gland,182.1
NR5A1,lymphoid tissue,136.6
CTSV,lymphoid tissue,599.5
LMX1B,salivary gland,17.5
ENPP2,choroid plexus,1260.1
DSCC1,lymphoid tissue,9.2
MYC,adipose tissue,250.6
MYC,skin 1,277.4
CCN3,adrenal gland,1044.7
CCN3,blood vessel,548.1
IL33,urinary bladder,114.2
IL11RA,heart muscle,36.3
TLN1,blood vessel,345.2
CCL21,lymphoid tissue,2551.0
SIT1,lymphoid tissue,87.5
DMRT1,testis,25.2
DNAJB5,skeletal muscle,154.1
DNAJB5,tongue,203.7
SPAG8,choroid plexus,10.7
SPAG8,fallopian tube,13.4
SPAG8,testis,8.2
CD72,lymphoid tissue,60.4
GRHPR,liver,610.0
ALDH1B1,blood vessel,138.0
ALDH1B1,liver,161.4
ARHGEF39,blood vessel,11.9
IGFBPL1,blood vessel,7.8
IGFBPL1,thyroid gland,15.5
KIF13A,skeletal muscle,97.9
PIM1,bone marrow,206.5
GMPR,skeletal muscle,343.9
GMPR,tongue,191.3
TFAP2A,breast,30.8
TFAP2A,skin 1,63.0
SLC22A7,liver,419.3
FRS3,brain,27.8
CAPN11,testis,28.4
TINAG,kidney,102.8
KIAA0319,brain,11.2
KIAA0319,pituitary gland,3.9
IRF4,bone marrow,38.6
IRF4,lymphoid tissue,24.5
TUBB2A,brain,541.8
GCM1,placenta,19.0
FOXF2,intestine,33.1
BPHL,kidney,102.8
BPHL,liver,79.0
TUBB2B,brain,596.1
HMGA1,esophagus,268.3
ATAT1,brain,31.4
TPMT,kidney,71.3
TPMT,liver,64.3
TPMT,thyroid gland,72.0
CLPS,pancreas,246873.6
RNF144B,skeletal muscle,53.3
C6orf52,testis,13.1
FGFBP1,cervix,126.2
FGFBP1,esophagus,412.9
FGFBP1,vagina,167.8
FGFBP2,adipose tissue,27.5
FGFBP2,bone marrow,51.4
FHDC1,parathyroid gland,16.5
FHDC1,thyroid gland,14.7
TLR2,bone marrow,66.0
MGARP,adrenal gland,215.3
MGARP,retina,108.3
TTC29,fallopian tube,18.8
TTC29,testis,67.2
MYO7A,adrenal gland,36.6
SLCO2B1,liver,214.5
ANKRD42,testis,34.8
IL18BP,lymphoid tissue,44.3
SYTL2,intestine,68.5
SYTL2,stomach 1,118.9
MRPL15,skeletal muscle,273.0
MRPL15,tongue,260.4
PI15,lymphoid tissue,51.3
PI15,prostate,29.1
PI15,smooth muscle,46.6
TTPA,liver,154.2
GGH,kidney,117.3
GGH,liver,176.5
SLCO5A1,lymphoid tissue,6.1
SLCO5A1,skeletal muscle,7.1
SLCO5A1,tongue,10.4
SULF1,blood vessel,112.2
DDX60,stomach 1,38.5
NXPE4,intestine,112.3
NXPE4,salivary gland,72.7
TMPRSS4,esophagus,81.7
TMPRSS4,intestine,40.8
TMPRSS4,urinary bladder,69.6
TRPC6,lung,12.6
TRPC6,placenta,19.6
MMP7,gallbladder,479.1
MMP7,salivary gland,252.5
MMP7,urinary bladder,197.0
MMP27,breast,4.4
MMP27,salivary gland,1.8
MMP27,skin 1,2.3
CFAP300,choroid plexus,23.0
CFAP300,fallopian tube,27.4
CFAP300,testis,28.2
TRIM29,esophagus,699.7
TRIM29,skin 1,719.7
TRIM29,vagina,361.7
SLC37A4,kidney,47.5
SLC37A4,liver,134.4
BTG4,testis,21.2
POU2F3,skin 1,44.9
RDX,adrenal gland,146.4
PPP2R1B,liver,152.7
FDX1,adrenal gland,300.4
FXYD2,kidney,3774.6
MMP13,urinary bladder,10.7
TMPRSS13,esophagus,14.3
TMPRSS13,skin 1,36.8
CASP1,intestine,122.0
CASP1,lymphoid tissue,87.0
CASP5,intestine,15.8
CASP5,lymphoid tissue,13.8
UNC13C,brain,40.2
UNC13C,retina,17.5
SQOR,intestine,196.7
MAPKBP1,brain,69.6
NUSAP1,bone marrow,83.5
NUSAP1,lymphoid tissue,94.6
KIF23,bone marrow,20.4
KIF23,lymphoid tissue,14.8
ITGA11,blood vessel,74.1
ITGA11,endometrium 1,28.8
KNL1,bone marrow,4.9
KNL1,lymphoid tissue,6.9
KNL1,testis,15.8
HAUS2,bone marrow,34.4
PAQR5,kidney,49.3
LRRC49,epididymis,28.0
LRRC49,heart muscle,52.7
ITPKA,brain,57.3
ITPKA,intestine,17.0
UACA,skeletal muscle,133.9
SMAD6,heart muscle,28.9
SMAD6,lung,26.3
PLCB2,bone marrow,49.6
PLCB2,lymphoid tissue,38.4
PAK6,brain,31.0
PAK6,esophagus,24.5
PAK6,skin 1,26.9
DUOX1,epididymis,77.7
DUOX1,esophagus,69.8
DUOX1,skin 1,98.9
SLC28A2,intestine,86.9
STRA6,cervix,22.3
CYP19A1,placenta,117.1
SEMA6D,intestine,36.3
SEMA6D,placenta,40.4
BCL2L10,liver,9.2
BCL2L10,skin 1,6.5
SPTBN5,brain,7.1
SPTBN5,retina,25.0
GCOM1,heart muscle,18.8
GCHFR,liver,365.5
TTLL7,blood vessel,17.3
TTLL7,brain,26.7
BRDT,testis,122.8
IFI44L,salivary gland,75.8
GIPC2,intestine,35.8
GIPC2,kidney,38.7
GIPC2,lymphoid tissue,26.3
IFI44,bone marrow,95.3
SLC44A5,skin 1,10.1
CLCA2,cervix,43.0
CLCA2,esophagus,110.4
CLCA2,skin 1,83.8
CLCA2,vagina,53.4
DNASE2B,salivary gland,160.3
CGREF1,brain,44.6
CGREF1,salivary gland,24.5
HADHB,heart muscle,749.3
HADHB,skeletal muscle,917.1
HADHB,tongue,1024.2
KHK,intestine,119.0
KHK,kidney,101.4
KHK,liver,173.3
LHCGR,ovary,2.1
LHCGR,testis,2.1
SULT6B1,testis,1.8
SLC5A6,liver,96.2
ABCG5,intestine,45.0
ABCG5,liver,59.6
SLC3A1,intestine,128.1
SLC3A1,kidney,604.7
SLC3A1,pancreas,205.1
SIX3,brain,36.9
SIX3,pituitary gland,25.1
SIX3,retina,23.5
TRIM54,heart muscle,205.1
TRIM54,skeletal muscle,570.0
TRIM54,tongue,165.5
DTNB,brain,24.4
DTNB,salivary gland,33.9
CYP2C9,liver,1607.6
MFSD13A,brain,16.5
CYP2C8,liver,2014.2
STAMBPL1,adrenal gland,22.5
CH25H,lymphoid tissue,33.0
LBX1,skeletal muscle,23.7
BTBD16,skin 1,7.9
BTBD16,testis,7.3
BTBD16,urinary bladder,18.8
KIF11,bone marrow,18.2
KIF11,lymphoid tissue,35.3
CUZD1,pancreas,2277.5
TACC2,heart muscle,238.7
TACC2,skeletal muscle,371.3
DUSP5,urinary bladder,163.7
ARL3,retina,89.3
CEP55,lymphoid tissue,25.5
CEP55,testis,20.3
KIF20B,bone marrow,9.6
KIF20B,lymphoid tissue,9.1
EXOC6,retina,152.0
RBP4,liver,11054.0
GPR87,esophagus,42.1
GPR87,skin 1,37.4
GPR87,vagina,27.8
PLA2G12B,intestine,31.1
PLA2G12B,kidney,13.4
PLA2G12B,liver,66.4
ZNF365,brain,33.5
ZNF365,esophagus,9.6
OIT3,liver,103.6
ADAMTS14,gallbladder,6.3
ADAMTS14,placenta,7.1
DNA2,lymphoid tissue,7.6
MYPN,heart muscle,64.0
MYPN,skeletal muscle,269.9
MYPN,tongue,171.2
AOX1,adrenal gland,283.7
AOX1,liver,833.2
STAT4,heart muscle,24.1
STAT4,testis,27.2
MSTN,skeletal muscle,9.4
MSTN,tongue,14.3
CDK15,epididymis,14.4
CDK15,ovary,4.7
MDH1B,choroid plexus,19.8
MDH1B,fallopian tube,21.2
MDH1B,testis,22.9
IDH1,liver,501.4
ITPRID2,pancreas,165.7
CHRNA1,skeletal muscle,160.2
GUCA1C,retina,274.8
CCDC54,testis,116.0
MNS1,choroid plexus,21.4
MNS1,fallopian tube,20.0
MNS1,testis,45.0
GLCE,brain,40.9
SHF,brain,61.4
APH1B,testis,111.2
HCN4,heart muscle,8.2
HCN4,testis,7.0
SEMA7A,brain,61.8
SEMA7A,lymphoid tissue,55.3
SEMA7A,retina,32.1
ARHGAP24,kidney,93.2
HERC3,retina,105.6
HERC5,testis,54.1
PCDH10,blood vessel,19.1
PCDH10,brain,35.0
PCDH10,placenta,24.3
PCDH10,prostate,10.0
PCDH10,seminal vesicle,16.3
ZGRF1,bone marrow,7.5
PRKG2,intestine,12.9
PRKG2,prostate,9.3
RASGEF1B,liver,39.0
FGF5,brain,2.8
FGF5,gallbladder,2.6
FGF5,intestine,1.1
GPAT3,kidney,82.6
IL21,lymphoid tissue,5.5
BBS7,retina,52.4
BMPR1B,cervix,23.2
BMPR1B,prostate,21.0
TRPC3,brain,4.7
TRPC3,pituitary gland,7.0
TRPC3,retina,3.6
CXCL9,lymphoid tissue,290.0
FRAS1,thyroid gland,11.2
USO1,skeletal muscle,207.7
CDKL2,retina,8.9
CDKL2,testis,10.8
ANXA3,bone marrow,319.2
CENPE,bone marrow,9.4
CENPE,lymphoid tissue,8.6
ENPEP,intestine,154.1
ENPEP,kidney,84.1
CASP6,intestine,38.1
LEF1,lymphoid tissue,325.2
EGF,kidney,102.9
EGF,pancreas,84.4
EGF,skeletal muscle,26.0
C4orf17,testis,18.7
PPP3CA,brain,144.7
SLC39A8,lung,58.7
SLC39A8,salivary gland,44.9
MTTP,intestine,259.2
MTTP,liver,249.2
FBN2,placenta,63.2
MAPK8IP3,brain,184.1
RGS3,choroid plexus,142.2
TTLL8,testis,3.9
SHISAL1,brain,27.1
SHISAL1,endometrium 1,29.1
SHISAL1,smooth muscle,27.4
PARVG,bone marrow,46.9
PARVG,lymphoid tissue,28.1
B4GALNT3,heart muscle,22.4
B4GALNT3,stomach 1,57.6
PDE6H,retina,844.1
ERP27,pancreas,1699.9
KIF21A,retina,71.9
PIK3C2G,epididymis,15.7
PIK3C2G,stomach 1,20.4
PLCZ1,testis,39.9
SLCO1C1,brain,19.6
SLCO1C1,choroid plexus,16.3
SLCO1C1,pituitary gland,7.7
C1RL,liver,134.2
CLSTN3,brain,137.4
KLRG1,lymphoid tissue,9.8
VAMP1,brain,108.8
CD27,intestine,36.5
CD27,lymphoid tissue,138.4
RBP5,kidney,453.2
RBP5,liver,329.2
PIANP,brain,143.4
SLC38A4,liver,570.3
AMIGO2,blood vessel,68.2
COL2A1,epididymis,18.0
COL2A1,pituitary gland,8.8
COL2A1,retina,5.2
COL2A1,stomach 1,11.6
PPFIA2,brain,34.3
PPFIA2,retina,46.4
INHBE,liver,134.1
GLIPR1,blood vessel,81.2
PHLDA1,salivary gland,149.9
LGR5,fallopian tube,15.9
LGR5,placenta,17.9
LGR5,skeletal muscle,21.2
PTPRQ,kidney,7.8
PTPRQ,urinary bladder,4.6
DUSP6,salivary gland,213.0
LUM,gallbladder,691.8
LUM,placenta,503.6
AMDHD1,liver,58.4
AMDHD1,skeletal muscle,25.4
SYCP3,testis,77.5
ASCL1,brain,15.5
ASCL1,liver,10.4
ASCL1,pituitary gland,28.2
TMEM132B,brain,12.5
SDSL,liver,102.4
MMAB,liver,105.3
GLTP,esophagus,314.7
GLTP,skin 1,257.2
FAM222A,brain,50.4
FOXN4,testis,10.9
SLC46A3,intestine,71.5
SLC46A3,liver,89.8
SLC7A1,esophagus,52.1
PDX1,intestine,39.4
PDX1,pancreas,12.2
CCDC65,choroid plexus,18.3
CCDC65,fallopian tube,25.0
CCDC65,testis,34.8
SLC39A5,intestine,223.1
SLC39A5,kidney,102.5
SLC39A5,liver,165.6
SLC39A5,pancreas,291.7
RDH16,liver,812.5
DHH,testis,9.8
ACVRL1,lung,83.2
GPR84,bone marrow,21.5
GPR84,urinary bladder,14.6
NPFF,epididymis,1489.7
CELA1,adrenal gland,2.2
CELA1,pancreas,6.2
BRCA2,bone marrow,5.2
BRCA2,lymphoid tissue,4.2
BRCA2,testis,2.9
MAP3K12,brain,64.8
ITGB7,lymphoid tissue,29.1
GALNT6,cervix,30.2
GALNT6,stomach 1,59.0
TMBIM6,liver,1685.6
KRT71,skin 1,91.0
SMIM2,testis,22.5
SBNO1,testis,35.2
MORN3,choroid plexus,5.9
MORN3,fallopian tube,3.7
MORN3,testis,4.3
DIAPH3,bone marrow,6.7
DIAPH3,testis,17.7
SLAIN1,brain,334.8
SRRM4,brain,44.3
SRRM4,retina,27.0
METTL21C,epididymis,23.4
RNF113B,testis,44.5
ZIC5,brain,26.6
GRTP1,liver,77.9
CUL4A,skeletal muscle,160.8
TTC6,breast,4.0
TTC6,prostate,6.1
TTC6,testis,4.6
SSTR1,brain,8.8
SSTR1,intestine,13.0
SSTR1,stomach 1,20.5
REM2,bone marrow,9.3
REM2,brain,7.8
CBLN3,brain,365.9
TSSK4,testis,36.3
NOVA1,brain,64.0
FITM1,heart muscle,163.8
FITM1,skeletal muscle,218.2
MDGA2,brain,3.4
MDGA2,retina,4.1
MDGA2,testis,3.5
RTN1,brain,444.9
ARMH4,kidney,7.8
SYT16,brain,9.3
SYT16,testis,2.8
ADAM21,testis,8.1
RDH12,retina,206.6
RDH12,skin 1,61.5
RAB15,brain,77.9
ESR2,adrenal gland,6.5
ESR2,ovary,6.2
ESR2,testis,5.6
KCNH5,brain,2.1
KCNH5,retina,4.1
STON2,brain,30.4
EFCAB11,testis,35.2
GPR65,bone marrow,11.9
GPR65,lymphoid tissue,9.1
AK7,choroid plexus,17.2
AK7,fallopian tube,22.8
FAM181A,brain,13.9
FAM181A,testis,32.1
SLC24A4,choroid plexus,43.5
SLC24A4,retina,11.4
FBLN5,blood vessel,668.4
SERPINA10,liver,320.0
WARS1,placenta,304.7
SLC25A47,liver,508.8
DUOXA1,esophagus,137.2
DUOXA1,skin 1,65.3
DUOXA1,thyroid gland,78.9
SORD,cervix,161.0
SORD,liver,253.4
SORD,thyroid gland,99.8
DUOXA2,gallbladder,60.1
DUOXA2,urinary bladder,39.0
DUOX2,gallbladder,273.1
DUOX2,thyroid gland,70.8
DUOX2,urinary bladder,86.8
SLC27A2,kidney,147.1
SLC27A2,liver,269.2
HDC,brain,42.0
HDC,epididymis,43.4
GCNT3,gallbladder,71.0
GCNT3,intestine,133.9
GCNT3,salivary gland,54.3
BNIP2,bone marrow,122.0
DISP2,brain,25.8
TLE3,bone marrow,61.6
PSTPIP1,bone marrow,55.1
PSTPIP1,lymphoid tissue,30.4
ETFA,liver,244.8
ETFA,tongue,244.5
BCL2A1,bone marrow,583.4
SCAPER,retina,51.2
DNAJA4,tongue,135.1
TPM1,heart muscle,10511.2
TPM1,skeletal muscle,11880.5
ARRDC4,brain,75.7
PIF1,lymphoid tissue,4.6
CYP11A1,adrenal gland,990.8
CYP1A1,liver,61.8
CYP1A1,urinary bladder,59.6
ADAMTS17,liver,7.0
ADAMTS17,lymphoid tissue,9.9
GOLGA6D,testis,6.2
PCSK6,brain,108.7
PCSK6,liver,149.2
PCSK6,lymphoid tissue,76.5
CCDC33,fallopian tube,17.9
CCDC33,testis,19.3
CELF6,brain,27.6
CYP1A2,liver,478.4
LMAN1L,brain,24.1
LMAN1L,heart muscle,31.5
LMAN1L,lymphoid tissue,24.2
LMAN1L,prostate,57.2
LMAN1L,salivary gland,19.5
HAPLN3,blood vessel,43.5
RHCG,cervix,1080.1
RHCG,esophagus,3828.0
RHCG,vagina,1649.9
RLBP1,retina,246.4
FANCI,bone marrow,28.0
FANCI,lymphoid tissue,41.4
FANCI,testis,29.9
ABHD2,liver,128.7
WDR93,choroid plexus,6.6
WDR93,fallopian tube,8.4
WDR93,testis,10.8
TICRR,bone marrow,3.2
TICRR,esophagus,4.0
TICRR,lymphoid tissue,3.9
NTRK3,blood vessel,66.9
NTRK3,brain,27.9
MFGE8,blood vessel,2177.9
ZNF710,pancreas,41.7
ST8SIA2,heart muscle,3.6
ST8SIA2,lymphoid tissue,1.7
MCTP2,lymphoid tissue,19.6
FURIN,liver,196.7
FURIN,salivary gland,207.7
SH3GL3,brain,56.9
SH3GL3,testis,24.8
SEPTIN12,testis,103.7
SLC5A2,kidney,52.2
ITGAX,bone marrow,45.4
ITGAX,lung,56.9
ITGAX,lymphoid tissue,66.2
TGFB1I1,endometrium 1,258.0
TGFB1I1,intestine,251.1
UQCRC2,tongue,871.3
IGSF6,lymphoid tissue,28.5
MYLK3,heart muscle,96.8
MYLK3,skeletal muscle,43.4
MYLK3,tongue,67.7
ABCC12,skeletal muscle,1.3
ABCC12,testis,2.2
NKD1,blood vessel,14.7
MARVELD3,intestine,31.2
CHST4,gallbladder,65.2
CLEC18B,kidney,30.0
NLRC5,bone marrow,33.8
NLRC5,lymphoid tissue,31.8
KIFC3,kidney,168.1
ADAMTS18,brain,13.8
ADAMTS18,placenta,19.4
NUDT7,liver,65.6
GCSH,brain,134.4
CMTM2,testis,616.8
CDH11,ovary,178.8
CDH11,placenta,114.8
CDH13,blood vessel,140.5
ADAD2,testis,60.5
OSGIN1,liver,149.7
IRF8,lymphoid tissue,195.7
RPL3L,heart muscle,165.9
RPL3L,skeletal muscle,884.0
RPL3L,tongue,394.7
NDUFB10,heart muscle,755.8
NDUFB10,skeletal muscle,1217.5
NDUFB10,tongue,945.6
GID4,testis,67.5
MYOCD,blood vessel,25.4
KSR1,pancreas,104.2
CTRL,pancreas,7054.0
DPEP3,testis,54.8
GFOD2,brain,58.6
UNC45B,heart muscle,93.9
UNC45B,skeletal muscle,184.2
UNC45B,tongue,141.9
PCTP,liver,91.6
KIF2B,testis,70.5
SPATA22,testis,215.0
SKAP1,lymphoid tissue,33.3
LRRC46,fallopian tube,73.8
LRRC46,testis,49.1
SSH2,skeletal muscle,92.5
RHBDL3,brain,19.2
RHBDL3,heart muscle,14.4
RHBDL3,retina,24.2
SPACA3,testis,117.7
ARSG,epididymis,28.6
CHCT1,testis,125.7
AFG3L2,skeletal muscle,96.6
AFG3L2,tongue,92.6
IMPA2,pancreas,338.5
IMPA2,skeletal muscle,260.2
GNAL,brain,63.4
ADCYAP1,brain,11.5
ADCYAP1,lymphoid tissue,10.3
MEP1B,intestine,342.8
SLC25A52,testis,9.7
GAREM1,pancreas,28.2
GATA6,adrenal gland,57.4
GATA6,ovary,70.1
GREB1L,skeletal muscle,8.3
SLC14A1,blood vessel,46.0
SLC14A1,brain,51.7
SLC14A1,kidney,46.4
SLC14A1,prostate,73.4
SLC14A1,urinary bladder,84.8
ARRB2,bone marrow,249.0
ARRB2,lymphoid tissue,157.8
SLC13A5,liver,393.9
ZMYND15,testis,25.4
ASGR1,liver,1142.4
PIK3R5,bone marrow,84.2
CCDC40,choroid plexus,13.7
CCDC40,fallopian tube,14.0
TMC6,brain,51.3
TMC6,lymphoid tissue,72.3
SLC16A3,skeletal muscle,134.4
CARD14,esophagus,9.0
CARD14,skin 1,9.9
CARD14,vagina,4.9
TTYH2,brain,113.1
RAB40B,brain,106.4
SECTM1,intestine,85.0
RNF157,brain,73.6
RNF157,retina,54.7
RNF157,skeletal muscle,69.2
ZNF750,esophagus,93.4
ZNF750,skin 1,135.0
ZNF750,vagina,50.6
CBX4,bone marrow,123.0
RNF165,brain,21.7
RNF165,retina,16.9
MAPK4,brain,72.2
MAPK4,parathyroid gland,47.9
TNFRSF11A,intestine,28.5
TNFRSF11A,salivary gland,23.7
FBXO15,fallopian tube,3.8
FBXO15,testis,7.2
CBLN2,brain,38.4
PMAIP1,bone marrow,83.2
GRB7,esophagus,58.0
GRB7,kidney,59.1
PNMT,adrenal gland,149.2
PNMT,brain,53.4
ARL5C,lymphoid tissue,3.2
STAC2,blood vessel,78.5
STAC2,breast,51.6
STAC2,retina,112.3
STAC2,skin 1,49.0
CACNA1A,brain,286.3
MISP3,brain,18.1
MISP3,kidney,14.9
SLC39A3,testis,97.1
NFIC,skeletal muscle,255.9
PLPP2,salivary gland,103.7
FEM1A,skeletal muscle,256.2
FEM1A,tongue,113.3
VAV1,bone marrow,51.1
VAV1,lymphoid tissue,43.5
CIB3,bone marrow,1.2
DMRTC2,testis,38.5
TMEM91,brain,99.1
PGGHG,pancreas,622.9
HUNK,pancreas,9.2
SOD1,liver,1537.1
DNMT3L,liver,1.8
TRPM2,bone marrow,19.0
DOP1B,parathyroid gland,24.1
IL19,cervix,18.7
IL19,salivary gland,6.5
NTN5,pituitary gland,4.8
LMTK3,brain,59.1
LMTK3,pituitary gland,17.5
CBLC,esophagus,38.2
CBLC,intestine,47.9
CBLC,skin 1,40.7
WTIP,blood vessel,92.5
SLC6A3,brain,92.9
MYO1F,bone marrow,90.7
MYO1F,lung,29.3
MYO1F,lymphoid tissue,93.0
NLRP12,bone marrow,5.7
NLRP12,lymphoid tissue,4.2
CACNG8,brain,34.0
FBN3,kidney,2.3
FBN3,salivary gland,4.0
CARM1,skeletal muscle,103.6
EVI5L,brain,41.4
TM4SF5,intestine,164.2
TM4SF5,liver,190.2
SLC47A1,adrenal gland,124.8
SLC47A1,kidney,93.6
SLC47A1,liver,97.0
GPR32,parathyroid gland,54.6
SIGLEC10,lymphoid tissue,45.5
ACP4,skin 1,1.1
ACP4,testis,3.5
KLK3,prostate,7518.2
ZNF473,testis,39.6
GARIN5A,testis,68.4
PTH2,brain,1.0
ENSG00000142539,lymphoid tissue,1.4
IGLON5,brain,48.8
SLC2A5,bone marrow,91.5
SLC2A5,intestine,102.6
SLC2A5,skeletal muscle,73.9
SLC2A5,testis,71.3
MMEL1,testis,23.8
CFAP74,choroid plexus,3.6
CFAP74,fallopian tube,6.5
CFAP74,testis,4.8
PRDM16,blood vessel,18.0
CELA2A,pancreas,153459.5
PADI3,esophagus,16.4
PADI3,urinary bladder,25.6
FHAD1,choroid plexus,9.9
FHAD1,fallopian tube,14.6
FHAD1,testis,12.5
PADI1,esophagus,84.3
EPHA2,esophagus,142.7
ARHGEF19,skin 1,26.8
PGD,bone marrow,377.9
PGD,esophagus,483.2
MYOM3,heart muscle,209.7
MYOM3,skeletal muscle,308.7
MYOM3,tongue,238.9
CNKSR1,skeletal muscle,53.5
IL22RA1,pancreas,189.0
C1orf216,brain,76.4
C1orf94,testis,18.3
DMRTA2,esophagus,1.4
DMRTA2,pituitary gland,1.9
DMRTA2,testis,1.7
PLK4,bone marrow,21.3
PLK4,lymphoid tissue,13.4
PLK4,testis,21.2
FCN3,liver,260.7
FCN3,lung,688.3
SYTL1,esophagus,98.8
SYTL1,pancreas,101.4
CELA3A,pancreas,247619.6
NBPF3,testis,9.1
HSPG2,blood vessel,245.5
CCN1,blood vessel,471.4
PRKACB,brain,178.7
TINAGL1,blood vessel,305.7
AZIN2,brain,21.7
AZIN2,testis,29.6
KIF2C,bone marrow,31.1
KIF2C,lymphoid tissue,34.8
KIF2C,testis,72.6
BEST4,choroid plexus,13.8
BEST4,fallopian tube,7.5
BEST4,intestine,20.8
CYP4B1,lung,227.4
TMEM61,kidney,16.1
TMEM61,pituitary gland,38.2
TMEM61,salivary gland,18.4
DMRTB1,testis,59.1
LMO4,brain,239.5
SYPL2,skeletal muscle,340.5
SYPL2,tongue,163.6
BARHL2,brain,42.1
FNDC7,testis,1.0
C1orf162,bone marrow,108.7
C1orf162,lymphoid tissue,151.3
CD53,lymphoid tissue,419.9
PROK1,ovary,190.8
PROK1,placenta,47.2
PROK1,testis,56.2
CELSR2,brain,24.4
CELSR2,skin 1,23.4
ITGA10,blood vessel,114.0
GPR161,endometrium 1,24.0
GPR161,smooth muscle,25.7
ATP1B1,kidney,1376.9
DCAF6,skeletal muscle,585.8
DCAF6,tongue,429.2
GPA33,intestine,202.4
RXRG,pituitary gland,29.6
RXRG,retina,22.5
RXRG,skeletal muscle,46.6
TBX19,pituitary gland,48.1
XCL1,lymphoid tissue,4.3
XCL2,bone marrow,13.3
XCL2,lymphoid tissue,13.2
MAEL,testis,148.8
ILDR2,brain,6.0
ILDR2,retina,9.8
ILDR2,testis,8.2
DPT,intestine,431.1
ADCY10,liver,5.7
ADCY10,testis,16.4
NECTIN4,cervix,40.7
NECTIN4,esophagus,96.0
NECTIN4,salivary gland,32.2
NECTIN4,skin 1,110.2
NECTIN4,vagina,56.4
FCGR2A,lymphoid tissue,113.4
FCGR2A,placenta,126.7
NUF2,bone marrow,26.8
NUF2,lymphoid tissue,24.2
NUF2,testis,50.0
RGS5,blood vessel,1362.9
NR1I3,liver,158.8
F13B,liver,187.2
FCRL5,lymphoid tissue,34.1
CASQ1,skeletal muscle,4161.9
CASQ1,tongue,1767.3
ISG20L2,testis,58.8
CRABP2,cervix,567.4
CRABP2,esophagus,1174.0
CRABP2,vagina,589.7
RGS16,thyroid gland,97.0
FAM163A,lymphoid tissue,14.9
FAM163A,pituitary gland,29.7
FAM163A,testis,12.5
HMCN1,blood vessel,66.0
HMCN1,lung,19.4
LHX9,ovary,17.8
RORC,skeletal muscle,100.2
TUFT1,skin 1,105.2
ECM1,epididymis,457.0
ECM1,esophagus,1332.1
CGN,intestine,53.1
MCL1,bone marrow,646.6
CTSK,cervix,333.6
SELENBP1,intestine,509.4
CERS2,liver,683.9
SEMA6C,skeletal muscle,262.9
SEMA6C,tongue,85.2
C1orf56,testis,71.9
OAZ3,testis,224.4
HORMAD1,testis,110.1
SYT14,retina,3.6
SYT14,testis,3.1
SYT14,thyroid gland,5.8
KCNH1,brain,15.6
DTL,bone marrow,13.8
DTL,intestine,4.5
DTL,lymphoid tissue,13.2
DTL,placenta,3.7
DTL,testis,12.8
DYRK3,testis,44.8
VASH2,testis,6.8
SMYD2,heart muscle,183.6
SMYD2,skeletal muscle,86.6
SUSD4,brain,47.5
SUSD4,esophagus,46.6
DUSP10,liver,30.8
HHIPL2,testis,4.5
HHIPL2,thyroid gland,1.9
FLG2,skin 1,456.4
CRNN,cervix,1338.6
CRNN,esophagus,5227.7
CRNN,vagina,1617.4
S100A8,bone marrow,33387.3
S100A8,cervix,14477.9
S100A8,esophagus,36526.2
S100A8,vagina,16753.2
TPM3,skeletal muscle,8344.9
TPM3,tongue,5701.1
NUP210L,testis,24.8
S100A7,cervix,1900.9
S100A7,esophagus,1264.3
S100A7,lymphoid tissue,1158.8
S100A7,vagina,1368.9
CREB3L4,prostate,99.7
EFNA3,esophagus,29.0
EFNA3,skin 1,94.6
AQP10,intestine,64.5
KCNN3,brain,13.8
PKLR,bone marrow,18.4
PKLR,kidney,23.5
PKLR,liver,86.5
HCN3,brain,19.8
FLG,skin 1,432.6
ACTA1,skeletal muscle,123974.2
LYST,bone marrow,97.8
MAP3K21,pancreas,19.1
CEP170,bone marrow,49.6
CEP170,brain,22.8
CEP170,testis,85.1
DEGS1,skin 1,505.2
LEFTY2,cervix,89.0
LEFTY2,endometrium 1,160.0
ITPKB,brain,98.8
ITPKB,choroid plexus,90.2
GUK1,brain,463.7
CNIH3,brain,10.9
CNIH3,pancreas,7.4
WNT9A,intestine,17.6
WNT9A,skeletal muscle,25.2
EPHX1,adrenal gland,1147.0
EPHX1,liver,1594.1
REN,kidney,134.7
ETNK2,kidney,100.2
ETNK2,liver,219.7
ETNK2,testis,118.5
PPFIA4,brain,96.8
PTPN7,bone marrow,64.9
PTPN7,lymphoid tissue,71.0
SYT2,brain,39.3
ARL8A,brain,157.0
OSR1,blood vessel,100.1
OSR1,urinary bladder,69.7
GDF7,blood vessel,12.2
GDF7,cervix,9.7
GDF7,seminal vesicle,21.1
RHOB,blood vessel,1648.0
ATP6V1C2,epididymis,75.8
ATP6V1C2,salivary gland,97.2
ATP6V1C2,skin 1,82.8
GALM,adrenal gland,89.6
GALM,kidney,112.0
ABCG8,intestine,29.6
ABCG8,liver,45.8
REG3G,pancreas,3450.0
ABHD1,testis,19.9
ANKRD53,testis,25.3
NAT8,kidney,683.0
EXOC6B,heart muscle,47.5
SFXN5,brain,74.7
SFXN5,liver,37.1
DQX1,intestine,15.4
ST6GAL2,blood vessel,33.5
ST6GAL2,brain,12.5
ST6GAL2,thyroid gland,27.2
NPHP1,choroid plexus,36.0
NPHP1,skeletal muscle,34.0
MALL,esophagus,482.8
MALL,intestine,221.6
MALL,vagina,189.9
RALB,parathyroid gland,315.6
C1QL2,brain,26.2
NT5DC4,bone marrow,1.1
NT5DC4,testis,2.4
RABL2A,fallopian tube,20.1
CNGA3,choroid plexus,4.7
CNGA3,intestine,5.1
CNGA3,pituitary gland,10.0
CNGA3,retina,5.4
LYG1,kidney,22.5
NXPH2,brain,4.1
NXPH2,kidney,3.8
NXPH2,ovary,4.1
NXPH2,retina,2.1
THSD7B,retina,18.0
GPR17,brain,35.3
POLR2D,testis,69.5
GALNT13,brain,19.8
GALNT13,retina,9.2
PKP4,brain,336.1
SCN1A,brain,7.9
SCN1A,retina,3.1
SLC4A10,brain,32.6
SLC4A10,choroid plexus,54.0
SLC4A10,retina,31.8
ZNF385B,retina,82.1
TMEFF2,brain,23.3
TMEFF2,prostate,34.3
TMEFF2,seminal vesicle,12.5
CDCA7,intestine,26.5
CDCA7,lymphoid tissue,41.6
DLX1,brain,16.9
UBR3,skeletal muscle,68.6
UBR3,tongue,81.3
GULP1,epididymis,77.9
FAM171B,brain,66.4
HSPD1,adrenal gland,696.8
CCDC150,kidney,2.4
CCDC150,testis,4.6
UNC80,brain,29.7
UNC80,pituitary gland,12.8
UNC80,retina,17.6
PTH2R,brain,4.1
PTH2R,retina,15.2
CPO,intestine,105.3
KANSL1L,parathyroid gland,187.0
ABCA12,breast,5.4
ABCA12,skin 1,19.6
NYAP2,brain,2.6
NYAP2,retina,3.6
TRPM8,liver,29.4
TRPM8,prostate,75.4
HES6,brain,56.2
HES6,pituitary gland,61.7
ESPNL,brain,4.2
ESPNL,intestine,3.3
ANKMY1,testis,30.6
CPNE9,brain,36.8
FANCD2,bone marrow,12.8
FANCD2,lymphoid tissue,10.0
MARCHF4,brain,7.2
MARCHF4,pituitary gland,5.3
GRIP2,heart muscle,12.4
GRIP2,skeletal muscle,33.5
GRIP2,tongue,11.6
EAF1,bone marrow,53.9
CNTN4,parathyroid gland,21.2
GADL1,skeletal muscle,24.7
GADL1,tongue,10.8
ACKR2,liver,8.8
ACKR2,placenta,15.0
CSRNP1,bone marrow,182.4
SLC22A14,testis,10.9
STAC,blood vessel,14.0
CAND2,skeletal muscle,125.9
CAND2,tongue,33.7
LRIG1,pancreas,136.0
LRTM1,retina,73.1
LRTM1,skeletal muscle,24.4
NFKBIZ,bone marrow,383.6
COL8A1,blood vessel,226.1
NXPE3,skeletal muscle,55.7
NXPE3,tongue,47.6
ADGRG7,intestine,40.4
ADGRG7,liver,23.1
MYH15,retina,3.0
MYH15,tongue,1.9
TAGLN3,brain,474.6
PLA1A,choroid plexus,85.7
PLA1A,epididymis,130.6
PLA1A,parathyroid gland,62.0
PLA1A,seminal vesicle,63.3
IGSF11,brain,28.2
IGSF11,retina,46.9
IGSF11,testis,33.4
NR1I2,intestine,29.4
NR1I2,liver,44.3
TMEM108,retina,32.3
TMEM108,skeletal muscle,21.7
AGTR1,liver,90.3
AGTR1,placenta,133.2
MED12L,bone marrow,3.6
MED12L,testis,3.8
ALDH1L1,liver,345.7
OSBPL11,skeletal muscle,51.5
OSBPL11,tongue,74.8
SPATA16,testis,55.6
LPP,blood vessel,128.4
AMT,liver,52.5
UCN2,skin 1,12.4
DCAF1,testis,47.6
STXBP5L,brain,24.4
STXBP5L,thyroid gland,7.1
EAF2,bone marrow,67.8
EAF2,lymphoid tissue,50.0
ILDR1,parathyroid gland,14.7
TM4SF19,adipose tissue,5.8
TM4SF19,testis,4.3
MUC4,esophagus,18.5
MUC4,intestine,31.2
MUC4,prostate,14.6
MUC4,vagina,14.5
AHSG,liver,5439.8
ECE2,brain,58.1
ECE2,pancreas,24.1
ECE2,pituitary gland,19.1
VWA5B2,adrenal gland,40.1
VWA5B2,brain,17.2
SLC26A1,liver,17.4
LYAR,testis,95.4
EPHA5,brain,10.5
CORIN,heart muscle,53.4
OCIAD2,kidney,144.9
SLC10A4,brain,10.8
SLC10A4,pituitary gland,5.0
SLC10A6,esophagus,8.5
SLC10A6,skin 1,12.3
SCD5,adrenal gland,147.8
SCD5,brain,293.9
PLAC8,bone marrow,345.6
PLAC8,intestine,221.2
PLAC8,lymphoid tissue,149.0
ENOPH1,brain,129.4
CABS1,testis,101.9
GC,liver,7722.0
KLHL8,epididymis,57.1
SNCA,bone marrow,257.8
SNCA,brain,263.1
CAMK2D,heart muscle,123.6
DDIT4L,skeletal muscle,303.4
DDIT4L,tongue,99.8
ANK2,retina,118.1
ANK2,skeletal muscle,120.2
FABP2,intestine,517.8
CCNA2,bone marrow,36.4
CCNA2,lymphoid tissue,43.6
CCNA2,retina,29.4
MARCHF1,lymphoid tissue,29.3
MARCHF1,retina,21.3
SFRP2,blood vessel,342.0
SFRP2,gallbladder,298.7
SFRP2,urinary bladder,287.2
RNF175,brain,26.0
PDGFC,parathyroid gland,19.1
GLRA3,brain,5.2
GLRA3,breast,1.9
CYP4V2,liver,106.1
ROPN1L,testis,304.2
NDUFS6,skeletal muscle,577.0
NKD2,lung,40.8
CDH18,adrenal gland,4.4
CDH18,brain,16.4
CDH18,pituitary gland,3.9
ADAMTS16,brain,7.8
ADAMTS16,ovary,22.8
SRD5A1,liver,27.1
OTULINL,bone marrow,28.7
SKP2,placenta,35.6
UGT3A1,kidney,47.6
UGT3A1,liver,54.2
SHISAL2B,brain,3.3
SHISAL2B,pancreas,4.6
SHISAL2B,stomach 1,2.7
GZMA,lymphoid tissue,63.9
HAPLN1,placenta,70.3
BHMT,kidney,727.4
BHMT,liver,1067.7
ANKRD31,testis,4.6
IQGAP2,liver,105.8
CRHBP,brain,56.5
CRHBP,liver,155.7
RASA1,placenta,91.1
LIX1,brain,25.9
LIX1,retina,39.5
PAM,epididymis,691.0
PAM,heart muscle,1159.0
SPATA9,testis,23.0
TSLP,liver,10.8
TSLP,urinary bladder,11.2
TNFAIP8,lymphoid tissue,110.1
FEM1C,bone marrow,59.6
MEGF10,brain,12.2
MEGF10,retina,7.4
ADAMTS19,cervix,9.5
ADAMTS19,endometrium 1,9.2
ADAMTS19,smooth muscle,5.5
CXCL14,skin 1,767.1
LECT2,liver,445.4
SLC25A48,brain,14.8
SLC25A48,kidney,6.9
SLC25A48,skeletal muscle,6.3
TIMD4,lymphoid tissue,51.7
TIMD4,testis,137.3
C1QTNF2,blood vessel,13.2
GABRA6,brain,185.8
GABRB2,brain,41.3
SPINK7,cervix,517.3
SPINK7,esophagus,627.5
SPINK7,vagina,601.8
GLRA1,retina,2.3
N4BP3,esophagus,15.3
CPLX2,brain,461.7
CPLX2,epididymis,121.4
TENM2,heart muscle,32.8
KCNMB1,blood vessel,70.3
KCNMB1,intestine,76.1
MYLK4,skeletal muscle,27.0
MYLK4,tongue,66.6
FAM217A,testis,13.9
PSD2,brain,81.6
LRRTM2,brain,16.3
GFRA3,intestine,13.3
KLHL3,brain,44.9
DCDC2,choroid plexus,19.5
DCDC2,kidney,20.4
DCDC2,pancreas,24.9
SLC17A4,gallbladder,15.3
SLC17A4,intestine,30.0
SLC17A4,liver,47.5
SLC17A4,pancreas,21.4
H2BC1,testis,5.8
TRIM7,brain,52.4
TRIM7,skeletal muscle,181.0
TRIM7,tongue,47.8
TRIM41,brain,76.8
TRIM41,skeletal muscle,24.4
PLA2G7,lymphoid tissue,25.6
PLA2G7,placenta,21.8
TNFRSF21,brain,108.8
TNFRSF21,urinary bladder,138.2
MMUT,liver,186.1
RASGEF1C,brain,31.9
DOK3,bone marrow,88.4
DOK3,lymphoid tissue,83.8
DAAM2,brain,145.9
PRIM2,prostate,30.3
MLIP,heart muscle,186.2
MLIP,liver,119.5
MLIP,skeletal muscle,205.1
MLIP,tongue,139.5
HMGCLL1,brain,9.1
LGSN,kidney,1.8
LGSN,liver,3.5
LGSN,placenta,1.0
FGD2,lymphoid tissue,39.6
SCUBE3,blood vessel,42.6
SCUBE3,thyroid gland,25.9
ANO7,intestine,18.0
ANO7,prostate,66.6
ANO7,stomach 1,26.9
CRIP3,brain,15.2
CRIP3,heart muscle,22.8
CRIP3,testis,24.6
TTBK1,brain,14.5
TTBK1,pituitary gland,7.2
TCTE1,brain,7.9
TCTE1,fallopian tube,13.6
TCTE1,testis,28.4
NFKBIE,lymphoid tissue,33.5
CYP39A1,liver,92.8
PRSS35,ovary,17.9
PRSS35,retina,46.8
MMS22L,bone marrow,6.7
MMS22L,testis,6.4
FAXC,intestine,21.7
GABRR1,retina,22.8
SCML4,intestine,9.5
SCML4,lymphoid tissue,11.3
TBC1D32,retina,6.9
CLVS2,brain,16.5
CLVS2,retina,7.6
GPR6,brain,34.4
RNF217,parathyroid gland,39.0
RSPO3,smooth muscle,44.9
TAAR1,stomach 1,4.7
MTFR2,bone marrow,15.4
MTFR2,lymphoid tissue,6.0
MTFR2,testis,6.6
SLC2A12,choroid plexus,102.3
AIG1,liver,220.0
TIAM2,brain,11.9
TIAM2,testis,12.2
PNLDC1,brain,3.6
PNLDC1,testis,7.9
VIP,intestine,67.6
VIP,lymphoid tissue,146.8
SLC22A3,blood vessel,77.1
VWDE,epididymis,3.8
VWDE,salivary gland,2.8
VWDE,thyroid gland,2.9
SDK1,pancreas,11.8
EGFR,placenta,61.8
CDCA5,bone marrow,50.4
CDCA5,lymphoid tissue,25.7
CDCA5,testis,37.1
IGFBP3,placenta,1748.7
IGFBP1,liver,1120.5
SSC4D,kidney,2.5
SSC4D,parathyroid gland,6.6
SSC4D,pituitary gland,2.4
MDH2,skeletal muscle,652.9
MDH2,tongue,562.4
NIPSNAP2,heart muscle,249.4
NIPSNAP2,skeletal muscle,604.5
NIPSNAP2,tongue,732.5
TRIM50,pancreas,28.0
TRIM50,parathyroid gland,31.1
TRIM50,stomach 1,46.0
ASB15,heart muscle,25.5
ASB15,skeletal muscle,111.8
ASB15,tongue,78.5
AGBL3,epididymis,7.4
STRA8,testis,1.3
TMEM140,skeletal muscle,83.5
EPHA1,esophagus,55.7
EPHA1,parathyroid gland,194.2
CNPY1,brain,8.5
CNPY1,pancreas,2.2
NCAPG2,bone marrow,23.0
NCAPG2,lymphoid tissue,26.0
ASB10,heart muscle,25.0
ASB10,skeletal muscle,73.0
ASB10,tongue,13.3
NLGN4X,brain,11.8
NLGN4X,lymphoid tissue,13.3
NLGN4X,ovary,13.8
SHROOM2,retina,19.3
RAB19,bone marrow,3.5
CLTRN,kidney,453.6
TMEM47,blood vessel,105.1
SYTL5,brain,12.9
SYTL5,stomach 1,11.4
AKAP4,testis,187.4
CCNB3,brain,2.6
CCNB3,epididymis,4.5
CCNB3,testis,5.8
SLC16A2,liver,38.1
CHST7,ovary,32.0
NDUFB11,skeletal muscle,661.3
RAB41,retina,53.5
GPR174,lymphoid tissue,15.7
CCDC120,esophagus,34.6
CCDC120,skin 1,28.0
LPAR4,ovary,3.1
EBP,liver,307.1
AWAT2,skin 1,10.7
ITGB1BP2,heart muscle,85.6
ITGB1BP2,skeletal muscle,43.2
ITGB1BP2,tongue,49.5
IL2RG,intestine,109.3
IL2RG,lymphoid tissue,317.8
GCNA,testis,10.3
ZNF711,testis,34.9
CPXCR1,testis,6.0
NXF3,fallopian tube,24.1
NXF3,testis,57.4
RIPPLY1,kidney,2.8
RIPPLY1,liver,5.4
RADX,brain,24.2
RADX,pituitary gland,19.2
FRMPD3,brain,3.6
FRMPD3,ovary,2.2
FRMPD3,thyroid gland,2.6
HTR2C,brain,28.2
HTR2C,choroid plexus,104.4
IGSF1,pituitary gland,379.9
ARHGAP36,adrenal gland,99.5
ARHGAP36,brain,77.0
ARHGAP36,pituitary gland,166.5
GPC3,placenta,669.8
GPR119,pancreas,1.9
FBXO25,testis,91.6
FATE1,testis,232.5
MAGEA4,testis,20.7
ZNF185,epididymis,310.5
ZNF185,esophagus,317.2
CETN2,choroid plexus,233.9
CETN2,fallopian tube,229.2
CSGALNACT1,thyroid gland,70.7
CHRNB3,brain,2.5
CHRNB3,pancreas,1.7
CHRNB3,retina,3.5
CHRNB3,testis,1.2
CHRNA6,retina,3.0
DOK2,lung,24.2
DOK2,lymphoid tissue,44.0
SLC25A37,bone marrow,130.4
CHMP7,lymphoid tissue,30.5
STAR,adrenal gland,3979.9
SNTG1,brain,4.7
SNTG1,lymphoid tissue,2.6
PXDNL,heart muscle,43.4
ST18,brain,21.9
ST18,retina,7.5
RGS20,brain,36.6
GINS4,bone marrow,5.4
GINS4,lymphoid tissue,5.7
DNAJC5B,testis,57.9
CRH,brain,52.7
TRIM55,heart muscle,57.8
TRIM55,liver,35.5
TRIM55,skeletal muscle,27.7
TRIM55,tongue,31.4
ADHFE1,liver,30.4
ADHFE1,skeletal muscle,28.8
ADHFE1,tongue,29.3
PMP2,brain,388.6
LACTB2,liver,89.6
SLC26A7,thyroid gland,310.2
PSKH2,retina,2.3
ATP6V0D2,kidney,56.4
SYBU,brain,92.9
SYBU,pancreas,132.5
DPYS,kidney,186.1
DPYS,liver,446.6
RSPO2,brain,14.5
RSPO2,intestine,12.7
RSPO2,placenta,16.5
MAL2,esophagus,238.5
NDUFB9,skeletal muscle,1286.6
NDUFB9,tongue,1386.4
FAM83A,esophagus,59.6
GSDMC,esophagus,33.0
GSDMC,lymphoid tissue,13.6
GSDMC,skin 1,25.9
GSDMC,vagina,12.4
FAM135B,adrenal gland,2.5
FAM135B,brain,6.6
FAM135B,retina,9.1
FAM135B,testis,3.6
ARHGAP39,brain,16.1
ARHGAP39,testis,20.3
SLC39A4,intestine,82.8
NAPRT,liver,103.0
VLDLR,ovary,32.3
AK3,skeletal muscle,227.6
CER1,epididymis,1.0
PLIN2,adipose tissue,617.1
PLIN2,liver,845.8
CDKN2B,esophagus,37.2
CDKN2B,intestine,29.1
CDKN2A,choroid plexus,42.5
CDKN2A,pituitary gland,35.7
FBXO10,skeletal muscle,27.4
SIGMAR1,liver,167.8
NTRK2,brain,233.3
NTRK2,thyroid gland,118.0
IDNK,brain,54.7
IDNK,liver,65.8
SHC3,brain,39.5
PLPPR1,brain,24.7
PLPPR1,kidney,14.6
UGCG,bone marrow,106.7
ACTL7B,testis,202.8
GSN,heart muscle,2454.2
NR6A1,testis,21.4
CRB2,brain,6.8
CRB2,choroid plexus,3.7
CRB2,kidney,5.3
CRB2,retina,7.5
ALAD,liver,196.1
WDR31,parathyroid gland,10.4
WDR31,retina,16.6
SURF2,testis,102.1
PTGES2,skeletal muscle,131.0
SLC25A25,liver,108.5
PTGES,seminal vesicle,79.5
PTGES,urinary bladder,73.1
LCN2,bone marrow,2617.2
LCN2,gallbladder,2090.7
LCN2,salivary gland,1266.0
HMCN2,endometrium 1,21.4
HMCN2,intestine,37.0
HMCN2,skeletal muscle,23.4
IDI2,skeletal muscle,261.6
CACNA1B,brain,23.4
CACNA1B,pituitary gland,6.5
NACC2,brain,62.3
PROSER2,liver,40.0
PDSS1,intestine,18.0
FAM171A1,brain,97.5
SLC39A12,choroid plexus,647.0
TMEM236,intestine,31.5
ST8SIA6,brain,4.7
ST8SIA6,breast,4.9
ST8SIA6,lung,5.6
ANKRD30A,breast,62.0
FAM13C,brain,38.2
A1CF,liver,143.1
CDHR1,retina,291.2
CDHR1,skin 1,202.3
LRIT1,retina,23.8
RGR,choroid plexus,32.4
RGR,retina,129.0
LRMDA,adrenal gland,61.5
ADIRF,adipose tissue,1337.8
ADIRF,blood vessel,2350.8
GLUD1,kidney,265.0
GLUD1,liver,860.3
ANKRD1,heart muscle,6125.5
HTR7,parathyroid gland,12.3
HTR7,testis,8.2
HABP2,liver,408.9
VAX1,brain,4.9
NPFFR1,brain,5.5
NPFFR1,retina,2.8
PLEKHS1,breast,23.2
PLEKHS1,cervix,46.2
PLEKHS1,intestine,34.6
PLEKHS1,pancreas,25.6
PLEKHS1,salivary gland,40.2
MKI67,bone marrow,43.7
MKI67,lymphoid tissue,49.0
CYP17A1,adrenal gland,8353.3
INA,brain,116.7
INA,pituitary gland,38.6
INA,retina,90.1
FUOM,liver,233.2
LRRC27,testis,72.0
NKX6-2,brain,104.4
PAOX,testis,27.4
GSTO1,liver,614.1
TAF5,testis,8.9
ITPRIP,bone marrow,192.1
CNNM2,choroid plexus,22.2
CNNM2,parathyroid gland,29.6
ADAM12,placenta,126.8
RGS10,lymphoid tissue,207.4
ADM,adipose tissue,339.7
GAS2,liver,37.0
SLC5A12,epididymis,45.1
SLC5A12,intestine,28.2
SLC5A12,kidney,160.2
LRRC4C,brain,19.4
LRRC4C,retina,15.8
SAA4,liver,2067.9
PGAP2,epididymis,204.2
SCGB1A1,lung,2893.8
SYT8,esophagus,28.0
SYT8,skin 1,64.9
SYT8,urinary bladder,35.9
ZNF215,lymphoid tissue,3.9
DGKZ,brain,223.0
GLYAT,kidney,532.9
GLYAT,liver,651.9
SERPING1,liver,2454.0
SLC43A1,liver,121.8
SLC43A1,pancreas,219.9
CCDC81,choroid plexus,15.8
CCDC81,fallopian tube,25.8
SESN3,testis,54.0
KLHL35,brain,10.4
KLHL35,testis,9.0
TENM4,ovary,14.8
TENM4,parathyroid gland,13.1
CAPN5,intestine,57.2
CAPN5,liver,50.7
PAK1,brain,118.6
TTC12,testis,48.5
NCAM1,brain,187.4
NCAM1,heart muscle,136.4
DRD2,brain,62.0
DRD2,pituitary gland,56.6
HTR3B,brain,3.9
GLB1L2,retina,149.1
P4HA3,blood vessel,8.3
P4HA3,smooth muscle,9.7
GRIK4,brain,6.3
ST14,esophagus,108.0
ST14,intestine,136.4
GGTLC1,lung,31.2
GGTLC1,testis,17.3
ADAM33,cervix,121.2
SLC22A8,choroid plexus,266.1
SLC22A8,kidney,312.8
TKFC,intestine,181.3
TKFC,liver,108.3
TMC2,brain,2.7
ROM1,retina,1101.4
INCENP,bone marrow,19.8
OOSP2,testis,16.8
MS4A3,bone marrow,397.1
PLCH2,brain,69.5
PLCH2,retina,41.6
PLCH2,skin 1,56.9
MS4A2,lung,11.8
EI24,parathyroid gland,434.6
CCDC15,testis,9.8
CHEK1,bone marrow,24.9
CHEK1,lymphoid tissue,19.5
CHEK1,seminal vesicle,28.7
FEZ1,brain,281.1
KIRREL3,brain,26.6
MPZL2,esophagus,208.1
MPZL2,urinary bladder,145.5
SCN2B,brain,48.3
TAGLN,blood vessel,13587.8
TAGLN,intestine,8800.4
JPH2,skeletal muscle,112.8
DUSP15,testis,208.8
C20orf144,testis,175.0
SPATA25,testis,22.9
SOGA1,brain,70.6
CNBD2,testis,24.1
SPINT4,epididymis,263.2
CDH22,brain,44.9
CABLES2,testis,29.4
GPHA2,pancreas,339.8
SLC22A9,liver,43.3
TRPT1,skeletal muscle,166.3
FERMT3,bone marrow,95.6
FERMT3,lymphoid tissue,125.3
PLCB3,intestine,107.1
TM7SF2,adrenal gland,243.0
TBX6,esophagus,13.3
ALDOA,skeletal muscle,25093.7
ALDOA,tongue,8554.2
TLCD3B,brain,83.9
TLCD3B,retina,63.1
TLCD3B,testis,99.1
DOC2A,brain,91.7
DOC2A,testis,35.5
HMGA2,bone marrow,4.6
HMGA2,testis,3.6
MMP3,adipose tissue,99.1
MMP3,salivary gland,285.6
MMP3,skin 1,72.2
CNKSR2,brain,35.0
CNKSR2,retina,16.6
CNTN5,brain,1.9
CNTN5,placenta,2.4
CNTN5,salivary gland,1.9
CNTN5,thyroid gland,1.8
KLRF1,bone marrow,12.0
KLRF1,lymphoid tissue,17.0
CLEC1A,lymphoid tissue,46.8
CLEC1A,placenta,46.1
MKX,ovary,10.6
MKX,prostate,14.7
MPP7,esophagus,34.6
FXYD4,kidney,300.9
PCDH15,adrenal gland,17.9
PCDH15,retina,57.2
FCGR1A,epididymis,95.0
ARID5B,skeletal muscle,83.9
KLHL1,brain,12.0
CDH8,brain,16.0
CDH8,seminal vesicle,4.7
DCUN1D2,heart muscle,92.3
DCUN1D2,skeletal muscle,101.9
DCUN1D2,tongue,64.4
ADGRL3,blood vessel,14.9
ADGRL3,brain,23.3
FAM124A,brain,28.1
FAM124A,choroid plexus,21.4
FAM124A,retina,23.8
MIA2,liver,126.3
HNMT,liver,229.7
LYPD1,brain,35.8
LYPD1,fallopian tube,50.3
LYPD1,pituitary gland,14.0
LYPD6B,skin 1,91.9
LYPD6B,stomach 1,39.2
PDCD4,pancreas,476.5
ADRA2A,adipose tissue,46.9
GPM6A,brain,614.0
WDR17,brain,10.8
WDR17,retina,26.4
SPATA4,testis,130.4
CCDC102B,placenta,26.6
CD226,lymphoid tissue,19.0
CD226,parathyroid gland,58.7
CNDP1,brain,56.2
FSIP1,intestine,10.3
FSIP1,testis,6.8
DLG2,brain,46.7
CCDC83,testis,33.2
RGS18,bone marrow,12.5
RGS18,lymphoid tissue,24.0
PRSS23,cervix,233.3
PPP1R1C,heart muscle,22.3
POU2AF2,stomach 1,2.9
POU2AF2,testis,4.9
DLAT,tongue,83.5
PIH1D2,testis,62.1
IL18,esophagus,117.0
IL18,skin 1,140.9
TEX12,retina,8.0
TEX12,testis,19.3
PIP4K2A,brain,238.6
C2orf50,choroid plexus,6.0
C2orf50,fallopian tube,7.0
FREM2,kidney,7.2
FREM2,thyroid gland,4.6
FOXO1,skeletal muscle,84.4
CRIM1,placenta,153.9
ABCB9,brain,19.5
ABCB9,testis,17.1
RILPL2,bone marrow,109.8
TKTL2,testis,54.0
PRSS53,liver,9.8
SLC7A11,brain,12.7
NOCT,bone marrow,34.3
ENKUR,brain,11.3
ENKUR,choroid plexus,15.8
ENKUR,fallopian tube,41.0
GPR158,brain,10.1
GPR158,retina,4.2
LYZL2,testis,68.4
CACNA2D4,retina,18.7
CACNA1C,intestine,25.0
KCNA6,brain,9.1
TMEM86A,skin 1,17.2
ABTB3,esophagus,28.3
ABTB3,parathyroid gland,94.3
IPMK,liver,16.9
RAD9B,testis,10.7
PLBD2,adrenal gland,130.6
MAT1A,liver,1259.5
SLC2A13,brain,27.2
SLC2A13,parathyroid gland,21.3
TEX30,epididymis,67.3
TEX30,liver,37.4
TEX30,testis,114.8
AKAP6,heart muscle,51.1
AKAP6,skeletal muscle,44.4
AKAP6,tongue,47.4
NPAS3,brain,12.8
NPAS3,cervix,5.7
ALLC,testis,15.6
THRSP,adipose tissue,197.2
THRSP,liver,411.6
MSGN1,choroid plexus,1.1
NEK7,heart muscle,131.4
ATP6V1G3,kidney,65.6
CCDC3,blood vessel,309.8
FRMD4A,adipose tissue,53.0
SLC25A31,testis,44.2
PTPRO,brain,17.0
PTPRO,intestine,25.2
PTPRO,kidney,32.0
NCAPD3,lymphoid tissue,17.0
NCAPD3,prostate,52.6
QDPR,brain,782.0
QDPR,liver,209.2
FHIP2A,bone marrow,50.3
ANO4,adrenal gland,11.3
ANO4,cervix,7.2
ANO4,seminal vesicle,7.6
DRD3,brain,5.2
MMAA,liver,22.9
POU4F2,testis,1.0
EDNRA,seminal vesicle,107.2
AKR1C2,adipose tissue,316.8
AKR1C2,liver,448.7
DPYSL4,brain,33.8
DPYSL4,heart muscle,33.0
ADAM8,bone marrow,64.8
ADAM8,lymphoid tissue,46.8
ITIH2,liver,2016.4
ANKAR,testis,5.4
RNF144A,brain,54.5
ASAP2,testis,43.7
FLI1,lymphoid tissue,65.9
KCNJ1,kidney,184.8
TMEM45B,esophagus,64.1
TMEM45B,intestine,128.3
CENPU,bone marrow,59.0
CENPU,testis,27.6
ACSL1,adipose tissue,680.0
ACSL1,liver,1068.9
ACSL1,skeletal muscle,697.4
SLC25A4,heart muscle,240.1
SLC25A4,skeletal muscle,191.3
SLC25A4,tongue,323.8
AMN1,testis,52.9
SERP2,brain,93.8
SERP2,testis,25.3
ZNF385D,blood vessel,23.6
ZNF385D,testis,13.1
TDO2,liver,739.5
SLC35F4,brain,13.2
SLC35F4,retina,6.0
SLC35F4,seminal vesicle,3.3
GABRA2,brain,37.3
CCDC175,brain,4.1
CCDC175,choroid plexus,2.6
CCDC175,testis,2.0
PABPC3,testis,34.4
CENPJ,testis,15.7
TMEM267,thyroid gland,35.7
CCL28,salivary gland,283.0
PARP8,bone marrow,81.6
BEND6,brain,44.7
BAG3,skeletal muscle,489.5
GLT1D1,bone marrow,26.5
GLT1D1,choroid plexus,20.0
GLT1D1,liver,25.6
TMEM132D,brain,6.7
RBM46,testis,25.8
SCHIP1,brain,76.6
SCHIP1,heart muscle,74.5
SCHIP1,skeletal muscle,92.5
SCHIP1,tongue,86.3
MCHR2,brain,5.1
MCHR2,testis,1.4
KCNE4,smooth muscle,39.9
AP1S3,epididymis,45.7
RABGAP1L,heart muscle,114.9
CCDC74B,testis,51.4
TLCD4,liver,121.5
TUBA3E,heart muscle,51.2
TUBA3E,testis,169.2
ASTN1,adrenal gland,14.1
ASTN1,brain,37.4
ASTN1,retina,13.0
CFC1B,pituitary gland,1.2
TMEM163,brain,44.4
TMEM163,pancreas,26.3
HSPB8,skeletal muscle,952.9
TMEM178A,brain,380.5
POU4F1,retina,2.4
CYSLTR2,placenta,21.6
CYSLTR2,seminal vesicle,14.9
GRID2,brain,10.5
GRID2,testis,31.7
ARL11,lymphoid tissue,6.4
RIT2,brain,61.5
PSTPIP2,bone marrow,68.4
PSTPIP2,lymphoid tissue,60.8
PSTPIP2,skeletal muscle,30.9
ATP5F1A,tongue,1644.4
SPC25,lymphoid tissue,8.0
G6PC2,pancreas,29.1
G6PC2,retina,11.4
PTH,parathyroid gland,47154.2
PDE3B,adipose tissue,60.6
SH2D6,intestine,2.8
SH2D6,testis,1.7
KCNK13,parathyroid gland,5.7
KCNK13,testis,9.5
SPOCK1,brain,173.0
FAM151B,bone marrow,4.4
GUCY1A2,placenta,16.8
HOMER1,brain,27.6
HOMER1,skeletal muscle,31.9
BOLL,testis,45.7
SUV39H2,testis,36.6
OLAH,lymphoid tissue,9.0
OLAH,testis,25.2
ZSCAN1,brain,10.0
ZSCAN1,pituitary gland,15.5
ZSCAN1,testis,8.3
CAMK4,brain,52.7
CAMK4,lymphoid tissue,51.6
TRIM36,retina,40.9
TRIM36,testis,162.8
PFKM,skeletal muscle,1472.3
PFKM,tongue,1300.4
GRIA4,brain,60.3
GRIA4,retina,28.6
IGSF10,ovary,21.1
MEPE,brain,5.4
CAPSL,choroid plexus,86.0
CAPSL,fallopian tube,104.2
NADK2,liver,306.9
GPD1L,skeletal muscle,148.4
GPD1L,tongue,236.5
CCNO,choroid plexus,10.2
CCNO,pancreas,11.3
CCNO,testis,12.5
DDX4,testis,139.8
CLEC4F,retina,16.0
RASGRP3,brain,47.4
RASGRP3,skeletal muscle,39.3
CATSPER3,testis,28.0
DYNLT5,choroid plexus,12.6
DYNLT5,fallopian tube,8.4
DNAI4,choroid plexus,19.4
DNAI4,fallopian tube,26.1
DNAI4,testis,32.9
ANKRD22,esophagus,18.0
ANKRD22,skin 1,23.5
ANKRD22,stomach 1,28.4
SLC16A12,choroid plexus,56.1
SLC16A12,epididymis,48.8
SLC16A12,kidney,79.4
PANK1,kidney,42.5
PANK1,liver,103.0
PRDM8,prostate,25.1
PRDM8,seminal vesicle,25.6
BMP3,intestine,8.3
BMP3,lung,5.1
BMP3,ovary,5.1
BMP3,urinary bladder,8.9
HHEX,bone marrow,80.0
HHEX,liver,88.1
HHEX,thyroid gland,97.2
GRM1,brain,16.0
GRM1,retina,5.1
CNTNAP4,brain,94.7
RAB3C,adrenal gland,8.5
RAB3C,brain,31.9
LMNTD1,fallopian tube,16.0
LMNTD1,testis,14.1
MARVELD2,thyroid gland,14.6
STK32B,kidney,14.0
STK32B,lymphoid tissue,18.1
NRSN1,brain,75.2
NRSN1,pituitary gland,22.0
NRSN1,retina,20.9
JAKMIP1,brain,70.0
ZIC1,brain,536.2
ADGRA3,liver,54.5
CPB1,pancreas,213987.3
LGI2,parathyroid gland,120.3
CENPH,bone marrow,31.8
CENPH,testis,27.8
CARHSP1,testis,403.7
TEKT5,testis,30.4
BANK1,lymphoid tissue,90.3
DAB2,kidney,167.4
DAB2,placenta,213.0
ACMSD,kidney,131.6
ACMSD,liver,151.9
ACOXL,epididymis,6.8
ACOXL,lung,8.7
CLGN,heart muscle,55.7
CLGN,testis,106.2
CETN3,testis,121.8
SYCP2L,parathyroid gland,64.6
BMP6,ovary,19.2
RGPD3,testis,5.9
RASSF3,blood vessel,136.9
MERTK,choroid plexus,89.9
PTPRR,brain,12.1
PTPRR,endometrium 1,5.2
PTPRR,intestine,7.2
NR4A2,adrenal gland,125.3
NR4A2,bone marrow,126.4
NR4A2,ovary,122.1
CCDC148,testis,4.6
PLA2R1,salivary gland,36.8
PLA2R1,thyroid gland,39.3
SCN3A,brain,8.6
SCN3A,lymphoid tissue,3.7
FEZF2,brain,25.8
CD96,lymphoid tissue,57.5
ADGRF1,esophagus,17.0
ADGRF1,kidney,27.1
ADGRF1,urinary bladder,39.7
ADGRF4,esophagus,17.5
ADGRF4,skin 1,36.6
FRMD1,intestine,5.3
FRMD1,kidney,5.5
FRMD1,lymphoid tissue,9.6
FRMD1,stomach 1,13.7
FRMD1,testis,5.4
CYRIB,bone marrow,187.0
FAM81B,choroid plexus,58.9
FAM81B,fallopian tube,45.4
FAM81B,testis,78.7
LPCAT1,lung,53.5
LPCAT1,lymphoid tissue,35.5
PLEKHG4B,choroid plexus,7.9
C16orf89,lung,102.1
C16orf89,thyroid gland,214.5
TEX29,testis,48.8
SPACA7,testis,83.8
ADPRHL1,heart muscle,274.1
ADPRHL1,skeletal muscle,246.1
ADPRHL1,tongue,213.8
CD8A,lymphoid tissue,216.0
RPIA,bone marrow,84.5
PTPRD,brain,39.1
PTPRD,parathyroid gland,17.4
TGIF2LX,testis,8.6
CIBAR2,choroid plexus,33.4
CIBAR2,fallopian tube,80.4
C7orf31,testis,61.2
TMPRSS11D,cervix,67.8
TMPRSS11D,esophagus,71.2
TMPRSS11D,lymphoid tissue,32.3
TMPRSS11D,vagina,77.9
JAZF1,adrenal gland,79.2
SPHKAP,brain,33.6
SPHKAP,heart muscle,27.3
KCNJ16,kidney,182.2
KCNJ16,parathyroid gland,251.5
KCNJ16,thyroid gland,130.4
PID1,blood vessel,90.8
KCTD15,skin 1,75.2
MCOLN2,adrenal gland,8.5
MCOLN2,intestine,14.1
MCOLN2,lymphoid tissue,12.3
DDAH1,kidney,116.6
ANKFN1,cervix,8.3
ANKFN1,fallopian tube,4.7
DGKE,retina,31.9
MSI2,retina,116.8
CACNA2D1,skeletal muscle,72.5
CACNA2D1,tongue,70.5
HS3ST3A1,ovary,8.0
GDPD1,brain,11.2
SEMA3D,lymphoid tissue,38.1
SEMA3D,thyroid gland,33.1
ASB17,testis,46.6
GRAP,lymphoid tissue,50.1
SLC5A10,kidney,38.9
AK5,brain,125.0
CABYR,testis,287.9
CHST9,salivary gland,12.6
THY1,brain,241.6
THY1,smooth muscle,284.1
THY1,urinary bladder,201.6
DNAAF1,choroid plexus,23.0
DNAAF1,fallopian tube,21.4
DNAAF1,testis,42.3
C16orf74,retina,25.7
JPH3,brain,112.1
OTULIN,bone marrow,24.1
UBASH3B,brain,21.2
UBASH3B,lymphoid tissue,14.7
UBASH3B,placenta,12.9
ROBO3,ovary,8.7
NRGN,brain,2193.2
RETREG1,heart muscle,94.2
RETREG1,skeletal muscle,117.5
CDH12,retina,10.8
GPR15,intestine,29.4
ANGPT1,seminal vesicle,31.7
PITPNC1,brain,24.4
CERS3,esophagus,53.1
CERS3,skin 1,61.6
CERS3,vagina,29.4
PRKCA,brain,32.9
CEP112,testis,43.8
GAL3ST2,intestine,8.8
ABCA6,liver,72.9
ENPP3,cervix,30.3
ENPP3,intestine,41.9
C4orf19,liver,33.6
UCHL1,brain,1037.7
UCHL1,pituitary gland,337.4
FAM167A,brain,23.9
FAM167A,thyroid gland,49.9
PGM5,intestine,231.1
PGM5,urinary bladder,218.9
WNT3A,placenta,14.7
OBSCN,skeletal muscle,320.2
OBSCN,tongue,105.3
TRIM11,brain,61.0
PPP1R3A,heart muscle,38.2
PPP1R3A,skeletal muscle,143.1
PPP1R3A,tongue,97.2
CCSAP,brain,30.8
CCSAP,retina,23.9
ASZ1,testis,10.0
GBP5,bone marrow,17.1
GBP5,lymphoid tissue,40.5
GPR26,brain,4.2
CFAP210,choroid plexus,44.5
CFAP210,testis,74.9
MMP21,epididymis,50.9
C10orf90,brain,18.7
C10orf90,salivary gland,5.7
C10orf90,testis,5.8
ATP5MC3,heart muscle,1149.4
ATP5MC3,tongue,1014.6
MAGED4,brain,17.0
MAGED4,ovary,14.1
SRSF12,testis,10.7
PDLIM3,skeletal muscle,3108.5
PDLIM3,tongue,958.8
SORBS2,heart muscle,601.0
LY96,lymphoid tissue,61.4
PSMA8,testis,15.8
TMSB4Y,intestine,6.2
CXADR,skin 1,50.3
CHODL,lymphoid tissue,13.3
CHODL,testis,29.0
TMPRSS15,intestine,921.9
NCAM2,adrenal gland,11.3
NCAM2,brain,38.9
PDE1C,heart muscle,54.8
RABGEF1,bone marrow,72.6
JAM2,placenta,59.6
ATP5PF,tongue,1487.1
ADAMTS1,ovary,367.9
ADAMTS5,ovary,24.0
ADAMTS5,placenta,24.5
SLFN13,bone marrow,24.2
SLFN13,salivary gland,30.6
WNT7A,brain,3.9
WNT7A,gallbladder,2.2
WNT7A,placenta,2.5
PLCL2,skeletal muscle,25.8
SKA1,bone marrow,11.2
SKA1,lymphoid tissue,4.5
APCDD1,skin 1,122.7
RAB6B,brain,131.0
EME1,bone marrow,4.1
EME1,epididymis,6.0
EME1,testis,5.5
EPHB1,brain,19.3
ACSS1,choroid plexus,170.2
ANKRD40,brain,196.0
CA10,brain,120.4
CA10,retina,41.2
VOPP1,retina,233.4
SEPTIN14,testis,21.2
DKK2,cervix,14.2
CYP2U1,lymphoid tissue,79.0
RSPH10B,fallopian tube,7.9
RSPH10B,testis,18.2
FBXL18,brain,7.4
CNTNAP5,brain,4.7
CNTNAP5,retina,2.7
PROM2,esophagus,84.0
ODF1,testis,333.0
PTPRN2,brain,60.1
PTPRN2,pancreas,92.5
AGPAT5,brain,19.4
GOLGA7B,brain,55.3
GOLGA7B,epididymis,22.1
GPR78,cervix,2.0
GPR78,esophagus,6.3
GPR78,placenta,2.8
GPR78,vagina,1.8
SAMSN1,bone marrow,182.2
SAMSN1,lymphoid tissue,75.6
USP25,skeletal muscle,112.9
C16orf87,testis,17.2
PPM1J,skeletal muscle,71.0
PPM1J,testis,66.1
TRIM74,stomach 1,10.6
TRIM74,testis,6.5
SLC7A7,intestine,113.9
SLC7A7,kidney,253.4
MAGEC1,testis,7.1
GRIA1,brain,54.8
GRIA1,retina,29.4
LRGUK,choroid plexus,3.1
LRGUK,fallopian tube,3.8
LRGUK,testis,4.8
SETD9,testis,17.6
XAGE2,placenta,187.2
PIK3AP1,liver,77.8
PIK3AP1,lymphoid tissue,58.6
PIK3AP1,salivary gland,69.4
TTN,heart muscle,151.7
TTN,skeletal muscle,861.9
TTN,tongue,345.1
VSIG4,lung,156.3
KDM8,liver,78.1
PDZD9,testis,10.4
OTOA,lymphoid tissue,1.9
OTOA,testis,3.8
FLACC1,choroid plexus,8.5
FLACC1,testis,16.0
C2CD6,testis,37.3
TMEM237,retina,71.7
SPAG17,choroid plexus,25.7
SPAG17,testis,14.0
DEPTOR,skeletal muscle,148.1
DEPTOR,tongue,114.2
FMN2,brain,36.0
FMN2,parathyroid gland,18.5
FMN2,retina,15.4
CYLC2,testis,43.6
PPARGC1B,retina,11.2
ELMO1,brain,117.5
SLC26A2,intestine,198.2
SAXO1,testis,35.8
SLC24A2,brain,25.6
SLC24A2,retina,15.2
TRIM42,testis,15.9
PXYLP1,epididymis,139.9
ADCY8,brain,8.0
ADCY8,epididymis,21.5
RAET1L,cervix,11.9
RAET1L,esophagus,45.6
RAET1L,vagina,13.4
SLA,bone marrow,92.1
SLA,lymphoid tissue,145.7
RAB39B,brain,11.2
RAB39B,retina,9.2
AFF2,bone marrow,11.3
AFF2,epididymis,11.2
AFF2,placenta,13.8
MICU3,brain,27.6
GRIP1,parathyroid gland,15.4
KIF5A,brain,1437.1
NAT2,intestine,31.5
NAT2,liver,120.1
MAGEA8,placenta,12.5
PSD3,brain,65.1
MCU,tongue,51.2
CFAP70,choroid plexus,56.9
WIF1,retina,555.8
UGT2B4,liver,1190.8
GPR61,pituitary gland,1.9
GPR61,retina,2.3
MMP16,brain,5.3
ADK,liver,141.2
BATF,bone marrow,20.5
BATF,lymphoid tissue,28.7
DCK,lymphoid tissue,98.5
ADAMTS3,retina,7.8
ALX3,skin 1,6.8
PPEF2,retina,221.1
CFAP161,choroid plexus,20.3
CFAP161,fallopian tube,14.9
CFAP161,testis,6.0
ADAMTSL3,blood vessel,17.9
ART3,heart muscle,63.7
ART3,skeletal muscle,190.7
ART3,testis,86.3
ART3,tongue,70.8
SLC28A1,intestine,46.2
SLC28A1,kidney,46.6
SLC28A1,liver,106.7
WHAMM,bone marrow,29.4
CXCL13,lymphoid tissue,505.6
MAP3K7CL,skeletal muscle,36.5
MAP3K7CL,tongue,42.6
NAA11,placenta,3.9
NAA11,testis,5.8
BACH1,bone marrow,84.3
CLDN17,cervix,6.4
CLDN17,esophagus,6.1
CLDN17,salivary gland,5.5
CLDN17,vagina,6.9
CLDN8,breast,64.5
CLDN8,intestine,47.8
CLDN8,kidney,64.7
CLDN8,salivary gland,37.8
TSPAN7,brain,677.1
TIAM1,brain,264.4
ANKRD9,heart muscle,104.9
ANKRD9,skeletal muscle,148.8
SORCS3,brain,7.5
SORCS3,pituitary gland,2.3
SFXN2,kidney,16.7
SFXN2,parathyroid gland,11.9
FUT6,esophagus,76.6
FUT6,kidney,32.8
FUT6,salivary gland,43.9
TDRD9,parathyroid gland,26.2
TDRD9,testis,35.8
FGF18,heart muscle,15.1
SH3RF2,heart muscle,54.7
SH3RF2,skeletal muscle,40.2
SH3RF2,skin 1,53.6
GDF6,placenta,10.2
UQCRB,skeletal muscle,1224.5
PPP2R2B,brain,59.7
PPP2R2B,retina,39.7
PPP2R2B,testis,17.6
KCNS2,brain,4.0
FBXO43,testis,3.0
HKDC1,intestine,50.4
HKDC1,retina,43.4
CD109,parathyroid gland,310.7
LRFN2,brain,6.3
LRFN2,retina,2.9
NODAL,skeletal muscle,2.6
PRG3,bone marrow,45.8
UNC5D,brain,4.8
UNC5D,intestine,5.6
UNC5D,prostate,4.5
UNC5D,retina,4.5
GLYATL2,breast,11.2
GLYATL2,cervix,18.7
GLYATL2,salivary gland,33.6
MS4A1,lymphoid tissue,631.0
ATAD2,bone marrow,25.0
ATAD2,lymphoid tissue,26.3
FBXO32,skeletal muscle,604.9
ZNF689,testis,18.2
FRRS1,liver,26.7
PHKG2,testis,123.9
MFSD14A,parathyroid gland,123.7
COX6A2,heart muscle,4887.8
COX6A2,skeletal muscle,6326.0
COX6A2,tongue,1952.3
ITGAD,lymphoid tissue,19.4
ADGRG4,fallopian tube,1.1
ADGRG4,intestine,2.3
ADGRG4,retina,1.1
ZIC3,brain,17.7
LHFPL4,brain,17.2
LHFPL4,pituitary gland,11.6
LHFPL4,retina,8.7
B3GNT7,intestine,66.9
MPV17L,pancreas,11.6
BUB1B,bone marrow,16.8
BUB1B,lymphoid tissue,33.2
BUB1B,testis,20.8
BRPF1,bone marrow,22.3
SST,brain,622.0
SST,intestine,363.7
SST,pancreas,479.7
SST,stomach 1,416.6
GHRL,stomach 1,356.3
SHCBP1L,testis,107.2
NMNAT2,brain,79.6
ATP2B2,brain,88.0
ATP2B2,choroid plexus,61.0
ATP2B2,salivary gland,31.3
ATP2B2,skeletal muscle,35.1
LYZL4,testis,49.5
SLC6A1,brain,85.6
SLC6A1,liver,82.4
SLC6A1,retina,34.6
RBPMS,blood vessel,551.9
TMEM171,intestine,33.4
TMEM171,kidney,10.5
TMEM171,lymphoid tissue,13.5
TMEM171,stomach 1,26.1
TMEM171,thyroid gland,29.2
KLHL40,skeletal muscle,417.9
KLHL40,tongue,151.4
C8A,liver,464.3
TIMP4,adipose tissue,229.4
TIMP4,breast,171.9
SYN2,brain,119.7
NRG1,liver,15.9
CPT2,liver,85.2
LRP8,testis,22.5
LRP8,thyroid gland,38.8
PAXIP1,lymphoid tissue,24.8
STEAP2,prostate,119.9
HTR5A,brain,4.0
SUSD3,lymphoid tissue,53.5
SUSD3,testis,76.3
TMED6,pancreas,281.9
CLEC18A,blood vessel,13.4
CLEC18A,choroid plexus,15.4
CLEC18A,kidney,27.1
CFAP107,choroid plexus,44.0
CFAP107,fallopian tube,25.1
CFAP107,testis,46.3
CLEC18C,kidney,15.1
ARMC12,testis,58.4
IL34,lymphoid tissue,103.5
IL34,skin 1,62.0
DHRS1,esophagus,70.4
DHRS1,liver,59.4
ARSL,kidney,34.2
ARSL,liver,85.2
ARSL,pancreas,99.1
KIT,breast,79.2
HYDIN,fallopian tube,5.0
HYDIN,retina,6.3
CACNA2D3,brain,16.4
CACNA2D3,skeletal muscle,9.3
CACNA2D3,tongue,10.0
CCNB2,bone marrow,70.4
CCNB2,lymphoid tissue,68.1
CCNB2,testis,64.9
FAM81A,brain,26.3
PWWP3B,ovary,103.6
AFAP1L1,heart muscle,24.4
AFAP1L1,skeletal muscle,29.6
KCNJ6,brain,5.0
KCNJ6,pituitary gland,1.7
KCNJ15,kidney,225.4
KCNJ15,thyroid gland,121.2
ERG,blood vessel,38.4
TSPAN18,heart muscle,78.2
LCA5L,testis,103.2
MX1,salivary gland,119.6
CREB3L1,pancreas,126.4
CREB3L1,salivary gland,79.8
C2CD2,adrenal gland,123.8
C9orf43,testis,44.0
DGKI,choroid plexus,11.5
DGKI,retina,6.3
DGKI,thyroid gland,14.9
SVOPL,choroid plexus,8.6
SVOPL,salivary gland,5.0
SNX22,brain,27.5
SNX22,thyroid gland,36.2
SLC34A2,lung,709.6
ACAN,blood vessel,35.7
CABP1,brain,419.6
FMNL2,brain,214.1
GAREM2,brain,24.0
GAREM2,parathyroid gland,21.5
DPYSL5,brain,128.7
DRC1,choroid plexus,23.0
DRC1,fallopian tube,36.9
DRC1,testis,19.6
PRXL2B,brain,41.2
CIB4,testis,16.6
MEGF11,brain,23.8
MEGF11,fallopian tube,6.1
MEGF11,kidney,7.0
MEGF11,retina,11.3
RADIL,brain,8.4
SKI,brain,103.1
LDLRAP1,brain,79.7
AGAP1,retina,43.5
ANKRD61,bone marrow,5.7
ANKRD61,testis,5.6
PAFAH2,lymphoid tissue,45.4
EXTL1,brain,30.8
EXTL1,skeletal muscle,11.9
EXTL1,tongue,27.8
SLC30A2,pancreas,79.4
BABAM2,adrenal gland,356.9
TRIM63,skeletal muscle,1847.0
CFAP251,choroid plexus,19.0
CFAP251,fallopian tube,20.9
CFAP251,testis,18.6
DUSP2,bone marrow,122.1
GRHL3,esophagus,102.2
GRHL3,skin 1,49.4
GRHL3,vagina,42.5
GALNT14,kidney,38.6
HPD,liver,2365.4
RHPN1,brain,16.0
RHPN1,pituitary gland,18.9
RHPN1,thyroid gland,19.4
LRRC43,choroid plexus,10.2
LRRC43,fallopian tube,17.9
XDH,breast,39.2
XDH,intestine,46.6
XDH,liver,64.0
CNNM4,retina,36.0
TMSB15A,lymphoid tissue,12.0
TMSB15A,ovary,15.9
TMSB15A,prostate,14.8
FANCC,liver,23.4
MRAS,brain,111.6
MRAS,heart muscle,113.4
ABHD3,intestine,61.7
ESYT3,brain,4.2
ESYT3,lung,4.4
ESYT3,skin 1,6.1
FAIM,retina,217.5
TENT5B,esophagus,107.7
TENT5B,skin 1,115.9
CLSTN2,brain,19.7
CLSTN2,ovary,39.7
COLEC12,cervix,25.9
RNF207,heart muscle,33.1
SLC13A3,kidney,379.8
RHBDL2,esophagus,20.9
CDC25C,bone marrow,5.4
CDC25C,lymphoid tissue,8.3
CDC25C,testis,16.9
H4C8,lymphoid tissue,2.0
H4C8,skeletal muscle,2.2
RIBC1,choroid plexus,26.6
RIBC1,fallopian tube,25.8
RIBC1,testis,35.4
CATIP,choroid plexus,15.4
CATIP,fallopian tube,18.9
KCNB1,retina,106.5
TSPAN33,kidney,46.7
NRG2,brain,11.6
AHCYL2,choroid plexus,258.9
AHCYL2,intestine,166.5
CD1D,intestine,9.6
CD1D,liver,8.5
CD1D,lymphoid tissue,13.2
CD1A,lymphoid tissue,296.0
CD1C,lymphoid tissue,121.2
CD1B,lymphoid tissue,492.2
DNAH3,fallopian tube,5.1
DNAH3,testis,3.2
CD1E,lymphoid tissue,895.4
HMHB1,lymphoid tissue,2.2
HMHB1,testis,1.3
CPA2,pancreas,42780.5
NCF1,bone marrow,84.4
NCF1,lymphoid tissue,97.8
CPA5,testis,30.4
PPP1R9A,retina,17.2
POM121L2,testis,7.0
GDPD5,lymphoid tissue,112.9
GDPD5,retina,77.5
DYNC1I1,brain,61.4
PFKFB1,adipose tissue,26.6
PFKFB1,liver,49.7
PFKFB1,skeletal muscle,104.5
PFKFB1,tongue,38.0
ALAS2,bone marrow,571.0
PPP1R15B,bone marrow,110.6
PAGE5,testis,25.6
PKD1L1,skeletal muscle,2.6
PKD1L1,tongue,2.4
SLAMF8,lymphoid tissue,30.8
SLC45A3,prostate,288.1
RNF166,bone marrow,86.0
RNF166,lymphoid tissue,98.5
HTR6,brain,7.0
ITLN2,intestine,384.4
PLA2G2F,lymphoid tissue,7.5
PLA2G2F,skin 1,14.3
PLA2G2F,urinary bladder,9.8
NPM2,brain,62.0
NPM2,parathyroid gland,36.9
FGF17,brain,81.7
VWA5B1,choroid plexus,13.2
VWA5B1,pituitary gland,11.1
CDA,bone marrow,182.8
CDA,esophagus,107.9
CDA,liver,80.9
PINK1,skeletal muscle,358.8
PINK1,tongue,366.6
DMTN,brain,319.1
ADAMTS4,adipose tissue,108.5
ADAMTS4,ovary,84.8
NDUFS2,skeletal muscle,435.2
NDUFS2,tongue,591.6
SLC5A11,brain,78.1
FCER1G,bone marrow,416.9
FCER1G,lymphoid tissue,448.7
APOA2,liver,33506.8
TOMM40L,tongue,47.9
MPZ,brain,31.1
WFDC8,epididymis,387.3
WNT9B,parathyroid gland,13.2
WNT9B,seminal vesicle,9.2
EPB41,retina,74.1
FBXW5,testis,219.8
SYNJ1,brain,38.6
SYNJ1,retina,44.8
SV2A,brain,114.9
SV2A,parathyroid gland,45.5
LAD1,esophagus,349.5
LAD1,skin 1,207.4
TNNI1,skeletal muscle,11781.0
TNNI1,tongue,2947.8
CSRP1,blood vessel,2631.0
CSRP1,intestine,2839.1
PRAC1,intestine,192.7
PRAC1,prostate,103.8
HOXB13,intestine,38.7
HOXB13,prostate,77.3
C1QC,lymphoid tissue,893.4
KCNE2,stomach 1,299.1
ATP5MC1,tongue,1208.5
RCAN1,liver,239.5
RCAN1,parathyroid gland,426.0
CLIC6,choroid plexus,410.0
CLIC6,stomach 1,126.7
RUNX1,bone marrow,42.9
IGF2BP1,placenta,5.1
IGF2BP1,testis,4.5
GIP,intestine,243.9
CBR1,choroid plexus,378.9
CBR1,intestine,549.2
CBR3,esophagus,64.8
CBR3,salivary gland,46.3
GJD2,adrenal gland,5.6
GJD2,pituitary gland,7.3
GJD2,retina,19.8
ACTC1,heart muscle,10840.1
CHAF1B,skeletal muscle,14.6
CLDN14,liver,39.4
SIM2,esophagus,29.1
SIM2,kidney,64.0
GOLGA6A,testis,12.2
SCUBE1,ovary,24.6
ARHGAP27,esophagus,87.9
PTMS,liver,760.4
PLA2G4D,cervix,14.6
PLA2G4D,prostate,17.9
PLA2G4D,skin 1,13.6
PLA2G4D,vagina,18.2
PADI4,bone marrow,99.4
PADI4,lymphoid tissue,28.9
CYB5R1,skeletal muscle,591.7
ATP13A2,brain,98.1
M1AP,testis,6.0
IRX6,adipose tissue,9.2
IRX6,heart muscle,10.8
IRX6,skin 1,9.8
CES5A,epididymis,63.7
HK2,retina,133.5
C1R,liver,1733.3
CELF3,brain,99.3
CELF3,pituitary gland,104.6
ALDH4A1,kidney,204.2
ALDH4A1,liver,438.6
TCHH,skin 1,37.1
LCE2B,skin 1,716.6
TGM7,lymphoid tissue,1.5
RGL4,bone marrow,149.8
SPRR2G,skin 1,928.8
PGLYRP3,esophagus,27.2
PGLYRP3,skin 1,49.2
ISL2,cervix,2.5
ISL2,pituitary gland,2.6
ISL2,prostate,2.3
ISL2,vagina,3.4
CCDC17,fallopian tube,33.9
ADGRG5,intestine,3.7
ADGRG5,lymphoid tissue,9.9
DRC7,choroid plexus,11.7
DRC7,fallopian tube,19.8
DRC7,testis,43.1
ACE,intestine,249.7
ACE,testis,96.4
TEPP,testis,9.6
UROC1,liver,112.6
EFCAB14,parathyroid gland,150.0
SPON2,cervix,186.3
CHCHD6,brain,62.3
LRRC36,testis,33.0
TPPP3,brain,320.0
TPPP3,fallopian tube,807.5
AGRP,adrenal gland,19.9
AGRP,brain,36.4
AGRP,epididymis,35.0
ZFYVE28,brain,60.2
CARMIL2,brain,15.2
CARMIL2,intestine,12.7
CARMIL2,lymphoid tissue,22.3
C16orf86,brain,10.2
C16orf86,testis,37.9
PIP,salivary gland,17175.0
FAM131B,brain,55.1
ABR,brain,101.3
LYPD5,skin 1,48.2
ZNF233,testis,13.6
GNE,intestine,45.4
GNE,liver,84.6
GNE,salivary gland,52.1
TNFRSF13C,intestine,31.4
TNFRSF13C,lymphoid tissue,55.6
PTGIR,blood vessel,72.9
PTGIR,lung,55.0
CALM3,brain,1443.6
CCDC28B,skeletal muscle,211.2
CCDC28B,tongue,69.8
IQCC,testis,8.6
FNDC5,skeletal muscle,302.5
FNDC5,tongue,446.2
CPAMD8,seminal vesicle,34.6
NR2F6,liver,104.3
ANKLE1,bone marrow,23.4
KALRN,brain,40.4
CILP2,ovary,2.3
CILP2,testis,5.2
TFF3,cervix,434.3
TFF3,intestine,509.9
TFF3,salivary gland,533.9
TFF3,thyroid gland,558.7
TFF2,stomach 1,6462.6
TFF1,stomach 1,7508.8
TMPRSS3,fallopian tube,22.3
TMPRSS3,stomach 1,13.7
UBASH3A,lymphoid tissue,17.6
RSPH1,choroid plexus,108.8
RSPH1,fallopian tube,151.8
SLC37A1,intestine,43.1
PDE9A,intestine,69.9
NDUFV3,heart muscle,30.8
CBS,liver,177.4
CBS,pancreas,128.1
CRYAA,kidney,104.3
CRYAA,retina,95.5
HSF2BP,testis,22.8
PDXK,brain,73.0
CSTB,esophagus,20478.4
GAB3,lymphoid tissue,13.1
GATD3,tongue,357.4
AIRE,brain,2.0
AIRE,lymphoid tissue,1.2
LRRC3,liver,15.1
ITGB2,bone marrow,343.1
ITGB2,lymphoid tissue,162.7
FTCD,liver,914.3
SPATC1L,testis,47.4
C21orf58,fallopian tube,24.9
C21orf58,pituitary gland,20.6
PCNT,skeletal muscle,234.7
S100B,brain,4757.1
CLDND2,testis,43.1
ADAMTS13,liver,62.5
CACFD1,liver,56.6
SLC2A6,brain,17.6
SLC2A6,lymphoid tissue,13.5
ZNF761,prostate,69.3
FCN2,adrenal gland,24.2
FCN2,liver,93.1
PIERCE1,choroid plexus,57.7
PIERCE1,fallopian tube,91.4
PIERCE1,testis,59.7
LCN1,esophagus,12.5
LCN1,seminal vesicle,7.5
ZNF714,ovary,13.9
ZNF714,thyroid gland,13.4
GPSM1,brain,105.6
C19orf47,heart muscle,164.2
C19orf47,skeletal muscle,335.4
C19orf47,tongue,128.4
HIPK4,brain,9.0
HIPK4,testis,17.2
CFAP157,choroid plexus,36.8
CFAP157,fallopian tube,48.1
SHKBP1,lymphoid tissue,124.1
SPTBN4,brain,24.8
SPTBN4,pituitary gland,7.4
BRSK1,brain,191.3
BRSK1,pituitary gland,49.5
COX6B2,testis,87.4
TMEM190,fallopian tube,129.9
TMEM190,testis,54.8
NLRP4,lymphoid tissue,4.7
NLRP4,testis,6.6
PLPP7,heart muscle,87.4
PLPP7,skeletal muscle,196.8
PLPP7,tongue,69.5
MPZL3,esophagus,32.0
MPZL3,skin 1,28.9
JAML,lung,40.7
JAML,lymphoid tissue,64.8
CD3G,lymphoid tissue,88.1
S100A1,brain,1266.4
S100A1,heart muscle,2882.1
S100A1,skeletal muscle,2868.7
S100A1,tongue,4577.6
CXCR5,intestine,12.6
CXCR5,lymphoid tissue,29.3
NLRX1,esophagus,39.0
IL6R,liver,58.5
IL6R,skeletal muscle,90.6
CHRNB2,brain,13.7
CHRNB2,pituitary gland,3.4
CHRNB2,retina,7.7
FDPS,liver,332.6
PAQR6,brain,911.8
CCR5,lymphoid tissue,14.5
NBEAL2,esophagus,99.0
PTH1R,kidney,583.6
MYL3,heart muscle,8764.4
MYL3,skeletal muscle,4813.6
MYL3,tongue,1935.7
PPP1R35,testis,50.6
GPATCH4,skeletal muscle,65.1
LRRC71,choroid plexus,10.8
LRRC71,fallopian tube,11.6
LRRC71,testis,23.6
FCRL3,lymphoid tissue,46.2
AZGP1,liver,2621.1
AZGP1,salivary gland,3617.4
FGFR4,liver,81.5
FGFR4,lung,62.9
CYP3A4,liver,3367.1
CYP3A7,liver,285.4
CYP11B1,adrenal gland,3344.5
HK3,bone marrow,122.3
HK3,lymphoid tissue,72.9
LY6K,esophagus,12.0
LY6K,testis,35.1
ZNF394,bone marrow,91.4
LY6E,liver,616.3
TONSL,bone marrow,8.0
PTGER1,kidney,26.2
RECQL4,bone marrow,23.6
RECQL4,testis,22.1
COL26A1,brain,21.8
COL26A1,kidney,7.4
FOXH1,brain,13.6
CCDC105,testis,14.3
SH2B2,skeletal muscle,33.1
SQSTM1,skeletal muscle,992.1
MGAT4B,liver,281.1
PGLYRP2,liver,241.7
LRWD1,testis,272.4
FBXL13,stomach 1,4.8
FBXL13,testis,3.7
SCGB3A1,cervix,253.4
SCGB3A1,lung,613.2
SCGB3A1,salivary gland,829.3
CELF5,brain,23.2
CCDC116,testis,28.5
FBXO27,skin 1,35.4
DMKN,skin 1,4625.2
BDH1,liver,302.0
NPHS1,kidney,39.8
NPHS1,pancreas,21.5
COX7A1,heart muscle,4516.8
COX7A1,skeletal muscle,6519.5
COX7A1,tongue,4622.3
ZNF382,brain,21.7
ZNF382,retina,16.1
LRRC56,pituitary gland,11.8
LRRC56,testis,21.3
PLXDC1,retina,44.9
IKZF3,intestine,11.1
IKZF3,lymphoid tissue,38.4
GRIN2C,brain,113.7
FDXR,adrenal gland,339.7
ACOX1,liver,113.3
CYGB,heart muscle,112.2
TMEM143,heart muscle,41.6
TMEM143,skeletal muscle,89.4
TMEM143,tongue,57.1
KLHL10,testis,55.3
KASH5,testis,52.2
HCRT,brain,400.8
DCD,skin 1,3313.5
ITGA5,blood vessel,733.7
SIGLEC11,lymphoid tissue,21.7
SIGLEC11,ovary,52.6
ZNF385A,retina,232.8
ZNF385A,skin 1,149.8
SIGLEC16,lymphoid tissue,6.1
SIGLEC16,ovary,21.7
MPP3,brain,28.2
MPP3,heart muscle,14.5
CD300LG,adipose tissue,123.7
CD300LG,breast,107.6
CD300LG,placenta,55.4
IZUMO2,testis,54.6
NAGS,intestine,14.9
NAGS,liver,49.0
ASB16,skeletal muscle,63.4
EMC10,skeletal muscle,173.6
SHANK1,brain,60.6
FAM171A2,brain,16.1
FAM171A2,pituitary gland,7.7
PLCD3,skeletal muscle,80.4
AQP5,salivary gland,586.3
AQP5,testis,211.1
RACGAP1,bone marrow,36.7
RACGAP1,lymphoid tissue,40.0
RACGAP1,testis,42.5
KRT84,lymphoid tissue,1.4
KRT84,skin 1,1.7
KRT82,skin 1,11.7
SYCE2,testis,25.3
SPC24,bone marrow,24.3
SPC24,lymphoid tissue,13.7
IP6K3,skeletal muscle,290.7
IP6K3,tongue,77.8
ALOX15,adipose tissue,35.2
ALOX15,fallopian tube,12.0
TREML1,bone marrow,7.7
TREML1,brain,2.7
TREML1,choroid plexus,2.2
TREML1,lung,1.9
TREML1,lymphoid tissue,6.9
ZNF653,brain,30.7
SCIMP,lymphoid tissue,46.3
ASGR2,liver,559.0
TNFSF13,choroid plexus,169.6
FGF11,adrenal gland,31.2
CCDC42,testis,90.2
SNRNP25,skeletal muscle,123.3
PRR35,brain,137.2
WDR90,testis,59.4
CCDC78,brain,11.1
CCDC78,fallopian tube,28.2
SSTR5,adrenal gland,2.1
SSTR5,blood vessel,2.6
SSTR5,heart muscle,2.4
SSTR5,kidney,3.9
SSTR5,pituitary gland,2.1
MEIOB,testis,26.5
HS3ST6,skin 1,75.2
TEDC2,bone marrow,3.8
TEDC2,testis,4.9
CCNF,lymphoid tissue,14.1
TBC1D24,salivary gland,15.5
BICDL2,esophagus,101.5
BICDL2,pancreas,123.7
PAQR4,brain,144.1
PAQR4,retina,59.2
ZG16B,salivary gland,80766.9
ADCY9,skeletal muscle,48.5
SHANK2,brain,9.8
CLPB,testis,120.0
CYB561A3,adrenal gland,292.2
PPP1R32,choroid plexus,50.5
PPP1R32,testis,90.6
ASRGL1,brain,123.8
ASRGL1,cervix,114.4
ASRGL1,testis,93.5
GNG3,brain,465.1
LBHD1,retina,53.4
SLC25A45,pancreas,32.3
ITIH3,liver,798.4
RPS6KA4,brain,54.3
LRP5,liver,122.3
FGF19,gallbladder,222.8
CYP4A22,liver,199.9
PDZK1IP1,kidney,1034.4
TAL1,bone marrow,28.0
ELAVL4,adrenal gland,10.5
ELAVL4,brain,38.1
ZYG11B,skeletal muscle,73.8
ZYG11B,tongue,57.8
SLC1A7,retina,37.4
ACOT11,intestine,32.2
FAM151A,intestine,68.2
FAM151A,kidney,163.0
LEXM,esophagus,11.9
LEXM,testis,4.5
LEXM,vagina,4.1
BSND,kidney,3.8
BSND,salivary gland,1.4
PRKAA2,heart muscle,38.2
PRKAA2,skeletal muscle,36.1
PRKAA2,tongue,34.0
KLHL21,skeletal muscle,160.3
SLC45A1,brain,10.3
AK4,kidney,169.3
AK4,liver,95.6
CTRC,pancreas,12512.5
RBP7,adipose tissue,390.0
RBP7,breast,412.3
KNCN,brain,1.0
FBLIM1,blood vessel,444.4
TMEM82,intestine,22.9
TMEM82,kidney,12.0
TMEM82,liver,55.1
SLC25A34,brain,15.3
SLC25A34,heart muscle,13.4
SLC25A34,intestine,13.0
SLC25A34,skeletal muscle,36.5
SLC25A34,tongue,43.5
AKR7A3,intestine,234.0
AKR7A3,liver,217.7
AKR7A3,pancreas,400.4
AKR7A3,stomach 1,305.6
DRAXIN,brain,1.0
PDPN,placenta,127.2
LRRC38,adrenal gland,19.7
LRRC38,skeletal muscle,44.7
LRRC38,tongue,13.7
DHRS3,liver,238.1
MATN1,retina,4.6
LAPTM5,bone marrow,1214.0
LAPTM5,lymphoid tissue,628.3
SDC3,brain,129.1
SYNC,skeletal muscle,100.1
SYNC,tongue,68.5
TSSK3,bone marrow,12.0
TSSK3,testis,42.4
UBXN10,choroid plexus,22.4
UBXN10,fallopian tube,46.8
CAMK2N1,brain,582.0
ALPL,adrenal gland,57.7
WNT4,skin 1,38.5
TTLL10,fallopian tube,10.1
TTLL10,testis,39.8
SCNN1D,brain,35.6
SCNN1D,testis,34.7
MEGF6,blood vessel,85.8
CCDC27,testis,16.2
IL23R,adrenal gland,2.2
IL23R,intestine,1.0
IL23R,testis,1.1
DIRAS3,brain,184.1
DIRAS3,ovary,49.8
DIRAS3,pituitary gland,65.9
C1orf87,fallopian tube,28.2
NEXN,heart muscle,378.9
NEXN,skeletal muscle,633.7
NEXN,tongue,512.6
ADGRL4,adipose tissue,64.3
LRRIQ3,testis,19.1
LHX8,lymphoid tissue,1.4
LHX8,salivary gland,1.9
B3GALT2,brain,15.3
B3GALT2,gallbladder,14.1
B3GALT2,heart muscle,19.7
NTNG1,brain,9.2
NTNG1,kidney,8.3
NTNG1,retina,9.5
HENMT1,testis,67.3
AKNAD1,testis,4.6
DNAI3,adrenal gland,20.6
DNAI3,choroid plexus,40.0
DNAI3,fallopian tube,13.6
DNAI3,testis,17.6
ZNF326,retina,48.7
HFM1,pituitary gland,8.7
HFM1,testis,12.9
BRINP3,brain,24.9
BRINP3,intestine,16.8
GFI1,bone marrow,75.8
GFI1,lymphoid tissue,44.1
KCNT2,ovary,3.5
AGL,skeletal muscle,241.2
AGL,tongue,198.0
VCAM1,lymphoid tissue,366.8
ZNF281,bone marrow,31.7
CADM3,brain,323.0
NLRP3,bone marrow,51.5
TRIM58,bone marrow,30.3
TRIM58,thyroid gland,14.2
KCNJ9,brain,69.4
IGSF8,brain,153.9
PEA15,brain,1945.8
VANGL2,skin 1,35.5
SLAMF6,lymphoid tissue,57.7
FCRLB,lymphoid tissue,1.6
FCGR3B,bone marrow,31.0
FCGR3B,lymphoid tissue,77.5
SLC9C2,testis,5.6
KLHDC9,testis,24.6
C1orf74,skin 1,6.4
LMX1A,choroid plexus,19.2
LRRC52,testis,15.6
FLVCR1,intestine,18.2
GARIN4,testis,74.6
RBM15,bone marrow,42.3
DENND2D,lymphoid tissue,87.8
AXDND1,testis,14.7
TDRD5,epididymis,6.2
TDRD5,testis,20.4
SPATA17,testis,9.5
C1orf115,intestine,113.9
NBPF20,brain,2.6
KIF26B,brain,3.4
KLHDC8A,ovary,277.5
PM20D1,pancreas,73.6
PM20D1,skin 1,32.0
PKDCC,skeletal muscle,85.0
OXER1,liver,56.4
HAAO,liver,276.6
IL20,adipose tissue,1.6
IL20,skin 1,1.2
IL24,lymphoid tissue,5.5
IL24,urinary bladder,13.5
FCMR,intestine,56.3
FCMR,lymphoid tissue,169.0
PIGR,intestine,2479.3
PIGR,salivary gland,1544.3
FCAMR,kidney,35.6
FCAMR,lymphoid tissue,24.5
REL,bone marrow,35.3
SANBR,retina,10.4
TRIM17,brain,45.2
TRIM17,testis,39.3
RFTN2,brain,24.7
DISC1,retina,20.2
CAPN13,intestine,27.5
CAPN13,stomach 1,26.9
LRRTM1,brain,21.8
LRRTM1,salivary gland,12.1
KCNF1,brain,45.3
KCNF1,choroid plexus,23.5
LRATD1,epididymis,30.4
LRATD1,intestine,38.4
KCNJ3,brain,39.4
NEUROD1,brain,166.9
NEUROD1,retina,131.5
FRZB,blood vessel,317.3
FRZB,choroid plexus,148.5
FRZB,lymphoid tissue,83.8
FRZB,retina,312.2
FRZB,tongue,108.6
CCDC138,testis,10.2
ZSWIM2,testis,8.7
FBXO41,brain,53.8
ACTG2,intestine,8437.2
ACTG2,seminal vesicle,5865.9
ACTG2,smooth muscle,8032.7
VSNL1,brain,725.4
CCDC74A,choroid plexus,62.7
CCDC74A,testis,70.6
ANKRD30BL,testis,7.4
COQ8A,skeletal muscle,1091.3
COQ8A,tongue,452.9
SLC16A14,salivary gland,17.5
TEKT4,testis,12.8
EN1,adipose tissue,3.4
EN1,brain,8.5
EN1,skeletal muscle,13.0
EN1,skin 1,10.0
SGCB,skeletal muscle,98.9
SPATA18,fallopian tube,64.3
SPATA18,testis,27.5
CFAP221,fallopian tube,27.8
CFAP221,testis,23.7
INHBB,adipose tissue,49.6
INHBB,breast,42.2
XIRP2,heart muscle,180.7
XIRP2,skeletal muscle,962.9
XIRP2,tongue,458.6
HPGDS,placenta,17.6
PDLIM5,heart muscle,589.2
PDLIM5,skeletal muscle,1089.9
PDLIM5,tongue,538.0
PDHA2,testis,56.2
STPG2,testis,1.8
NEURL3,kidney,15.2
NEURL3,pancreas,24.5
NEURL3,salivary gland,28.5
ANKRD23,skeletal muscle,1347.5
ANKRD23,tongue,418.8
CTSS,bone marrow,122.0
CTSS,lymphoid tissue,127.8
MSX1,cervix,49.4
MSX1,choroid plexus,140.3
BNIPL,cervix,50.4
BNIPL,esophagus,118.3
BNIPL,skin 1,170.9
BNIPL,vagina,64.5
TNFAIP8L2,lymphoid tissue,38.3
TMOD4,skeletal muscle,1148.5
TMOD4,tongue,498.5
BOLA3,tongue,162.0
S100A11,esophagus,4984.0
LCE3D,cervix,238.1
LCE3D,lymphoid tissue,79.4
LCE3D,skin 1,80.0
LCE3D,vagina,199.4
SMCP,testis,717.3
IVL,cervix,195.7
IVL,esophagus,294.3
IVL,salivary gland,84.6
IVL,skin 1,156.4
IVL,vagina,223.1
SPRR3,cervix,5402.3
SPRR3,esophagus,18307.4
SPRR3,vagina,6111.3
SPRR2D,cervix,746.0
SPRR2D,esophagus,1960.9
SPRR2D,vagina,486.9
BMP10,heart muscle,727.2
PGLYRP4,cervix,9.9
PGLYRP4,esophagus,7.3
PGLYRP4,skin 1,13.5
PGLYRP4,vagina,9.0
ARHGAP25,lymphoid tissue,70.6
S100A9,bone marrow,30401.1
S100A9,cervix,13503.3
S100A9,esophagus,30106.4
S100A9,vagina,13777.0
S100A12,bone marrow,3294.1
TGFA,brain,24.5
TGFA,esophagus,24.0
TDRD10,testis,52.5
FZD5,intestine,17.5
FZD5,liver,21.2
CRYGC,testis,1.6
CFAP141,fallopian tube,28.7
CFAP141,testis,24.4
NPPC,brain,7.6
ALPP,cervix,16.7
ALPP,placenta,32.6
GABRG1,brain,20.9
GABRB1,brain,12.9
GABRB1,heart muscle,3.4
NIPAL1,esophagus,20.5
NIPAL1,liver,15.1
NIPAL1,skin 1,24.3
ALPI,intestine,133.1
GPR155,choroid plexus,65.2
GPR155,stomach 1,49.6
DAPL1,epididymis,185.8
DAPL1,esophagus,233.8
DAPL1,skin 1,292.7
PBXIP1,choroid plexus,672.0
CLDN1,liver,289.7
CLDN1,skin 1,275.6
HIPK1,bone marrow,134.1
DCST2,retina,7.9
DCST2,skin 1,4.3
DCST1,retina,2.4
DCST1,skin 1,2.9
DCST1,testis,6.3
COL6A3,smooth muscle,391.7
INAVA,esophagus,41.7
INAVA,intestine,52.2
INAVA,skin 1,44.1
KBTBD8,bone marrow,13.1
KBTBD8,lymphoid tissue,19.4
TAFA4,adrenal gland,14.1
TAFA4,brain,6.9
TAFA4,retina,10.3
TAFA4,stomach 1,4.6
LMOD3,heart muscle,104.1
LMOD3,skeletal muscle,430.5
LMOD3,tongue,213.1
SLC22A15,bone marrow,29.0
CCKAR,gallbladder,27.3
CCKAR,stomach 1,15.6
IGFN1,skeletal muscle,174.5
ATP1A1,parathyroid gland,1394.0
SLC15A2,cervix,47.8
SLC15A2,epididymis,37.0
SLC15A2,prostate,37.3
PROK2,bone marrow,60.9
PROK2,lymphoid tissue,20.1
TEX55,testis,50.2
LMOD1,blood vessel,897.6
LMOD1,intestine,491.1
ELF3,esophagus,229.3
PDCL2,testis,61.8
TMEM169,brain,5.9
TMEM169,retina,3.2
IGFBP7,blood vessel,4198.0
TRIM46,brain,21.5
CXCR1,adipose tissue,12.3
CXCR1,lymphoid tissue,38.8
TSACC,testis,879.2
TMEM79,esophagus,136.8
TMEM79,skin 1,88.6
TMEM79,vagina,59.1
ADORA1,brain,42.6
ADORA1,testis,20.2
NEK10,testis,33.0
NEK10,tongue,13.7
CCDC141,heart muscle,69.9
FEV,intestine,4.0
FEV,pituitary gland,3.3
FEV,prostate,3.0
FEV,stomach 1,3.0
CRYBA2,pancreas,16.2
CRYBA2,pituitary gland,13.6
IHH,cervix,4.6
IHH,endometrium 1,13.1
IHH,intestine,17.7
IHH,stomach 1,14.1
EOMES,brain,15.1
EOMES,lymphoid tissue,14.0
RETNLB,intestine,216.7
HDAC11,brain,93.9
HDAC11,testis,80.4
FCRL4,lymphoid tissue,9.8
TRAT1,lymphoid tissue,74.3
FBLN2,heart muscle,287.6
GLB1L,testis,48.9
DPPA2,testis,3.1
NFASC,brain,32.2
FCRL1,bone marrow,7.6
FCRL1,intestine,7.9
FCRL1,lymphoid tissue,25.5
SGO2,lymphoid tissue,13.9
SGO2,testis,30.5
SERPINI1,brain,303.7
SERPINI1,retina,78.2
CLASP2,brain,105.5
CLASP2,retina,117.3
SUCLG1,kidney,516.6
NUAK2,cervix,37.5
NUAK2,esophagus,55.1
NUAK2,vagina,42.5
SPTA1,bone marrow,71.4
MNDA,bone marrow,276.9
MNDA,lymphoid tissue,101.5
PYHIN1,lymphoid tissue,21.6
AIM2,intestine,15.7
AIM2,lymphoid tissue,48.0
EFHB,fallopian tube,16.0
EFHB,testis,14.5
EIF5A2,testis,26.8
SLC2A2,liver,781.9
FABP1,intestine,5139.5
FABP1,liver,12176.2
ICA1L,brain,24.0
CTLA4,lymphoid tissue,35.1
ICOS,bone marrow,15.6
ICOS,lymphoid tissue,18.8
CD200R1,lymphoid tissue,7.5
CADPS,brain,77.2
CADPS,retina,170.8
NKX6-1,brain,2.6
NKX6-1,esophagus,8.4
NKX6-1,pancreas,6.1
NKX6-1,testis,2.1
NKX6-1,thyroid gland,3.0
PTPN13,retina,115.1
SYNPR,brain,262.1
ALB,liver,198523.8
C4orf36,testis,9.8
PSMD6,pancreas,269.4
ADAMTS9,adipose tissue,39.1
PPM1K,heart muscle,86.6
ERICH6,testis,27.8
CLRN1,adrenal gland,4.7
CLRN1,retina,11.8
GMPS,testis,93.8
PTX3,adipose tissue,230.2
PTX3,urinary bladder,177.9
DCLK3,brain,4.8
DCLK3,testis,2.6
SMIM14,liver,110.6
RPP14,skeletal muscle,38.1
RPP14,tongue,36.4
ABHD6,liver,60.7
DNASE1L3,liver,253.4
DNASE1L3,lymphoid tissue,247.9
CFAP20DC,esophagus,8.1
CFAP20DC,testis,20.9
IL17RE,intestine,19.6
IL17RE,skin 1,29.6
PRRT3,brain,13.9
PRRT3,choroid plexus,7.0
PRRT3,fallopian tube,7.1
PRRT3,parathyroid gland,14.3
PRRT3,pituitary gland,10.4
FANCD2OS,testis,58.0
PCOLCE2,adipose tissue,82.3
PCOLCE2,blood vessel,82.2
PCOLCE2,heart muscle,136.0
CXCL3,adipose tissue,19.5
CXCL3,cervix,19.4
CXCL5,lymphoid tissue,33.9
CXCL5,salivary gland,56.3
PPBP,bone marrow,78.8
PPBP,lymphoid tissue,23.3
PF4,bone marrow,28.0
PF4,lymphoid tissue,9.8
MTHFD2L,liver,3.5
CXCL1,cervix,95.8
CXCL1,lymphoid tissue,167.5
PLSCR2,testis,12.7
CCDC158,testis,32.0
CPA3,gallbladder,104.9
CPA3,lung,81.4
GYG1,skeletal muscle,535.2
GYG1,tongue,333.9
TM4SF18,lymphoid tissue,31.9
TCF23,cervix,14.3
TCF23,endometrium 1,45.1
TCF23,fallopian tube,30.0
TCF23,ovary,18.4
TCF23,smooth muscle,19.0
DNAJC5G,epididymis,44.2
DNAJC5G,testis,21.3
UCN,brain,9.2
PLB1,intestine,36.7
SPDYA,testis,30.8
KIF15,bone marrow,4.9
KIF15,lymphoid tissue,8.6
KIF15,testis,6.8
TGM4,prostate,767.7
CDCP1,esophagus,35.8
CLEC3B,adipose tissue,460.6
SLC6A20,choroid plexus,47.2
SLC6A20,intestine,23.8
FYCO1,skeletal muscle,246.2
CCR1,lymphoid tissue,40.1
RTP3,liver,111.0
LRRC2,heart muscle,42.9
LRRC2,skeletal muscle,154.3
LRRC2,tongue,88.2
FBXO40,heart muscle,84.7
FBXO40,skeletal muscle,152.0
FBXO40,tongue,93.8
GRIK3,brain,10.6
GRIK3,intestine,7.4
GRIK3,pituitary gland,8.6
ZC3H12A,bone marrow,128.7
DNALI1,choroid plexus,75.0
DNALI1,fallopian tube,51.2
KLF15,liver,88.7
CFAP100,choroid plexus,12.6
CFAP100,fallopian tube,25.5
CFAP100,testis,30.5
CAMK2N2,brain,89.1
CAMK2N2,pancreas,32.5
CAMK2N2,pituitary gland,36.1
LIPH,intestine,35.4
LIPH,stomach 1,45.5
HEYL,blood vessel,81.1
HEYL,pancreas,65.5
IFT122,testis,44.2
RHO,retina,3767.6
RPL39L,testis,210.4
TKT,bone marrow,630.1
SFMBT1,testis,42.6
ZDHHC19,testis,47.2
SLC51A,intestine,60.7
SLC51A,liver,66.7
MELTF,kidney,37.8
MELTF,salivary gland,67.1
S100P,bone marrow,1330.4
S100P,esophagus,584.2
S100P,placenta,445.8
S100P,stomach 1,1640.9
S100P,urinary bladder,1656.2
ABLIM2,skeletal muscle,188.4
ABLIM2,tongue,68.6
CLDN19,choroid plexus,12.2
CLDN19,kidney,42.4
CLDN19,placenta,9.2
SLC9B1,testis,37.8
SLC9B2,liver,36.2
BDH2,kidney,145.9
CDC25A,bone marrow,14.4
CDC25A,lymphoid tissue,8.2
CDC25A,testis,12.4
CAMP,bone marrow,2752.0
FBXW12,pancreas,5.7
CCDC51,choroid plexus,60.3
SPRY1,adipose tissue,225.1
BSN,brain,29.1
INTU,retina,12.2
RNF123,skeletal muscle,149.4
RNF123,tongue,104.4
HSPA4L,testis,101.7
CAMKV,brain,220.1
MST1R,intestine,18.2
MST1R,skin 1,30.2
MST1R,stomach 1,25.5
GRM2,brain,4.6
POC1A,lymphoid tissue,11.9
POC1A,testis,16.5
ETNPPL,brain,264.5
ETNPPL,liver,178.6
PITX2,placenta,39.5
PITX2,skeletal muscle,40.4
PITX2,tongue,26.2
PITX2,urinary bladder,26.9
PRSS12,choroid plexus,24.2
NDST3,brain,5.1
NDST3,lymphoid tissue,2.7
NDST3,retina,2.5
HMGB2,bone marrow,2214.7
HMGB2,lymphoid tissue,874.1
SCRG1,blood vessel,15.6
SCRG1,brain,37.5
HAND2,intestine,101.2
MAD2L1,bone marrow,5.5
MAD2L1,lymphoid tissue,5.3
SMIM43,brain,10.1
ADAD1,testis,111.2
MAP9,parathyroid gland,31.9
HPGD,stomach 1,222.0
HPGD,urinary bladder,352.4
ASB5,skeletal muscle,203.4
ASB5,tongue,62.7
C4orf45,testis,9.9
TMEM144,brain,218.6
GASK1B,adrenal gland,194.5
NPY1R,lymphoid tissue,112.7
NPY5R,adipose tissue,6.7
NPY5R,lymphoid tissue,8.3
FHIP1A,skeletal muscle,32.3
HHIP,brain,8.4
HHIP,lung,15.3
TMEM184C,parathyroid gland,123.8
SLC45A2,liver,1.2
SLC45A2,testis,1.0
EDIL3,blood vessel,82.2
EDIL3,brain,174.8
ZNF474,choroid plexus,7.6
ZNF474,fallopian tube,16.2
ZNF474,testis,8.6
RANBP3L,brain,26.8
RANBP3L,kidney,25.9
RNF180,parathyroid gland,23.8
ADGRV1,adrenal gland,494.7
F2RL2,gallbladder,6.4
CCDC112,testis,38.0
ANKRD33B,retina,47.3
CMBL,kidney,156.9
CMBL,liver,160.9
CMBL,skeletal muscle,153.5
F2RL1,intestine,55.6
F2RL1,stomach 1,41.6
PRDM9,epididymis,1.5
PRDM9,testis,4.1
SCGB3A2,lung,1193.6
SPINK1,pancreas,49964.7
HTR4,brain,2.1
HTR4,heart muscle,4.3
HTR4,intestine,8.5
ESM1,kidney,18.6
ESM1,thyroid gland,16.2
GRPEL2,esophagus,42.9
CDC20B,fallopian tube,1.9
CDC20B,kidney,1.0
CDC20B,testis,2.4
ARSK,parathyroid gland,18.0
SPZ1,testis,26.6
ENPP6,brain,27.6
ENPP6,kidney,28.6
ENPP6,ovary,15.2
CAGE1,testis,4.7
ERAP2,lymphoid tissue,46.5
CMYA5,skeletal muscle,573.2
CMYA5,tongue,747.0
EGFLAM,tongue,113.3
TMEM174,kidney,143.0
CARTPT,brain,599.0
EBF1,adipose tissue,35.4
FAM170A,testis,13.4
UTP15,bone marrow,34.8
KLKB1,liver,306.8
SLC6A18,kidney,7.7
FOXQ1,stomach 1,101.2
FOXQ1,urinary bladder,50.0
ACSL6,bone marrow,21.4
ACSL6,brain,29.5
ACSL6,retina,42.4
ACSL6,testis,19.3
CSF2,lung,1.9
SEPTIN8,brain,749.6
SHROOM1,liver,112.0
SHROOM1,prostate,67.3
SHROOM1,urinary bladder,62.7
GDF9,epididymis,3.4
GDF9,testis,6.6
UQCRQ,heart muscle,1218.1
LEAP2,liver,496.1
GJB7,fallopian tube,6.6
GJB7,pituitary gland,5.0
GJB7,placenta,2.5
GRIK2,brain,10.0
GRIK2,heart muscle,4.0
CGAS,bone marrow,13.2
FABP7,brain,232.2
FABP7,retina,162.4
FABP7,tongue,186.2
TLX3,brain,24.0
TXLNB,heart muscle,76.7
TXLNB,skeletal muscle,280.9
TXLNB,tongue,176.6
CALHM4,placenta,21.9
TBXT,parathyroid gland,2.4
TBXT,pituitary gland,1.2
CREBRF,bone marrow,64.3
SFXN1,liver,93.1
SAMD3,lymphoid tissue,9.7
TMEM200A,endometrium 1,36.8
IL22RA2,breast,3.4
IL22RA2,lymphoid tissue,3.0
DACT2,brain,19.2
DACT2,placenta,12.1
SPATA48,testis,4.1
STXBP5,parathyroid gland,35.8
H2AC1,testis,5.4
IL31RA,blood vessel,2.2
IL31RA,bone marrow,1.5
IL31RA,lymphoid tissue,1.9
IL31RA,testis,1.5
ANKRD55,brain,3.8
ANKRD55,lymphoid tissue,3.4
ANKRD55,testis,9.2
RAET1E,cervix,14.5
RAET1E,esophagus,37.6
RAET1E,vagina,18.1
PI16,cervix,131.9
PI16,heart muscle,140.6
PI16,vagina,143.1
TBX20,heart muscle,37.4
MATCAP2,testis,20.8
GALNT10,ovary,51.6
HCN1,retina,16.3
MYOZ3,skeletal muscle,219.3
MYOZ3,tongue,185.2
NEUROD6,brain,39.1
GPR85,brain,19.1
GPR85,retina,11.2
GPR85,skeletal muscle,29.7
PTTG1,bone marrow,150.9
PTTG1,lymphoid tissue,135.4
PTTG1,testis,163.9
RELL2,brain,35.0
RELL2,parathyroid gland,15.2
RELL2,pituitary gland,15.6
KCNK5,intestine,33.3
KCNK5,kidney,34.0
KIF6,brain,8.7
KIF6,fallopian tube,3.6
KIF6,testis,4.9
SLC29A4,adipose tissue,40.7
SLC29A4,brain,32.2
SLC29A4,choroid plexus,35.3
TEX47,testis,27.0
STEAP1,prostate,78.6
CDCA7L,bone marrow,48.8
SP8,prostate,6.0
MIOS,skeletal muscle,81.5
ELAPOR2,lung,20.6
USP49,retina,8.3
SYTL3,choroid plexus,47.0
IQUB,testis,31.3
HEY1,brain,48.2
FABP5,cervix,2768.1
FABP5,esophagus,4866.2
FABP5,vagina,3490.8
SHH,adrenal gland,8.2
SHH,liver,12.5
SHH,stomach 1,9.9
SHH,urinary bladder,15.1
TAGAP,bone marrow,138.6
TAGAP,lymphoid tissue,44.6
COL1A2,cervix,1633.0
COL1A2,ovary,1332.9
COL1A2,smooth muscle,1268.5
FNDC1,gallbladder,13.3
FNDC1,intestine,13.2
FNDC1,thyroid gland,19.0
CHMP4C,intestine,39.4
SLC13A4,choroid plexus,1460.7
PGAM2,heart muscle,1112.4
PGAM2,skeletal muscle,4078.1
PGAM2,tongue,1636.7
SLC35G3,testis,2.4
CTSB,thyroid gland,991.2
SOX17,adipose tissue,46.8
ADCY1,brain,33.9
ADCY1,liver,17.8
ADCY1,retina,49.2
C8orf48,testis,6.5
SUN3,testis,38.8
C7orf57,choroid plexus,7.4
C7orf57,fallopian tube,13.1
HNF4G,intestine,108.0
SLC30A8,pancreas,49.4
TNFRSF11B,blood vessel,192.4
TNFRSF11B,thyroid gland,95.4
SBSPON,blood vessel,21.4
PHKG1,skeletal muscle,272.6
PHKG1,tongue,165.8
EN2,brain,34.8
KCNV1,brain,12.7
CSMD3,brain,2.6
DEFA5,intestine,9025.0
DEFA4,bone marrow,2547.5
DEFA6,intestine,4530.5
DEFB1,kidney,2702.4
DEFB1,pancreas,1076.1
DEFB1,salivary gland,2947.6
TMEM74,brain,2.7
TMEM74,retina,2.3
GPR146,adipose tissue,43.1
GPER1,stomach 1,40.9
UNCX,brain,22.0
TMEM184A,esophagus,88.1
NOS3,lymphoid tissue,59.4
SPAG11B,epididymis,1188.1
CA3,skeletal muscle,4941.5
CDK5,brain,75.3
SLC4A2,choroid plexus,264.8
SLC7A13,kidney,39.2
GBX1,skeletal muscle,10.6
GBX1,testis,7.6
ALDH7A1,liver,151.7
OSR2,cervix,149.8
OSR2,endometrium 1,161.9
OSR2,fallopian tube,151.8
BAALC,brain,274.0
CTHRC1,gallbladder,82.1
CTHRC1,placenta,84.5
CTHRC1,urinary bladder,78.9
DCSTAMP,epididymis,1.8
DCSTAMP,lung,3.5
TP53INP1,liver,95.3
FREM1,epididymis,34.4
GEM,gallbladder,214.9
TMEM67,heart muscle,20.8
RPP25L,skeletal muscle,115.5
FAM219A,brain,73.6
C9orf24,brain,60.7
C9orf24,choroid plexus,226.2
C9orf24,fallopian tube,102.1
C9orf24,testis,73.9
MYORG,skeletal muscle,78.8
CCDC171,testis,10.5
DIRAS2,brain,152.2
SYK,lymphoid tissue,69.1
SYK,parathyroid gland,82.3
NIPSNAP3B,skeletal muscle,16.2
NIPSNAP3B,tongue,18.2
LETM2,choroid plexus,13.7
LETM2,testis,22.2
PRKACG,testis,23.0
ZMAT4,brain,12.9
ZMAT4,retina,4.1
ZMAT4,thyroid gland,15.3
NKX6-3,brain,9.8
NKX6-3,intestine,10.2
NKX6-3,stomach 1,26.5
TMEM71,bone marrow,31.6
TMEM71,heart muscle,34.7
MAMDC2,endometrium 1,72.0
PRSS37,testis,39.0
CPA6,intestine,2.2
CPA6,prostate,2.6
CPA6,retina,2.1
C8orf34,fallopian tube,8.6
C8orf34,parathyroid gland,6.9
TMC1,brain,1.1
TMC1,cervix,1.0
ALDH1A1,liver,1403.3
RASEF,stomach 1,38.1
GKAP1,skeletal muscle,47.1
GKAP1,testis,187.3
KIF27,testis,24.5
SSMEM1,testis,30.2
SVEP1,adipose tissue,36.6
SVEP1,placenta,58.3
TRPV6,pancreas,36.4
TRPV6,prostate,22.1
TRPV6,salivary gland,65.3
LLCFC1,testis,61.0
ANKS6,brain,26.4
FBP1,intestine,289.1
FBP1,kidney,275.8
FBP1,liver,819.2
CFAP47,fallopian tube,4.4
CFAP47,pituitary gland,1.7
CFAP47,retina,1.4
CYBB,bone marrow,150.2
CYBB,lymphoid tissue,141.4
METTL27,choroid plexus,19.1
MID1IP1,brain,154.5
MID1IP1,skeletal muscle,140.7
SHOC1,testis,20.5
CXorf58,testis,3.7
PTCHD1,brain,11.1
PTCHD1,intestine,6.1
RNF183,epididymis,15.3
RNF183,kidney,9.3
ASB11,heart muscle,31.3
ASB11,skeletal muscle,107.3
ASB11,tongue,57.4
PCDH19,brain,6.4
VEGFD,lung,40.1
OR1Q1,retina,1.1
CLDN3,intestine,248.6
CLDN3,pancreas,92.7
CLDN3,thyroid gland,110.9
WNK2,heart muscle,63.5
ZNF367,bone marrow,24.6
NLGN4Y,prostate,5.7
NLGN4Y,seminal vesicle,6.9
AQP7,adipose tissue,200.1
AQP7,breast,87.3
AQP7,heart muscle,90.1
AQP3,esophagus,1457.5
AQP3,skin 1,554.4
AQP3,urinary bladder,642.4
SLITRK5,brain,9.2
SLITRK5,fallopian tube,9.6
SLITRK5,salivary gland,9.2
MELK,bone marrow,9.6
MELK,lymphoid tissue,19.6
ARMC3,choroid plexus,48.7
ARMC3,fallopian tube,41.9
ARMC3,testis,31.4
OTUD1,bone marrow,57.0
FAT3,blood vessel,5.3
FAT3,brain,13.6
DEUP1,fallopian tube,4.5
DEUP1,testis,15.3
SLC7A3,lymphoid tissue,18.4
FBXO33,bone marrow,50.5
GPR101,brain,11.5
CLDN2,choroid plexus,189.2
CLDN2,gallbladder,95.3
CLDN2,kidney,154.2
CLDN2,seminal vesicle,85.1
LRFN5,brain,9.8
LRFN5,cervix,9.0
LRFN5,parathyroid gland,10.5
LRRC18,choroid plexus,23.2
LRRC18,fallopian tube,6.2
LRRC18,testis,12.8
TSHR,thyroid gland,257.0
CFL2,heart muscle,348.8
CFL2,skeletal muscle,674.8
CFL2,tongue,640.8
ZCCHC24,brain,122.3
PGM2L1,brain,37.1
PHYHIPL,adrenal gland,17.4
PHYHIPL,brain,51.4
PHYHIPL,retina,28.2
SLC16A9,adrenal gland,142.9
SLC16A9,kidney,178.4
FOLR2,placenta,158.2
PHOX2A,adrenal gland,18.8
MBL2,liver,262.8
GJB2,cervix,418.8
GJB2,esophagus,779.9
GJB2,vagina,501.5
CRYL1,kidney,307.7
CRYL1,liver,237.5
HEPACAM,adipose tissue,14.8
HEPACAM,brain,55.0
HEPACAM,liver,15.0
SKA3,bone marrow,4.5
SKA3,lymphoid tissue,11.3
SKA3,testis,5.9
DDIAS,bone marrow,7.4
DDIAS,testis,10.2
PKNOX2,tongue,33.9
RPL10L,testis,91.6
LRR1,testis,27.2
DEPP1,adipose tissue,858.3
DEPP1,breast,687.9
MAGEC3,blood vessel,2.0
MAGEC3,brain,3.6
EML5,ovary,10.4
EML5,retina,8.4
RPUSD4,skeletal muscle,126.8
RPUSD4,tongue,70.1
TMEM63C,brain,53.9
TMEM63C,pituitary gland,39.9
NGB,brain,75.1
NOXRED1,retina,4.0
NOXRED1,testis,5.7
CDX2,intestine,45.1
AMER2,brain,35.0
AMER2,retina,23.9
AKR1E2,testis,17.2
SSX3,testis,12.0
OTX2,choroid plexus,151.9
OTX2,retina,259.6
DRGX,adrenal gland,5.1
DRGX,brain,1.9
DACT1,ovary,36.1
OXGR1,breast,2.8
UCMA,brain,2.6
ATP5F1C,tongue,834.5
SOHLH1,brain,46.2
SOHLH1,testis,23.9
COMTD1,pancreas,96.9
SLC18A2,brain,36.4
SLC18A2,cervix,28.1
PDZD8,bone marrow,68.9
CLEC1B,liver,74.8
TMEM52B,kidney,105.7
FRMD7,endometrium 1,2.6
FRMD7,kidney,2.5
FRMD7,smooth muscle,2.1
AK8,epididymis,18.2
AK8,fallopian tube,24.3
AK8,testis,17.8
SPACA9,epididymis,69.8
SPACA9,fallopian tube,36.8
SPACA9,testis,124.6
GFI1B,bone marrow,36.8
ZMYND19,retina,267.2
STOX1,brain,28.7
STOX1,choroid plexus,26.1
RET,adrenal gland,10.9
RET,parathyroid gland,18.7
STK32C,brain,46.3
STK32C,testis,51.6
FUNDC2,tongue,18.2
SLC39A2,esophagus,18.0
SLC39A2,seminal vesicle,31.3
SLC39A2,skin 1,35.8
NDRG2,brain,2060.1
NDRG2,salivary gland,1953.8
NDRG2,skeletal muscle,1707.9
NDRG2,tongue,1485.5
RNASE7,esophagus,70.4
RNASE7,lymphoid tissue,22.6
RNASE7,skin 1,26.3
NSMF,brain,654.1
C12orf50,testis,47.2
PPP1R36,fallopian tube,11.8
PPP1R36,testis,34.7
BTNL9,adipose tissue,235.9
BTNL9,breast,196.9
VWA2,stomach 1,8.1
SALL2,brain,64.1
PRAP1,intestine,1069.3
PRAP1,liver,718.1
ERICH6B,testis,1.9
CYP2C19,liver,178.0
C10orf82,testis,69.0
HSPA12A,brain,27.0
ANKRD2,heart muscle,495.5
ANKRD2,skeletal muscle,1141.9
ANKRD2,tongue,769.1
E2F7,bone marrow,4.7
E2F7,lymphoid tissue,7.7
ARHGAP42,retina,29.2
OTOGL,heart muscle,4.1
OTOGL,intestine,1.5
OTOGL,kidney,4.8
LARGE2,placenta,34.4
PACSIN3,heart muscle,155.2
PACSIN3,skeletal muscle,450.8
PACSIN3,tongue,260.7
TTC7B,brain,105.9
RAPSN,skeletal muscle,83.3
RAPSN,tongue,31.0
AGBL2,fallopian tube,5.1
AGBL2,testis,11.4
TC2N,pancreas,97.9
MOAP1,brain,132.0
IFI27L1,choroid plexus,86.0
IFI27L1,testis,98.2
SERPINA12,skin 1,413.1
CLMN,testis,30.5
PDZRN4,blood vessel,14.3
PDZRN4,intestine,14.6
PDZRN4,seminal vesicle,16.8
CCDC38,testis,15.7
NELL1,brain,12.8
NELL1,kidney,15.5
PTER,brain,40.6
C1QL3,brain,26.1
C1QL3,retina,6.9
CACNB2,retina,19.5
HACD1,heart muscle,68.7
SMCO4,salivary gland,184.0
KCNC2,brain,33.8
ABTB2,brain,21.6
AMOTL1,skeletal muscle,104.6
HTRA1,ovary,751.4
LIPC,liver,159.9
PASD1,testis,15.0
TMCO5A,testis,113.4
GPR176,blood vessel,34.6
GPR176,brain,21.9
CMTM5,brain,330.7
GLB1L3,prostate,7.5
GLB1L3,seminal vesicle,4.1
ADAMTS15,adipose tissue,23.8
SVOP,brain,25.2
SVOP,pituitary gland,7.2
SVOP,retina,12.1
SPATA19,testis,125.4
GPT2,pancreas,252.0
GPT2,skeletal muscle,165.4
GPT2,tongue,172.2
AMN,intestine,86.9
AMN,kidney,52.4
AMN,liver,55.2
RAB8B,bone marrow,76.5
HIF1AN,skeletal muscle,38.9
HIF1AN,tongue,38.1
PPP1R14D,intestine,104.5
SPINT1,esophagus,223.2
FBN1,adipose tissue,49.5
FBN1,placenta,61.7
AVPR1A,adrenal gland,53.5
AVPR1A,blood vessel,29.9
C16orf78,testis,45.8
DEPDC4,testis,2.9
LRTM2,brain,9.4
CKB,brain,1487.2
CKB,intestine,1025.7
BAG5,testis,119.4
DPCD,choroid plexus,141.8
DPCD,testis,135.5
LARP6,brain,123.6
ASPG,heart muscle,97.9
ASPG,liver,142.8
SENP8,testis,14.6
GABRB3,brain,44.1
GABRB3,retina,28.0
SPIC,lymphoid tissue,29.0
TBATA,lymphoid tissue,119.9
PCBD1,liver,488.2
ARIH1,skeletal muscle,44.9
ARIH1,testis,39.7
DNAAF8,fallopian tube,21.2
DNAAF8,testis,73.8
CLMP,adipose tissue,59.3
SCN3B,brain,73.3
SCN3B,pituitary gland,26.6
MYRFL,intestine,21.6
C2,liver,454.7
PLEKHF1,skeletal muscle,87.7
TMEM100,lung,179.9
APBB1,brain,192.4
SYNPO2L,heart muscle,245.3
SYNPO2L,skeletal muscle,261.4
SYNPO2L,tongue,81.5
C11orf65,testis,47.4
CCDC182,testis,26.7
NETO1,brain,25.4
NETO1,retina,32.0
MSS51,skeletal muscle,244.5
CYB5A,kidney,828.0
CYB5A,liver,2306.7
USP54,brain,67.5
USP54,skeletal muscle,122.6
RAG1,lymphoid tissue,367.6
POTED,testis,2.8
WDR88,testis,8.6
MOGAT2,intestine,45.4
MOGAT2,liver,23.6
CYB5R2,retina,129.1
CYB5R2,testis,127.0
SERPINB7,lymphoid tissue,36.0
SERPINB7,skin 1,122.1
SERPINB8,skin 1,55.1
TUB,retina,76.5
LMO1,skeletal muscle,27.5
LMO1,tongue,11.6
IDH3A,tongue,92.7
WDR72,kidney,98.7
WDR72,liver,30.9
WDR72,thyroid gland,54.3
CRABP1,retina,505.1
CRABP1,thyroid gland,162.5
PLD4,bone marrow,12.6
PLD4,brain,18.2
PLD4,lymphoid tissue,10.6
TRIM66,testis,13.0
CDYL2,brain,13.2
TMEM130,brain,167.1
TMEM130,pituitary gland,94.8
PRTG,retina,9.6
PRTG,thyroid gland,10.0
CENPN,bone marrow,35.4
C16orf46,testis,5.5
PKD1L2,adipose tissue,7.5
PKD1L2,choroid plexus,8.1
PKD1L2,heart muscle,7.4
MFAP4,blood vessel,1055.6
PRKCB,brain,104.6
PRKCB,lymphoid tissue,44.0
MCM7,bone marrow,170.6
CLEC3A,breast,8.8
CLEC3A,urinary bladder,5.4
CCDC68,intestine,23.3
CCDC68,placenta,30.5
CLEC4E,bone marrow,71.5
CLEC4E,lymphoid tissue,51.1
CLEC4D,bone marrow,61.1
A2ML1,cervix,188.5
A2ML1,esophagus,538.3
A2ML1,vagina,199.8
BEAN1,brain,3.4
TMED3,salivary gland,386.0
SLC38A8,brain,2.3
CPLX4,retina,291.7
GALR1,adrenal gland,1.4
GALR1,pituitary gland,1.3
IQCD,choroid plexus,20.8
IQCD,fallopian tube,20.7
IQCD,testis,42.0
CDH16,kidney,252.2
RRAD,heart muscle,316.2
RRAD,skeletal muscle,776.8
CFAP52,choroid plexus,37.4
CFAP52,fallopian tube,54.4
HSP90B1,thyroid gland,1322.6
MC4R,brain,3.5
MC4R,fallopian tube,2.9
MC4R,retina,3.6
BLCAP,skeletal muscle,452.1
SERPINB12,cervix,24.1
SERPINB12,skin 1,55.7
SERPINB12,vagina,37.0
CHRFAM7A,bone marrow,4.1
CHRFAM7A,parathyroid gland,5.3
ATF7IP2,testis,16.7
MMP10,endometrium 1,249.7
TVP23A,brain,5.4
BEX3,choroid plexus,829.7
TMPRSS5,brain,17.4
TMPRSS5,salivary gland,9.5
ZCCHC18,brain,5.4
ZCCHC18,ovary,4.1
HTR3A,brain,2.3
HTR3A,intestine,2.0
HTR3A,lymphoid tissue,7.5
HTR3A,pancreas,2.7
HTR3A,salivary gland,4.8
NNMT,liver,297.1
ACSM1,breast,202.0
CATSPER2,retina,21.4
CATSPER2,testis,14.9
BMERB1,brain,190.4
YPEL4,brain,38.8
LDHC,testis,247.8
CIAO2A,liver,245.2
LDHAL6A,testis,8.6
PCLAF,bone marrow,121.3
PCLAF,lymphoid tissue,68.7
LDHD,heart muscle,78.8
LDHD,liver,126.0
PLIN1,adipose tissue,898.1
PLIN1,breast,459.5
TMEM170A,bone marrow,34.1
MESP1,brain,15.4
MESP1,prostate,21.4
MESP1,skeletal muscle,12.8
ANPEP,intestine,2245.0
ANPEP,pancreas,643.6
SCNN1G,kidney,39.6
RBPMS2,blood vessel,138.0
RBPMS2,heart muscle,283.6
RBPMS2,intestine,138.0
NAV2,heart muscle,57.3
GLYATL1,kidney,130.7
GLYATL1,liver,508.1
C18orf54,testis,16.2
PLK1,bone marrow,30.2
PLK1,lymphoid tissue,40.9
PLK1,testis,31.5
GPR182,lymphoid tissue,16.2
GPR182,testis,5.8
CACNG2,brain,10.3
CACNG2,retina,2.6
TAC3,placenta,404.6
MYO1A,intestine,310.6
CHP2,intestine,286.9
CHP2,skin 1,141.2
ATP23,testis,6.0
ELFN2,brain,17.3
ELFN2,retina,5.6
STX3,retina,290.0
MTMR10,brain,77.6
C15orf48,intestine,866.5
SCG5,brain,246.1
SCG5,choroid plexus,347.2
SCG5,pituitary gland,386.3
GREM1,gallbladder,105.6
GREM1,intestine,59.9
GREM1,smooth muscle,63.6
GREM1,vagina,63.4
NYAP1,brain,35.4
NYAP1,pituitary gland,20.9
TSC22D4,brain,851.2
MS4A6E,testis,19.1
MS4A7,lymphoid tissue,185.1
MS4A14,testis,69.3
MS4A5,testis,41.5
CCNDBP1,bone marrow,18.9
EPB42,bone marrow,93.3
MS4A8,fallopian tube,122.0
MS4A8,intestine,186.2
CCDC178,adipose tissue,10.3
CCDC178,ovary,9.4
CCDC178,testis,14.5
MS4A15,lung,41.0
MAP1A,brain,149.9
MAPRE2,brain,130.8
PDIA3,thyroid gland,292.0
NAT16,brain,4.5
NAT16,pancreas,2.2
NAT16,pituitary gland,3.5
NAT16,retina,6.4
NAT16,thyroid gland,1.6
TERB2,testis,20.5
NKX3-1,prostate,284.6
SGSM1,brain,17.9
SGSM1,heart muscle,10.8
MEI1,lymphoid tissue,20.7
MEI1,testis,36.6
B4GALNT2,intestine,31.4
PBX3,parathyroid gland,144.0
GNGT2,retina,145.5
TTC16,fallopian tube,6.5
TTC16,testis,15.2
SUN5,testis,42.8
SAMD14,brain,67.0
BPIFB6,salivary gland,3.2
TMEM92,intestine,17.9
TMEM92,stomach 1,10.4
ACSF2,kidney,132.8
ANKRD40CL,intestine,56.4
CERCAM,brain,436.8
CERCAM,pituitary gland,115.4
CCDC103,fallopian tube,23.1
CCDC103,testis,38.9
ENDOG,skeletal muscle,126.7
TBC1D21,testis,46.4
PRRX2,blood vessel,52.0
UGT1A6,kidney,66.4
UGT1A6,liver,134.2
UGT1A6,urinary bladder,83.3
C15orf39,bone marrow,58.4
C15orf39,testis,69.4
ISLR2,brain,15.5
ISLR2,heart muscle,4.4
ISLR2,testis,12.3
PRR15L,intestine,167.7
PRR15L,pancreas,99.0
PRR15L,stomach 1,80.1
GPRC5B,brain,213.2
C16orf92,retina,33.2
C16orf92,testis,15.1
GOLGA6C,liver,3.5
GOLGA6C,testis,11.5
NOD2,bone marrow,10.0
NOD2,esophagus,9.5
NOD2,skin 1,12.8
NOD2,vagina,10.2
SNX20,bone marrow,14.7
SNX20,lymphoid tissue,30.9
LOXHD1,epididymis,6.8
LOXHD1,testis,21.5
KATNAL2,choroid plexus,11.7
KATNAL2,testis,12.2
IGF2,placenta,2597.9
DPEP2,bone marrow,22.0
DPEP2,lymphoid tissue,27.4
RBFOX3,brain,273.5
RBFOX3,intestine,81.6
RBFOX3,urinary bladder,78.6
CD3D,lymphoid tissue,809.4
MYO5B,intestine,58.3
ART5,ovary,11.1
ART5,skeletal muscle,12.6
ART5,testis,28.7
ACAA2,liver,945.6
OR51E2,blood vessel,10.4
OR51E2,intestine,9.2
OR51E2,prostate,27.2
MMP26,endometrium 1,8.5
PRRT2,brain,305.2
PPP2R3B,heart muscle,59.2
PPP2R3B,skeletal muscle,87.3
ZNF646,testis,24.3
VKORC1,liver,525.5
GNG8,adrenal gland,9.4
GNG8,heart muscle,5.0
LPO,salivary gland,967.3
CA4,intestine,247.2
JSRP1,skeletal muscle,325.7
NIBAN3,bone marrow,14.5
NIBAN3,intestine,17.1
NIBAN3,lymphoid tissue,37.9
KLHL26,blood vessel,24.8
CDT1,bone marrow,36.1
SPATA33,testis,86.5
RSKR,retina,5.3
PROCA1,testis,122.2
LALBA,breast,2026.3
CACNB3,brain,74.6
DHRS13,bone marrow,39.4
CORO6,skeletal muscle,342.1
CORO6,tongue,180.0
RHEBL1,brain,4.2
TUBA1A,brain,2689.9
TUBA1C,esophagus,435.6
RAB4B,brain,108.8
AQP2,kidney,450.4
AQP2,seminal vesicle,200.5
GPD1,adipose tissue,572.7
GPD1,breast,247.8
GPD1,skeletal muscle,540.7
CYP2S1,intestine,95.3
CYP2S1,stomach 1,113.5
NFKBID,bone marrow,19.4
TMC4,pancreas,43.1
ANKRD33,retina,17.0
LAIR1,lung,27.1
LAIR1,lymphoid tissue,44.5
TTYH1,brain,418.6
CDC42EP5,intestine,79.6
LAIR2,lymphoid tissue,1.5
LAIR2,pituitary gland,2.6
TMEM145,brain,237.2
KIR3DL1,lymphoid tissue,1.4
NLRP7,testis,3.7
PPP1R14A,blood vessel,1609.9
PPP1R14A,brain,860.8
C19orf33,esophagus,689.2
C19orf33,skin 1,440.6
DNAAF3,fallopian tube,38.3
DNAAF3,testis,61.4
PSCA,stomach 1,3010.1
ATCAY,brain,78.9
ATCAY,pituitary gland,24.7
ATCAY,retina,16.3
LY6D,cervix,497.8
LY6D,esophagus,2201.7
LY6D,skin 1,899.4
LY6D,vagina,508.8
TMIGD2,lymphoid tissue,32.5
CHAF1A,bone marrow,29.6
PLIN4,adipose tissue,715.6
PLIN4,breast,303.4
PLIN4,skeletal muscle,235.5
SEMA6B,brain,71.3
NXN,skeletal muscle,95.2
TLCD3A,skin 1,70.8
GPT,liver,183.4
KIFC2,brain,214.8
SLC43A2,skeletal muscle,55.0
RILP,heart muscle,65.2
RILP,skeletal muscle,52.4
SERPINF2,liver,1497.5
TRPV3,intestine,4.9
TRPV3,skeletal muscle,1.7
TRPV3,skin 1,5.0
HSD11B1L,brain,88.9
GGT6,esophagus,49.6
GGT6,intestine,50.0
GGT6,salivary gland,52.6
GGT6,skin 1,51.2
KLK1,pancreas,9013.3
KLK1,salivary gland,5169.3
KLK4,prostate,260.1
KLK2,prostate,530.8
KLK5,skin 1,195.5
KLK6,brain,492.8
KLK11,esophagus,311.1
KLK11,skin 1,229.8
KLK11,vagina,179.1
KLK13,cervix,145.2
KLK13,esophagus,739.7
KLK13,vagina,186.7
KRT80,skin 1,211.1
KRT1,skin 1,12288.0
ACER1,skin 1,85.7
RCOR2,brain,6.2
ANGPTL4,adipose tissue,188.0
ANGPTL4,breast,162.4
ANGPTL4,liver,176.8
IGFBP6,blood vessel,786.7
SOAT2,intestine,18.3
CABP2,retina,6.8
NUDT8,heart muscle,73.1
TBX10,intestine,7.9
CD300C,bone marrow,9.2
CD300C,lung,7.9
CD300C,lymphoid tissue,6.9
CD300A,lymphoid tissue,94.5
TEKT1,choroid plexus,41.7
TEKT1,fallopian tube,47.4
HID1,brain,146.5
HID1,pancreas,104.3
TMEM88,heart muscle,97.8
EVPL,cervix,90.8
EVPL,esophagus,289.2
EVPL,skin 1,148.1
EVPL,vagina,102.1
MGAT5B,brain,39.4
TMC8,bone marrow,69.9
TMC8,intestine,48.4
TMC8,lymphoid tissue,108.3
TK1,bone marrow,73.4
CYP7A1,liver,46.3
GSDMA,skin 1,58.0
KRT24,cervix,43.7
KRT24,esophagus,167.8
KRT24,lymphoid tissue,71.5
SOST,blood vessel,66.6
RAB26,brain,116.2
RAB26,liver,51.4
RAB26,pancreas,41.6
DNASE1L2,brain,16.2
DNASE1L2,skin 1,43.9
CASKIN1,brain,57.3
ABCA3,brain,38.5
ABCA3,lung,86.0
NLRC3,intestine,6.1
NLRC3,lymphoid tissue,12.7
VWCE,liver,16.3
VWCE,ovary,9.1
BEST1,bone marrow,24.8
BEST1,brain,31.3
BSCL2,brain,274.6
BSCL2,pituitary gland,219.0
PLAAT5,adipose tissue,15.5
PLAAT5,pancreas,12.8
PLAAT5,testis,51.6
ATG16L2,bone marrow,129.3
ATG16L2,lymphoid tissue,128.5
TTC21A,testis,43.1
ENTPD3,brain,23.3
ENTPD3,cervix,20.1
ENTPD3,salivary gland,20.8
ULK4,testis,21.9
LTBP3,blood vessel,226.7
NAALADL1,intestine,96.2
SAC3D1,testis,43.8
SLC22A11,epididymis,10.0
SLC22A11,kidney,36.1
SLC22A11,placenta,31.4
MAJIN,testis,21.0
CCDC88B,brain,85.3
CCDC88B,lymphoid tissue,84.4
PBK,lymphoid tissue,21.3
PBK,testis,65.7
SCARA5,heart muscle,87.1
SCARA5,urinary bladder,82.3
PNOC,brain,28.3
PNOC,fallopian tube,17.1
PNOC,lymphoid tissue,23.4
OR1F1,brain,3.2
KCNJ4,brain,82.7
KCNJ4,heart muscle,31.7
VASN,blood vessel,118.0
FAM83B,esophagus,12.4
FAM83B,skin 1,24.4
H3-4,testis,3.3
PTGDR,intestine,7.4
PTGDR,lymphoid tissue,5.9
TTC39C,liver,87.8
TTC39C,retina,132.5
GLYCTK,liver,138.9
GNG4,brain,36.5
GNG4,ovary,30.6
GNG4,pituitary gland,29.7
KCNV2,retina,268.2
PTF1A,pancreas,99.1
FOXI1,breast,7.0
FOXI1,kidney,36.0
FOXI1,salivary gland,10.8
SMIM4,adrenal gland,116.7
SMIM4,skeletal muscle,122.3
KIF5C,brain,51.8
PDHB,tongue,279.4
PXK,brain,121.9
H1-4,bone marrow,49.4
ACOX2,liver,165.8
FAM107A,brain,1181.3
FAM107A,choroid plexus,331.5
MOBP,brain,873.9
CX3CR1,brain,33.1
PPDPFL,skeletal muscle,741.2
XIRP1,heart muscle,602.7
XIRP1,skeletal muscle,376.1
INSM2,brain,2.0
INSM2,retina,2.5
DEGS2,esophagus,36.8
DEGS2,intestine,32.8
DEGS2,skin 1,52.1
SCN11A,lymphoid tissue,2.8
SCN11A,placenta,1.8
SCN11A,urinary bladder,2.0
FILIP1L,blood vessel,191.1
MFSD2A,epididymis,92.1
MFSD2A,liver,153.9
MFSD2A,seminal vesicle,75.3
MFSD2A,skin 1,84.5
BDKRB2,urinary bladder,38.4
RFWD3,bone marrow,44.9
MTNR1A,kidney,1.7
KCNG4,retina,3.6
RHOH,bone marrow,69.7
RHOH,lymphoid tissue,99.1
KLHL30,skeletal muscle,140.7
SCNN1B,esophagus,80.6
SCNN1B,intestine,89.1
SCNN1B,vagina,55.5
HR,brain,31.3
HR,esophagus,21.3
HR,skin 1,53.0
TXNDC2,testis,98.0
REEP4,esophagus,90.4
REEP4,skin 1,91.6
TNXB,adrenal gland,253.2
LGI3,brain,95.3
SFTPC,lung,17411.2
PHYHIP,brain,347.1
CCDC110,pancreas,29.0
CCDC110,testis,93.5
FEN1,lymphoid tissue,42.9
CAVIN2,adipose tissue,154.8
MTCL1,brain,31.0
MTCL1,retina,14.4
GBX2,brain,2.6
HJV,liver,223.7
HJV,skeletal muscle,553.9
HJV,tongue,271.9
SCGB1D1,cervix,1.1
HEXIM2,skeletal muscle,43.5
HEXIM2,testis,32.3
SERINC2,liver,241.0
MYL1,skeletal muscle,20434.9
MYL1,tongue,14550.6
CHRM1,brain,48.4
CHRM1,prostate,27.8
CHRM1,salivary gland,27.1
COL3A1,cervix,2222.3
COL3A1,gallbladder,1957.3
COL3A1,placenta,1861.3
COL3A1,smooth muscle,1998.4
GFRA2,testis,9.0
GFRA2,thyroid gland,8.2
SLC20A2,choroid plexus,146.2
SLC20A2,skeletal muscle,122.9
DYNLRB2,choroid plexus,54.7
DYNLRB2,fallopian tube,57.1
DYNLRB2,testis,157.8
ADAM29,testis,38.4
ADAM18,testis,8.7
GDNF,intestine,7.7
GDNF,skeletal muscle,9.7
MUCL3,stomach 1,191.8
WFDC13,epididymis,84.5
VWA3B,choroid plexus,8.8
VWA3B,fallopian tube,20.9
VWA3B,testis,28.8
ZNF30,brain,12.5
ZNF30,retina,14.4
UGT3A2,bone marrow,6.1
UGT3A2,lymphoid tissue,13.6
UGT3A2,skin 1,9.7
LRATD2,salivary gland,41.1
LDLRAD4,brain,56.3
LDLRAD4,lymphoid tissue,42.1
KCTD19,testis,31.3
SLC16A4,kidney,115.8
IL7R,lymphoid tissue,171.2
LRP1B,brain,9.4
LRP1B,thyroid gland,5.3
WFDC12,skin 1,39.6
NPNT,blood vessel,185.2
NPNT,thyroid gland,224.8
CA7,intestine,53.4
FAM178B,bone marrow,17.8
FAM178B,brain,15.9
FAM178B,epididymis,5.2
FAM178B,lymphoid tissue,11.4
FAM178B,testis,7.8
TSPY2,testis,7.2
GSTM4,intestine,128.0
CXXC4,brain,6.6
CXXC4,retina,6.9
TCTN2,choroid plexus,37.2
SHOX2,adipose tissue,5.4
SHOX2,blood vessel,10.5
PPIP5K1,brain,65.3
TSPAN5,brain,67.3
IL12A,esophagus,4.1
STX18,cervix,112.8
NSG1,brain,91.8
NSG1,pituitary gland,133.3
NSG1,skin 1,105.3
HTR1E,brain,3.5
HTR1E,ovary,4.0
FSTL5,brain,44.9
FSTL5,retina,87.8
ATOH8,blood vessel,16.2
ATOH8,skeletal muscle,17.2
SOX14,brain,1.7
SOX14,placenta,1.6
SFTPB,lung,3361.2
BTNL3,intestine,108.6
LRRC28,liver,44.0
MAT2A,pancreas,825.0
PLA2G4F,skin 1,73.7
ENHO,brain,589.2
INPP5D,intestine,47.7
INPP5D,lymphoid tissue,95.6
CTRB1,pancreas,126232.8
CTRB2,pancreas,94683.3
SPRY3,brain,4.2
TM4SF20,intestine,251.2
GRM5,brain,13.9
LGALS9,intestine,92.9
LGALS9,stomach 1,82.6
CPLX1,brain,231.0
PXDC1,blood vessel,213.5
PXDC1,liver,184.4
SIGLEC7,lymphoid tissue,18.2
NTSR2,brain,108.3
UQCRFS1,skeletal muscle,216.9
UQCRFS1,tongue,267.1
COL4A3,retina,33.6
KLK7,esophagus,90.8
KLK7,skin 1,189.2
VCX3A,testis,55.4
ZBBX,choroid plexus,12.9
ZBBX,fallopian tube,21.8
ZBBX,testis,33.6
AR,liver,35.8
VXN,brain,113.4
CSNK1G1,testis,33.3
FAM110B,lymphoid tissue,21.1
ODAD2,fallopian tube,21.8
ODAD2,testis,38.0
AFAP1L2,lymphoid tissue,60.8
AFAP1L2,parathyroid gland,64.6
AFAP1L2,thyroid gland,77.0
ATF5,liver,2375.4
GOT1L1,testis,13.3
ZBTB43,bone marrow,57.4
CPT1C,brain,26.3
CPT1C,choroid plexus,27.7
CPT1C,pituitary gland,26.9
PCSK9,liver,47.5
GSG1L,blood vessel,18.1
GSG1L,brain,19.8
GSG1L,heart muscle,21.6
MN1,blood vessel,21.9
MN1,skeletal muscle,46.5
CCDC126,testis,32.5
IL13,testis,23.3
RAB3B,brain,9.5
RAB3B,pituitary gland,10.0
RAB3B,prostate,10.3
RSPO1,cervix,23.4
RSPO1,endometrium 1,34.1
RSPO1,fallopian tube,20.8
RGS14,brain,239.9
GCSAML,brain,4.9
GCSAML,prostate,5.1
SLC50A1,epididymis,95.6
EFNA1,liver,476.5
CXCL10,lymphoid tissue,90.0
SH3TC2,brain,4.5
SH3TC2,retina,3.6
SH3TC2,testis,1.4
CXCL11,lymphoid tissue,11.1
ADRB2,breast,32.4
ADRB2,skin 1,36.9
B3GALNT1,heart muscle,49.9
GPRIN1,brain,21.2
GPRIN1,pituitary gland,7.6
GPRIN1,retina,6.4
HSPB3,heart muscle,463.9
HSPB3,skeletal muscle,232.7
HSPB3,tongue,204.1
KCNAB1,blood vessel,91.5
KCNAB1,brain,61.2
NR0B1,adrenal gland,34.7
NR0B1,testis,19.7
STK32A,adrenal gland,10.6
STK32A,brain,11.3
STK32A,thyroid gland,8.1
IL1RAPL1,brain,2.9
P2RY12,brain,41.9
C22orf15,fallopian tube,17.2
MINAR1,adrenal gland,9.7
MINAR1,brain,7.3
MINAR1,retina,6.3
PDILT,stomach 1,116.9
UMOD,kidney,2126.7
GP2,pancreas,33354.1
ARL13B,retina,16.8
RNASE2,bone marrow,1614.8
ELSPBP1,epididymis,2669.4
RNASE3,bone marrow,856.4
RSPH10B2,fallopian tube,9.5
RSPH10B2,testis,18.2
PTAFR,bone marrow,38.8
PTAFR,lymphoid tissue,29.0
RNASE6,lymphoid tissue,103.5
NPR1,adipose tissue,63.0
NPR1,blood vessel,127.4
KCNK9,brain,7.4
CXCL8,bone marrow,2989.3
SCN9A,brain,5.7
RASSF6,lymphoid tissue,28.5
RASSF6,stomach 1,33.0
COL22A1,pituitary gland,40.4
SDC2,liver,430.0
SDC2,thyroid gland,397.8
CD52,epididymis,34113.9
SPRR1B,cervix,1541.1
SPRR1B,esophagus,2176.6
SPRR1B,vagina,1767.0
SPRR1A,cervix,1194.2
SPRR1A,esophagus,3332.0
SPRR1A,vagina,1903.3
HTRA4,placenta,62.7
PLEKHA2,lymphoid tissue,73.5
CLIC4,blood vessel,408.2
SLC38A11,choroid plexus,24.4
SLC38A11,epididymis,30.4
GPR183,bone marrow,106.3
GPR183,lymphoid tissue,79.7
CRCT1,cervix,641.4
CRCT1,esophagus,1886.5
CRCT1,vagina,806.6
CCDC8,ovary,35.3
ZNF280A,adrenal gland,1.3
MUC15,epididymis,1841.3
CT55,testis,3.6
ZEB2,brain,176.9
GJB1,brain,181.3
GJB1,liver,374.9
GJB1,pancreas,112.8
VPREB1,bone marrow,28.1
CLIC3,cervix,139.3
CLIC3,esophagus,434.5
CLIC3,skin 1,164.4
CLIC3,thyroid gland,149.0
CLIC3,vagina,176.1
BNC1,adipose tissue,14.2
BNC1,esophagus,12.0
BNC1,testis,23.6
ANTXR1,blood vessel,205.1
GKN1,stomach 1,35310.8
CKAP2L,bone marrow,12.4
CKAP2L,lymphoid tissue,11.2
PROKR1,adipose tissue,1.5
PROKR1,adrenal gland,1.0
PROKR1,epididymis,3.3
DRD5,brain,2.6
DRD5,lymphoid tissue,1.3
DRD5,stomach 1,4.2
BUB1,bone marrow,11.2
BUB1,lymphoid tissue,25.6
BUB1,testis,28.3
MT1B,liver,19.5
AGPAT2,adipose tissue,348.8
AGPAT2,liver,426.9
GP9,bone marrow,4.8
GP9,lung,3.2
GP9,lymphoid tissue,8.8
FASN,adipose tissue,364.3
FASN,breast,270.5
FASN,liver,192.6
MT1E,liver,1743.4
ACTRT2,testis,146.1
DCXR,liver,1923.6
RAC3,brain,68.0
NRG4,brain,8.9
NRG4,pancreas,5.0
TMEM266,brain,17.4
TMEM266,skeletal muscle,5.5
NLGN1,brain,11.9
NLGN1,retina,10.2
UGP2,liver,802.6
UGP2,tongue,706.3
TAS2R1,testis,7.0
LINGO1,brain,109.9
PRY,epididymis,1.1
RBMY1F,testis,3.0
BTD,liver,93.6
CSGALNACT2,bone marrow,126.5
TACR3,brain,1.2
TACR3,retina,2.5
TACR3,urinary bladder,1.7
GSX1,brain,2.4
PCDH7,blood vessel,48.2
ONECUT1,gallbladder,5.4
ONECUT1,liver,12.2
ONECUT1,pancreas,14.0
ONECUT1,retina,3.8
P2RY1,placenta,23.9
CTNND2,brain,72.2
MUC17,intestine,41.4
AHSP,bone marrow,1571.3
WNT10B,brain,39.1
CALML6,skeletal muscle,144.8
CALML6,tongue,102.3
MUC3A,gallbladder,13.0
MUC3A,intestine,39.4
ITGAM,bone marrow,172.8
PYDC1,brain,25.5
PYDC1,skin 1,22.0
TM4SF4,gallbladder,888.2
TM4SF4,intestine,611.2
TM4SF4,liver,657.6
S100G,intestine,223.9
OTUD7A,brain,9.8
FRMPD4,brain,8.6
FRMPD4,parathyroid gland,9.6
FRMPD4,retina,3.9
ZFPM2,brain,27.5
ZFPM2,ovary,32.4
HSFY2,testis,19.7
TAS1R3,epididymis,11.5
TAS1R3,lymphoid tissue,3.4
TAS1R3,salivary gland,7.4
TIGD4,retina,20.4
IFFO2,skin 1,161.4
MYO7B,intestine,73.9
TMEM154,esophagus,19.1
TMEM154,skin 1,45.7
MYRIP,brain,34.9
ALCAM,parathyroid gland,412.8
YWHAG,brain,355.0
YWHAG,skeletal muscle,327.6
ZPLD1,gallbladder,2.1
ZPLD1,retina,2.3
KCNAB3,brain,34.2
KCNAB3,endometrium 1,14.3
SERPINA9,lymphoid tissue,68.0
FAM153A,testis,26.6
GPR37L1,brain,44.8
SIMC1,ovary,38.7
NSG2,brain,442.8
SPDYE5,testis,1.2
SERPINA6,liver,725.8
NIPA1,brain,56.5
FOXD4,brain,2.7
GPR25,stomach 1,1.8
CCDC144A,retina,11.9
VGLL2,skeletal muscle,121.3
HOXD4,endometrium 1,28.8
HOXD4,epididymis,26.4
CHRNB1,skeletal muscle,150.5
CHRNB1,tongue,53.8
HOXD12,intestine,1.4
HOXD12,seminal vesicle,1.4
HOXD12,vagina,1.1
GYPA,bone marrow,147.2
USP38,bone marrow,16.1
SLC16A5,kidney,67.3
ANKK1,pituitary gland,2.9
ANKK1,skin 1,3.3
ADRA1B,blood vessel,17.2
ADRA1B,liver,11.4
ADRA1B,lymphoid tissue,10.6
FABP6,intestine,4264.5
USP50,testis,1.3
MRAP,adipose tissue,73.5
MRAP,adrenal gland,155.2
MRAP,breast,44.5
FAM161A,retina,26.9
FAXDC2,parathyroid gland,286.7
HSPB2,heart muscle,219.0
HSPB2,skeletal muscle,235.6
HSPB2,tongue,295.9
C7orf33,retina,1.3
CNGB3,bone marrow,3.9
CNGB3,retina,11.6
SLN,skeletal muscle,7680.1
SLN,tongue,3171.0
ELP5,testis,160.8
CMTM8,pancreas,45.0
LGALS9B,esophagus,14.6
LGALS9B,intestine,10.4
LGALS9B,stomach 1,29.1
CDK1,bone marrow,50.2
CDK1,lymphoid tissue,68.9
FABP4,adipose tissue,3555.6
FABP4,breast,2416.5
FRMPD2,retina,22.9
CST5,salivary gland,2025.9
CST2,salivary gland,5624.3
EMX2,cervix,64.0
EMX2,endometrium 1,79.8
EMX2,epididymis,98.5
CST1,salivary gland,26681.9
LRRN2,choroid plexus,20.2
SLC30A1,liver,80.5
DCLK2,brain,45.8
DCLK2,retina,17.1
ZNF804A,brain,3.5
ZNF804A,retina,3.5
GPRC5C,liver,162.9
GPRC5C,stomach 1,180.1
TMEM182,heart muscle,91.4
TMEM182,skeletal muscle,141.0
TMEM182,tongue,119.3
VSTM2A,adrenal gland,9.6
VSTM2A,brain,32.1
VSTM2A,prostate,9.1
VSTM2A,retina,13.2
KRT8,intestine,1281.6
KRT8,stomach 1,768.4
KRT78,esophagus,880.3
ADORA2B,brain,12.5
ADORA2B,urinary bladder,15.6
SDR9C7,cervix,20.7
SDR9C7,skin 1,56.4
SDR9C7,vagina,20.1
MGMT,liver,125.9
METTL7B,epididymis,126.1
METTL7B,heart muscle,136.0
METTL7B,liver,267.4
KRT86,skin 1,136.3
KRT75,skin 1,27.4
CD14,liver,425.8
DNAJC18,testis,73.9
KRT6C,cervix,482.5
KRT6C,esophagus,792.4
KRT6C,vagina,322.2
SPATA24,testis,138.6
MZB1,intestine,84.5
MZB1,lymphoid tissue,214.9
KRT4,esophagus,18547.1
SLC23A1,fallopian tube,50.9
SLC23A1,intestine,61.5
SLC23A1,kidney,37.5
SLC23A1,liver,21.3
KRT74,epididymis,5.3
KRT74,skin 1,14.6
KRT72,skin 1,10.7
KRT72,testis,22.9
KISS1,placenta,220.0
LONRF2,epididymis,39.8
LONRF2,fallopian tube,40.8
HSD17B13,liver,536.4
COX7B2,testis,79.9
ELOVL6,liver,31.1
KRT83,skin 1,60.5
PFKFB3,adipose tissue,314.1
PFKFB3,skeletal muscle,534.6
TMC7,brain,12.3
TMC7,testis,9.0
TMC7,urinary bladder,7.6
SERPINB9,lymphoid tissue,38.5
SERPINB9,placenta,49.1
SMAGP,esophagus,136.4
SMAGP,placenta,96.2
IRX1,breast,13.5
IRX1,kidney,23.2
IRX1,salivary gland,15.4
CDH2,heart muscle,183.5
IRX2,breast,22.5
IRX2,salivary gland,26.8
IRX2,skin 1,24.7
EMB,bone marrow,161.1
SIX2,salivary gland,19.9
SIX2,skeletal muscle,32.0
DLGAP1,brain,51.7
FOXA3,intestine,16.4
FOXA3,liver,60.4
FOXA3,pancreas,45.5
FOXA3,stomach 1,34.8
GARIN3,testis,29.8
SGCD,heart muscle,36.6
SGCD,skeletal muscle,40.2
SGCD,tongue,31.1
GTSF1,testis,173.7
ACYP2,brain,104.3
ACYP2,skeletal muscle,191.3
ACYP2,tongue,148.7
RASA4B,skeletal muscle,93.2
CAVIN4,skeletal muscle,258.4
CAVIN4,tongue,86.3
ZNF296,esophagus,9.4
HOXB9,epididymis,83.0
HOXB9,intestine,24.7
HOXB9,kidney,22.0
TTLL6,choroid plexus,4.6
TTLL6,testis,18.2
SYT9,brain,8.4
SYT9,retina,7.0
KCNS3,skeletal muscle,80.6
KCNS3,tongue,42.5
RBMXL2,testis,29.3
GPR37,brain,67.2
GPR37,retina,36.2
TPD52L3,testis,143.6
CDCA4,bone marrow,52.6
SDR16C5,esophagus,38.2
SDR16C5,lung,26.9
SDR16C5,skin 1,47.5
DYDC1,testis,114.4
HTRA3,heart muscle,190.8
FOXN2,bone marrow,50.8
LMOD2,heart muscle,728.6
LMOD2,skeletal muscle,874.4
LMOD2,tongue,741.3
FSHR,ovary,2.6
FSHR,testis,2.1
USP32,testis,95.4
CEL,pancreas,104264.8
GPR27,brain,36.2
PSG6,placenta,46.7
RNF139,bone marrow,88.0
PLA2G1B,pancreas,110913.6
CYTL1,blood vessel,198.0
TRH,brain,62.7
TRH,cervix,24.5
TRH,endometrium 1,17.6
TRH,retina,32.7
GSTA4,adrenal gland,291.0
NDUFA3,heart muscle,603.4
OSCAR,bone marrow,12.6
OSCAR,lung,27.5
OSCAR,lymphoid tissue,28.9
PAQR8,brain,138.7
TANC2,parathyroid gland,26.5
PKHD1,epididymis,4.5
PKHD1,kidney,12.7
PKHD1,pancreas,8.8
NCBP2L,adrenal gland,1.0
MBD3L1,testis,25.7
PGK2,testis,186.8
CAVIN3,blood vessel,292.4
CEACAM3,bone marrow,41.8
DCDC1,choroid plexus,2.6
DCDC1,fallopian tube,2.7
DCDC1,liver,2.6
DCDC1,retina,2.7
HAS2,adipose tissue,21.2
HAS2,urinary bladder,19.0
PDGFD,adrenal gland,100.6
PLAC1,placenta,26.2
DDI1,testis,24.1
HS6ST2,brain,13.3
HS6ST2,kidney,14.8
HS6ST2,ovary,15.1
PYGO1,parathyroid gland,12.4
PKIA,skeletal muscle,1087.6
PKIA,tongue,889.8
FPR2,lymphoid tissue,52.9
FPR1,bone marrow,179.3
FPR1,lymphoid tissue,175.1
PATE1,epididymis,1764.3
SOX7,vagina,40.8
C8orf74,testis,16.1
ALK,brain,1.9
ALK,pituitary gland,2.4
ALK,testis,1.5
OBP2B,skin 1,2.4
OBP2B,testis,9.4
GIMAP8,lymphoid tissue,38.2
HSFX1,testis,6.0
NRTN,heart muscle,18.9
NRTN,pancreas,12.5
FUT3,esophagus,150.8
FUT3,intestine,67.6
FUT3,retina,76.2
FUT3,salivary gland,79.3
KCNG3,brain,1.0
ATP6V0E2,brain,373.7
PRKCE,brain,28.9
RLN3,parathyroid gland,1.5
RLN3,testis,2.6
BBLN,brain,619.0
RBKS,liver,43.4
GRIK1,adrenal gland,11.8
GRIK1,brain,10.5
GRIK1,retina,36.4
MUC7,salivary gland,25571.3
OPRPN,salivary gland,145.4
SMR3B,salivary gland,204297.4
NETO2,brain,18.9
NETO2,lymphoid tissue,21.4
CSN3,breast,336.9
CDC42BPG,brain,28.8
CDC42BPG,skin 1,31.5
JUNB,blood vessel,1053.5
FAM241B,brain,73.4
TMEM37,kidney,94.3
TMEM37,liver,94.5
TMEM37,parathyroid gland,117.1
UGT2B7,kidney,1212.8
UGT2B7,liver,1507.2
LRG1,liver,1004.2
SHCBP1,bone marrow,16.4
SHCBP1,lymphoid tissue,9.9
SOSTDC1,choroid plexus,233.3
NPTX1,brain,188.4
KCNK3,adrenal gland,169.1
CHST11,bone marrow,36.7
CHST11,choroid plexus,32.8
CHD7,brain,28.5
ESCO2,bone marrow,5.6
ESCO2,intestine,10.3
ESCO2,lymphoid tissue,7.9
ESCO2,testis,5.4
KRT19,esophagus,857.0
KRT19,intestine,737.0
KRT19,salivary gland,772.3
KRT19,urinary bladder,729.8
KRT15,esophagus,1708.0
KRT15,skin 1,1245.8
KRT15,vagina,627.8
KRT38,skin 1,16.2
CLCN5,epididymis,22.3
CLCN5,kidney,43.1
CLCN5,liver,15.8
TPPP,brain,133.3
KCND3,brain,28.5
APLN,brain,29.4
APLN,placenta,50.8
KRTAP4-4,skin 1,17.2
KRT13,cervix,11736.9
KRT13,esophagus,38499.7
KRT13,vagina,12358.9
XAGE3,placenta,358.1
KRT9,lymphoid tissue,11.3
XAGE5,testis,1.1
KRT20,intestine,609.5
GLOD5,epididymis,5.5
GLOD5,intestine,9.9
GLOD5,kidney,10.4
GLOD5,liver,7.6
KSR2,brain,5.4
KSR2,pituitary gland,7.4
MCC,ovary,54.7
KRT27,skin 1,65.2
CDK5R2,brain,57.4
CDK5R2,pituitary gland,33.2
CDK5R2,retina,24.4
DLK2,esophagus,11.7
DLK2,prostate,12.4
DLK2,skin 1,12.3
HOPX,esophagus,712.1
HOPX,skin 1,1401.9
SPACA5B,testis,34.0
NLRP5,ovary,6.2
NLRP5,parathyroid gland,21.1
SPACA5,testis,1.0
MROH2B,testis,28.2
COL24A1,cervix,6.6
COL24A1,intestine,6.2
ETFDH,liver,148.9
ETFDH,tongue,162.8
RXFP1,brain,13.3
RXFP1,endometrium 1,5.9
LPAR3,fallopian tube,34.2
PTGER4,bone marrow,81.0
PTGER4,pancreas,51.1
NEUROD2,brain,99.0
MAP6,brain,83.1
MAP6,choroid plexus,86.5
MAP6,pituitary gland,73.9
MAP6,retina,89.1
OTP,brain,17.3
ECEL1,brain,84.5
ECEL1,ovary,97.5
ECEL1,pituitary gland,28.1
FGG,liver,15475.1
FGA,liver,17201.5
OR2AT4,bone marrow,1.3
OR2AT4,retina,1.6
FGB,liver,16764.8
DSCAM,brain,6.8
DSCAM,pituitary gland,3.9
DSCAM,retina,1.7
DNAI2,fallopian tube,28.6
DNAI2,testis,18.2
NMUR1,retina,7.6
CXXC5,brain,146.8
PIK3CD,bone marrow,44.2
PIK3CD,lymphoid tissue,44.5
PTCRA,lymphoid tissue,119.8
SLC25A33,tongue,25.7
ENC1,brain,279.1
P2RY6,lymphoid tissue,32.1
S100Z,bone marrow,2.2
S100Z,lymphoid tissue,2.9
GPR82,intestine,2.5
GPR82,lymphoid tissue,6.5
GPR34,placenta,40.1
PLEKHG5,brain,139.7
PLEKHG5,skin 1,96.9
LKAAEAR1,testis,29.1
RGS19,bone marrow,54.1
RGS19,lymphoid tissue,73.8
DEFB4A,cervix,72.0
DEFB4A,esophagus,150.9
ANO5,heart muscle,22.7
ANO5,parathyroid gland,16.2
ANO5,skeletal muscle,61.5
ANO5,tongue,46.5
SPATA46,testis,29.7
GPHN,brain,61.5
GPHN,liver,58.3
VAT1L,brain,123.1
VAT1L,choroid plexus,311.9
VAT1L,retina,174.9
LGALS4,intestine,1827.2
LRRC34,testis,11.9
PAH,kidney,463.6
PAH,liver,1316.7
GATM,kidney,1959.8
GATM,liver,2621.4
GATM,pancreas,2768.2
SYCE1,brain,17.7
SYCE1,testis,69.5
NXNL1,choroid plexus,26.4
NXNL1,retina,59.7
RASGRP4,bone marrow,19.6
RASGRP4,lymphoid tissue,9.4
NHLH1,brain,1.7
SLFNL1,testis,70.6
UTF1,testis,5.4
KNDC1,brain,42.0
KNDC1,pituitary gland,23.9
WDR87,testis,15.9
CFAP46,skeletal muscle,29.3
CFAP46,testis,39.9
COL8A2,blood vessel,37.4
PCDHB1,skeletal muscle,1.3
ZNF540,retina,23.9
ANGPTL7,adipose tissue,15.5
ANGPTL7,blood vessel,17.5
NINJ2,brain,48.9
FAM90A1,brain,6.6
RRM2,bone marrow,41.5
RRM2,lymphoid tissue,54.1
TRAPPC12,testis,94.2
C3AR1,lymphoid tissue,37.8
PRND,choroid plexus,38.3
PRND,testis,66.3
PRNP,choroid plexus,480.4
KLF17,testis,8.0
ADRA1D,blood vessel,6.6
ADRA1D,brain,6.1
ADRA1D,cervix,5.8
FRMD5,brain,17.5
FRMD5,heart muscle,43.6
FRMD5,retina,18.5
AQP4,brain,354.4
AQP4,lung,108.3
CYP4F11,intestine,22.4
CYP4F11,liver,67.3
TLN2,kidney,35.3
LGALS9C,esophagus,10.3
LGALS9C,intestine,9.2
LGALS9C,stomach 1,10.8
FBXW10,testis,9.1
SRGAP2C,brain,33.8
SCG2,adrenal gland,340.0
SCG2,brain,391.8
SCG2,pituitary gland,267.0
CYP4F22,esophagus,18.7
CYP4F22,skin 1,55.8
CYP4F22,vagina,21.5
FOXB1,brain,3.9
DRC3,choroid plexus,25.1
DRC3,fallopian tube,57.6
ZNF57,testis,25.0
LDHAL6B,testis,38.0
SYNPO,blood vessel,357.2
SYNPO,heart muscle,344.8
SYNPO,skeletal muscle,1214.5
SYNPO,tongue,468.9
ZNF556,ovary,3.8
ZNF556,skeletal muscle,2.3
ZNF556,tongue,3.2
MAL,cervix,687.1
MAL,esophagus,2851.1
MAL,vagina,835.9
REG3A,intestine,6346.3
REG3A,pancreas,11381.6
GAP43,brain,473.7
REG1B,pancreas,40073.0
EPHX4,brain,14.2
EPHX4,choroid plexus,6.6
ORMDL3,liver,225.6
SERF1A,testis,133.8
LRRC15,lymphoid tissue,4.6
LRRC15,skin 1,6.7
EIF2AK3,pancreas,20.1
TEX37,testis,81.4
CYCS,tongue,746.5
CD8B,lymphoid tissue,427.3
CALB2,adipose tissue,96.3
CALB2,brain,304.9
SLC9C1,skin 1,2.0
SLC9C1,testis,7.5
OR1A1,retina,1.3
LCE1D,skin 1,87.7
CCL11,intestine,42.9
CCL11,lymphoid tissue,29.6
CCL11,stomach 1,33.1
CCL11,urinary bladder,38.2
FRMD3,heart muscle,79.6
FRMD3,skeletal muscle,76.1
FRMD3,tongue,69.7
SNTB1,liver,83.5
MALT1,lymphoid tissue,19.0
PRL,pituitary gland,58560.7
ISG20,lymphoid tissue,176.6
ID4,thyroid gland,257.6
GPR22,brain,6.5
GPR22,cervix,2.3
GPR22,heart muscle,7.7
CXCR6,lymphoid tissue,16.0
AZU1,bone marrow,1507.5
ATOH1,intestine,18.9
CLEC7A,bone marrow,79.1
CLEC7A,lung,27.9
CLEC7A,lymphoid tissue,41.9
C1QTNF4,brain,129.5
NEGR1,brain,31.2
BSG,heart muscle,1787.2
CDY1,testis,1.2
B3GALT1,brain,5.3
B3GALT1,skeletal muscle,4.3
B3GALT1,tongue,14.8
CLEC12A,bone marrow,75.3
CLEC12A,lymphoid tissue,21.4
BPGM,bone marrow,82.2
SUCLG2,liver,259.9
CSDC2,adrenal gland,154.3
CSDC2,heart muscle,300.6
CSDC2,ovary,142.9
RCAN2,blood vessel,194.4
RCAN2,heart muscle,186.7
RCAN2,tongue,168.2
IL16,lymphoid tissue,126.9
ABCG4,brain,22.2
ABCG4,retina,48.3
CDY1B,testis,1.7
CFAP53,choroid plexus,19.4
CFAP53,fallopian tube,26.8
CFAP53,testis,76.5
MCRIP2,heart muscle,47.3
MCRIP2,liver,57.1
PDZD3,intestine,18.2
PDZD3,kidney,17.8
ARNT2,brain,97.5
PRSS27,cervix,101.3
PRSS27,esophagus,374.0
PRSS27,vagina,125.1
MYOZ2,heart muscle,722.0
MYOZ2,skeletal muscle,222.0
MYOZ2,tongue,162.0
SYNPO2,skeletal muscle,952.4
SYNPO2,tongue,460.9
DNAJB7,testis,10.0
INSL5,intestine,115.3
EFCAB3,testis,5.5
TTC36,liver,235.3
RSPH9,choroid plexus,8.1
RSPH9,fallopian tube,7.8
RSPH9,testis,14.5
FGGY,liver,70.7
IL17D,brain,148.9
IL17D,skeletal muscle,122.7
FUT9,brain,16.0
FUT9,stomach 1,21.8
HSFY1,testis,13.8
RAB40A,epididymis,7.6
MAB21L4,cervix,56.3
MAB21L4,esophagus,189.6
MAB21L4,vagina,58.4
AGXT,liver,1191.5
ACOT12,liver,94.1
CARNS1,brain,165.8
CARNS1,skeletal muscle,70.1
FAM170B,testis,6.1
CTSW,bone marrow,109.6
CTSW,lymphoid tissue,40.0
NIPAL4,brain,20.7
NIPAL4,skin 1,63.0
MUCL1,breast,3038.8
MUCL1,skin 1,777.3
FNDC9,brain,27.1
FNDC9,pituitary gland,11.2
PDE3A,blood vessel,19.9
PDE3A,heart muscle,28.0
RASGRP1,brain,23.3
RASGRP1,lymphoid tissue,35.6
RASGRP1,retina,16.6
KLHL6,lymphoid tissue,29.1
RND1,brain,48.8
RND1,liver,119.8
OR10AD1,retina,2.3
ZFAND4,testis,35.0
THEMIS,lymphoid tissue,29.1
MS4A10,intestine,80.7
GARIN2,testis,22.4
CCL19,lymphoid tissue,591.4
LRRC20,skeletal muscle,286.3
LRRC20,tongue,116.7
PURG,brain,11.2
PURG,retina,4.0
TMEM217,testis,8.4
COL6A5,lung,5.5
COL6A5,skin 1,4.5
NAA16,bone marrow,22.1
NAA16,pancreas,19.3
EFCAB12,choroid plexus,10.2
EFCAB12,fallopian tube,18.5
RAB43,liver,44.2
FADS6,brain,12.4
FADS6,epididymis,16.9
FADS6,intestine,13.1
HOXC5,fallopian tube,5.5
RAB37,bone marrow,23.1
RAB37,brain,36.8
RAB37,lymphoid tissue,19.8
SNX32,brain,26.7
OVOL1,esophagus,55.4
OVOL1,skin 1,49.1
OVOL1,testis,33.8
RARG,esophagus,137.7
RARG,skin 1,114.7
CES4A,fallopian tube,16.9
CES3,intestine,35.5
CES3,liver,51.1
CES3,skeletal muscle,23.6
CES2,intestine,661.6
CES2,liver,323.2
KRT2,skin 1,4421.9
DHCR7,liver,112.5
LVRN,adipose tissue,10.3
LVRN,placenta,20.4
NBEA,retina,59.2
MYEOV,adipose tissue,5.5
MYEOV,esophagus,10.8
MYEOV,stomach 1,5.7
MRGPRF,endometrium 1,169.7
MRGPRF,intestine,162.2
SLC22A13,kidney,8.4
ADH6,liver,657.9
XKR3,testis,7.6
FRG2C,kidney,1.4
HPSE2,brain,28.1
HPSE2,cervix,29.6
HPSE2,vagina,21.8
ARPP21,brain,746.4
CCDC96,testis,61.6
BNC2,endometrium 1,28.7
BNC2,ovary,27.6
BNC2,smooth muscle,33.1
RXFP4,intestine,1.8
COQ2,tongue,35.0
CCDC63,testis,16.6
HSPA6,lung,88.5
LRRN3,adrenal gland,21.9
LRRN3,brain,16.8
LRRN3,thyroid gland,18.3
ACSM6,lymphoid tissue,2.9
ACSM6,pancreas,2.9
ACSM6,skin 1,1.5
ACSM6,stomach 1,1.5
ESRRA,skeletal muscle,179.8
RHOD,esophagus,185.7
RHOD,liver,124.9
RAPH1,liver,57.5
ADCY5,brain,74.2
ADCY5,heart muscle,99.3
CYSLTR1,lymphoid tissue,10.9
PARP15,bone marrow,21.4
PARP15,intestine,36.9
PARP15,lymphoid tissue,59.7
ABCD2,adipose tissue,14.8
ABLIM3,liver,109.5
MAB21L3,retina,14.1
MAB21L3,skin 1,10.0
TUBB8B,ovary,1.5
TUBB8B,testis,4.3
GLRX,skeletal muscle,806.3
SYT12,brain,49.4
SYT12,liver,21.4
SYT12,parathyroid gland,60.1
C11orf86,intestine,64.8
LIPM,skin 1,26.5
DMRT2,kidney,32.6
DMRT2,lymphoid tissue,17.8
DMRT2,parathyroid gland,39.1
DMRT2,skeletal muscle,12.2
ZNF483,brain,19.7
PLAC8L1,testis,5.7
SLC2A14,testis,76.4
GPR137,testis,188.9
SNCG,adrenal gland,300.4
SNCG,blood vessel,339.7
SNCG,brain,638.1
MZT2A,heart muscle,244.0
ZBTB21,bone marrow,38.9
PPP1R3B,liver,135.4
PPP1R3B,skeletal muscle,89.2
TRIB1,bone marrow,345.5
CST9,breast,1.5
KCNK7,skin 1,89.2
C1QB,lymphoid tissue,1405.0
C1QA,choroid plexus,604.1
C1QA,lymphoid tissue,1056.2
NDNF,lung,100.4
NDNF,placenta,56.5
NDNF,retina,53.2
IQCF1,testis,65.1
OLR1,lung,94.3
OLR1,placenta,107.4
GLIPR1L1,testis,28.9
INSM1,brain,14.9
INSM1,pituitary gland,27.3
DAB1,brain,15.2
DAB1,intestine,21.1
DAB1,seminal vesicle,9.4
IHO1,testis,24.1
RNASE8,salivary gland,51.7
SAA1,liver,54032.7
EHBP1L1,skeletal muscle,239.6
TMEM196,brain,5.5
TMEM196,retina,19.5
RNASE11,epididymis,622.3
AGR3,fallopian tube,211.4
AGR3,intestine,223.5
AGR3,lung,143.6
MST1,liver,864.2
TNFRSF10C,bone marrow,19.8
TNFRSF10C,lymphoid tissue,22.4
CSPG4,blood vessel,124.5
FAM166C,choroid plexus,8.2
FAM166C,fallopian tube,7.1
FAM166C,testis,25.3
NLRP13,ovary,1.1
XCR1,lymphoid tissue,8.2
XCR1,placenta,2.7
CCDC106,brain,68.7
CCR9,lymphoid tissue,120.8
SULT1B1,intestine,93.3
SULT1B1,stomach 1,42.1
PC,liver,182.1
UGT2A1,choroid plexus,6.4
UGT2A1,pituitary gland,3.9
SCAI,lymphoid tissue,10.4
LRFN4,brain,35.4
APOBEC4,fallopian tube,10.9
APOBEC4,testis,9.3
SLC19A1,choroid plexus,44.8
HSPB7,heart muscle,3567.7
HSPB7,skeletal muscle,2065.4
HSPB7,tongue,1148.4
TAS1R1,testis,4.2
SPDYE2B,skeletal muscle,2.9
SPDYE2B,testis,4.5
ADGRG2,epididymis,1159.4
SPATA3,testis,169.4
MUC13,intestine,579.0
SUSD5,blood vessel,170.2
WFIKKN2,choroid plexus,1103.3
C1orf100,testis,21.1
CD7,bone marrow,26.9
CD7,lymphoid tissue,51.1
TOPAZ1,testis,3.3
CNP,brain,1112.6
JUP,esophagus,914.3
JUP,skin 1,886.7
HAP1,brain,41.7
TDRD12,testis,13.4
TIGD3,brain,5.0
TIGD3,testis,4.8
KCNH6,intestine,4.5
KCNH6,kidney,6.7
KCNH6,pituitary gland,5.3
KCNH6,prostate,3.9
KCNH6,retina,4.1
MARCHF10,testis,130.2
PHOSPHO1,testis,90.6
PHC3,bone marrow,48.0
GPR160,bone marrow,102.0
GPR160,parathyroid gland,203.7
GPR160,retina,96.9
CBX2,lymphoid tissue,6.8
CBX2,testis,12.3
SPTBN2,brain,58.7
SPTBN2,skin 1,59.9
KRT28,skin 1,10.6
C1QTNF1,blood vessel,292.8
C1QTNF1,heart muscle,270.6
SLCO4C1,kidney,38.8
PIFO,choroid plexus,134.0
PIFO,fallopian tube,163.8
RAX2,retina,59.9
LRRC63,brain,9.9
LRRC63,testis,3.2
TCAP,heart muscle,6421.7
TCAP,skeletal muscle,14837.4
TCAP,tongue,5443.8
NRROS,bone marrow,30.8
KLHL15,bone marrow,53.6
CBY2,testis,93.0
TENT5D,testis,3.2
SLC25A30,heart muscle,67.0
SLC25A30,skeletal muscle,80.9
SLC25A30,tongue,59.1
C9orf131,testis,33.9
CTSF,choroid plexus,123.5
MSRB3,blood vessel,168.8
TLR10,lymphoid tissue,44.9
TLR1,bone marrow,32.4
TLR1,lymphoid tissue,25.4
TLR6,lymphoid tissue,11.3
FAM53A,testis,12.9
NWD2,adipose tissue,2.3
NWD2,brain,3.8
NWD2,breast,1.1
GSTA3,adrenal gland,61.8
GSTA3,fallopian tube,61.4
GSTA3,placenta,21.3
GSTA3,skin 1,24.5
ARL13A,testis,4.8
SNX31,esophagus,6.1
SNX31,urinary bladder,15.4
REP15,intestine,55.7
REP15,stomach 1,72.9
ZNF80,lymphoid tissue,2.9
ZNHIT2,testis,65.5
EVX2,prostate,1.2
EVX2,seminal vesicle,1.5
EVX2,testis,2.8
EVX2,vagina,1.0
SLC16A11,choroid plexus,11.8
SLC16A13,liver,33.8
GLIS1,prostate,7.7
GLIS1,seminal vesicle,7.0
SLC6A19,intestine,134.2
SLC6A19,kidney,82.9
EXO1,bone marrow,16.4
EXO1,lymphoid tissue,10.3
ABRA,heart muscle,29.5
ABRA,skeletal muscle,135.7
ABRA,tongue,59.6
ATP2A2,heart muscle,941.9
ATP2A2,skeletal muscle,2675.7
ATP2A2,tongue,2586.2
ZWILCH,testis,50.4
STARD6,testis,1.7
GOLGA6L2,testis,46.8
VWC2L,brain,2.4
VWC2L,retina,1.3
C12orf76,brain,39.2
ZCCHC12,brain,149.6
ZCCHC12,endometrium 1,92.6
ZCCHC12,fallopian tube,257.5
ZCCHC12,smooth muscle,132.4
CNTNAP2,brain,34.8
CNTNAP2,retina,13.4
GALNTL6,brain,3.9
GALNTL6,lymphoid tissue,2.4
GALNTL6,testis,2.3
LINGO2,endometrium 1,7.3
LINGO2,smooth muscle,8.2
DENND4A,retina,54.8
IGDCC3,brain,6.3
IGDCC3,parathyroid gland,4.8
IGDCC3,placenta,5.7
GCSAM,lymphoid tissue,27.4
GCSAM,skin 1,16.1
ANKRD36C,bone marrow,13.9
ANKRD36C,salivary gland,14.6
SLC26A9,salivary gland,68.3
SLC26A9,stomach 1,32.0
MFSD4A,brain,31.9
MFSD4A,kidney,62.3
MFSD4A,stomach 1,125.1
PELI3,brain,38.3
TTC9B,brain,174.4
MYO1H,testis,1.0
TMEM81,brain,15.7
KLK15,intestine,2.1
KLK15,salivary gland,3.7
KLK15,testis,1.1
IL20RB,cervix,58.4
IL20RB,esophagus,121.1
IL20RB,skin 1,165.8
IL20RB,vagina,74.4
GOLT1A,liver,217.2
NPAS4,brain,18.6
NPAS4,pituitary gland,20.0
MSL2,bone marrow,58.7
CMKLR1,lymphoid tissue,32.3
UGT8,brain,244.3
KY,skeletal muscle,15.2
KY,tongue,25.9
SLCO2A1,lung,119.9
SLC29A2,skeletal muscle,85.0
SLC29A2,tongue,44.1
BRSK2,brain,96.9
BRSK2,pancreas,97.0
B4GAT1,brain,207.3
LEP,adipose tissue,288.5
LEP,breast,88.4
RESF1,lymphoid tissue,65.6
RESF1,ovary,65.3
FGFBP3,brain,10.2
PABPC5,adrenal gland,6.9
PABPC5,ovary,8.8
HRAS,brain,123.5
WDR49,choroid plexus,8.8
WDR49,fallopian tube,8.5
WDR49,intestine,4.2
PCP2,brain,111.4
PCP2,retina,31.1
PCP2,testis,110.8
RIN1,skin 1,9.0
ODAPH,placenta,5.5
FZD4,adipose tissue,112.7
CD248,adipose tissue,219.6
CD248,breast,146.3
BTC,intestine,24.8
PDZK1,kidney,556.3
ADGRE1,bone marrow,6.4
ADGRE1,lymphoid tissue,13.9
GLMN,retina,36.2
DNAH12,choroid plexus,8.7
DNAH12,fallopian tube,9.7
DNAH12,lung,3.5
DNAH12,testis,8.4
CNIH2,brain,424.2
AMY1B,salivary gland,9825.3
NLRP6,intestine,37.8
CATSPERD,testis,8.1
SEZ6L2,brain,99.0
SEZ6L2,pituitary gland,88.0
ASPHD1,brain,189.4
KCTD13,brain,64.5
KCTD13,testis,61.7
P2RY14,placenta,29.8
AMZ1,brain,2.1
GPR171,intestine,12.1
GPR171,lymphoid tissue,20.1
GPR149,brain,2.4
GPR149,seminal vesicle,1.3
CD164L2,esophagus,19.3
CD164L2,fallopian tube,28.3
CD164L2,salivary gland,12.7
FUT1,pancreas,31.7
FUT1,stomach 1,15.7
ZIC4,brain,91.7
CA5A,liver,30.1
ZG16,intestine,449.0
KLC2,brain,147.1
SLC22A1,liver,595.7
TEX36,testis,25.0
CHST2,brain,49.8
UBE2C,bone marrow,74.0
UBE2C,lymphoid tissue,105.6
DSG4,skin 1,2.4
VCPIP1,bone marrow,19.1
RTP1,brain,2.1
DES,heart muscle,5337.8
DES,intestine,4319.2
DES,skeletal muscle,10128.8
SPSB4,pancreas,11.9
SPSB4,testis,6.9
RAG2,lymphoid tissue,139.8
WFDC5,skin 1,376.0
MARCKSL1,brain,1097.7
YPEL2,retina,77.1
CADM2,brain,48.5
CADM2,retina,87.9
ABO,ovary,14.1
PSMD2,skeletal muscle,300.1
PPM1E,adrenal gland,5.1
PPM1E,brain,11.7
PPM1E,retina,20.7
PPM1E,testis,6.2
FAM131A,brain,96.5
CSRP2,blood vessel,333.8
INHBC,liver,154.2
PCCA,epididymis,206.3
HIGD2B,testis,3.4
NPPA,heart muscle,57628.0
GAL3ST3,brain,9.1
GAL3ST3,thyroid gland,12.4
C1orf127,pancreas,4.2
C1orf127,skeletal muscle,15.7
CHST1,brain,41.3
VWA3A,choroid plexus,53.8
VWA3A,fallopian tube,30.8
VWA3A,pituitary gland,16.2
CENPS,testis,46.4
CATSPER1,testis,16.5
CCNE2,bone marrow,34.9
CCNE2,brain,17.4
ANKS4B,intestine,11.9
ANKS4B,kidney,5.5
ANKS4B,liver,13.0
CST6,skin 1,1026.8
GRAMD2A,epididymis,33.9
GRAMD2A,placenta,45.7
ZNF519,brain,4.8
PROP1,pituitary gland,1.1
ISX,intestine,35.2
APOF,liver,389.4
CHRNA7,adrenal gland,7.3
CHRNA7,intestine,9.1
NRIP3,brain,52.0
NRIP3,retina,22.6
NRIP3,testis,40.5
PTPN2,lymphoid tissue,92.9
SCUBE2,epididymis,46.0
PCSK1,brain,31.0
PCSK1,pituitary gland,11.4
LPL,adipose tissue,880.1
LPL,heart muscle,327.9
RFESD,bone marrow,16.8
TBC1D10C,bone marrow,38.1
TBC1D10C,intestine,29.7
TBC1D10C,lymphoid tissue,68.0
PPP2R2D,pancreas,15.0
MCTP1,bone marrow,42.8
POLD4,liver,198.2
LRRC25,bone marrow,31.0
LRRC25,lymphoid tissue,58.6
DPP10,adrenal gland,10.1
DPP10,brain,20.3
DPP10,pancreas,16.3
TSGA10IP,testis,9.4
UBQLNL,testis,30.2
UBQLN3,testis,151.3
PNLIP,pancreas,419355.6
LIPT2,testis,10.9
KCNE3,intestine,66.2
KCNE3,stomach 1,53.0
CABP4,retina,63.1
UCP3,skeletal muscle,393.6
UCP3,tongue,245.8
UCP2,lymphoid tissue,260.0
PAAF1,brain,110.8
P2RY2,esophagus,27.5
P2RY2,skeletal muscle,46.6
P2RY2,tongue,29.1
FOSL1,adipose tissue,51.3
FOSL1,urinary bladder,78.4
ERCC4,skeletal muscle,17.1
SUGCT,kidney,41.4
SUGCT,liver,26.6
CCDC85B,brain,367.2
TMEM70,skeletal muscle,95.2
RMI2,lymphoid tissue,34.3
PRM1,testis,15140.1
TOM1L2,heart muscle,132.0
TEX26,choroid plexus,11.2
TEX26,testis,20.1
GPR156,testis,2.5
CCDC197,testis,7.8
MTLN,heart muscle,232.8
MTLN,skeletal muscle,736.2
MTLN,tongue,262.1
B3GNTL1,bone marrow,5.8
RBMXL3,testis,2.6
MLXIP,skeletal muscle,123.0
TTLL11,brain,27.8
EIF4E1B,brain,4.4
EIF4E1B,retina,2.5
PRIMA1,brain,45.4
PRIMA1,intestine,52.7
SFN,esophagus,2404.7
SFN,skin 1,1183.0
SFN,vagina,678.0
MSRA,kidney,85.5
MSRA,liver,61.6
CBLL2,testis,7.8
CCDC168,testis,8.4
CTDNEP1,skeletal muscle,395.2
SWI5,testis,149.3
GAPT,bone marrow,10.8
GAPT,lymphoid tissue,28.2
CALCB,brain,8.7
CALCB,thyroid gland,19.3
CREG2,brain,53.2
TMEM270,testis,74.6
HOXD8,epididymis,94.1
HOXD8,kidney,71.1
TSPEAR,heart muscle,1.7
TSPEAR,pituitary gland,2.3
TSPEAR,testis,2.4
PLEKHF2,bone marrow,96.7
PLEKHF2,lymphoid tissue,67.2
A2M,lung,1683.8
DOK7,heart muscle,42.8
DOK7,skeletal muscle,31.1
LRRN1,brain,15.7
KLHL38,heart muscle,50.8
KLHL38,skeletal muscle,238.4
KLHL38,tongue,66.4
DENND2C,esophagus,16.6
DENND2C,skeletal muscle,39.0
PLEKHD1,brain,9.5
PLEKHD1,parathyroid gland,5.6
PLEKHD1,retina,8.1
ASCL3,salivary gland,9.5
ZNF613,prostate,18.2
C11orf16,choroid plexus,13.3
C11orf16,fallopian tube,12.1
C11orf16,lymphoid tissue,5.8
TMPRSS7,testis,1.3
NUPR1,pancreas,1078.9
JAKMIP2,brain,18.2
JAKMIP2,pituitary gland,7.8
TPRN,brain,55.9
TPRN,pancreas,89.1
KCNE5,brain,16.6
KCNE5,tongue,4.5
ZNF683,testis,76.5
CRYBG2,cervix,19.0
CRYBG2,esophagus,61.7
CRYBG2,skin 1,22.8
CRYBG2,vagina,24.3
MC5R,epididymis,2.5
MC5R,lymphoid tissue,1.0
GPX2,gallbladder,463.7
GPX2,intestine,422.0
GPX2,liver,616.4
GPX2,stomach 1,346.0
GPX2,urinary bladder,323.3
HSF5,testis,45.6
FOXG1,brain,25.9
BNIP3,pancreas,530.0
BNIP3,skeletal muscle,333.5
ENTHD1,testis,10.3
CIDEA,adipose tissue,207.5
CIDEA,breast,138.9
LRRTM4,brain,11.3
LRRTM4,retina,6.1
ATAD5,bone marrow,11.6
OR4K17,bone marrow,1.8
OR4K17,liver,5.3
ACBD7,brain,69.8
HMGB4,testis,556.6
SLC35G1,intestine,64.4
OR4N2,testis,3.5
FOXR1,testis,4.1
TAC4,choroid plexus,2.5
TAC4,pituitary gland,5.1
PRR18,brain,50.1
B3GNT4,brain,4.9
B3GNT4,skin 1,2.6
HSD11B2,intestine,235.5
HSD11B2,kidney,324.7
HSD11B2,salivary gland,245.4
CRLF3,lymphoid tissue,33.2
DMRTA1,liver,7.8
EID2B,brain,15.5
GJC3,breast,8.0
GJC3,pancreas,10.5
GJC3,salivary gland,11.6
RIMS2,adrenal gland,45.5
RIMS2,brain,41.6
RIMS2,retina,72.6
SPRYD4,liver,19.3
VPS37D,kidney,12.5
SYNE3,bone marrow,12.3
LPCAT4,brain,60.2
SLCO3A1,brain,38.5
PLAAT3,adipose tissue,299.2
PLAAT3,brain,318.6
DIRAS1,brain,90.2
DIRAS1,heart muscle,98.9
DIRAS1,tongue,48.4
OR10AC1,lymphoid tissue,1.7
PHLDB3,esophagus,43.0
PHLDB3,skin 1,44.4
PRR15,cervix,58.9
PRR15,intestine,76.2
PRR15,stomach 1,46.5
GNG7,brain,421.2
CNTD1,testis,39.5
DCAF4L2,testis,19.9
CNBD1,testis,4.7
KBTBD11,brain,35.0
B3GNT5,bone marrow,72.3
MAP3K19,choroid plexus,8.5
MAP3K19,fallopian tube,17.0
MEX3C,testis,110.5
HORMAD2,testis,21.3
RNF152,kidney,52.8
MYO1D,blood vessel,223.6
MYO1D,intestine,104.3
FOXL1,blood vessel,12.1
TGIF2LY,testis,3.7
LRRC37A,testis,11.8
FOXC2,blood vessel,37.0
BDNF,brain,4.9
CCDC121,testis,23.7
BOK,brain,116.2
BOK,liver,95.9
PFN4,testis,77.5
MAGEB6,testis,3.0
CDK5R1,brain,71.3
TCERG1L,brain,7.3
TCERG1L,retina,5.7
TCERG1L,thyroid gland,14.0
NCKAP5,lung,10.8
DEFB104A,epididymis,1228.6
BASP1,brain,379.7
BASP1,epididymis,286.2
DEFB103A,cervix,4.7
DEFB103A,esophagus,6.3
DEFB103A,lymphoid tissue,7.1
DEFB103A,salivary gland,7.6
DEFB103A,vagina,9.5
LRRC37A3,testis,27.9
IRX5,breast,13.2
IRX5,skin 1,16.1
METRNL,skin 1,248.2
WSB2,tongue,152.7
GRIN1,brain,215.2
SOX11,brain,2.7
TYMS,bone marrow,83.5
TYMS,lymphoid tissue,105.9
PXMP2,liver,294.8
MAMSTR,adrenal gland,31.4
MAMSTR,skeletal muscle,83.3
MAMSTR,tongue,21.1
C8G,liver,522.4
FUT2,intestine,41.8
FUT2,salivary gland,58.0
FUT2,stomach 1,27.2
EFCAB5,testis,8.0
GCNT4,intestine,22.6
GCNT4,lymphoid tissue,14.4
GCNT4,stomach 1,17.5
MUC20,esophagus,44.0
MUC20,kidney,51.4
LY6H,brain,421.1
FIBIN,blood vessel,121.2
SHMT1,kidney,156.8
SHMT1,liver,375.9
TRIM60,placenta,1.4
TRIM60,testis,1.4
FMR1NB,testis,56.7
C19orf18,choroid plexus,15.2
C19orf18,testis,11.9
DEAF1,brain,42.8
SLC38A9,placenta,54.3
ACER2,stomach 1,58.3
ACER2,urinary bladder,36.7
POLE,bone marrow,20.8
SCN4B,brain,28.4
SCN4B,skeletal muscle,28.5
SCN4B,tongue,53.0
DSCAML1,brain,9.9
DSCAML1,retina,18.7
RHOG,bone marrow,257.8
EPS8L2,esophagus,184.2
ZDHHC22,brain,35.0
FAM9B,endometrium 1,2.0
FAM9B,liver,3.6
FAM9B,testis,5.9
CETN1,testis,128.4
FAM210A,tongue,30.9
RIMKLA,brain,7.9
RIMKLA,retina,10.3
CLVS1,brain,8.6
CLVS1,retina,4.8
B3GNT8,esophagus,11.8
B3GNT8,intestine,18.6
SPACA4,testis,111.8
TRIM72,skeletal muscle,142.2
TRIM72,tongue,40.2
DEFB4B,esophagus,9.6
DEFB4B,lymphoid tissue,3.2
KCNA3,intestine,1.9
KCNA3,lung,2.1
KCNA3,lymphoid tissue,2.5
FZD8,choroid plexus,18.5
FBXO39,testis,28.5
CLDN22,salivary gland,6.9
KCNA2,brain,33.6
KCNA2,retina,8.9
BEND2,testis,5.0
C10orf71,skeletal muscle,262.5
C10orf71,tongue,76.5
PPFIA3,brain,60.7
PPFIA3,pituitary gland,44.3
PPFIA3,skin 1,41.4
UMODL1,fallopian tube,1.0
SAMD9L,lymphoid tissue,34.0
UBE2U,testis,30.0
NAP1L5,brain,127.0
NIM1K,brain,12.1
NIM1K,choroid plexus,4.2
NIM1K,pituitary gland,6.3
NIM1K,retina,9.5
CD19,intestine,31.2
CD19,lymphoid tissue,70.8
ERICH5,pancreas,32.2
OR2T8,thyroid gland,1.0
GPR4,adipose tissue,38.2
ACOT4,kidney,14.0
ACOT4,liver,15.6
RBM44,testis,14.7
ZBED2,lymphoid tissue,44.4
ZBED2,thyroid gland,66.5
VCX2,testis,27.0
IRX3,breast,70.8
IRX3,skin 1,83.4
ST8SIA3,brain,23.5
ST8SIA3,pituitary gland,9.0
ST8SIA3,retina,7.0
SLC25A22,brain,120.1
SLC25A22,pancreas,82.1
NHLH2,brain,6.6
NHLH2,esophagus,2.2
NHLH2,retina,1.9
NHLH2,skin 1,3.1
FAM187B,testis,65.2
CD163,lymphoid tissue,224.8
ZNF491,retina,8.9
HASPIN,bone marrow,5.7
HASPIN,lymphoid tissue,5.0
HASPIN,testis,6.8
PGBD5,brain,26.4
PGBD5,cervix,17.0
PGBD5,pancreas,19.1
C12orf54,testis,49.9
IL17RA,bone marrow,33.1
PNPLA2,adipose tissue,487.2
PNPLA2,breast,357.1
MBOAT4,pancreas,3.3
MBOAT4,stomach 1,3.5
TEX44,testis,146.5
CD163L1,intestine,20.6
CD163L1,lymphoid tissue,30.0
SRRM3,brain,77.8
SRRM3,retina,25.2
DEFB114,epididymis,49.7
CRACR2B,pancreas,136.4
CRACR2B,salivary gland,210.1
MAGEB10,testis,2.3
DNAJC28,testis,6.3
CD151,blood vessel,806.4
NECTIN3,testis,51.0
SLC35G5,testis,2.2
ANXA2R,bone marrow,18.7
ANXA2R,lymphoid tissue,24.4
FLII,skeletal muscle,239.7
YIPF7,skeletal muscle,64.6
YIPF7,tongue,20.0
MYOZ1,skeletal muscle,6684.6
MYOZ1,tongue,3089.0
KCNJ10,brain,114.4
KCNJ10,kidney,26.1
KCNJ10,retina,34.0
PCDHB9,brain,4.1
CCDC184,brain,32.4
SPATA31C2,epididymis,21.7
SPATA31C2,testis,7.3
ARL6IP6,skeletal muscle,53.9
CAPZA3,testis,175.7
MAMDC4,brain,28.6
MAMDC4,liver,31.0
ODF3,testis,9.0
ASB8,skeletal muscle,273.6
ASB8,tongue,172.5
LCN15,intestine,11.2
LCN15,seminal vesicle,3.1
ODF3B,choroid plexus,75.1
DPY19L2,testis,78.0
SPATA31E1,testis,7.1
C2orf73,testis,46.3
GPR150,brain,2.5
GPR150,pancreas,6.5
TSPYL6,testis,20.1
LRRC75B,brain,8.6
ADAMTSL1,endometrium 1,12.5
CALHM5,blood vessel,7.5
ALS2CL,esophagus,35.3
ALS2CL,kidney,31.5
ALS2CL,skin 1,31.1
MLF1,skeletal muscle,170.9
MLF1,testis,340.3
NDUFAF3,testis,315.3
STAP2,esophagus,89.7
HTR3C,lung,2.3
TSSK6,testis,206.2
PDE4DIP,heart muscle,686.9
PDE4DIP,skeletal muscle,1934.8
PDE4DIP,tongue,1153.3
GOLGA8Q,epididymis,15.7
GOLGA8Q,thyroid gland,16.0
PPP1R42,fallopian tube,5.1
PPP1R42,testis,8.5
ZNF114,thyroid gland,5.4
AMER3,brain,8.1
SPINK6,brain,12.5
SPINK6,cervix,13.1
SPINK6,salivary gland,8.9
SPINK6,vagina,10.9
PARD6G,skin 1,35.9
ZC3H12D,bone marrow,3.4
ZC3H12D,intestine,4.4
ZC3H12D,lymphoid tissue,11.8
VN1R1,brain,6.6
VN1R1,retina,7.6
PLEC,skeletal muscle,229.5
RNF212,pancreas,8.5
PRSS36,pituitary gland,2.4
TMEM151B,brain,135.4
GALNT11,choroid plexus,799.6
GALNT11,kidney,213.9
SLITRK1,brain,13.8
PRM3,testis,80.6
TNP2,testis,48.3
SPAG11A,epididymis,4487.2
GEN1,bone marrow,14.3
TMPRSS9,liver,4.1
TMPRSS9,lymphoid tissue,2.2
TMPRSS9,testis,3.6
AQP11,adrenal gland,14.1
AQP11,intestine,27.0
AQP11,liver,15.1
KCNG2,brain,2.5
SHISA3,heart muscle,13.5
SHISA3,kidney,19.3
CALML3,cervix,307.0
CALML3,esophagus,823.1
CALML3,skin 1,277.9
CALML3,vagina,317.6
CALML5,skin 1,2986.9
HTR1A,brain,6.1
CCDC185,testis,33.7
FAM220A,skeletal muscle,65.9
FAM220A,testis,72.9
DNAJC22,liver,17.3
NEUROG2,brain,2.1
NEUROG2,testis,1.5
CEP295NL,testis,26.1
NT5DC1,choroid plexus,130.5
GLDC,liver,172.7
MCMDC2,testis,11.2
TUBAL3,intestine,26.6
P4HTM,choroid plexus,161.1
UCN3,intestine,8.2
UCN3,pancreas,5.4
UCN3,pituitary gland,2.6
UCN3,stomach 1,3.2
AMBN,brain,2.9
CTXN1,brain,691.5
SLC25A20,liver,138.7
CA8,brain,13.9
CA8,parathyroid gland,37.8
CD28,lymphoid tissue,28.7
CD28,placenta,13.9
ERBB4,blood vessel,7.6
ERBB4,brain,7.7
ERBB4,fallopian tube,10.6
CTNNBIP1,esophagus,168.6
CTNNBIP1,skin 1,410.4
OR6B3,retina,19.3
DEFB125,epididymis,1.4
DEFB125,seminal vesicle,1.1
PSAPL1,skin 1,95.9
PSAPL1,stomach 1,36.4
OTOS,pituitary gland,105.7
OTOS,thyroid gland,41.0
ERN1,pancreas,63.0
GPR35,intestine,44.3
C10orf53,testis,10.9
CSRNP3,brain,9.3
DYNAP,esophagus,27.6
GP5,lymphoid tissue,1.0
COX5A,heart muscle,1666.8
COX5A,skeletal muscle,1561.5
COX5A,tongue,1618.5
STX19,epididymis,15.4
STX19,intestine,12.6
ERFE,skeletal muscle,14.1
ERFE,testis,12.4
ERFE,thyroid gland,23.1
CPN2,liver,204.5
CPNE7,brain,16.9
CPNE7,epididymis,18.2
CPNE7,pituitary gland,13.3
C5orf46,blood vessel,85.7
C5orf46,salivary gland,170.7
C5orf46,skin 1,112.2
CD300LB,bone marrow,7.3
CD300LB,lymphoid tissue,7.7
GDPD4,retina,1.4
GDPD4,testis,3.6
RIIAD1,fallopian tube,23.4
RIIAD1,pituitary gland,13.0
RIIAD1,testis,8.4
H1-8,testis,7.0
OPLAH,testis,62.9
TMEM52,pancreas,206.6
TMEM52,skeletal muscle,280.0
TMEM52,tongue,193.9
TMEM139,intestine,31.8
TMEM139,kidney,30.1
RNF186,epididymis,63.5
RNF186,intestine,123.3
RNF186,pancreas,41.6
EFCAB13,testis,19.1
MSC,blood vessel,54.6
APOLD1,adipose tissue,116.6
RFLNA,stomach 1,89.4
EXOSC4,testis,94.0
FOXE1,thyroid gland,182.0
TPRX1,retina,1.0
TPRX1,testis,1.1
LGALS7B,skin 1,5653.1
SMIM10L2A,adrenal gland,28.8
SMIM10L2A,brain,38.6
SMIM10L2A,epididymis,13.6
ERICH3,brain,10.4
ERICH3,fallopian tube,16.3
ERICH3,testis,22.6
SELENOW,tongue,1841.7
SNX18,bone marrow,64.2
EXD1,testis,11.7
AURKB,bone marrow,41.6
AURKB,lymphoid tissue,55.9
C14orf39,pituitary gland,4.5
C14orf39,salivary gland,4.4
C14orf39,testis,10.1
KLHDC7A,kidney,18.2
TMEM107,choroid plexus,53.5
EXOC3L1,lymphoid tissue,43.9
TRIML2,placenta,3.8
TRIML2,testis,2.4
IGSF22,skin 1,1.0
C9orf50,testis,7.5
ZFP42,testis,2.0
CCDC89,fallopian tube,7.3
CCDC89,testis,24.3
FAM133A,brain,2.9
FAM133A,testis,7.3
C12orf42,testis,16.2
CYC1,skeletal muscle,684.3
CYC1,tongue,676.8
HTR1F,placenta,1.7
HTR1F,retina,3.3
HES7,brain,5.4
SPTY2D1,bone marrow,32.3
C10orf67,choroid plexus,5.4
C10orf67,fallopian tube,4.6
C10orf67,testis,11.6
CYP11B2,adrenal gland,178.8
GIMAP7,lymphoid tissue,159.3
ALOXE3,skin 1,53.8
TCAIM,liver,40.1
PXT1,testis,2.2
GGN,testis,90.1
TMEM125,brain,64.4
TMEM125,lung,71.4
TMEM125,pancreas,85.5
SIGLECL1,testis,19.0
GVQW3,retina,13.2
LDLRAD3,brain,28.1
CDH4,brain,12.7
CDH4,lymphoid tissue,3.4
CDH4,ovary,5.9
CDH4,skeletal muscle,3.5
SMCO3,cervix,3.2
SMCO3,kidney,2.8
RAD23A,skeletal muscle,921.7
RAD23A,tongue,418.3
PCARE,retina,26.4
DAND5,choroid plexus,4.7
DAND5,heart muscle,7.9
TMEM151A,brain,133.9
NSUN7,testis,15.4
RTL3,blood vessel,1.5
WSCD1,brain,18.6
WSCD1,lymphoid tissue,12.2
RAB39A,brain,3.7
RAB39A,lymphoid tissue,2.8
HLA-DQB1,lung,173.2
HLA-DQB1,lymphoid tissue,290.6
ARID3B,bone marrow,23.2
TMEM31,testis,105.6
PACS2,brain,95.7
PACS2,skeletal muscle,31.6
EGR3,skin 1,41.7
CATSPERE,testis,20.1
GPC5,brain,13.3
GPC5,kidney,6.8
GPC5,testis,5.7
VWA1,seminal vesicle,192.1
DNAJB8,testis,57.9
KLHL28,bone marrow,25.5
MKRN3,brain,6.1
MKRN3,retina,8.2
ZBTB18,brain,265.0
ALOX12B,skin 1,89.6
SLC17A8,intestine,4.9
SLC17A8,lymphoid tissue,1.3
LBX2,intestine,5.0
LBX2,liver,9.1
LBX2,stomach 1,3.0
SLITRK4,adrenal gland,9.8
SLITRK4,brain,9.6
HTR1D,brain,6.2
HTR1D,intestine,8.0
LSMEM2,heart muscle,22.3
LSMEM2,skeletal muscle,15.1
RNF151,testis,186.0
CIITA,lymphoid tissue,50.4
ALOX15B,breast,105.2
ALOX15B,prostate,68.6
PLD6,brain,21.2
GRM8,choroid plexus,20.4
TPPP2,testis,251.0
FCER1A,skin 1,35.1
RPRML,brain,47.2
ARL14,gallbladder,120.8
ARL14,intestine,48.2
ARL14,stomach 1,72.9
WDR97,testis,1.4
PCED1B,adrenal gland,38.9
PCED1B,lymphoid tissue,33.7
APOBEC3B,bone marrow,26.8
APOBEC3B,intestine,11.3
SYCN,pancreas,26730.7
PIPOX,kidney,136.1
PIPOX,liver,473.5
FOXS1,blood vessel,48.7
ATOH7,brain,3.0
ATOH7,kidney,1.2
ATOH7,liver,2.9
CDH5,placenta,221.7
LRRC3B,brain,23.8
LRRC3B,skeletal muscle,8.8
LRRC3B,testis,6.7
FAM216B,fallopian tube,73.0
MRGPRX3,salivary gland,2.5
MROH1,thyroid gland,46.1
SERTAD2,bone marrow,80.9
AKAP5,brain,17.6
NKPD1,skin 1,11.2
GIPC3,retina,15.5
RNF227,skin 1,61.0
ABCA13,bone marrow,42.1
NLRP11,epididymis,1.1
NLRP11,liver,1.0
CFAP276,choroid plexus,121.7
CFAP276,fallopian tube,100.1
CFAP276,testis,139.6
B3GNT3,intestine,41.3
B3GNT3,salivary gland,26.3
B3GNT3,stomach 1,40.7
ITLN1,adipose tissue,714.6
ITLN1,intestine,1172.6
NRXN1,brain,75.9
SEPHS2,liver,377.1
GPBAR1,adipose tissue,29.9
GPBAR1,breast,17.3
GPBAR1,gallbladder,16.3
ZNF784,skeletal muscle,40.2
CCR8,lymphoid tissue,7.2
GOLGA8J,testis,3.8
OR1R1P,testis,1.1
GARIN5B,testis,26.3
C3orf80,brain,12.5
C3orf80,esophagus,4.3
C3orf80,intestine,7.2
NKX2-6,heart muscle,1.0
NKX2-6,salivary gland,1.5
TMEM150B,intestine,60.2
ANKRD18A,bone marrow,17.6
ANKRD18A,testis,7.2
WFDC11,epididymis,88.7
TMEM86B,liver,47.0
SEPTIN1,intestine,23.5
SEPTIN1,lymphoid tissue,48.5
TDRD6,testis,25.9
C12orf40,testis,8.2
CSNK1A1L,testis,3.3
LYNX1,brain,124.9
LYNX1,heart muscle,74.4
TH,adrenal gland,185.6
TH,brain,129.8
FAHD1,kidney,69.0
WFDC9,epididymis,933.0
MYL11,skeletal muscle,18663.7
MYL11,tongue,5522.8
F2,liver,1138.4
GARIN6,testis,31.7
RRH,retina,70.0
SLC9A4,stomach 1,50.8
ADGRD2,seminal vesicle,2.1
GPR139,brain,2.2
PLD5,blood vessel,10.5
PLD5,brain,7.0
PLD5,choroid plexus,26.1
WFDC10A,epididymis,271.3
PNPLA1,skin 1,22.5
ALX1,epididymis,3.7
ALX1,kidney,7.1
CCDC43,skeletal muscle,68.8
KCTD4,brain,45.2
MEIOC,testis,44.5
FZD2,blood vessel,9.4
FZD2,choroid plexus,8.9
TIGD2,liver,20.7
ITPRID1,brain,2.4
ITPRID1,salivary gland,4.2
ITPRID1,skin 1,1.9
HCLS1,bone marrow,145.0
HCLS1,lymphoid tissue,290.6
MTURN,brain,1847.2
DEFB124,testis,1.0
KRTAP9-7,skin 1,7.8
HARBI1,testis,11.3
DEFB123,epididymis,149.9
DEFB123,testis,206.5
C11orf71,testis,130.9
CYP8B1,liver,378.2
SERTM1,brain,29.2
SERTM1,endometrium 1,22.3
SERTM1,fallopian tube,39.8
GAS1,endometrium 1,80.9
ARHGAP45,bone marrow,64.4
ARHGAP45,intestine,49.3
ARHGAP45,lung,37.7
ARHGAP45,lymphoid tissue,100.9
ZNF571,thyroid gland,72.7
GLIPR1L2,testis,43.6
DEFB119,epididymis,1809.3
KCNE1,choroid plexus,14.9
KCNE1,fallopian tube,14.4
KCNE1,heart muscle,10.7
KCNE1,kidney,3.9
ZSCAN4,stomach 1,2.4
BHLHA15,pancreas,526.6
BHLHA15,salivary gland,137.4
RNF182,bone marrow,8.0
RNF182,brain,15.9
RNF182,retina,8.1
TSPYL5,testis,41.8
FUT7,bone marrow,3.7
FUT7,lymphoid tissue,9.2
GSX2,brain,1.1
SSTR2,brain,17.7
SLC47A2,choroid plexus,123.0
SLC47A2,kidney,61.3
PRF1,bone marrow,26.9
PRF1,lung,15.5
PRF1,lymphoid tissue,46.4
MAB21L1,brain,30.3
MAB21L1,retina,62.9
YOD1,bone marrow,55.3
TMEM64,epididymis,136.8
C3orf22,testis,48.1
CHRM4,brain,4.6
CHRM4,intestine,5.8
CHRM4,lymphoid tissue,14.4
SHISA2,breast,11.7
SHISA2,skeletal muscle,13.3
SHISA2,thyroid gland,19.7
S1PR5,brain,48.4
CLRN3,intestine,83.9
CLRN3,kidney,40.9
CLRN3,liver,74.6
GPR157,skeletal muscle,55.8
CHST13,liver,54.8
CHST13,testis,16.1
AGTR2,endometrium 1,8.2
AGTR2,lung,8.3
AGTR2,smooth muscle,12.3
ANKRD30B,testis,8.3
OR51E1,adipose tissue,5.4
OR51E1,placenta,7.0
OR51E1,prostate,6.2
HOXC9,adipose tissue,10.7
HOXC9,skeletal muscle,25.6
MAP3K15,adrenal gland,9.8
MAP3K15,choroid plexus,4.3
HOXC10,blood vessel,23.2
HOXC10,kidney,27.7
HOXC10,skeletal muscle,106.3
BHLHE22,brain,22.8
MAP6D1,brain,120.4
CXCR2,esophagus,25.7
CXCR2,lymphoid tissue,40.8
DEFB112,epididymis,23.2
GREM2,gallbladder,29.4
GREM2,liver,24.6
C11orf42,testis,24.3
SSR4,pancreas,2940.4
CAPS2,retina,9.4
KCTD2,brain,10.0
OXTR,breast,50.5
FAM83H,esophagus,68.1
FAM83H,skin 1,33.5
GPR62,brain,22.8
MRPL14,skeletal muscle,175.9
GPR137C,brain,26.0
GPR137C,epididymis,7.3
GPR137C,retina,15.4
C1orf105,heart muscle,16.8
C1orf105,testis,24.6
BBS12,retina,16.3
LSMEM1,skeletal muscle,76.4
NQO1,stomach 1,493.1
RPH3AL,pancreas,49.6
RPH3AL,pituitary gland,42.4
SLC25A42,liver,76.0
FCRL6,bone marrow,7.4
FCRL6,lymphoid tissue,12.0
CHRM2,heart muscle,33.8
CHRM2,intestine,19.4
OR52N4,lymphoid tissue,2.7
MAPK15,choroid plexus,70.7
MAPK15,fallopian tube,36.1
ADIPOQ,adipose tissue,843.2
ADIPOQ,breast,252.6
F2R,lymphoid tissue,65.4
MUC16,adipose tissue,6.5
MUC16,cervix,15.0
MUC16,fallopian tube,5.5
MUC16,salivary gland,5.7
PJA1,epididymis,151.0
DHTKD1,liver,121.0
PENK,adrenal gland,355.7
PENK,brain,673.6
H2AC25,brain,75.7
POLR2A,lymphoid tissue,1.5
TMEM132C,adipose tissue,28.6
SLC25A41,brain,8.1
SLC25A41,testis,2.1
TLCD5,retina,48.1
OR5AK2,lymphoid tissue,5.2
TMEM132E,brain,12.7
NME9,choroid plexus,19.5
NME9,fallopian tube,16.5
SPEM1,testis,70.6
HEPHL1,cervix,9.3
HEPHL1,esophagus,4.2
HEPHL1,lymphoid tissue,8.9
HEPHL1,skin 1,3.2
HEPHL1,vagina,4.2
LRRC75A,intestine,44.6
CCL13,intestine,30.8
CCL13,urinary bladder,28.3
CFAP65,choroid plexus,8.9
CFAP65,fallopian tube,24.2
CFAP65,retina,8.5
CFAP65,testis,8.8
DDX60L,bone marrow,48.4
AATK,brain,103.9
DDN,brain,234.0
DDN,skeletal muscle,277.8
SAGE1,testis,4.5
SOX2,brain,71.9
SOX2,esophagus,22.9
TMEM45A,skin 1,449.0
ACBD4,liver,90.7
MAB21L2,intestine,170.0
FANCB,bone marrow,2.3
FANCB,lymphoid tissue,1.7
EDDM3B,epididymis,2419.9
EDDM3A,epididymis,600.6
TMIE,brain,14.0
TMIE,pituitary gland,10.1
MEX3D,testis,73.9
OR52D1,testis,1.1
FDCSP,lymphoid tissue,3043.3
FDCSP,salivary gland,7470.4
SLX1B,intestine,42.5
ANKRD62,testis,1.3
P2RY13,bone marrow,23.7
P2RY13,lymphoid tissue,34.7
TNFSF15,intestine,8.9
PHLDA2,esophagus,43.5
PHLDA2,placenta,74.9
ATG9B,esophagus,9.9
ATG9B,pituitary gland,5.9
ATG9B,testis,6.9
GPR88,brain,73.7
ZNF875,retina,130.2
PLAG1,retina,7.2
MACIR,bone marrow,29.6
GPR3,heart muscle,5.2
TMEM252,intestine,20.7
TMEM252,kidney,33.3
ODF3L2,skeletal muscle,7.7
ODF3L2,testis,22.3
OR5AS1,retina,2.6
ACTL9,testis,108.2
ADGRB1,brain,46.0
RELL1,brain,33.6
SLC35C1,liver,92.4
TIGIT,lymphoid tissue,36.1
SLC2A4,heart muscle,95.4
SLC2A4,skeletal muscle,219.2
FTMT,testis,48.6
CLDN7,esophagus,324.6
CLDN7,intestine,321.6
ZNF101,lymphoid tissue,25.7
RTKN2,lung,73.2
PNMA8A,brain,75.8
ADIG,testis,18.7
USH1G,esophagus,7.5
USH1G,skin 1,2.7
MGAT4C,brain,4.2
MGAT4C,epididymis,4.4
MGAT4C,testis,4.4
MGAT4C,thyroid gland,5.1
IDH2,heart muscle,462.3
IDH2,skeletal muscle,1220.1
IDH2,tongue,1504.2
PTCHD3,testis,3.1
GET1,choroid plexus,135.4
FAM181B,brain,19.9
FAM89A,adipose tissue,56.3
FAM89A,placenta,64.1
KCNIP1,brain,52.1
KCNIP1,epididymis,20.4
TDRKH,parathyroid gland,28.3
TDRKH,testis,20.7
MRPL41,heart muscle,826.1
ENPP7,intestine,98.5
P2RY8,bone marrow,29.4
P2RY8,lymphoid tissue,37.4
UNC5C,thyroid gland,11.1
RGMA,skeletal muscle,189.3
ASB18,heart muscle,6.6
ASB18,skeletal muscle,11.0
SHISAL2A,brain,3.9
SHISAL2A,intestine,2.9
SHISAL2A,lymphoid tissue,5.3
LDOC1,blood vessel,54.7
SHMT2,liver,222.9
HHIPL1,brain,9.5
ATP6AP2,parathyroid gland,719.4
ZAR1,testis,1.3
BACE2,stomach 1,21.6
SYNM,intestine,563.8
SYNM,skeletal muscle,585.1
SYNM,urinary bladder,445.8
KCNA4,adrenal gland,5.8
KCNA4,brain,7.9
GABRG3,prostate,6.2
GABRG3,retina,25.1
GABRG3,testis,8.6
NLRP10,breast,1.3
NLRP10,skin 1,4.6
IZUMO1,testis,17.5
TMIGD1,intestine,132.3
B4GALNT4,brain,63.4
B4GALNT4,ovary,23.8
AP1S2,epididymis,621.5
DCAF4L1,testis,23.1
SPACA6,testis,6.2
KCNJ14,retina,54.4
C1S,liver,2663.1
GLTPD2,liver,75.3
KIAA2012,fallopian tube,8.7
LIPF,stomach 1,35389.5
ZNF804B,thyroid gland,3.7
YBEY,testis,75.3
NXPH4,brain,18.5
NXPH4,skin 1,18.4
CACNB4,brain,24.9
CACNB4,skin 1,6.9
PGBD4,skeletal muscle,4.9
CDY2A,epididymis,1.0
CDY2A,testis,1.8
NPLOC4,skeletal muscle,155.9
KCNK4,brain,13.3
TEX19,testis,30.0
CAPN12,gallbladder,21.3
CAPN12,liver,25.9
KPNA2,testis,195.6
XKRX,lymphoid tissue,3.2
XKRX,skin 1,9.3
BGN,blood vessel,4110.9
LHFPL1,brain,2.5
LHFPL1,salivary gland,2.7
FES,bone marrow,78.7
FES,lymphoid tissue,110.0
TBPL2,skeletal muscle,1.4
TBPL2,skin 1,1.2
CAV3,skeletal muscle,171.2
CAV3,tongue,68.1
ADI1,liver,552.4
SPNS3,bone marrow,29.4
CLEC4G,brain,21.0
CLEC4G,liver,51.0
CLEC4G,lymphoid tissue,14.5
SATB1,lymphoid tissue,346.3
SATB1,skeletal muscle,89.7
NXPH3,blood vessel,34.6
NXPH3,brain,22.4
CSF1R,lymphoid tissue,106.8
CSF1R,placenta,97.1
EPHB3,skin 1,49.5
VCX,testis,29.8
EPGN,esophagus,46.0
KRTAP11-1,skin 1,187.3
SNORC,brain,88.1
SNORC,skin 1,31.3
HS3ST4,brain,16.7
TRAK1,heart muscle,158.2
TRAK1,skeletal muscle,245.8
TRAK1,tongue,189.2
TSPAN10,skin 1,1.5
PLCB1,brain,44.7
CCDC172,retina,2.9
CCDC172,testis,11.4
NTM,brain,83.3
NTM,retina,67.0
KCNB2,brain,2.0
KCNB2,lymphoid tissue,2.2
KCNB2,retina,4.2
PPP1R27,skeletal muscle,1144.3
BRICD5,brain,119.3
GALR2,intestine,7.3
RESP18,brain,46.4
IGIP,brain,44.2
TSKU,liver,222.0
ANXA2,esophagus,1962.5
RGS6,brain,11.5
RGS6,heart muscle,10.5
SLC35D3,brain,5.7
PAQR7,testis,60.1
PAPPA,placenta,68.1
MAFA,skeletal muscle,21.9
NGRN,brain,402.7
GRID1,brain,5.5
HCAR2,esophagus,39.2
HCAR2,skin 1,28.9
CCDC87,testis,13.3
C1orf116,esophagus,98.1
C1orf116,lung,68.8
C1orf116,stomach 1,55.4
MAGEB17,pancreas,1.9
MAGEB17,testis,1.6
CRIP2,blood vessel,641.8
CRIP2,heart muscle,1152.2
KRTAP13-2,skin 1,11.3
HAPSTR1,bone marrow,100.0
PLCXD3,brain,20.6
PLCXD3,heart muscle,31.0
PLCXD3,ovary,26.4
VMO1,lymphoid tissue,22.8
VMO1,pituitary gland,29.2
LCK,lymphoid tissue,325.6
GALNT9,brain,127.7
COL18A1,blood vessel,483.3
COL18A1,liver,547.3
ADGRG3,bone marrow,139.0
ADGRG3,lymphoid tissue,34.8
GLUD2,liver,3.7
GLUD2,testis,14.8
TMEM95,testis,10.0
RGS7,brain,22.3
SLC25A18,brain,139.0
SLC25A18,liver,106.7
TCEAL7,brain,120.5
C11orf54,kidney,530.1
C11orf54,liver,241.6
WFDC10B,epididymis,25.6
WFDC10B,retina,10.6
OTOP3,intestine,74.9
ODF3L1,testis,21.7
SPATA13,lymphoid tissue,61.5
GJC1,placenta,37.5
SOX1,brain,3.9
CADM1,retina,266.5
C12orf60,testis,14.5
PYCR1,pancreas,105.4
PYCR1,salivary gland,114.0
SPNS2,esophagus,50.0
MCEMP1,bone marrow,77.3
MCEMP1,lung,82.9
MCEMP1,lymphoid tissue,49.5
AP2A2,brain,50.3
SLC8A1,heart muscle,144.0
SLC25A21,bone marrow,5.9
OTOP2,intestine,18.8
OTOP2,testis,4.7
CYLC1,testis,29.7
PCP4,brain,2168.6
PCP4,choroid plexus,1406.9
PCP4,seminal vesicle,1201.5
ABAT,brain,128.7
ABAT,kidney,124.5
ABAT,liver,323.2
ABAT,pancreas,130.4
SLC25A10,liver,179.7
CAMK1D,brain,39.2
CAMK1D,retina,53.6
RGPD6,testis,24.9
WBP2NL,testis,17.4
NKX2-5,heart muscle,233.9
AFMID,liver,166.7
GAS6,blood vessel,838.0
FREM3,brain,1.2
NEB,skeletal muscle,7182.0
NEB,tongue,2198.5
BEGAIN,brain,53.7
BEGAIN,pancreas,22.6
BEGAIN,pituitary gland,18.8
ARHGEF37,brain,58.1
FAM43B,adrenal gland,21.1
FAM43B,brain,14.5
CSMD1,brain,4.0
CSMD1,retina,1.4
CSMD1,testis,2.4
PTGDR2,heart muscle,6.7
PTGDR2,intestine,8.0
PTGDR2,skeletal muscle,6.8
PTGDR2,stomach 1,8.8
GPR19,brain,7.8
GPR19,pituitary gland,7.4
GPR19,testis,3.7
TMEM119,cervix,57.2
CALN1,brain,52.6
CALN1,lymphoid tissue,23.0
GABRR3,retina,8.1
C2CD4C,brain,27.0
CHST6,adrenal gland,4.2
CHST6,brain,7.4
CHST6,cervix,8.9
POTEC,testis,1.8
RUVBL2,testis,232.1
GDPGP1,skeletal muscle,6.3
CTNNA3,heart muscle,13.7
CTNNA3,tongue,14.0
RIMBP3C,testis,6.7
PRR36,brain,46.0
PRR36,pituitary gland,27.8
ABHD16B,testis,15.3
CCDC60,choroid plexus,30.9
CCDC60,fallopian tube,17.2
CCDC60,testis,11.0
PLGLB1,brain,62.7
PLGLB1,liver,234.5
CCBE1,ovary,25.6
FAM9A,testis,4.1
MAGEA2B,testis,1.8
TMEM121B,brain,8.4
TMEM121B,prostate,6.2
EPHA10,brain,8.9
EPHA10,intestine,12.5
EPHA10,testis,12.4
SPDYE4,testis,5.2
REC114,testis,37.5
CABCOCO1,brain,13.6
CABCOCO1,fallopian tube,25.1
CABCOCO1,testis,14.4
GBP6,esophagus,276.3
OVCH2,epididymis,177.4
OVCH2,retina,85.4
SYNDIG1L,brain,488.9
FHL3,skeletal muscle,1501.5
FHL3,tongue,752.0
PMCH,brain,713.2
TMEM89,testis,28.3
TEKTIP1,testis,47.9
RIPK4,esophagus,69.6
LRIT3,retina,16.3
NPIPA1,brain,352.2
TFDP3,testis,3.9
GRIN2A,brain,15.1
URAD,intestine,22.6
SH2D7,intestine,2.2
SH2D7,testis,2.9
TREX2,blood vessel,9.0
TREX2,skin 1,25.9
GPR132,bone marrow,7.5
GPR132,lymphoid tissue,7.2
MX2,lymphoid tissue,28.4
MEX3B,cervix,12.4
MEX3B,testis,45.1
TENT5C,bone marrow,84.0
UTP11,skeletal muscle,111.8
UTP11,tongue,79.8
PSMG1,testis,37.6
KLRC4,lymphoid tissue,8.9
ACSM5,liver,258.6
C10orf120,testis,29.0
SERHL2,breast,399.3
PCBP3,brain,59.3
PCBP3,retina,75.7
PGPEP1L,skeletal muscle,28.6
TNFAIP8L3,endometrium 1,77.7
TNFAIP8L3,fallopian tube,53.7
TNFAIP8L3,smooth muscle,79.2
TANGO2,heart muscle,73.8
H3C13,bone marrow,3.3
GKN2,stomach 1,4351.2
FAM167B,kidney,44.4
CCR3,intestine,2.4
CCR3,lymphoid tissue,1.5
CCR3,skeletal muscle,1.6
DGCR6,skeletal muscle,196.5
GOLGA8G,testis,3.2
PRR32,tongue,20.8
TP53TG3,epididymis,6.5
TP53TG3,testis,3.4
RP1L1,retina,41.0
KRTAP8-1,skin 1,60.5
HOATZ,choroid plexus,158.9
HOATZ,fallopian tube,80.8
ZNF530,skeletal muscle,5.9
MARCHF11,testis,78.6
TAFA1,brain,18.3
TAFA1,choroid plexus,6.8
PSG9,placenta,100.4
CMKLR2,choroid plexus,31.5
BMP8A,thyroid gland,85.9
ALYREF,bone marrow,140.5
RFLNB,bone marrow,73.5
EFHC2,choroid plexus,26.4
EFHC2,fallopian tube,13.8
NOG,brain,5.5
NOG,placenta,10.0
UPP1,esophagus,42.3
OR4N4,testis,5.7
OPCML,brain,35.4
OPCML,parathyroid gland,9.7
OPCML,retina,10.5
FIGLA,ovary,2.9
FIGLA,retina,1.0
ASCL2,intestine,6.5
ASCL2,salivary gland,7.6
ASCL2,skin 1,8.0
CBX6,brain,81.0
MACC1,intestine,11.0
ACSM2A,kidney,258.7
ACSM2A,liver,350.0
BPY2,testis,1.1
ACP7,brain,10.1
ACP7,skin 1,5.6
FOXL2,cervix,13.7
FOXL2,fallopian tube,13.0
FOXL2,ovary,43.4
AIFM3,choroid plexus,136.7
KCTD16,brain,7.1
KCTD16,retina,1.8
B3GALT5,intestine,42.8
ZNF703,skeletal muscle,104.7
SLC35F3,brain,15.5
KCTD8,brain,16.9
KCTD8,retina,6.3
TUBA8,heart muscle,120.6
TUBA8,skeletal muscle,311.3
TUBA8,tongue,144.4
NPIPA5,brain,160.4
BPY2B,testis,1.1
EMILIN3,epididymis,50.6
OLFML1,ovary,63.2
FAM162B,placenta,61.2
CCR4,lymphoid tissue,12.1
CCR4,urinary bladder,5.1
ANKRD45,choroid plexus,6.0
ANKRD45,fallopian tube,11.9
ANKRD45,parathyroid gland,8.7
CFAP91,choroid plexus,15.4
CFAP91,fallopian tube,13.3
PNMA3,brain,30.4
PNMA3,epididymis,46.3
PNMA3,pituitary gland,14.1
PNMA3,testis,13.7
GPR39,intestine,6.3
FAM3B,intestine,134.3
FAM3B,pancreas,191.7
FAM3B,salivary gland,112.4
FAM3B,stomach 1,108.3
ZNF730,testis,4.7
IQGAP3,bone marrow,14.7
SCN5A,heart muscle,49.7
SRARP,brain,6.9
SRARP,breast,4.8
SRARP,salivary gland,2.8
NPIPA9,brain,545.9
LRRC55,brain,3.7
LRRC55,lymphoid tissue,1.9
DNAH2,fallopian tube,12.3
DNAH2,parathyroid gland,9.9
DNAH2,retina,19.2
DNAH2,testis,6.2
SH2D1A,lymphoid tissue,200.5
SDR42E2,testis,1.7
PRKX,thyroid gland,31.6
KCNH8,brain,10.2
KCNH8,pituitary gland,10.5
KCNH8,retina,3.2
SMTN,blood vessel,441.9
SMTN,intestine,828.4
SMTN,urinary bladder,510.6
NPW,liver,25.1
PP2D1,bone marrow,1.8
PP2D1,testis,6.9
NPB,brain,16.2
TMPRSS2,prostate,263.4
TMPRSS2,stomach 1,138.0
OR2T10,kidney,4.6
KRTAP20-2,skin 1,1.6
CTAG1B,testis,7.6
TBX1,skeletal muscle,77.1
TBX1,tongue,62.3
TRIML1,testis,11.0
CLDN5,adipose tissue,424.4
CLDN5,breast,412.2
CLDN5,choroid plexus,406.9
CLDN5,lung,384.3
NIPSNAP1,liver,272.7
CNTN2,brain,157.3
SPRR4,skin 1,135.5
LRRC51,fallopian tube,63.4
LRRC51,testis,93.1
KCNQ3,brain,15.7
ADRA2C,blood vessel,101.9
ADRA2C,cervix,60.5
ADRA2C,endometrium 1,54.2
C1QTNF12,intestine,6.4
C1QTNF12,kidney,3.5
C1QTNF12,skin 1,6.2
KCNJ12,brain,41.8
KCNJ12,skeletal muscle,64.7
KCNJ12,tongue,24.1
GPR173,brain,16.9
GPR173,pituitary gland,16.6
PGP,brain,59.6
DGAT2L6,breast,1.9
DGAT2L6,skin 1,6.1
OLIG1,brain,228.3
PCDH9,brain,38.4
ACOT1,liver,41.6
OAF,liver,407.9
ALDH1A3,prostate,126.3
ALDH1A3,urinary bladder,116.7
H2AC20,bone marrow,23.9
KCNK12,brain,10.2
H2AC21,bone marrow,3.2
POU6F1,brain,6.7
DEFB108B,epididymis,12.1
TACSTD2,esophagus,1245.4
TACSTD2,salivary gland,585.3
TACSTD2,skin 1,554.9
SIX6,pituitary gland,29.0
CCSER1,retina,3.1
CCSER1,testis,2.4
ZDHHC23,testis,10.2
MROH7,testis,50.7
S100A7A,cervix,6.5
S100A7A,esophagus,5.7
S100A7A,lymphoid tissue,5.5
S100A7A,skin 1,2.3
S100A7A,vagina,2.6
SRPK3,skeletal muscle,198.2
SRPK3,tongue,71.6
GDF3,kidney,4.3
IQCF2,testis,15.5
MRGPRE,brain,1.4
MRGPRE,cervix,1.4
KRTAP19-1,skin 1,16.7
H1-5,bone marrow,7.3
H1-5,lymphoid tissue,1.9
SPATA32,testis,43.5
PKP3,esophagus,283.5
PKP3,skin 1,212.8
MAP7D2,brain,29.9
MAP7D2,epididymis,34.4
COLEC10,liver,61.4
ACTRT3,testis,54.1
PABPC1L2B,brain,7.9
PABPC1L2B,prostate,2.0
PABPC1L2B,salivary gland,1.7
KCND2,brain,32.3
LRRC19,intestine,33.9
LRRC19,kidney,40.0
KNTC1,bone marrow,39.7
CCR10,pituitary gland,19.6
NCMAP,gallbladder,6.9
NCMAP,pancreas,8.1
NCMAP,salivary gland,7.3
BPIFC,skin 1,42.9
C1QTNF8,blood vessel,2.4
C1QTNF8,fallopian tube,1.7
C1QTNF8,pituitary gland,1.6
FOXO4,placenta,109.6
POU3F2,brain,11.1
PTP4A3,heart muscle,516.5
PTP4A3,skeletal muscle,565.4
FOXD4L1,brain,1.0
FOXD4L1,testis,1.1
PROS1,choroid plexus,133.4
PROS1,liver,264.9
GAST,stomach 1,9038.0
NUTM1,testis,18.9
BEX5,brain,150.4
BEX5,pituitary gland,82.8
CEND1,brain,277.6
C6orf58,salivary gland,2318.7
DHRS7C,heart muscle,102.3
DHRS7C,skeletal muscle,288.6
DHRS7C,tongue,342.6
DUSP8,brain,44.4
SOCS3,adipose tissue,480.4
SPEM2,testis,121.6
SLITRK6,salivary gland,26.2
SLITRK6,urinary bladder,13.8
LPAR5,esophagus,20.8
PDE4B,bone marrow,71.3
TAFA3,adrenal gland,12.9
TAFA3,retina,42.5
C14orf180,adipose tissue,38.7
C14orf180,choroid plexus,41.4
C14orf180,heart muscle,103.1
SNN,brain,168.3
SNN,skeletal muscle,111.2
KCNH7,brain,2.4
KCNH7,retina,1.4
NELL2,brain,117.3
NELL2,choroid plexus,119.8
NELL2,retina,78.9
SPDYE12,skeletal muscle,1.1
SPDYE12,testis,1.4
KRBA2,retina,31.9
PRSS55,testis,26.0
ODF4,testis,12.3
CDCA2,bone marrow,6.1
CDCA2,lymphoid tissue,10.6
CDCA2,testis,18.2
RALYL,adrenal gland,18.7
RALYL,brain,52.6
RALYL,kidney,17.9
AMER1,tongue,14.3
CLDN6,brain,1.0
CLDN6,pancreas,1.0
SEPTIN5,brain,531.3
LRRC26,salivary gland,285.7
SERINC4,retina,14.2
KRTAP6-1,skin 1,1.9
APOBR,bone marrow,32.7
APOBR,intestine,24.9
APOBR,lung,11.1
APOBR,lymphoid tissue,35.2
FAM110C,esophagus,30.3
DDX53,testis,5.0
NDUFA12,skeletal muscle,522.0
NDUFA12,tongue,528.2
SMIM10,blood vessel,48.5
DYNLT2,testis,16.7
OSBP2,bone marrow,49.6
OSBP2,retina,149.3
TRARG1,adipose tissue,95.3
TRARG1,breast,67.7
PRR23B,testis,1.2
ZBTB7C,esophagus,38.6
APOO,choroid plexus,102.5
PRR16,tongue,28.3
DRD1,brain,26.0
DRD1,retina,7.8
SDR42E1,skin 1,8.7
ARMCX2,epididymis,146.2
SRY,skin 1,1.6
SRY,testis,2.3
H1-10,bone marrow,948.8
TCEAL2,brain,243.0
TCEAL2,pituitary gland,179.4
CLCNKB,kidney,125.4
CLCNKB,salivary gland,40.2
DMRTC1B,brain,19.8
DMRTC1B,pituitary gland,16.0
FMNL1,bone marrow,255.3
FMNL1,lymphoid tissue,101.4
LCN12,epididymis,75.0
WT1,endometrium 1,41.8
WT1,fallopian tube,49.2
WT1,ovary,27.9
WT1,smooth muscle,30.9
AQP12A,pancreas,99.2
FAM227A,choroid plexus,4.7
FAM227A,testis,4.7
MUC6,pancreas,167.2
MUC6,stomach 1,397.1
CHRM5,brain,7.1
SORCS2,brain,16.6
TMEM121,brain,11.8
TMEM106A,kidney,20.4
BRI3BP,intestine,19.6
IFNE,esophagus,1.4
IFNE,urinary bladder,1.4
SLC22A10,liver,94.9
DGAT1,intestine,41.8
RFX6,adrenal gland,4.3
RFX6,intestine,2.1
RFX6,pancreas,2.2
RFX6,stomach 1,6.1
ROBO2,brain,10.4
ROBO2,ovary,13.1
F8,heart muscle,51.1
NT5C1B,testis,33.8
CA13,intestine,13.8
LRRC14B,heart muscle,39.2
LRRC14B,skeletal muscle,106.6
SEMA4B,esophagus,119.6
MROH2A,testis,1.6
MROH2A,thyroid gland,1.5
ANKS1B,brain,66.3
SGCZ,ovary,1.2
EFCAB10,choroid plexus,12.0
EFCAB10,fallopian tube,27.9
EFCAB10,testis,22.0
C5orf47,testis,20.2
KRT76,lymphoid tissue,2.4
KRT76,salivary gland,3.8
FLRT2,ovary,38.6
MANEAL,brain,23.5
ADSS1,skeletal muscle,1192.9
ADSS1,tongue,569.7
ANO9,intestine,32.2
ANO9,skin 1,26.3
MYADML2,skeletal muscle,78.7
FAM43A,lymphoid tissue,47.6
H2BC13,bone marrow,6.6
INPP5J,parathyroid gland,115.7
INPP5J,thyroid gland,191.9
NPY2R,brain,1.8
NPY2R,breast,1.6
MIXL1,lymphoid tissue,3.2
MFSD6L,pancreas,8.8
MFSD6L,testis,23.6
AQP12B,pancreas,201.3
ZNF479,testis,2.6
NRBP2,brain,95.2
PRSS57,bone marrow,155.9
TNFAIP2,urinary bladder,258.7
MC2R,adrenal gland,50.6
GP1BA,bone marrow,4.6
GP1BA,lymphoid tissue,13.7
MAGEA11,epididymis,19.9
PPIL6,fallopian tube,33.5
PPIL6,testis,17.5
UBALD2,bone marrow,215.4
TEX33,testis,79.6
CDNF,skeletal muscle,24.2
CDNF,tongue,19.0
NOTUM,placenta,127.5
KLHL33,skeletal muscle,68.5
KLHL33,tongue,18.8
RBM11,epididymis,42.7
GALNT17,brain,65.0
GALNT17,choroid plexus,59.6
NUPR2,testis,332.0
SPPL2C,testis,35.8
SFTPA2,lung,10182.2
RGPD2,testis,13.6
C12orf56,choroid plexus,2.3
C12orf56,testis,7.0
TCN2,kidney,108.1
PRKN,skeletal muscle,26.6
PRKN,tongue,14.8
HS6ST3,blood vessel,6.1
HS6ST3,brain,16.1
TNFAIP8L1,intestine,29.3
TNFAIP8L1,liver,33.1
OR2V1,liver,2.0
OR2V1,retina,1.7
MAPK11,brain,62.6
TARS3,skeletal muscle,36.0
TARS3,tongue,34.1
METTL7A,liver,395.4
SH3BGR,skeletal muscle,1188.4
SH3BGR,tongue,573.1
FAM174B,pancreas,75.0
FAM47A,testis,2.7
ZSWIM9,brain,17.6
KPNA7,ovary,3.1
KPNA7,stomach 1,3.4
GPRIN3,brain,10.9
KRT6B,cervix,341.3
KRT6B,esophagus,923.4
KRT6B,skin 1,266.2
PARPBP,bone marrow,8.8
PARPBP,lymphoid tissue,7.0
STAC3,skeletal muscle,2168.8
STAC3,tongue,1091.4
ROR1,parathyroid gland,23.1
MUC1,kidney,416.9
MUC1,stomach 1,998.2
IRF7,liver,38.7
IRF7,lymphoid tissue,33.5
L3MBTL1,brain,13.5
SV2B,brain,27.3
SV2B,retina,52.2
FAM131C,brain,72.1
FAM131C,kidney,19.0
LMNTD2,liver,23.5
LMNTD2,testis,27.2
SPATA45,testis,11.5
PDE6G,retina,1904.6
PRKG1,blood vessel,64.3
DLK1,adrenal gland,1265.2
DLK1,pituitary gland,731.7
DLK1,placenta,1533.9
LSAMP,brain,56.9
LSAMP,retina,37.7
AHNAK2,skin 1,294.4
DBX2,brain,3.4
INKA1,skin 1,23.2
PDIA2,pancreas,2364.1
P4HB,pancreas,2108.3
NDUFA4L2,blood vessel,404.8
NDUFA4L2,esophagus,399.1
SHC4,blood vessel,8.0
SHC4,brain,14.7
SHC4,testis,9.8
KRT79,skin 1,67.0
NTF3,blood vessel,26.5
SMIM23,testis,23.6
PMEL,cervix,31.6
PMEL,skin 1,109.1
SYN3,brain,5.0
POU3F1,brain,8.7
POU3F1,skin 1,30.9
SNAI3,skeletal muscle,29.3
LYG2,retina,3.2
LYG2,skin 1,7.9
MORN5,choroid plexus,76.5
MORN5,fallopian tube,104.3
MORN5,testis,78.2
PRAME,testis,102.1
MYBL1,lymphoid tissue,18.8
MYBL1,testis,11.0
DRG1,testis,149.8
ADARB2,brain,32.5
NRG3,brain,15.8
NRG3,retina,4.8
SRL,heart muscle,263.9
SRL,skeletal muscle,478.1
SRL,tongue,357.1
C11orf87,brain,18.0
KCNQ5,bone marrow,4.0
KCNQ5,brain,12.5
KCNQ5,skeletal muscle,15.2
KCNQ5,thyroid gland,4.1
KCNQ5,tongue,11.0
ADAMTSL5,cervix,31.4
KCNIP4,brain,36.4
KCNIP4,retina,16.8
SPATA31A6,testis,1.8
NLRP9,ovary,1.9
WDR53,testis,70.3
IKZF1,bone marrow,160.4
IKZF1,lymphoid tissue,99.0
PCYT2,liver,163.1
PCYT2,testis,248.9
NAT8L,adipose tissue,40.9
NAT8L,brain,93.1
NPAP1,testis,2.8
DNAH14,testis,18.5
CCDC190,blood vessel,2.6
CCDC190,esophagus,2.5
CCDC190,lung,1.5
EVI2B,bone marrow,178.5
EVI2B,lymphoid tissue,159.2
TMEM210,testis,32.7
ZNF829,testis,6.2
TMPRSS11B,cervix,105.8
TMPRSS11B,esophagus,382.6
TMPRSS11B,vagina,113.7
THNSL1,liver,20.0
TRIM69,testis,33.7
PRSS38,testis,4.1
BPY2C,testis,1.1
FFAR3,adipose tissue,3.8
FFAR3,breast,2.2
FFAR3,lymphoid tissue,2.4
C16orf54,bone marrow,38.9
C16orf54,lymphoid tissue,19.7
KLHDC8B,adrenal gland,123.7
KLHL34,skeletal muscle,23.9
PTCH1,cervix,34.5
RTN4RL1,brain,12.8
CALHM1,brain,1.9
KRTAP5-5,skin 1,3.2
NKAIN3,brain,10.0
IRS2,bone marrow,48.4
SPACDR,testis,66.0
FAM186A,testis,14.2
LCE3A,lymphoid tissue,100.5
BICD2,skin 1,60.5
LCE3E,cervix,54.8
LCE3E,lymphoid tissue,18.1
LCE3E,skin 1,19.0
LCE3E,vagina,43.4
CCIN,testis,70.2
GRK1,retina,39.5
DEFB128,epididymis,1124.9
SLITRK2,brain,11.5
SLITRK2,retina,30.4
PLK5,brain,32.4
PLK5,cervix,8.9
LEMD1,epididymis,14.0
LEMD1,testis,52.5
ATP4B,stomach 1,1001.8
DLEU7,brain,5.2
KRT73,skin 1,16.7
TAL2,skeletal muscle,12.8
CDIN1,heart muscle,73.6
CDIN1,tongue,32.2
CD300LF,bone marrow,25.5
CD300LF,lung,16.6
CD300LF,lymphoid tissue,28.5
ZPBP2,testis,89.1
KRT5,cervix,2249.7
KRT5,esophagus,6496.3
KRT5,skin 1,5566.5
KRT5,vagina,2417.1
NBPF6,liver,2.6
NBPF6,testis,2.5
AGBL4,brain,4.5
AGBL4,choroid plexus,3.5
AGBL4,retina,4.4
ARGFX,bone marrow,1.0
PIP5K1C,brain,116.0
CYP4F2,intestine,75.6
CYP4F2,kidney,38.2
CYP4F2,liver,155.9
TEX38,testis,377.3
PRR30,testis,138.1
DEFB131A,epididymis,125.9
UBL4B,testis,104.2
CYP4Z1,breast,5.2
KIF18B,bone marrow,11.9
KIF18B,lymphoid tissue,13.4
FFAR4,adipose tissue,3.8
FFAR4,intestine,10.7
FFAR4,lung,3.4
FFAR4,pituitary gland,10.4
BPIFB4,pituitary gland,7.5
SAPCD2,brain,12.8
SAPCD2,esophagus,8.2
EDARADD,urinary bladder,8.1
SLC51B,cervix,39.4
SLC51B,intestine,100.8
CYP4F12,intestine,39.1
CYP4F12,liver,41.4
MTARC1,adipose tissue,160.5
MTARC1,breast,74.8
MTARC1,liver,79.5
LCE5A,skin 1,83.2
SOWAHB,liver,17.9
LCE1E,skin 1,57.8
KLHL32,brain,20.2
KLHL32,fallopian tube,6.0
BTLA,lymphoid tissue,26.8
KDM4D,testis,31.1
PABPC1L2A,brain,10.5
GABRA5,brain,121.7
NAP1L3,brain,119.5
PRELID2,intestine,20.7
PRELID2,retina,14.6
BACE1,brain,113.1
BACE1,pancreas,243.6
RGS9BP,choroid plexus,11.8
RGS9BP,retina,16.1
RGS9BP,skeletal muscle,8.4
TMEM212,fallopian tube,28.3
SLC36A3,testis,7.0
SLC36A2,kidney,63.0
SLC36A2,skeletal muscle,75.0
SLC36A2,tongue,27.9
THBS2,blood vessel,160.2
MINAR2,skeletal muscle,33.0
CYP4X1,cervix,34.9
KRT26,skin 1,5.3
KRT10,skin 1,14580.6
CD300E,bone marrow,45.3
CD300E,lymphoid tissue,35.3
CCDC30,choroid plexus,9.6
GLDN,adipose tissue,17.3
GLDN,blood vessel,20.7
GLDN,brain,44.1
FCAR,bone marrow,24.7
FCAR,lung,10.7
FCAR,lymphoid tissue,14.5
KPNA4,skeletal muscle,116.7
KPNA4,tongue,56.0
TRDN,heart muscle,394.7
TRDN,skeletal muscle,1819.8
TRDN,tongue,951.2
KRT3,esophagus,2.9
KRT3,salivary gland,10.0
SPATA12,testis,21.4
TMPRSS12,testis,20.2
FAM228A,testis,33.8
DEFB132,epididymis,256.0
NAP1L2,brain,76.3
GNG2,brain,80.6
GNG2,testis,107.0
BTN3A2,lymphoid tissue,83.3
AKAP14,choroid plexus,73.0
AKAP14,fallopian tube,41.4
AKAP14,testis,81.5
PCLO,brain,21.2
PCLO,retina,20.1
KLK12,cervix,25.1
KLK12,esophagus,77.6
KLK12,salivary gland,33.6
KLK12,vagina,35.2
RGS7BP,brain,21.7
INSIG1,liver,526.8
MYT1L,brain,28.6
MYT1L,pituitary gland,10.5
CLCNKA,kidney,332.4
ARHGAP30,bone marrow,54.4
ARHGAP30,lymphoid tissue,72.7
FAM86B1,brain,7.3
FAM86B1,pituitary gland,6.9
CYP4F8,seminal vesicle,202.7
CYP4F3,bone marrow,75.8
CYP4F3,liver,217.9
DEFB105A,epididymis,1166.0
FOXD2,blood vessel,4.4
FOXD2,intestine,5.8
DEFB107A,epididymis,131.9
SMIM29,brain,148.5
DEFB106A,epididymis,2870.7
SPATC1,testis,33.4
DEFB105B,epididymis,473.2
HPDL,brain,4.0
FSD2,heart muscle,49.0
FSD2,skeletal muscle,144.6
FSD2,tongue,41.4
KIF24,testis,10.5
PDE2A,brain,119.7
PDE2A,lymphoid tissue,187.7
CARMIL3,brain,22.1
CARMIL3,pituitary gland,7.7
PRG2,placenta,2458.0
C17orf58,placenta,33.5
BCDIN3D,skeletal muscle,20.4
MAGEE2,brain,4.1
CYP27C1,skin 1,4.8
LYRM7,tongue,31.5
CFAP73,choroid plexus,29.6
CFAP73,fallopian tube,33.5
CCDC73,testis,3.5
MPPED1,brain,51.7
MPPED1,liver,22.0
FSCN2,pancreas,4.4
FSCN2,retina,8.1
FOXI2,cervix,1.6
FOXI2,esophagus,1.8
FOXI2,kidney,2.8
SPATA31D3,testis,7.6
HYAL3,bone marrow,34.3
VSIG10L,esophagus,69.2
VSIG10L,salivary gland,24.9
VSIG10L,vagina,25.5
CXCR3,bone marrow,6.8
CXCR3,intestine,6.0
CXCR3,lymphoid tissue,15.3
LILRB4,brain,13.5
LILRB4,lung,13.1
LILRB4,lymphoid tissue,17.7
TNFRSF4,adipose tissue,9.6
TNFRSF4,heart muscle,10.4
TNFRSF4,lymphoid tissue,12.7
KRT16,cervix,437.0
KRT16,esophagus,1008.0
KRT16,skin 1,348.3
KRT16,vagina,476.3
SELENOV,testis,9.4
LCE1A,skin 1,379.3
KRT14,skin 1,6581.3
TRABD2A,intestine,40.2
TRABD2A,lymphoid tissue,10.6
TRABD2A,ovary,38.2
KRTAP17-1,skin 1,21.9
PDZD7,brain,21.2
PDZD7,intestine,18.8
PDZD7,pituitary gland,7.1
QRFPR,brain,2.1
QRFPR,heart muscle,1.2
QRFPR,kidney,1.0
MAPT,brain,147.9
MAPT,skeletal muscle,83.6
ERCC6L,bone marrow,3.0
ERCC6L,lymphoid tissue,3.3
TNFRSF18,skin 1,36.5
FGF3,brain,5.2
C1QL4,testis,3.9
RTN4RL2,brain,34.0
RTN4RL2,liver,37.8
RTN4RL2,thyroid gland,28.5
SERPINA11,liver,458.6
P2RY4,intestine,2.1
PPARA,tongue,39.7
TMEM232,fallopian tube,13.5
TMEM232,testis,15.8
FAM183A,choroid plexus,61.2
FAM183A,fallopian tube,109.8
EFCAB6,fallopian tube,7.2
EFCAB6,testis,22.7
KRTAP19-5,skin 1,30.8
EMID1,brain,36.5
EMID1,lymphoid tissue,53.2
ACTL7A,testis,218.7
RHD,bone marrow,14.8
ESPN,liver,170.3
ESPN,retina,109.8
ESPN,testis,159.4
PNLIPRP1,pancreas,10208.0
KRTAP21-2,skin 1,1.3
KRTAP21-2,testis,1.5
SAMD7,retina,124.2
GPR141,bone marrow,24.5
TMPRSS6,liver,129.5
CYP4A11,kidney,202.9
CYP4A11,liver,794.7
TMPRSS11A,cervix,33.6
TMPRSS11A,esophagus,80.9
TMPRSS11A,lymphoid tissue,26.7
TMPRSS11A,vagina,39.0
TMEM262,testis,20.5
C3orf70,smooth muscle,13.8
DEFB106B,epididymis,37.6
CCK,brain,431.5
CCK,intestine,108.7
ENTPD5,intestine,100.7
ENTPD5,kidney,88.8
ENTPD5,liver,246.5
HEATR4,testis,10.7
LILRA5,bone marrow,40.5
LILRA5,lymphoid tissue,73.4
SLIT1,brain,32.7
SLIT1,pituitary gland,12.6
LYPD6,gallbladder,10.4
LYPD6,placenta,14.8
AKR1C1,liver,581.4
VSTM2B,brain,31.5
FOXD3,intestine,4.9
SPATA21,testis,7.3
RNF220,brain,85.5
RNF220,skeletal muscle,22.8
ANGPTL5,ovary,19.0
SHTN1,brain,53.0
H1-7,testis,207.9
LCE4A,skin 1,4.2
LCE2A,skin 1,111.6
KRTAP12-1,skin 1,22.4
LCE2C,skin 1,313.4
ENSG00000187186,brain,94.4
ENSG00000187186,testis,280.6
ZNF546,testis,7.3
TSPYL4,brain,88.5
DAZ3,testis,2.3
MT1X,liver,4654.0
MT1X,skeletal muscle,7048.3
GCNT1,intestine,47.0
GCNT1,parathyroid gland,79.0
GCNT1,stomach 1,36.8
GCNT1,thyroid gland,20.2
LCE2D,skin 1,150.2
LCE3B,lymphoid tissue,2.9
FNBP1,lymphoid tissue,101.9
DYNC2H1,choroid plexus,18.0
MAGED4B,brain,43.8
MAGED4B,pituitary gland,17.5
BCAM,blood vessel,346.2
BCAM,kidney,339.1
WDR86,thyroid gland,27.6
FAM9C,lymphoid tissue,35.9
KRTAP9-8,skin 1,41.7
CIDEC,adipose tissue,704.3
CIDEC,breast,500.3
DCC,brain,3.0
DCC,testis,7.2
MAGI2,brain,25.9
LUZP2,adrenal gland,6.1
LUZP2,brain,16.6
LHFPL3,brain,13.7
LHFPL3,retina,12.5
FPR3,lung,26.6
H1-6,testis,1.0
C11orf96,blood vessel,1697.4
KCNJ11,skeletal muscle,106.1
KCNJ11,tongue,40.3
CDHR4,fallopian tube,55.8
COL4A1,placenta,846.2
PLEKHG7,epididymis,1.8
PLEKHG7,fallopian tube,2.5
GJA4,blood vessel,107.0
H2AP,testis,44.9
ATP13A5,breast,16.1
ATP13A5,choroid plexus,33.4
ATP13A5,salivary gland,11.0
PRR27,salivary gland,1039.5
PRAMEF10,liver,2.1
AGMO,liver,114.4
SBK2,heart muscle,122.0
NANOS3,brain,2.7
NANOS3,testis,3.5
DPPA3,fallopian tube,1.0
DPPA3,ovary,3.0
DPPA3,testis,1.0
COX8C,testis,71.9
PLEKHN1,cervix,23.9
PLEKHN1,esophagus,58.4
PLEKHN1,skin 1,48.4
PLEKHN1,vagina,25.0
ZNF385C,brain,9.1
ZNF385C,testis,6.5
MAGEH1,epididymis,487.2
TET3,bone marrow,18.6
TET3,skin 1,14.7
ISG15,salivary gland,301.0
C17orf97,testis,55.1
RGPD1,cervix,8.0
RGPD1,placenta,9.2
RGPD1,testis,22.6
DHRS4L2,liver,122.6
SAMD11,pituitary gland,34.8
PERM1,heart muscle,64.2
PERM1,skeletal muscle,168.4
PERM1,tongue,126.9
C5orf52,testis,35.6
HAPLN4,brain,42.1
HAPLN4,intestine,14.5
HAPLN4,liver,11.7
ERC2,brain,9.6
ERAS,brain,3.2
AMTN,lymphoid tissue,26.5
AMTN,salivary gland,6.2
AMTN,stomach 1,6.9
EZHIP,brain,1.7
EZHIP,testis,5.8
C2orf88,testis,68.6
SLC18A3,brain,5.2
KBTBD12,heart muscle,12.9
KBTBD12,skeletal muscle,55.0
KBTBD12,tongue,24.1
THSD4,cervix,67.4
DNAJB13,choroid plexus,25.4
DNAJB13,fallopian tube,50.1
DNAJB13,testis,18.0
GABRD,brain,274.2
AMY1C,salivary gland,7880.0
FANCA,testis,21.0
C9orf153,testis,19.2
ADH1A,liver,2559.5
SEMA4D,brain,325.7
KRTAP10-8,skin 1,7.0
LIN28B,placenta,61.5
DIPK1C,brain,36.3
DIPK1C,retina,15.3
DNAH17,retina,2.3
DNAH17,testis,5.2
TMEM72,choroid plexus,45.3
TMEM72,kidney,76.7
FANCM,testis,6.5
FAM205C,testis,28.2
CARD9,bone marrow,6.8
CARD9,lymphoid tissue,8.1
TMEM202,testis,11.5
SOWAHD,intestine,3.8
SOWAHD,lymphoid tissue,6.7
SOWAHD,testis,4.8
HELT,kidney,1.6
TMEM220,liver,96.8
C2orf78,testis,11.9
EIF4EBP1,pancreas,309.6
P2RX2,brain,12.3
P2RX2,epididymis,20.6
P2RX2,prostate,14.1
CCDC157,testis,30.0
TTC24,lymphoid tissue,19.7
PALM3,kidney,44.9
PALM3,liver,55.4
PALM3,stomach 1,29.4
FYB2,choroid plexus,10.6
FYB2,fallopian tube,12.9
FYB2,liver,16.0
SHISA7,brain,24.6
LRRC74B,choroid plexus,1.6
LRRC74B,fallopian tube,2.5
LRRC74B,testis,1.2
DMBT1,intestine,1551.2
DMBT1,salivary gland,487.7
CLEC17A,intestine,5.3
CLEC17A,lymphoid tissue,17.1
LCN10,epididymis,30.5
C2orf66,adrenal gland,9.8
C2orf66,brain,4.7
C2orf66,pituitary gland,7.3
OVCH1,lung,1.4
OVCH1,testis,1.1
ZFTRAF1,skeletal muscle,9.2
ZFTRAF1,testis,9.1
COL14A1,blood vessel,256.6
DNER,adrenal gland,67.9
DNER,brain,121.9
DNER,choroid plexus,144.6
ZCCHC13,testis,21.4
PLA2G2C,intestine,3.2
C17orf99,bone marrow,8.2
OR7D2,testis,1.1
TPRG1,cervix,28.2
TPRG1,esophagus,49.1
TPRG1,vagina,31.9
MORN2,choroid plexus,181.8
MORN2,testis,170.3
RTP5,brain,49.6
S100A3,skin 1,98.8
RILPL1,heart muscle,59.0
RILPL1,skeletal muscle,83.2
C19orf67,testis,6.4
CLCN1,skeletal muscle,60.4
NRN1L,choroid plexus,25.0
NWD1,choroid plexus,76.5
ARL4C,bone marrow,61.3
ARL4C,lymphoid tissue,68.9
RNF133,testis,41.4
TMEM221,ovary,7.3
TMEM221,retina,8.8
TREML4,choroid plexus,1.9
RAB42,lymphoid tissue,22.8
WNT7B,brain,10.5
WNT7B,esophagus,11.7
WNT7B,skin 1,16.9
SCGB1C1,pancreas,1.4
SCGB1C1,retina,3.1
SCGB1C1,salivary gland,1.0
PLA2G4E,skin 1,14.5
FAM25A,cervix,200.4
FAM25A,esophagus,510.0
FAM25A,skin 1,173.2
FAM25A,vagina,179.4
EYS,retina,23.1
C6orf132,esophagus,142.8
C6orf132,skin 1,65.5
DAZ1,testis,1.9
MAPK12,skeletal muscle,280.4
MAPK12,tongue,112.9
TMEM215,retina,16.9
NUTM2G,testis,2.6
KRTAP10-6,skin 1,2.4
OTOG,pituitary gland,1.2
FAM166A,testis,56.7
TMPPE,bone marrow,5.2
HEPACAM2,intestine,90.3
SMTNL2,skeletal muscle,477.4
SMTNL2,tongue,127.1
PRKAR1B,brain,319.6
NUTM2B,testis,2.4
NCR3LG1,brain,6.0
NCR3LG1,parathyroid gland,7.0
PLA2G2A,blood vessel,1581.2
PLA2G2A,heart muscle,2383.2
PLA2G2A,intestine,1417.0
PLA2G2A,liver,1824.0
IL17REL,lymphoid tissue,4.0
IL17REL,stomach 1,1.7
OR7A5,brain,2.6
OR7A5,epididymis,4.2
OR7A5,parathyroid gland,6.6
C15orf62,esophagus,25.4
C15orf62,skin 1,16.6
RUFY4,lymphoid tissue,2.1
HES4,blood vessel,30.8
IGFL1,esophagus,114.5
IGFL1,salivary gland,29.5
IGFL1,vagina,32.6
PEAK3,bone marrow,2.2
PEAK3,lymphoid tissue,3.9
LRRIQ4,testis,2.5
CENPP,skin 1,20.3
ENO4,choroid plexus,5.2
ENO4,fallopian tube,4.7
SBK1,brain,43.0
SBK1,skeletal muscle,41.1
BSPH1,epididymis,361.3
SLC38A3,liver,310.0
SLC38A3,retina,160.5
OR6N2,bone marrow,1.0
CIBAR1,testis,102.1
FOCAD,choroid plexus,34.9
PRR19,testis,20.4
ZP3,ovary,19.1
GPR15LG,cervix,94.1
GPR15LG,esophagus,205.1
GPR15LG,intestine,257.9
GPR15LG,vagina,123.1
H3-5,testis,19.8
JAKMIP3,brain,5.2
JAKMIP3,pituitary gland,3.7
PPP3R2,testis,76.0
PDCD1,heart muscle,6.4
PDCD1,lymphoid tissue,15.0
CLEC2A,skin 1,54.3
GPR21,blood vessel,5.1
DYNLT4,choroid plexus,22.9
DYNLT4,fallopian tube,6.5
IGHV1OR15-9,breast,3.8
IGHV1OR15-9,intestine,8.0
IGHV1OR15-9,lymphoid tissue,8.1
IGHV1OR15-9,stomach 1,7.8
SELL,bone marrow,142.1
SELL,lymphoid tissue,216.7
NANOS2,testis,3.6
CERKL,fallopian tube,7.7
CERKL,kidney,8.1
CERKL,retina,19.5
SLC24A5,skin 1,7.8
IER5L,blood vessel,43.7
INSC,parathyroid gland,23.8
SERPINA5,adrenal gland,460.9
SERPINA5,liver,734.5
SERPINA5,testis,404.5
LCTL,brain,2.5
NCCRP1,cervix,144.0
NCCRP1,esophagus,439.6
NCCRP1,lymphoid tissue,117.1
NCCRP1,skin 1,261.1
NCCRP1,vagina,171.2
KRTDAP,cervix,1599.0
KRTDAP,skin 1,7413.9
KRTDAP,vagina,2040.8
COL25A1,retina,20.3
COL25A1,testis,16.7
FAM83G,esophagus,49.7
FAM83G,skin 1,65.2
CFAP77,choroid plexus,21.6
CFAP77,fallopian tube,27.9
CFAP77,testis,17.7
HBA2,bone marrow,35964.6
HBA2,lymphoid tissue,9277.3
CCDC9B,skeletal muscle,57.0
FBLL1,brain,41.4
FBLL1,pituitary gland,17.2
NKAIN2,brain,84.1
KRTAP1-1,skin 1,73.4
PAQR9,liver,9.6
PAQR9,retina,8.9
PAQR9,testis,11.2
CLEC20A,lymphoid tissue,1.1
CLEC20A,testis,2.9
CFAP54,choroid plexus,6.5
CFAP54,retina,5.6
FAM72B,bone marrow,5.8
FAM72B,lymphoid tissue,9.6
ASAH2,intestine,73.7
NANOS1,skeletal muscle,36.2
HMX3,brain,4.5
IGFL3,skin 1,25.7
GOLGA8M,thyroid gland,21.1
DPYD,liver,64.0
S100A16,esophagus,2382.1
CC2D2B,testis,8.1
RNASE9,epididymis,93.0
SAXO2,epididymis,16.7
SAXO2,fallopian tube,48.1
SAXO2,testis,18.6
RHCE,bone marrow,45.7
C2orf80,brain,39.6
IDO2,liver,3.1
IDO2,placenta,5.2
PARVB,skeletal muscle,183.6
PARVB,tongue,159.4
SLC4A5,choroid plexus,41.5
SLC4A5,parathyroid gland,11.5
SLC4A5,retina,38.8
SLC4A5,testis,14.8
SLC4A5,thyroid gland,25.0
KRTAP24-1,skin 1,5.6
DUSP29,skeletal muscle,97.3
OSTN,brain,1.2
OSTN,cervix,1.0
VWC2,brain,10.3
VWC2,heart muscle,4.6
VWC2,ovary,3.7
FAM221A,brain,30.1
TMEM120B,brain,45.9
FSIP2,intestine,1.3
FSIP2,stomach 1,2.4
FSIP2,testis,5.0
BCL2L15,bone marrow,12.5
BCL2L15,intestine,40.7
BCL2L15,stomach 1,17.4
FZD9,brain,5.3
FZD9,skeletal muscle,6.8
FZD9,testis,4.4
SPRED3,brain,3.5
ADRB3,fallopian tube,5.3
ADRB3,ovary,12.8
ADRB3,urinary bladder,5.2
SKOR1,brain,8.3
CATSPER4,testis,11.0
PRELP,blood vessel,545.5
PLA2G2E,lymphoid tissue,2.3
MTF1,bone marrow,19.4
TMCO2,testis,123.7
SHISA6,brain,16.6
SHISA6,cervix,15.8
TMEM201,skeletal muscle,40.6
HMX2,brain,1.7
HMX2,kidney,1.8
SNTN,fallopian tube,162.9
CALHM6,lymphoid tissue,130.4
CNR2,intestine,3.1
CNR2,lymphoid tissue,8.4
SLX4,brain,13.5
SLX4,testis,10.0
ENTPD8,intestine,26.0
ENTPD8,liver,15.0
BEND4,prostate,2.9
BEND4,testis,8.8
ZNF563,testis,13.5
TMC3,parathyroid gland,78.6
POTEA,testis,1.1
FBF1,testis,29.7
KLRG2,esophagus,3.7
KLRG2,kidney,4.7
KLRG2,salivary gland,4.1
KLRG2,thyroid gland,3.8
ASTL,bone marrow,3.7
ENSG00000188897,lymphoid tissue,17.7
LRRK2,lung,49.4
GJB3,esophagus,75.8
GJB3,skin 1,139.2
INSYN2A,brain,3.5
INSYN2A,retina,1.4
HACD4,bone marrow,11.3
CFAP126,choroid plexus,202.0
CFAP126,fallopian tube,142.6
UTS2B,intestine,3.2
UTS2B,retina,5.9
C9orf152,intestine,39.1
C9orf152,salivary gland,23.9
C9orf152,stomach 1,31.6
MSANTD1,brain,5.7
MSANTD1,testis,3.9
AADACL3,placenta,1.5
AADACL3,skin 1,3.0
LIPI,epididymis,395.8
LRRC66,intestine,20.8
LRRC66,skeletal muscle,7.4
HUS1B,testis,2.0
SBSN,cervix,628.8
SBSN,esophagus,1012.5
SBSN,skin 1,2318.1
SBSN,vagina,717.4
KIR2DL4,lymphoid tissue,4.3
MAGEB16,testis,3.0
DUSP21,testis,10.2
NDUFA4,heart muscle,520.4
NDUFA4,tongue,609.4
ANKDD1B,fallopian tube,4.1
RNFT1,testis,60.7
RNF222,cervix,4.6
RNF222,esophagus,16.6
RNF222,skin 1,6.7
RNF222,vagina,5.7
CGB5,pituitary gland,6.6
CGB5,placenta,24.2
RELN,brain,26.2
RELN,liver,12.6
FAM111B,lymphoid tissue,16.7
APOD,breast,4727.6
APOD,choroid plexus,4195.6
H1-0,bone marrow,667.8
GAGE2A,testis,89.2
VSTM1,bone marrow,40.6
FAM25G,cervix,11.6
FAM25G,esophagus,20.8
FAM25G,salivary gland,9.5
FAM25G,skin 1,37.8
FAM25G,vagina,9.8
IL1RAPL2,adrenal gland,1.3
SP6,placenta,21.4
SP6,skin 1,13.9
ANKRD34B,brain,10.7
PLAC9,choroid plexus,215.8
FAM47B,testis,8.8
NKAPL,retina,11.7
NKAPL,testis,30.4
FSCB,testis,28.7
CLDN4,esophagus,317.9
CLDN4,intestine,265.3
CLDN4,urinary bladder,282.7
GRAPL,intestine,10.7
GRAPL,lymphoid tissue,24.2
JPT1,testis,394.7
KRTAP10-12,skin 1,9.0
KRT77,skin 1,262.0
DCAF8L2,testis,18.6
BTBD8,brain,12.6
BTBD8,retina,16.7
BTBD8,testis,4.8
MAOA,intestine,206.3
C15orf61,skeletal muscle,22.2
NUGGC,liver,19.2
NUGGC,lymphoid tissue,21.4
SPANXN3,testis,47.4
TRIM64B,placenta,3.4
DRICH1,epididymis,16.0
DRICH1,testis,44.0
GJB5,esophagus,98.0
GJB5,skin 1,90.6
GJB5,vagina,33.8
FHIT,choroid plexus,607.4
ALKAL2,adrenal gland,212.1
FOXR2,testis,1.2
FAM180A,blood vessel,35.4
FAM180A,gallbladder,15.0
FAM180A,heart muscle,14.9
BNIP5,intestine,23.2
SPANXN4,testis,24.8
S100A14,esophagus,3629.8
S100A14,vagina,1167.7
KAZN,brain,71.8
KAZN,lymphoid tissue,88.0
TOGARAM2,choroid plexus,7.3
TOGARAM2,fallopian tube,19.0
SPATA31D4,testis,5.8
KIAA0408,brain,21.6
KIAA0408,skeletal muscle,26.4
TBC1D28,testis,18.3
CXCL17,esophagus,125.8
CXCL17,lung,140.3
CXCL17,salivary gland,146.4
CXCL17,stomach 1,338.0
OTUD6A,testis,4.5
MMP23B,ovary,26.3
SH2D5,brain,16.8
SH2D5,testis,6.9
NCR1,lymphoid tissue,3.3
RASSF10,esophagus,5.7
RASSF10,salivary gland,4.3
RASSF10,skin 1,6.4
GJB4,skin 1,58.6
OR2L13,brain,5.7
OR2L13,retina,2.0
SYCP2,breast,13.0
SYCP2,testis,40.2
ZNF724,bone marrow,2.6
ZNF724,esophagus,2.4
IL1RAP,liver,210.8
PTPRT,brain,13.8
PTPRT,fallopian tube,10.2
PTPRT,lymphoid tissue,5.9
MYBPC1,skeletal muscle,10574.4
MYBPC1,tongue,4864.3
PAX5,lymphoid tissue,37.0
SPOCK3,brain,127.4
SPOCK3,parathyroid gland,164.7
SPOCK3,prostate,69.3
TDRD7,retina,58.4
CFAP119,choroid plexus,36.5
CFAP119,testis,22.1
MATCAP1,brain,79.4
HLA-DRB1,lung,554.1
HLA-DRB1,lymphoid tissue,574.2
MYT1,brain,32.9
SERPINA3,liver,8462.6
SERPINA3,pancreas,4871.0
AKR1C3,intestine,415.2
S100A4,blood vessel,2003.6
PLEKHG4,testis,40.1
KRTAP4-3,skin 1,16.8
KIF19,brain,12.0
KIF19,fallopian tube,11.3
KIF19,lymphoid tissue,13.3
ACADSB,liver,336.7
OR10J1,testis,6.6
TMEM63A,brain,153.0
CTSE,stomach 1,1103.2
SEMA4A,epididymis,48.4
HRCT1,adipose tissue,28.5
HRCT1,blood vessel,51.2
GREB1,ovary,255.7
SIRPB2,lymphoid tissue,12.4
RYR1,skeletal muscle,1065.7
RYR1,tongue,322.3
SRGAP3,brain,35.0
KRTAP5-3,skin 1,7.4
SULT1C3,breast,266.7
LCOR,bone marrow,24.1
ZNF107,lymphoid tissue,10.0
SFTA2,esophagus,48.9
SFTA2,lung,178.9
ZNF836,adrenal gland,25.5
GRM7,brain,5.3
GRM7,parathyroid gland,4.0
ATP2A1,skeletal muscle,7723.9
ATP2A1,tongue,2988.7
GIMAP5,lymphoid tissue,99.5
STK31,testis,59.9
CGB7,pancreas,2.8
CGB7,skeletal muscle,2.4
CGB7,skin 1,2.7
NLGN3,brain,31.9
NLGN3,seminal vesicle,11.4
ADH7,esophagus,188.6
ZNF729,testis,1.8
CPNE4,brain,8.7
CPNE4,prostate,24.6
NTNG2,bone marrow,23.6
NTNG2,brain,19.6
NTNG2,retina,19.3
ELAVL3,brain,145.3
LONP1,adrenal gland,190.0
NUDT11,brain,27.0
NUDT11,testis,33.8
SRGAP2B,brain,55.9
SRGAP2B,skin 1,15.1
FUT4,bone marrow,96.5
SLC35F1,brain,25.3
SLC35F1,retina,12.2
INCA1,testis,46.1
SPANXD,testis,20.7
THEM5,skin 1,137.8
NOXO1,brain,5.4
NOXO1,intestine,8.1
NOXO1,lymphoid tissue,4.4
NOXO1,testis,4.6
PRTN3,bone marrow,1978.0
S100A5,skin 1,2.6
S100A5,thyroid gland,2.9
C20orf204,brain,10.6
NBPF4,intestine,1.2
NBPF4,testis,4.1
CRYBA4,epididymis,1.4
CRYBA4,testis,1.1
ASMT,choroid plexus,7.2
NPIPB15,testis,45.1
YRDC,bone marrow,47.2
RFX8,bone marrow,3.5
MYL6B,skeletal muscle,639.5
MYL6B,tongue,611.1
FGF16,choroid plexus,4.2
GK2,testis,83.7
ESRRG,kidney,27.1
ESRRG,parathyroid gland,43.5
ESRRG,retina,33.5
ESRRG,stomach 1,33.1
IPO4,testis,55.2
SULT1A1,intestine,105.1
SULT1A1,liver,191.2
ARL9,choroid plexus,11.0
ARL9,testis,8.3
TPK1,intestine,13.1
SLC6A9,brain,76.8
SLC6A9,skin 1,43.4
MYO18A,skeletal muscle,381.4
MYO18A,tongue,115.5
SPTSSB,skin 1,58.9
SPTSSB,stomach 1,67.0
SPTSSB,urinary bladder,62.6
MME,intestine,314.1
MME,kidney,282.6
FAM72A,lymphoid tissue,10.3
CCDC196,testis,3.7
CACNA1H,intestine,103.4
SULF2,ovary,147.8
HBG2,placenta,9659.8
LAMA2,placenta,138.5
PFN3,testis,24.0
AJAP1,brain,6.0
XRCC2,bone marrow,5.5
SLC22A25,liver,29.8
POTEF,testis,1.7
MMP1,gallbladder,70.7
MMP1,stomach 1,44.2
MMP1,urinary bladder,48.6
ADH1B,adipose tissue,1408.8
ADH1B,liver,5476.4
UGT2B15,gallbladder,73.0
UGT2B15,liver,272.2
WNK3,epididymis,11.1
WNK3,testis,9.2
SLC30A10,intestine,23.1
SLC30A10,liver,44.2
TLR7,placenta,6.0
FAM180B,choroid plexus,25.6
HSH2D,bone marrow,44.4
HSH2D,lymphoid tissue,36.2
TRPV1,liver,21.8
ALKAL1,gallbladder,2.2
ALKAL1,thyroid gland,2.2
ALKAL1,urinary bladder,1.5
LCE1B,skin 1,167.7
HLA-DQA1,lung,314.2
HLA-DQA1,lymphoid tissue,314.3
COL27A1,brain,98.1
COL27A1,cervix,113.0
H2AC13,bone marrow,4.9
CLPSL2,epididymis,501.4
S100A2,esophagus,3547.5
S100A2,urinary bladder,1021.6
POU3F4,brain,19.9
H2AC11,bone marrow,12.2
H2AC11,testis,5.5
SPRR2B,cervix,44.1
SPRR2B,esophagus,51.2
SPRR2B,skin 1,41.3
CHRNG,skeletal muscle,31.5
MVB12B,brain,110.8
ILRUN,skeletal muscle,202.1
POTEI,prostate,2.4
POTEI,testis,3.1
ADA,intestine,454.0
ADA,lymphoid tissue,228.3
ARID5A,blood vessel,78.7
PATE2,epididymis,425.2
PPTC7,tongue,130.9
KRT39,skin 1,4.8
TOMM20L,testis,10.4
RGPD4,testis,2.9
CRACDL,brain,35.0
CRACDL,epididymis,29.9
SCN8A,brain,16.9
SCN8A,pituitary gland,6.3
SCN8A,retina,7.3
LAMB3,stomach 1,69.1
LAMB3,urinary bladder,68.2
H2BC26,brain,6.1
H2BC26,choroid plexus,3.4
TEX43,testis,21.4
KPNA5,testis,39.2
HCAR1,breast,10.8
HCAR1,parathyroid gland,37.9
PDLIM7,blood vessel,549.7
PDLIM7,intestine,568.3
PDLIM7,skeletal muscle,620.5
FLNA,blood vessel,1674.2
FLNA,intestine,1114.0
TMEM26,lymphoid tissue,8.3
ZNF705A,epididymis,2.2
SLC39A10,brain,44.1
SLC39A10,thyroid gland,45.2
SMIM10L2B,brain,38.2
SMIM10L2B,heart muscle,10.2
ANXA4,gallbladder,535.2
ANXA4,pancreas,336.5
FAM163B,brain,61.2
NPIPB9,testis,2.6
GMFB,brain,98.2
SIGLEC15,breast,1.6
SIGLEC15,intestine,2.8
SIGLEC15,urinary bladder,1.2
DTHD1,fallopian tube,12.9
DTHD1,lymphoid tissue,3.7
H4C3,bone marrow,4.7
H4C3,lymphoid tissue,3.4
KRT35,skin 1,55.3
LCE1C,skin 1,534.9
GAL3ST4,skin 1,26.6
DYNC1H1,brain,15.0
SLC6A17,brain,53.7
SLC6A17,pituitary gland,23.8
ZGPAT,liver,123.4
SLC25A29,thyroid gland,407.2
ZNF679,testis,1.0
ADAM32,testis,26.5
ACSL5,epididymis,211.6
ACSL5,intestine,405.8
ACSL5,liver,159.5
LRRC8B,brain,20.9
H3C12,bone marrow,1.2
H3C12,lymphoid tissue,1.0
SULT1A2,intestine,49.1
SULT1A2,liver,47.6
NEK5,fallopian tube,8.1
NEK5,testis,10.0
MAGEA6,testis,7.0
ADGRA1,brain,26.2
PIWIL2,testis,26.9
NOL4L,retina,45.9
CYSRT1,esophagus,460.4
SLC22A4,bone marrow,19.5
ZSCAN5B,testis,1.7
H4C11,liver,17.6
SLC2A7,intestine,2.3
SERPINA1,liver,31416.7
C6orf141,brain,8.0
IL27,liver,25.9
GUCA2A,intestine,969.2
ZNF165,testis,18.5
FITM2,heart muscle,62.4
BLM,bone marrow,5.3
BLM,lymphoid tissue,7.4
BLM,salivary gland,7.4
SVIL,skeletal muscle,750.5
SVIL,tongue,518.7
PELI1,bone marrow,215.9
LYPD2,esophagus,338.7
ZNF98,pancreas,35.0
FBXL22,endometrium 1,49.5
FBXL22,intestine,55.6
SLC22A5,skeletal muscle,33.7
DACT3,blood vessel,119.2
ADARB1,blood vessel,110.4
ZNF860,lymphoid tissue,3.9
C5AR1,bone marrow,118.4
C5AR1,lymphoid tissue,80.0
DIO3,cervix,20.8
DIO3,placenta,18.3
CYP2B6,liver,549.6
H3C4,bone marrow,11.5
DCHS2,brain,1.5
DCHS2,endometrium 1,1.1
DCHS2,intestine,1.0
VEPH1,adrenal gland,19.1
VEPH1,kidney,25.2
VEPH1,lung,27.7
FABP12,retina,52.1
OPALIN,brain,139.3
MAP3K5,adrenal gland,83.2
OGDHL,choroid plexus,119.9
OGDHL,kidney,113.8
OGDHL,liver,74.8
CYP2F1,lung,1.1
CYP2F1,testis,1.8
STMN3,brain,337.2
PDGFA,blood vessel,101.8
GYPE,bone marrow,12.5
COL13A1,blood vessel,18.3
COL13A1,brain,28.2
COL13A1,epididymis,18.8
SPN,bone marrow,67.7
SPN,lung,26.6
SPN,lymphoid tissue,47.6
ZNF628,testis,21.8
SLC28A3,choroid plexus,31.6
FAM177B,stomach 1,42.6
MIB2,skeletal muscle,46.9
OR6Y1,retina,1.2
MYO5A,brain,31.4
MYO5A,parathyroid gland,36.7
GZMM,bone marrow,20.4
GZMM,lymphoid tissue,21.9
ELANE,bone marrow,3672.0
COL4A6,endometrium 1,33.0
COL4A6,urinary bladder,40.3
HOXA4,brain,36.2
BCO2,heart muscle,44.0
BCO2,liver,48.9
BCO2,retina,51.8
KCNMB2,epididymis,33.4
KCNMB2,fallopian tube,13.1
ENPP1,placenta,40.7
CCDC154,testis,11.9
MFAP5,endometrium 1,184.8
MYH6,heart muscle,4840.4
MPEG1,lymphoid tissue,193.5
SERPINB2,esophagus,224.8
SERPINB2,lymphoid tissue,76.1
SERPINB2,skin 1,84.1
DPP4,intestine,130.0
DPP4,parathyroid gland,146.6
DPP4,placenta,126.0
DPP4,prostate,100.7
SERPINB13,cervix,88.0
SERPINB13,esophagus,170.7
SERPINB13,vagina,128.9
PDCD1LG2,lymphoid tissue,14.3
ZNF433,testis,20.4
CCER1,testis,36.2
DNAH10,fallopian tube,3.2
DNAH10,testis,2.8
SLC22A24,kidney,4.1
KRTAP26-1,skin 1,17.7
NMB,adipose tissue,75.6
KLHL14,lymphoid tissue,8.2
KLHL14,seminal vesicle,12.0
KLHL14,thyroid gland,12.9
CR1L,bone marrow,1.4
SCGB1D4,cervix,49.3
SCGB1D4,epididymis,41.2
SCGB1D4,fallopian tube,78.6
S100A10,esophagus,2017.3
CFAP43,choroid plexus,94.1
CFAP43,fallopian tube,46.0
CFAP43,testis,53.6
LHFPL5,bone marrow,17.2
LHFPL5,epididymis,11.6
HOXC6,fallopian tube,31.0
TXNRD3,testis,19.1
CFD,adipose tissue,1421.6
STPG3,testis,41.0
MAP1LC3C,adipose tissue,12.9
MAP1LC3C,breast,13.2
CCDC180,brain,3.7
CCDC180,choroid plexus,13.3
CCDC180,fallopian tube,6.0
CCDC180,retina,6.0
CCDC180,testis,12.3
OCLN,thyroid gland,29.4
CFAP299,fallopian tube,18.6
CFAP299,testis,25.6
CYP2A13,liver,1.9
ADAMTSL2,heart muscle,71.2
ADAMTSL2,liver,35.6
SGTB,brain,30.0
PRB3,salivary gland,13016.8
CYRIA,brain,46.1
UGT2B17,intestine,357.0
UGT2B17,liver,104.0
MEIG1,fallopian tube,3.4
MEIG1,testis,9.5
SLC22A12,kidney,103.6
KIF13B,parathyroid gland,152.0
NRAP,skeletal muscle,2213.4
NRAP,tongue,1069.5
SLC22A6,kidney,183.7
TEAD4,skeletal muscle,122.6
HES5,brain,15.3
HES5,skin 1,4.8
ZNF677,testis,42.4
ERO1A,esophagus,169.0
ZNF311,testis,2.4
PLCG2,lymphoid tissue,42.3
FCHSD1,parathyroid gland,47.7
AADACL2,skin 1,10.1
DNM3,brain,39.9
MBP,brain,89103.1
ELOVL2,brain,20.3
ELOVL2,liver,49.1
ELOVL2,placenta,33.1
ELOVL2,retina,25.8
LEKR1,testis,12.1
C1orf122,brain,170.8
CLEC9A,brain,4.1
CLEC9A,lymphoid tissue,7.0
KEL,bone marrow,53.1
KEL,testis,36.6
ODAD3,choroid plexus,13.9
ODAD3,parathyroid gland,9.2
ODAD3,testis,10.3
DLGAP2,brain,6.1
DLGAP2,testis,11.5
ENTPD7,intestine,13.8
SPANXA1,testis,4.3
ZNF560,retina,1.9
ZNF560,testis,5.8
TUBA3C,testis,390.0
ZNF273,brain,10.7
ZNF667,pituitary gland,21.6
AVPR1B,pituitary gland,13.8
SIRPA,brain,159.6
GRK6,bone marrow,126.6
PRIM1,bone marrow,26.4
POTEH,prostate,1.5
AKR1B10,esophagus,211.0
AKR1B10,intestine,577.8
AKR1B10,stomach 1,408.0
CYP2A7,liver,162.8
KRTAP9-9,skin 1,22.8
NUP62CL,epididymis,16.3
NUP62CL,fallopian tube,16.2
SFI1,brain,25.5
KRTAP4-6,skin 1,31.1
TMPRSS11F,cervix,4.9
TMPRSS11F,esophagus,14.2
TMPRSS11F,lymphoid tissue,3.8
TMPRSS11F,skin 1,8.8
TMPRSS11F,vagina,4.7
ADH4,liver,4815.9
CHSY3,blood vessel,10.0
LPAR1,brain,220.4
MB,heart muscle,14050.6
MB,skeletal muscle,38156.8
MB,tongue,27139.2
DEFB107B,epididymis,501.4
TMEM229B,brain,25.4
NPIPB6,testis,36.2
HMGN5,testis,100.2
MIER1,bone marrow,92.4
FAM47C,testis,2.7
TFDP1,bone marrow,154.7
CLEC4C,lymphoid tissue,5.1
BPIFA1,cervix,5.8
BPIFA1,lung,18.6
BPIFA1,pituitary gland,12.3
HSD17B11,intestine,271.8
HSD17B11,liver,225.9
SULT1C2,kidney,69.6
SULT1C2,stomach 1,154.3
RPS6KL1,brain,31.0
ENSG00000198211,testis,5.2
CACNA1E,brain,16.6
CSF2RA,placenta,59.9
TMEM116,choroid plexus,56.4
TMEM116,parathyroid gland,56.0
KRTAP4-5,skin 1,11.4
CARD11,intestine,17.3
CARD11,lymphoid tissue,37.8
PEG3,ovary,195.7
PEG3,placenta,126.9
PHETA1,intestine,23.3
TMEM239,testis,36.0
HYLS1,testis,24.8
MYL4,heart muscle,6049.7
HOXC4,fallopian tube,21.9
DCAF12L2,epididymis,20.2
ASPH,adipose tissue,362.0
WWP2,blood vessel,111.7
KRTAP13-1,skin 1,8.9
TMEM207,kidney,16.6
NTRK1,adrenal gland,6.6
MT1F,kidney,661.3
MT1F,liver,1026.8
MT1F,thyroid gland,1106.9
NRARP,intestine,44.9
KRTAP4-1,skin 1,19.0
CCT8L2,testis,20.2
TPM2,skeletal muscle,36557.0
TPM2,tongue,15656.5
RTP2,skeletal muscle,1.9
RTP2,testis,1.1
SH3BGRL2,salivary gland,152.3
ANKRD35,skin 1,58.1
B3GNT6,intestine,20.4
B3GNT6,salivary gland,6.3
B3GNT6,stomach 1,23.5
HLA-DRB5,lung,335.8
HLA-DRB5,lymphoid tissue,396.9
ATL1,brain,56.1
CNGA1,retina,244.8
ARMH1,fallopian tube,7.7
ARMH1,testis,10.9
PLN,heart muscle,1463.0
PLN,skeletal muscle,474.8
C2CD4A,pituitary gland,12.7
ITGBL1,blood vessel,156.8
C20orf203,brain,1.7
KCNRG,fallopian tube,33.6
WDHD1,lymphoid tissue,7.5
SLC34A3,intestine,9.1
SLC34A3,kidney,14.3
RD3,retina,43.8
SPANXC,testis,30.4
SH2D1B,lymphoid tissue,7.1
SH2D1B,skeletal muscle,11.4
SH2D1B,tongue,6.1
ARC,brain,36.4
ARC,pituitary gland,67.6
ZNF536,brain,30.4
ZNF536,retina,8.8
MMP17,brain,49.9
BAZ1A,bone marrow,70.4
AKR1C4,liver,670.3
CCDC69,skeletal muscle,330.8
RYR2,heart muscle,137.9
ZNF534,brain,2.4
ZNF534,retina,1.0
ZNF534,testis,1.8
FAM3D,esophagus,270.0
FAM3D,intestine,458.5
FAM3D,salivary gland,440.9
TAT,liver,1188.4
LPA,liver,71.8
TAFA2,brain,18.4
MAGEA1,testis,4.4
PAPSS2,adrenal gland,132.1
SLC9A6,brain,36.5
ABCA4,choroid plexus,90.6
ABCA4,retina,328.7
EIF1AY,heart muscle,113.5
EIF1AY,tongue,122.8
MT-ND6,heart muscle,33513.0
MT-ND6,skeletal muscle,54270.6
GPX6,epididymis,3.1
MT-CO2,heart muscle,214510.8
DLL1,lymphoid tissue,42.7
ANKRD13B,brain,44.3
ECI2,liver,395.0
TEX45,testis,19.4
MT-CYB,heart muscle,131222.4
PPP1R14C,heart muscle,70.7
PPP1R14C,skeletal muscle,62.3
PPP1R14C,skin 1,90.3
PPP1R14C,thyroid gland,55.0
SMOC1,brain,62.5
SMOC1,liver,58.0
F5,choroid plexus,77.1
F5,liver,164.8
F5,placenta,44.1
MSRB1,liver,255.1
LRRTM3,adrenal gland,2.4
LRRTM3,brain,10.4
LRRTM3,pituitary gland,2.7
SLC5A3,kidney,27.1
PLXNB3,brain,85.1
PLXNB3,intestine,56.5
OXCT2,testis,69.6
COLGALT2,brain,25.7
EPS8L3,gallbladder,33.5
EPS8L3,intestine,133.8
EPS8L3,stomach 1,47.9
EGFL6,placenta,605.7
MT-ND2,brain,107283.0
MT-ND2,heart muscle,130852.9
SYCP1,testis,37.6
APCDD1L,blood vessel,5.3
APCDD1L,salivary gland,18.1
RCSD1,lymphoid tissue,107.6
RCSD1,skeletal muscle,138.5
FAM169A,retina,72.5
GRIN3A,brain,7.1
MT-ND5,heart muscle,26164.9
MT-ND5,skeletal muscle,24072.9
MUC2,intestine,436.8
SCAMP5,brain,200.0
SCAMP5,retina,263.3
ZNF521,brain,59.3
ALPK2,heart muscle,39.2
ALPK2,skeletal muscle,35.9
ALPK2,tongue,31.0
BRINP2,adrenal gland,8.5
BRINP2,brain,27.2
MAGEB3,epididymis,16.7
MAGEB3,testis,4.7
MT-CO1,heart muscle,265338.6
MT-CO1,tongue,172333.2
PNP,bone marrow,299.3
PNP,epididymis,551.4
PAX9,esophagus,76.7
PAX9,parathyroid gland,40.5
PAX9,salivary gland,48.8
LRRC10,heart muscle,37.4
GK,intestine,82.3
GK,kidney,98.4
GK,liver,66.9
CD247,bone marrow,38.0
CD247,lymphoid tissue,150.1
GRM3,brain,48.9
INPP5F,brain,137.7
ARHGAP11A,bone marrow,22.5
ARHGAP11A,lymphoid tissue,24.2
SUCNR1,kidney,37.3
SELENOM,blood vessel,874.6
GJC2,brain,67.0
RYR3,brain,33.4
RYR3,choroid plexus,27.9
RYR3,skeletal muscle,22.6
RYR3,tongue,41.1
MT-ND3,heart muscle,186829.7
STYXL2,heart muscle,59.5
STYXL2,skeletal muscle,107.3
STYXL2,tongue,50.5
ARHGEF15,adipose tissue,44.7
ARHGEF15,breast,40.8
TOX,lymphoid tissue,48.8
CES1,liver,2354.1
CD3E,lymphoid tissue,596.2
C1orf68,skin 1,639.5
CCDC152,liver,125.8
STKLD1,testis,9.4
ASB12,skeletal muscle,84.8
ASB12,tongue,48.7
PNMA5,brain,22.0
PNMA5,testis,8.3
ITPRIPL1,testis,26.1
MT-ND4,heart muscle,197808.9
MT-ND1,heart muscle,129323.4
DCAF12L1,epididymis,4.6
DCAF12L1,fallopian tube,2.4
DCAF12L1,testis,5.8
SHISA4,skeletal muscle,205.9
CIPC,skeletal muscle,123.7
MT-ATP6,heart muscle,240225.6
PRC1,bone marrow,84.5
PRC1,testis,50.4
L1CAM,brain,133.9
L1CAM,intestine,47.5
POU3F3,brain,29.8
POU3F3,epididymis,30.6
POU3F3,kidney,43.4
POU3F3,seminal vesicle,14.3
RASGEF1A,bone marrow,13.8
RASGEF1A,brain,19.2
ATG9A,skeletal muscle,136.4
NOS1AP,brain,16.3
CSAG1,brain,1.9
CSAG1,testis,1.2
GPRASP1,brain,65.9
MAGEE1,brain,25.0
MT-CO3,heart muscle,238539.3
SOWAHA,brain,142.5
SOWAHA,intestine,37.0
MFAP3L,testis,42.4
TGM2,blood vessel,775.7
RORB,retina,51.5
OR10Z1,bone marrow,7.1
IQANK1,esophagus,39.7
IQANK1,skin 1,27.0
ENSG00000203546,adipose tissue,1.1
ENSG00000203546,skeletal muscle,1.1
GP1BB,brain,92.5
OR2L2,brain,1.2
OR2L2,retina,1.5
STUM,brain,47.5
STUM,intestine,15.2
CAPN8,stomach 1,274.8
CR1,adipose tissue,12.4
CR1,lymphoid tissue,25.7
RAET1G,adrenal gland,7.5
RAET1G,esophagus,13.8
C1orf53,liver,15.4
TEDDM1,epididymis,543.7
ECT2L,fallopian tube,8.1
GPR52,brain,5.1
NTMT2,heart muscle,1.6
FCGR3A,lung,196.4
FCGR3A,lymphoid tissue,285.0
TMEM244,retina,59.4
OR6K3,bone marrow,1.2
CENPW,bone marrow,47.7
SPRN,brain,12.6
SPRN,liver,7.3
FAM229B,testis,427.8
FANK1,choroid plexus,64.6
FANK1,fallopian tube,32.9
FANK1,testis,56.5
LORICRIN,skin 1,1773.2
PRR9,skin 1,54.2
LELP1,testis,1035.1
SPRR2E,esophagus,1664.7
SPRR2E,skin 1,1202.2
KPRP,skin 1,318.1
FAM24A,testis,16.5
DDO,heart muscle,17.2
PLPP4,brain,2.0
H3C14,bone marrow,1.4
H3C14,brain,2.3
H3C14,prostate,1.7
H3C14,retina,1.3
PNLIPRP3,breast,8.5
PNLIPRP3,skin 1,13.4
H3C15,bone marrow,2.2
HSD3B1,placenta,73.1
HSD3B2,adrenal gland,2103.4
RBM20,heart muscle,38.2
RBM20,pancreas,18.7
C6orf163,testis,7.2
RIPPLY2,brain,32.4
RIPPLY2,pituitary gland,10.6
GDI1,brain,501.7
PCMTD2,retina,164.6
SOX18,heart muscle,77.1
LIME1,liver,258.7
OOEP,testis,13.3
KHDC3L,brain,1.3
KHDC3L,testis,1.0
DPPA5,testis,2.0
C1orf146,retina,1.9
C1orf146,testis,7.0
SPANXN1,testis,2.8
SPANXA2,testis,61.3
CXorf66,testis,12.7
C10orf62,testis,263.0
SAMD13,intestine,20.6
SAMD13,salivary gland,16.5
CCDC160,salivary gland,12.3
C1orf141,fallopian tube,8.7
C1orf141,testis,14.3
DEFB110,epididymis,820.7
GLYATL3,liver,1.1
LDLRAD1,fallopian tube,109.3
RHOXF2B,testis,28.1
ZYG11A,kidney,2.7
ZYG11A,testis,3.5
ZYG11A,thyroid gland,2.2
LCN8,epididymis,79.3
C1orf185,testis,23.7
GLT6D1,testis,4.4
IFIT1B,bone marrow,24.2
CT83,testis,66.2
LIPN,skin 1,25.2
LIPK,skin 1,27.4
LIPJ,testis,6.5
TRPC5OS,testis,20.2
LRIT2,retina,54.7
LRRC73,brain,12.2
LRRC73,testis,42.3
TCEAL5,brain,113.7
TCEAL5,pituitary gland,67.3
TCEAL5,testis,65.5
TCEAL6,brain,95.6
TCEAL6,pituitary gland,67.7
TCEAL6,testis,25.1
RPA4,testis,1.6
NEU4,liver,78.7
MAFB,parathyroid gland,256.8
C2orf72,brain,5.9
C2orf72,liver,18.9
RUFY2,brain,31.3
NHSL2,brain,11.2
GGTA1,blood vessel,87.5
GGTA1,salivary gland,125.4
CLPSL1,epididymis,572.6
CLPSL1,pancreas,165.3
ASAH2B,intestine,13.8
ZDHHC18,bone marrow,107.7
CXorf65,testis,25.4
NPY4R,intestine,5.6
NPY4R,skin 1,2.8
GPRIN2,brain,9.1
GPRIN2,skin 1,13.5
PTPN20,testis,12.7
PTPN20,tongue,13.8
TXNDC8,testis,17.5
AWAT1,skin 1,1.9
TCEA3,skeletal muscle,446.3
COL11A2,brain,14.2
COL11A2,pituitary gland,21.9
COL11A2,testis,7.6
HLA-DOA,lymphoid tissue,27.3
HLA-DMA,lymphoid tissue,119.3
TMEM235,brain,38.2
PAGE3,testis,7.2
HLA-DRA,lung,931.1
HLA-DRA,lymphoid tissue,1196.6
COL15A1,placenta,215.4
TSBP1,testis,33.0
TMEM225,testis,20.5
NOTCH4,adipose tissue,22.4
AGER,lung,687.2
PJVK,testis,37.1
PRRT1,brain,67.2
SMIM5,kidney,32.7
ERICH2,choroid plexus,45.3
ERICH2,testis,155.9
SP5,cervix,6.0
BTBD17,brain,7.1
NXPE2,epididymis,23.8
NXPE2,intestine,9.2
NXPE2,salivary gland,20.0
SPANXN5,testis,38.2
XAGE1A,testis,44.0
XAGE1B,testis,61.7
SLC44A4,intestine,123.7
SLC44A4,prostate,80.5
SLC44A4,stomach 1,79.1
HSPA1L,testis,54.8
VWA7,pituitary gland,20.0
CASP12,ovary,7.4
MSH5,testis,11.3
CSHL1,placenta,141.3
MPIG6B,lymphoid tissue,4.5
MPIG6B,skin 1,7.7
LY6G6C,skin 1,553.8
LY6G6F,bone marrow,3.6
LY6G6F,lymphoid tissue,1.2
LY6G6F,skin 1,1.3
LY6G5C,brain,2.4
NALF1,brain,8.5
NALF1,pituitary gland,4.8
APOM,liver,448.8
TRIM64,placenta,1.1
AIF1,bone marrow,221.5
AIF1,lymphoid tissue,358.4
NCR3,bone marrow,3.8
NCR3,intestine,5.2
NCR3,lymphoid tissue,15.5
LST1,bone marrow,94.4
LST1,lymphoid tissue,180.8
PRAMEF9,skeletal muscle,31.2
MCCD1,kidney,120.2
MICB,lymphoid tissue,9.4
AADACL4,choroid plexus,1.7
HLA-C,lymphoid tissue,1377.9
POU5F1,kidney,16.8
CCHCR1,testis,129.4
PSORS1C2,skin 1,250.4
CDSN,skin 1,663.9
PSORS1C1,testis,105.5
C6orf15,cervix,5.2
C6orf15,lymphoid tissue,3.2
C6orf15,skin 1,6.3
MUC21,cervix,170.3
MUC21,esophagus,662.0
MUC21,vagina,237.8
DEFB121,epididymis,2453.5
KRTAP5-11,skin 1,4.8
KRTAP5-10,skin 1,4.5
PRR3,brain,14.3
LILRB3,lung,18.8
LILRB3,lymphoid tissue,37.9
LRCOL1,epididymis,47.3
DPRX,placenta,1.0
DPRX,skeletal muscle,1.0
TRIM15,intestine,16.0
TRIM15,kidney,6.7
TRIM15,liver,16.2
TRIM10,bone marrow,7.4
TRIM10,kidney,2.0
TRIM10,liver,2.7
TRIM40,intestine,2.9
TRIM40,liver,1.4
TRIM40,testis,1.4
TRIM31,intestine,20.7
TRIM31,stomach 1,5.6
TRIM31,urinary bladder,15.7
RNF39,cervix,22.1
RNF39,esophagus,24.4
RNF39,skin 1,63.7
RNF39,vagina,22.7
DISP3,brain,8.7
DISP3,pituitary gland,3.5
DISP3,retina,4.2
DISP3,testis,6.2
HLA-G,pituitary gland,13.7
HLA-G,placenta,10.5
NMS,brain,1.0
HLA-F,lymphoid tissue,172.8
ZFP57,brain,17.6
ZFP57,heart muscle,8.3
ASPDH,brain,40.3
ASPDH,kidney,38.2
ASPDH,liver,129.1
MOG,brain,686.8
OR2H2,brain,2.2
OR2H2,epididymis,4.5
OR2H2,testis,2.3
CBY3,testis,12.3
C9orf57,testis,11.3
GABBR1,brain,224.4
MAS1L,cervix,2.9
MAS1L,epididymis,1.8
OR2H1,testis,11.8
OR14J1,retina,1.7
SPDYC,liver,2.9
CFAP95,choroid plexus,27.5
CFAP95,fallopian tube,34.6
CFAP95,testis,15.3
MALRD1,intestine,29.3
INSYN2B,brain,4.1
INSYN2B,breast,6.4
INSYN2B,salivary gland,4.9
ODAD4,choroid plexus,11.5
ODAD4,fallopian tube,16.0
ODAD4,testis,22.5
MROH6,esophagus,23.1
SPATA31A1,testis,8.4
PNMA8B,adrenal gland,15.4
PNMA8B,brain,55.0
TCTN1,choroid plexus,31.9
FAM216A,brain,30.4
FAM216A,testis,55.5
IGFL2,skin 1,39.9
IGFL4,retina,46.4
IGFL4,skin 1,12.4
NAT8B,intestine,46.4
NAT8B,kidney,32.6
KRTAP9-3,skin 1,45.0
KRTAP4-8,skin 1,22.6
GPR20,blood vessel,4.1
KRTAP1-4,skin 1,1.4
KRT40,pituitary gland,2.4
KRT40,retina,2.7
KRT40,skin 1,2.1
KRT25,skin 1,101.5
SPINK9,bone marrow,2.3
SPINK9,lymphoid tissue,2.6
SPINK9,retina,2.0
LRRC3C,epididymis,1.0
FAM221B,bone marrow,2.7
FAM221B,testis,8.3
CD177,bone marrow,270.4
CD177,intestine,154.8
PSG5,placenta,105.5
LRRC10B,brain,59.2
LRRC10B,fallopian tube,27.0
LRRC10B,pituitary gland,31.9
FBXO47,testis,3.6
C12orf73,skeletal muscle,39.9
PCDHA9,brain,1.0
PCDHA9,testis,1.3
PCDHA8,brain,1.5
PCDHA7,brain,1.3
PCDHA5,brain,2.2
PCDHA4,brain,1.9
PCDHA2,brain,2.1
PCDHA2,pituitary gland,1.4
PCDHA1,brain,1.9
ERICH4,intestine,40.0
ERICH4,kidney,15.4
MS4A13,testis,3.3
PRSS1,pancreas,319717.0
SPIRE2,brain,24.9
SPIRE2,pituitary gland,21.0
AARD,testis,21.1
AARD,urinary bladder,7.1
PABPN1L,adrenal gland,2.2
PABPN1L,brain,2.4
PKHD1L1,adipose tissue,22.1
PKHD1L1,thyroid gland,61.4
SLFN12L,lymphoid tissue,4.4
LGALS7,cervix,331.6
LGALS7,esophagus,613.2
LGALS7,skin 1,1404.3
SYCE1L,testis,17.8
TMEM231,choroid plexus,38.2
TMEM231,fallopian tube,69.1
GARIN1A,testis,5.7
CCNI2,brain,4.6
CCNI2,intestine,3.4
TMEM240,brain,61.2
FAM205A,testis,23.3
CDKL4,testis,1.8
TMEM88B,brain,191.5
C4orf47,choroid plexus,29.9
C4orf47,fallopian tube,11.0
C4orf47,retina,12.5
C4orf47,testis,10.9
ARID3C,liver,10.0
PSENEN,choroid plexus,320.3
C11orf91,adipose tissue,4.4
C11orf91,gallbladder,4.3
C11orf91,testis,9.0
FABP9,skin 1,33.5
SCGB2B2,pancreas,8.1
PSMB10,lymphoid tissue,136.3
VIT,adipose tissue,33.7
VIT,ovary,35.6
VIT,tongue,38.4
PDE7A,lymphoid tissue,100.9
PDE7A,tongue,70.9
TMEM170B,bone marrow,23.8
TRBV20OR9-2,brain,3.7
TRBV20OR9-2,pituitary gland,2.7
TRBV20OR9-2,placenta,2.2
MUC12,intestine,63.6
CTXN3,brain,19.8
CTXN3,kidney,74.4
CTXN3,skeletal muscle,12.4
MGAT4D,testis,21.2
SAP25,lymphoid tissue,55.4
NT5M,brain,10.9
NT5M,skeletal muscle,12.4
ADGRG1,thyroid gland,202.1
MT1H,kidney,853.0
MT1H,liver,1081.3
SLCO6A1,testis,28.3
MT1A,adipose tissue,475.7
MT1A,liver,400.5
INSYN1,brain,45.0
INSYN1,heart muscle,41.8
MT1M,adipose tissue,989.3
MT1M,liver,1516.9
CFI,liver,917.6
SAMD9,esophagus,36.7
KRT6A,cervix,5174.7
KRT6A,esophagus,7111.4
KRT6A,vagina,4763.0
KRT81,skin 1,131.0
EXOC3L4,intestine,17.1
EXOC3L4,liver,20.9
KRTAP12-3,skin 1,8.5
IZUMO3,testis,12.9
KRTAP10-2,skin 1,13.8
TP53TG3D,epididymis,4.0
TP53TG3D,testis,4.3
CCDC85C,brain,73.0
SPDYE18,retina,4.5
C2CD4B,pancreas,95.2
RGL3,kidney,42.1
RGL3,parathyroid gland,43.1
RGL3,thyroid gland,61.9
CPT1B,heart muscle,226.2
CPT1B,skeletal muscle,136.9
CPT1B,testis,75.9
CPT1B,tongue,212.9
MUC19,salivary gland,3.1
DENND6B,brain,25.0
MFSD2B,bone marrow,11.2
VCX3B,testis,14.3
HTN3,salivary gland,127659.8
ACOT6,kidney,3.4
ACOT6,liver,3.0
ACOT6,skeletal muscle,3.7
TECRL,heart muscle,517.7
DPF3,brain,16.4
DPF3,heart muscle,3.9
DPF3,retina,4.8
MANSC4,testis,1.3
SMIM45,brain,39.0
C17orf107,heart muscle,14.3
C17orf107,pituitary gland,24.2
DENND1C,bone marrow,20.0
DENND1C,intestine,13.8
DENND1C,lymphoid tissue,34.2
CRLF2,bone marrow,1.7
CRLF2,gallbladder,1.2
CRLF2,lymphoid tissue,1.4
GAGE1,testis,1.7
ARRDC5,testis,16.1
CYS1,kidney,117.2
KLRC2,brain,9.0
KLRC2,lymphoid tissue,5.1
KLRC3,bone marrow,1.8
KLRC3,brain,4.7
KLRC3,intestine,1.2
KLRC3,lymphoid tissue,3.9
C16orf96,testis,9.7
GMNC,choroid plexus,2.8
GMNC,fallopian tube,7.6
GMNC,liver,3.9
TTC23L,testis,25.2
CLEC6A,lung,1.0
CLEC6A,lymphoid tissue,1.1
C22orf42,brain,9.4
C22orf42,testis,10.0
LRRC72,testis,2.4
C1QTNF9B,brain,9.5
C1QTNF9B,skin 1,16.9
C1QTNF9B,testis,8.3
KRTAP5-6,liver,2.9
KRTAP5-6,skin 1,1.0
KRTAP5-2,brain,2.1
KRTAP5-2,pancreas,1.8
KRTAP5-2,skin 1,4.4
KRTAP5-1,brain,11.1
KRTAP5-1,pituitary gland,4.4
DEFB134,epididymis,23.7
DEFB135,epididymis,53.4
DEFB136,epididymis,1.1
BHLHA9,brain,1.3
DAZ4,stomach 1,24.4
DAZ4,testis,10.8
ONECUT3,retina,2.0
ONECUT3,stomach 1,4.1
OLIG2,brain,57.7
C21orf62,choroid plexus,22.0
C21orf62,epididymis,7.9
C21orf62,ovary,8.4
DAZ2,stomach 1,5.0
DAZ2,testis,2.8
IFITM5,pancreas,6.9
SMIM21,testis,2.6
DEFB109B,epididymis,14.9
C18orf63,testis,9.2
DEFA1,bone marrow,59493.5
DOK6,brain,16.9
DOK6,parathyroid gland,11.7
DOK6,retina,20.6
JPT2,brain,116.7
LHFPL7,cervix,2.5
LHFPL7,salivary gland,5.6
LHFPL7,stomach 1,3.2
SERPINB11,esophagus,25.7
SERPINB11,prostate,30.5
SERPINB4,cervix,149.2
SERPINB4,esophagus,92.0
SERPINB4,vagina,150.8
SERPINB5,esophagus,203.5
SERPINB5,skin 1,242.0
ZDHHC11B,brain,35.9
KRTAP20-4,testis,1.9
CFAP99,testis,15.0
GOLGA8O,epididymis,14.8
TMEM191C,testis,39.4
RNASE13,epididymis,289.8
HBA1,bone marrow,22913.0
HBM,bone marrow,432.7
ELOA2,testis,3.8
ATP10A,blood vessel,19.1
ANKUB1,choroid plexus,3.1
ANKUB1,fallopian tube,5.6
TSSK2,testis,181.0
PRR23A,testis,2.1
FOXL2NB,cervix,21.4
FOXL2NB,ovary,53.7
FOXL2NB,parathyroid gland,30.7
COL6A6,parathyroid gland,98.9
RAB12,skeletal muscle,180.3
LRRC30,skeletal muscle,14.8
LRRC30,tongue,4.0
TMEM200C,adrenal gland,3.7
TMEM200C,brain,3.2
TMEM200C,salivary gland,5.5
CD200R1L,testis,2.6
LNP1,retina,42.7
LNP1,testis,27.1
VGLL3,placenta,37.7
ENSG00000206549,pituitary gland,4.1
ENSG00000206549,skeletal muscle,4.5
ENSG00000206549,thyroid gland,5.1
TRIM71,testis,4.5
ZCWPW2,testis,9.3
COLQ,choroid plexus,14.2
COLQ,heart muscle,16.8
XKR4,brain,2.7
XKR4,intestine,1.7
GPX3,kidney,10500.8
DIO2,cervix,153.7
DIO2,thyroid gland,332.6
DIO1,kidney,135.2
DIO1,liver,173.3
DIO1,thyroid gland,243.4
AKR7L,intestine,58.4
AKR7L,liver,34.7
AKR7L,stomach 1,23.5
STK38L,blood vessel,80.0
SLC48A1,brain,131.3
IGKC,intestine,32939.3
IGKC,lymphoid tissue,58910.1
IGKC,urinary bladder,23289.0
IGKJ5,intestine,1150.9
IGKJ5,lymphoid tissue,1297.5
IGKJ5,salivary gland,622.9
IGKJ5,stomach 1,889.3
IGKJ5,urinary bladder,418.2
IGKJ4,intestine,3075.9
IGKJ4,lymphoid tissue,2780.6
IGKJ4,stomach 1,1888.0
IGKJ3,intestine,952.4
IGKJ3,lymphoid tissue,840.1
IGKJ3,stomach 1,600.1
IGKJ2,intestine,2532.2
IGKJ2,lymphoid tissue,1802.3
IGKJ2,salivary gland,1138.7
IGKJ2,stomach 1,1382.5
IGKJ1,intestine,2904.4
IGKJ1,lymphoid tissue,3132.4
IGKJ1,salivary gland,1166.2
IGKJ1,stomach 1,2293.1
IGKJ1,urinary bladder,1051.7
IGKV4-1,intestine,1690.4
IGKV4-1,lymphoid tissue,2960.8
IGKV5-2,intestine,33.6
IGKV5-2,lymphoid tissue,77.5
IGKV6-21,intestine,90.9
IGKV6-21,lymphoid tissue,131.7
IGKV2D-26,intestine,4.3
IGKV2D-26,lymphoid tissue,5.7
IGKV3D-20,intestine,123.2
IGKV3D-20,lymphoid tissue,257.3
IGKV6D-41,cervix,4.4
IGKV6D-41,intestine,3.1
IGKV6D-41,lymphoid tissue,2.0
IGKV3D-11,intestine,36.1
IGKV3D-11,lymphoid tissue,54.6
IGKV3D-11,stomach 1,26.1
IGKV1D-42,intestine,44.5
IGKV1D-42,lymphoid tissue,23.6
IGLV4-69,intestine,404.1
IGLV4-69,lymphoid tissue,430.5
IGLV4-69,salivary gland,109.6
IGLV4-69,stomach 1,268.9
IGLV4-69,urinary bladder,191.7
IGLV8-61,intestine,756.2
IGLV8-61,lymphoid tissue,916.4
IGLV4-60,intestine,181.0
IGLV4-60,lymphoid tissue,109.0
IGLV4-60,urinary bladder,174.3
IGLV6-57,lymphoid tissue,1687.4
IGLV6-57,urinary bladder,633.7
IGLV11-55,lymphoid tissue,1.0
IGLV10-54,breast,113.1
IGLV10-54,intestine,303.0
IGLV10-54,lymphoid tissue,306.7
IGLV10-54,salivary gland,238.7
IGLV10-54,stomach 1,182.8
IGLV1-51,intestine,1231.3
IGLV1-51,lymphoid tissue,2823.5
IGLV1-51,urinary bladder,1487.4
IGLV1-50,intestine,15.4
IGLV1-50,lymphoid tissue,13.7
IGLV1-50,stomach 1,19.1
IGLV5-48,intestine,3.1
IGLV5-48,lymphoid tissue,4.9
IGLV5-48,urinary bladder,2.5
IGLV1-47,intestine,662.3
IGLV1-47,lymphoid tissue,1683.7
IGLV1-47,stomach 1,588.0
IGLV7-46,intestine,374.3
IGLV7-46,lymphoid tissue,428.6
IGLV7-46,stomach 1,235.9
IGLV7-46,urinary bladder,417.2
IGLV5-45,esophagus,37.9
IGLV5-45,intestine,41.4
IGLV5-45,lymphoid tissue,91.3
IGLV5-45,salivary gland,47.0
IGLV1-44,intestine,563.1
IGLV1-44,lymphoid tissue,1800.5
IGLV1-44,stomach 1,493.6
IGLV7-43,intestine,151.0
IGLV7-43,lymphoid tissue,222.6
IGLV7-43,stomach 1,109.1
IGLV1-40,lymphoid tissue,1205.9
IGLV1-40,stomach 1,1210.3
IGLV5-37,gallbladder,23.2
IGLV5-37,intestine,9.8
IGLV5-37,lymphoid tissue,38.6
IGLV5-37,salivary gland,11.3
IGLV5-37,stomach 1,15.5
IGLV1-36,lymphoid tissue,250.5
IGLV1-36,stomach 1,114.9
IGLV1-36,urinary bladder,81.2
IGLV2-33,intestine,4.0
IGLV2-33,lymphoid tissue,2.6
IGLV2-33,salivary gland,2.4
IGLV3-32,urinary bladder,1.3
IGLV3-27,lymphoid tissue,374.9
IGLV3-25,lymphoid tissue,2274.5
IGLV3-25,stomach 1,955.0
IGLV2-23,intestine,649.4
IGLV2-23,lymphoid tissue,1494.9
IGLV2-23,stomach 1,632.1
IGLV3-22,breast,2.4
IGLV3-22,lymphoid tissue,8.8
IGLV3-21,lymphoid tissue,1697.1
IGLV3-21,urinary bladder,725.7
IGLV3-19,intestine,958.6
IGLV3-19,lymphoid tissue,1845.7
IGLV3-19,stomach 1,1165.5
IGLV2-18,intestine,253.4
IGLV2-18,lymphoid tissue,209.0
IGLV3-16,lymphoid tissue,75.0
IGLV3-16,urinary bladder,40.1
IGLV2-14,intestine,2450.3
IGLV2-14,lymphoid tissue,5019.4
IGLV2-14,stomach 1,2378.3
IGLV3-12,lymphoid tissue,28.1
IGLV3-12,stomach 1,7.7
IGLV2-11,intestine,1449.0
IGLV2-11,lymphoid tissue,2730.6
IGLV3-10,intestine,296.3
IGLV3-10,lymphoid tissue,659.0
IGLV3-10,stomach 1,271.5
IGLV3-9,lymphoid tissue,292.8
IGLV3-9,stomach 1,110.1
IGLV4-3,lymphoid tissue,14.7
IGLV4-3,stomach 1,27.2
IGLV3-1,intestine,1153.2
IGLV3-1,lymphoid tissue,3105.1
IGLV3-1,stomach 1,1371.6
IGLJ1,intestine,94.1
IGLJ1,lymphoid tissue,50.0
IGLJ1,salivary gland,32.3
IGLJ1,stomach 1,38.0
IGLC1,intestine,3069.3
IGLC1,lymphoid tissue,5228.6
IGLC1,stomach 1,2196.9
IGLJ2,intestine,246.0
IGLJ2,lymphoid tissue,177.7
IGLJ2,stomach 1,200.4
IGLC2,intestine,9136.9
IGLC2,lymphoid tissue,18672.4
IGLC2,stomach 1,10196.8
IGLJ3,intestine,519.9
IGLJ3,lymphoid tissue,213.5
IGLJ3,salivary gland,140.5
IGLJ3,stomach 1,435.4
IGLJ3,urinary bladder,138.3
IGLC3,intestine,3846.9
IGLC3,lymphoid tissue,7642.8
IGLC3,stomach 1,3884.7
IGLC3,urinary bladder,3496.7
IGLJ4,intestine,1.8
IGLJ4,lymphoid tissue,4.2
IGLJ5,breast,1.5
IGLJ5,lymphoid tissue,3.5
IGLJ5,stomach 1,1.6
IGLJ6,intestine,6.3
IGLJ6,lymphoid tissue,7.5
IGLJ6,urinary bladder,4.8
IGLJ7,intestine,11.5
IGLJ7,lymphoid tissue,17.5
IGLJ7,stomach 1,14.5
IGLC7,intestine,84.0
IGLC7,lymphoid tissue,97.7
IGLC7,salivary gland,66.5
IGLC7,stomach 1,106.7
TRGJ2,bone marrow,16.3
TRGJ2,lymphoid tissue,11.6
TRGJ2,prostate,46.2
TRGJP2,bone marrow,61.3
TRGJP2,lung,25.1
TRGJP2,lymphoid tissue,28.5
TRGJP2,prostate,30.6
TRGC1,bone marrow,18.2
TRGC1,prostate,39.3
TRGJ1,bone marrow,16.3
TRGJ1,lymphoid tissue,11.6
TRGJ1,prostate,46.2
TRGJP,bone marrow,25.6
TRGJP1,bone marrow,259.1
TRGV10,bone marrow,13.2
TRGV10,lymphoid tissue,13.1
TRGV9,placenta,1.8
TRGV9,prostate,5.1
TRGV8,lymphoid tissue,6.4
TRGV8,prostate,4.6
TRGV5,lymphoid tissue,5.5
TRGV4,lymphoid tissue,10.4
TRGV3,lymphoid tissue,11.5
TRGV1,lymphoid tissue,1.4
TRBV6-1,lymphoid tissue,82.9
TRBV7-1,testis,7.8
TRBV4-1,lymphoid tissue,106.9
TRBV6-4,lymphoid tissue,1.1
TRBV7-3,lymphoid tissue,6.4
TRBV7-3,testis,2.6
TRBV9,lymphoid tissue,8.5
TRBV10-1,lymphoid tissue,4.1
TRBV11-1,lymphoid tissue,13.3
TRBV6-5,lymphoid tissue,76.5
TRBV6-6,lymphoid tissue,13.7
TRBV5-5,lymphoid tissue,17.3
TRBV7-6,lymphoid tissue,32.8
TRBV5-6,lymphoid tissue,31.3
TRBV5-1,lymphoid tissue,41.0
TRBV4-2,lymphoid tissue,19.6
TRBV19,lymphoid tissue,49.6
TRBV20-1,lymphoid tissue,150.4
TRBV23-1,lymphoid tissue,10.9
TRBV24-1,lymphoid tissue,6.2
TRBC1,lymphoid tissue,1415.2
TRBV27,lymphoid tissue,75.7
TRBV28,lymphoid tissue,185.2
TRBJ2-1,bone marrow,25.6
TRBJ2-1,lymphoid tissue,62.2
TRBJ2-2,bone marrow,18.5
TRBJ2-2,lymphoid tissue,29.1
TRBJ2-2P,bone marrow,16.4
TRBJ2-2P,intestine,11.5
TRBJ2-2P,lymphoid tissue,32.8
TRBJ2-3,lymphoid tissue,82.3
TRBJ2-4,bone marrow,8.6
TRBJ2-4,lymphoid tissue,17.9
TRBJ2-5,bone marrow,2.7
TRBJ2-5,intestine,4.3
TRBJ2-5,lymphoid tissue,10.0
TRBJ2-5,stomach 1,6.2
TRBJ2-6,intestine,9.7
TRBJ2-6,lymphoid tissue,23.4
TRBJ2-6,skeletal muscle,7.5
TRBJ2-6,stomach 1,10.0
TRBJ2-7,bone marrow,44.4
TRBJ2-7,intestine,33.5
TRBJ2-7,lymphoid tissue,137.8
TRBC2,intestine,107.2
TRBC2,lymphoid tissue,180.6
TRAV2,lymphoid tissue,52.3
TRAV3,lymphoid tissue,9.4
TRAV4,lymphoid tissue,35.2
TRAV5,lymphoid tissue,12.0
TRAV6,lymphoid tissue,10.4
TRAV8-1,lymphoid tissue,11.0
TRAV10,lymphoid tissue,15.0
TRAV12-1,lymphoid tissue,19.6
TRAV8-2,lymphoid tissue,22.4
TRAV8-3,lymphoid tissue,66.1
TRAV13-1,lymphoid tissue,58.1
TRAV12-2,lymphoid tissue,20.8
TRAV8-4,lymphoid tissue,19.3
TRAV13-2,lymphoid tissue,48.1
TRAV14DV4,lymphoid tissue,23.9
TRAV9-2,lymphoid tissue,25.9
TRAV12-3,lymphoid tissue,55.9
TRAV8-6,lymphoid tissue,23.1
TRAV16,lymphoid tissue,37.0
TRAV17,lymphoid tissue,25.9
TRAV18,lymphoid tissue,9.1
TRAV19,lymphoid tissue,34.3
TRAV20,lymphoid tissue,13.5
TRAV21,lymphoid tissue,58.7
TRAV22,lymphoid tissue,21.2
TRAV23DV6,lymphoid tissue,24.4
TRDV1,lymphoid tissue,70.0
TRAV24,lymphoid tissue,19.9
TRAV25,lymphoid tissue,14.2
TRAV26-1,lymphoid tissue,13.0
TRAV27,lymphoid tissue,18.3
TRAV29DV5,lymphoid tissue,24.8
TRAV26-2,lymphoid tissue,38.6
TRAV34,lymphoid tissue,12.4
TRAV36DV7,lymphoid tissue,25.5
TRAV38-1,lymphoid tissue,13.0
TRAV38-2DV8,lymphoid tissue,31.9
TRAV39,lymphoid tissue,60.5
TRAV40,lymphoid tissue,8.7
TRAV41,lymphoid tissue,100.2
TRDV2,epididymis,1.1
TRDV2,lymphoid tissue,3.2
TRDJ1,bone marrow,51.5
TRDJ1,lymphoid tissue,67.3
TRDJ4,intestine,5.6
TRDJ4,lymphoid tissue,12.3
TRDJ2,lymphoid tissue,34.0
TRDJ3,lymphoid tissue,98.0
TRDC,lymphoid tissue,376.4
TRAJ61,lymphoid tissue,7.1
TRAJ59,gallbladder,1.5
TRAJ59,lymphoid tissue,3.2
TRAJ58,lymphoid tissue,7.3
TRAJ57,intestine,5.1
TRAJ57,lymphoid tissue,9.8
TRAJ57,salivary gland,7.0
TRAJ56,intestine,3.0
TRAJ56,lymphoid tissue,4.7
TRAJ54,bone marrow,2.8
TRAJ54,intestine,4.0
TRAJ54,lymphoid tissue,8.1
TRAJ53,brain,2.9
TRAJ53,lymphoid tissue,10.3
TRAJ53,stomach 1,2.4
TRAJ52,bone marrow,2.4
TRAJ52,lymphoid tissue,8.6
TRAJ52,stomach 1,4.6
TRAJ50,lymphoid tissue,1.4
TRAJ49,retina,380.7
TRAJ48,lymphoid tissue,7.3
TRAJ48,retina,25.9
TRAJ47,lymphoid tissue,5.8
TRAJ47,retina,12.6
TRAJ46,retina,12.0
TRAJ45,lymphoid tissue,12.9
TRAJ45,retina,19.9
TRAJ44,lymphoid tissue,24.4
TRAJ44,retina,19.3
TRAJ43,lymphoid tissue,5.4
TRAJ43,retina,12.9
TRAJ42,lymphoid tissue,12.2
TRAJ42,retina,21.3
TRAJ41,lymphoid tissue,3.2
TRAJ41,retina,10.8
TRAJ40,lymphoid tissue,5.2
TRAJ40,retina,18.9
TRAJ39,epididymis,23.0
TRAJ39,heart muscle,14.5
TRAJ39,lymphoid tissue,17.8
TRAJ39,retina,24.7
TRAJ38,epididymis,11.7
TRAJ38,lymphoid tissue,9.2
TRAJ38,retina,21.2
TRAJ35,lymphoid tissue,7.0
TRAJ35,retina,13.3
TRAJ34,intestine,4.8
TRAJ34,lymphoid tissue,7.5
TRAJ34,retina,16.1
TRAJ33,intestine,8.4
TRAJ33,lymphoid tissue,14.6
TRAJ33,retina,17.6
TRAJ32,lymphoid tissue,14.7
TRAJ32,retina,11.8
TRAJ31,lymphoid tissue,14.7
TRAJ31,retina,16.3
TRAJ30,lymphoid tissue,8.2
TRAJ30,retina,10.3
TRAJ30,testis,3.2
TRAJ29,lymphoid tissue,3.6
TRAJ29,retina,10.9
TRAJ29,stomach 1,3.5
TRAJ29,testis,3.2
TRAJ28,lymphoid tissue,10.3
TRAJ28,retina,13.7
TRAJ28,stomach 1,5.9
TRAJ27,intestine,8.0
TRAJ27,lymphoid tissue,11.3
TRAJ27,retina,13.8
TRAJ27,testis,16.5
TRAJ26,cervix,4.0
TRAJ26,lymphoid tissue,3.4
TRAJ26,retina,10.0
TRAJ25,lymphoid tissue,4.0
TRAJ25,retina,5.9
TRAJ24,lymphoid tissue,5.1
TRAJ24,retina,7.9
TRAJ23,lymphoid tissue,7.2
TRAJ23,retina,12.0
TRAJ22,epididymis,3.8
TRAJ22,lymphoid tissue,10.2
TRAJ22,retina,12.0
TRAJ22,stomach 1,6.2
TRAJ21,intestine,6.5
TRAJ21,lymphoid tissue,10.2
TRAJ21,retina,11.3
TRAJ20,epididymis,8.2
TRAJ20,intestine,4.2
TRAJ20,lymphoid tissue,16.1
TRAJ20,retina,10.5
TRAJ19,lymphoid tissue,6.9
TRAJ19,retina,19.3
TRAJ18,lymphoid tissue,26.3
TRAJ18,retina,14.9
TRAJ17,lymphoid tissue,6.8
TRAJ17,retina,14.9
TRAJ16,intestine,5.4
TRAJ16,lymphoid tissue,8.2
TRAJ16,retina,16.2
TRAJ14,lymphoid tissue,8.0
TRAJ14,retina,20.3
TRAJ13,lymphoid tissue,14.8
TRAJ13,retina,26.0
TRAJ12,lymphoid tissue,28.3
TRAJ12,retina,29.0
TRAJ11,lymphoid tissue,9.2
TRAJ11,retina,26.2
TRAJ10,lymphoid tissue,20.9
TRAJ10,retina,29.7
TRAJ9,lymphoid tissue,21.2
TRAJ9,retina,28.1
TRAJ7,lymphoid tissue,14.7
TRAJ7,retina,39.4
TRAJ6,lymphoid tissue,14.6
TRAJ6,retina,52.7
TRAJ5,intestine,9.3
TRAJ5,lymphoid tissue,11.4
TRAJ5,retina,41.0
TRAJ4,lymphoid tissue,17.0
TRAJ4,retina,52.2
TRAJ3,retina,83.4
TRAJ2,retina,68.0
TRAJ1,lymphoid tissue,26.8
TRAJ1,retina,87.6
IGHA2,intestine,5009.9
IGHA2,salivary gland,3590.5
IGHE,intestine,1.7
IGHE,lymphoid tissue,4.4
IGHE,thyroid gland,2.5
IGHG4,lymphoid tissue,2337.9
IGHG2,lymphoid tissue,4045.9
IGHA1,intestine,6976.0
IGHA1,lymphoid tissue,5886.0
IGHA1,salivary gland,8576.2
IGHA1,stomach 1,6273.4
IGHG1,lymphoid tissue,10950.9
IGHG1,urinary bladder,3756.3
IGHG3,lymphoid tissue,1227.4
IGHD,lymphoid tissue,109.7
IGHD,salivary gland,73.7
IGHM,intestine,1239.2
IGHM,lymphoid tissue,3964.5
IGHJ6,cervix,128.7
IGHJ6,intestine,37.6
IGHJ6,lung,42.5
IGHJ6,lymphoid tissue,59.3
IGHJ6,testis,142.1
IGHJ2,intestine,148.3
IGHJ2,lymphoid tissue,152.5
IGHJ1,intestine,344.0
IGHJ1,lymphoid tissue,393.3
IGHJ1,salivary gland,110.6
IGHJ1,stomach 1,245.5
IGHD3-22,intestine,1.5
IGHD3-22,lymphoid tissue,2.9
IGHD3-22,stomach 1,2.9
IGHD3-16,bone marrow,3.7
IGHD3-16,intestine,2.5
IGHD3-16,lymphoid tissue,3.8
IGHD2-15,bone marrow,2.4
IGHD3-10,bone marrow,1.2
IGHD3-10,intestine,3.5
IGHD3-10,lymphoid tissue,3.7
IGHD3-9,lymphoid tissue,11.2
IGHD3-9,stomach 1,4.3
IGHD2-8,bone marrow,1.8
IGHD2-8,lymphoid tissue,1.1
IGHD3-3,bone marrow,4.0
IGHD3-3,lymphoid tissue,2.7
IGHD3-3,salivary gland,3.5
IGHD2-2,bone marrow,3.1
IGHD2-2,intestine,2.4
IGHD2-2,lymphoid tissue,2.7
IGHV6-1,intestine,414.8
IGHV6-1,lymphoid tissue,146.9
IGHV1-2,intestine,432.4
IGHV1-2,lymphoid tissue,1081.5
IGHV1-3,intestine,208.7
IGHV1-3,lymphoid tissue,585.6
IGHV2-5,intestine,435.1
IGHV2-5,lymphoid tissue,1331.1
IGHV2-5,stomach 1,665.2
IGHV3-7,intestine,433.4
IGHV3-7,lymphoid tissue,899.2
IGHV3-11,intestine,205.9
IGHV3-11,lymphoid tissue,572.8
IGHV3-11,stomach 1,194.3
IGHV3-13,intestine,63.0
IGHV3-13,lymphoid tissue,128.3
IGHV3-13,urinary bladder,85.0
IGHV3-15,intestine,181.2
IGHV3-15,lymphoid tissue,357.6
IGHV3-15,salivary gland,174.5
IGHV3-15,stomach 1,109.1
IGHV3-15,urinary bladder,166.5
IGHV1-18,intestine,231.7
IGHV1-18,lymphoid tissue,455.7
IGHV1-18,salivary gland,235.9
IGHV3-20,intestine,93.4
IGHV3-20,lymphoid tissue,202.4
IGHV3-20,stomach 1,115.1
IGHV3-20,urinary bladder,76.9
IGHV3-21,intestine,212.4
IGHV3-21,lymphoid tissue,372.5
IGHV3-21,salivary gland,204.5
IGHV3-23,intestine,1574.2
IGHV3-23,lymphoid tissue,2792.2
IGHV3-23,stomach 1,995.6
IGHV1-24,lymphoid tissue,180.1
IGHV1-24,salivary gland,71.8
IGHV2-26,gallbladder,120.9
IGHV2-26,lymphoid tissue,91.9
IGHV2-26,urinary bladder,214.8
IGHV4-28,intestine,42.3
IGHV4-28,lymphoid tissue,81.7
IGHV4-28,salivary gland,37.4
IGHV4-28,stomach 1,28.9
IGHV4-28,urinary bladder,115.2
IGHV3-33,intestine,997.3
IGHV3-33,lymphoid tissue,2217.4
IGHV3-33,stomach 1,1673.0
IGHV4-34,lymphoid tissue,264.8
IGHV4-34,urinary bladder,253.2
IGHV3-35,intestine,13.2
IGHV3-35,lymphoid tissue,12.1
IGHV3-35,salivary gland,7.1
IGHV3-35,stomach 1,15.7
IGHV3-35,urinary bladder,19.2
IGHV3-38,intestine,9.4
IGHV3-38,lymphoid tissue,9.7
IGHV3-38,stomach 1,5.5
IGHV3-38,urinary bladder,6.8
IGHV4-39,intestine,257.3
IGHV4-39,lymphoid tissue,453.6
IGHV4-39,salivary gland,243.9
IGHV4-39,urinary bladder,506.1
IGHV1-45,breast,17.5
IGHV1-45,lymphoid tissue,28.2
IGHV1-45,salivary gland,10.9
IGHV1-45,stomach 1,16.4
IGHV1-46,intestine,70.3
IGHV1-46,lymphoid tissue,117.9
IGHV1-46,salivary gland,65.7
IGHV3-48,intestine,484.5
IGHV3-48,lymphoid tissue,801.3
IGHV3-48,stomach 1,380.8
IGHV3-49,intestine,197.1
IGHV3-49,lymphoid tissue,348.9
IGHV3-49,stomach 1,171.2
IGHV5-51,intestine,252.4
IGHV5-51,lymphoid tissue,511.7
IGHV5-51,salivary gland,215.5
IGHV5-51,urinary bladder,326.3
IGHV3-53,intestine,76.7
IGHV3-53,lymphoid tissue,121.2
IGHV3-53,salivary gland,30.4
IGHV3-53,stomach 1,40.9
IGHV1-58,urinary bladder,192.5
IGHV4-61,intestine,193.1
IGHV4-61,lymphoid tissue,360.0
IGHV4-61,stomach 1,134.4
IGHV3-66,gallbladder,44.4
IGHV3-66,intestine,53.6
IGHV3-66,urinary bladder,97.5
IGHV1-69,intestine,129.8
IGHV1-69,lymphoid tissue,158.0
IGHV1-69,urinary bladder,155.9
IGHV2-70D,intestine,34.4
IGHV2-70D,lymphoid tissue,85.3
IGHV2-70D,stomach 1,44.2
IGHV3-73,intestine,132.5
IGHV3-73,lymphoid tissue,76.8
IGHV3-73,urinary bladder,76.6
IGHV7-81,intestine,11.8
IGHV7-81,lymphoid tissue,17.1
IGHV7-81,stomach 1,11.6
TSSK1B,testis,51.7
PRR22,testis,48.4
KRTAP16-1,skin 1,15.4
KRTAP29-1,skin 1,1.7
KRTAP9-6,skin 1,2.5
CTAGE1,testis,9.8
KRTAP4-11,skin 1,8.8
KRTAP4-9,skin 1,44.6
KRTAP2-3,skin 1,18.5
KRTAP2-1,skin 1,61.9
OR2A42,thyroid gland,1.3
RNF208,brain,133.5
KRTAP3-3,skin 1,120.5
KRTAP3-2,skin 1,95.7
KRTAP3-1,skin 1,218.4
MT-ND4L,heart muscle,149995.1
MT-ND4L,tongue,96029.4
KRTAP10-3,skin 1,21.6
POU5F1B,choroid plexus,3.9
KLK9,cervix,6.4
KLK9,esophagus,5.0
KLK9,skin 1,11.3
SYT3,brain,24.5
CGB8,pituitary gland,4.6
CGB8,placenta,17.6
CEP43,testis,43.6
CFAP45,choroid plexus,35.2
CFAP45,fallopian tube,42.1
CFAP45,testis,26.7
ACKR1,adipose tissue,387.8
ACKR1,breast,337.2
CRYGS,brain,11.6
CRIP1,blood vessel,548.9
LINGO4,brain,6.3
LINGO4,skeletal muscle,22.7
FAM24B,kidney,15.1
TRIM59,bone marrow,16.3
TRIM59,lymphoid tissue,12.7
MLLT11,brain,131.5
ASIC3,brain,45.0
GIMAP1,lymphoid tissue,23.3
CCDC183,testis,23.3
CSH2,placenta,3105.6
TCL1B,bone marrow,1.1
TCL1B,lymphoid tissue,2.3
TCL1B,testis,2.5
TSGA13,testis,12.3
MXD3,bone marrow,38.8
ARHGAP19,lymphoid tissue,19.9
HAUS7,blood vessel,100.2
LCAT,liver,275.5
MAGEA12,testis,2.7
PTPRCAP,intestine,112.6
PTPRCAP,lymphoid tissue,253.8
PVRIG,lymphoid tissue,44.5
KRTAP4-12,skin 1,24.2
KRTAP2-4,skin 1,39.7
GPC2,lymphoid tissue,4.8
GPC2,skin 1,5.5
GPC2,testis,11.4
KRT222,brain,11.4
KRT222,retina,7.4
SIPA1,lymphoid tissue,90.4
TTLL13,testis,7.6
GBP7,liver,93.7
DNAJC9,bone marrow,86.6
CPLX3,brain,69.2
CPLX3,heart muscle,44.8
CPLX3,lymphoid tissue,117.6
CPLX3,prostate,127.2
CPLX3,retina,91.5
VDAC1,skeletal muscle,979.5
VDAC1,tongue,758.2
ZBTB9,pituitary gland,15.2
NDUFS3,skeletal muscle,318.8
SULT1A4,intestine,27.3
GPSM3,bone marrow,151.7
GPSM3,intestine,65.3
GPSM3,lung,64.8
GPSM3,lymphoid tissue,234.9
LAT,lymphoid tissue,105.7
NCKIPSD,parathyroid gland,114.5
S1PR3,blood vessel,59.3
FAM209B,testis,108.0
UGT2B11,breast,225.4
ATP6V1G2,brain,578.2
KLRK1,bone marrow,20.8
KLRK1,lymphoid tissue,39.4
CEACAM18,intestine,21.4
EMP2,lung,214.6
UBD,lymphoid tissue,141.8
PPM1N,skeletal muscle,167.1
CEACAM16,pancreas,1.9
SLC23A3,intestine,17.3
SLC23A3,kidney,42.6
LTB4R,esophagus,99.2
LTB4R,skin 1,106.0
LTB4R2,esophagus,36.1
LTB4R2,skin 1,44.9
DNASE1,intestine,112.5
DNASE1,kidney,63.2
DNASE1,pancreas,145.6
CCL27,skin 1,456.6
GALT,liver,44.3
HBG1,placenta,346.7
CLDN9,brain,27.1
CLDN9,pituitary gland,28.6
ZNF99,testis,1.5
TM6SF2,intestine,71.1
TM6SF2,liver,32.0
MEF2B,lymphoid tissue,36.7
FBXO16,epididymis,17.3
FBXO16,pituitary gland,16.7
SMCO1,heart muscle,39.4
SMCO1,skeletal muscle,139.7
SMCO1,tongue,99.9
MAGEB1,testis,14.4
TMEM213,kidney,70.9
TMEM213,salivary gland,49.2
PRCD,retina,44.6
SH3D21,thyroid gland,32.8
C19orf38,bone marrow,92.6
MINDY4B,brain,3.6
ANG,liver,2816.4
SPDYE3,testis,2.4
FOXI3,placenta,4.9
FOXI3,retina,1.8
SOGA3,brain,7.7
EFCAB9,testis,9.5
HAUS3,bone marrow,25.4
VSTM5,brain,4.5
VSTM5,placenta,4.1
LCNL1,brain,2.2
LCNL1,testis,1.6
BBIP1,testis,95.9
GNAT3,intestine,1.7
AS3MT,adrenal gland,260.6
FAM187A,choroid plexus,4.5
PLIN5,liver,199.6
PLIN5,skeletal muscle,142.3
SEC14L6,epididymis,13.8
SEC14L6,parathyroid gland,19.7
SPINK13,epididymis,310.2
KRTAP2-2,skin 1,49.4
STARD10,liver,710.4
ZC3H11C,testis,5.1
CPEB1,brain,31.6
CPEB1,testis,30.4
EML6,lymphoid tissue,8.9
EML6,retina,11.3
DEFB113,epididymis,44.6
IQCF5,testis,95.6
IQCF6,testis,23.8
C10orf105,brain,12.8
ARHGEF33,brain,17.5
ARHGEF33,testis,10.4
C12orf71,bone marrow,1.3
C12orf71,testis,2.9
CAPN14,esophagus,175.1
ZBED1,skeletal muscle,67.6
MS4A18,breast,5.6
MS4A18,intestine,17.6
FER1L6,stomach 1,40.7
CDRT15L2,testis,14.9
RAD51AP2,testis,8.8
EVPLL,cervix,7.3
EVPLL,esophagus,17.1
EVPLL,skin 1,6.0
EVPLL,vagina,8.6
DCDC2C,choroid plexus,1.2
DCDC2C,testis,3.0
SMTNL1,skeletal muscle,651.9
SMTNL1,tongue,174.6
PNMA6E,epididymis,3.0
PNMA6E,ovary,1.9
PNMA6E,testis,9.2
SPATA31D1,testis,10.7
NPIPA8,brain,96.1
TBC1D26,testis,15.9
LRRC69,testis,2.7
CRPPA,choroid plexus,8.6
NPIPA7,pituitary gland,75.9
COL28A1,salivary gland,17.3
GRID2IP,brain,2.4
CXorf49B,testis,2.0
CXorf49,testis,5.9
C16orf90,testis,46.7
PRSS41,testis,1.4
MUC5AC,stomach 1,174.8
MSMP,choroid plexus,3.1
MSMP,pituitary gland,1.3
MSMP,placenta,1.1
GOLGA6B,liver,4.0
GOLGA6B,testis,6.1
FAM166B,adrenal gland,474.8
FAM166B,skeletal muscle,299.2
GRXCR1,seminal vesicle,2.4
C5orf49,brain,21.2
C5orf49,choroid plexus,70.4
C5orf49,fallopian tube,71.2
C5orf49,testis,36.6
UBE2QL1,brain,33.7
UBE2QL1,heart muscle,11.2
UBE2QL1,retina,26.3
UBE2QL1,skeletal muscle,37.8
UBE2QL1,tongue,13.0
GOLGA8B,pancreas,193.0
KCNU1,testis,6.5
GAGE12G,testis,57.9
GAGE10,testis,1.5
RNF212B,kidney,24.2
ZNF705D,epididymis,3.1
SCRT2,brain,3.9
SCRT2,retina,3.6
KRTAP10-4,skin 1,6.9
KRTAP10-1,skin 1,9.5
RPL17-C18orf32,brain,226.7
SIAH3,brain,1.8
SIAH3,fallopian tube,2.9
SIAH3,retina,1.1
EFCAB8,testis,3.4
DEFB115,epididymis,1.0
GAB4,testis,1.9
C20orf202,placenta,2.5
HMX1,brain,1.9
HMX1,retina,2.2
HMX1,testis,1.2
GCGR,kidney,49.3
GCGR,liver,167.2
CELA2B,pancreas,19273.2
FAM72D,bone marrow,3.7
FAM72D,lymphoid tissue,6.2
TNFRSF25,brain,42.2
TNFRSF25,lymphoid tissue,39.8
TNFRSF25,pituitary gland,26.7
ZC3H11B,testis,5.4
RPTN,lymphoid tissue,48.9
RPTN,skin 1,28.1
LACTBL1,retina,3.6
C1orf167,testis,13.6
TTC34,testis,5.4
IFI30,lung,539.6
IFI30,lymphoid tissue,668.3
IGSF23,intestine,14.9
IGSF23,liver,22.9
GAGE12E,testis,13.7
FAM240C,tongue,209.9
CCDC7,testis,74.0
SP9,brain,3.9
SP9,fallopian tube,1.7
SYCE3,testis,133.4
PAM16,skeletal muscle,120.4
CDC14C,retina,4.1
CDC14C,testis,7.0
TENM3,placenta,12.3
TDRD15,testis,5.1
PAPOLB,testis,27.9
CELA3B,pancreas,46793.9
CATSPERZ,testis,544.5
TAFA5,brain,77.6
PPP1R3G,liver,6.0
LINGO3,brain,23.5
LINGO3,lymphoid tissue,6.0
ZGLP1,brain,12.7
VAMP2,brain,463.9
EBF2,adipose tissue,16.7
PPP3R1,brain,153.9
PPP3R1,retina,175.8
PSG3,placenta,133.5
KRTAP10-9,skin 1,10.0
C2orf16,testis,10.1
KRTAP1-5,skin 1,71.2
KRTAP10-10,skin 1,17.1
KRTAP12-2,skin 1,20.6
PLXNA4,adipose tissue,13.0
MAGEA3,testis,7.6
ZNF816-ZNF321P,prostate,1.7
PSG7,placenta,3.9
PSG7,skin 1,1.1
KRTAP1-3,skin 1,88.7
OR3A2,testis,2.7
HMSD,brain,30.9
NPTXR,brain,179.3
POM121L12,testis,12.4
C19orf73,brain,7.1
TRIM16,esophagus,141.5
HEPN1,brain,162.7
FXYD7,brain,322.5
XKR9,intestine,5.0
XKR9,testis,6.9
SLC12A8,thyroid gland,21.0
APOL6,liver,43.5
OR2A1,thyroid gland,1.1
MYBPHL,heart muscle,101.4
RAB6C,breast,2.3
RAB6C,parathyroid gland,3.4
PSMB11,lymphoid tissue,28.5
POTEM,prostate,17.6
POTEM,testis,5.4
DCDC2B,fallopian tube,26.0
IGLV9-49,adrenal gland,117.9
IGLV9-49,lymphoid tissue,110.6
TRIM49D1,liver,3.8
CDRT15,testis,20.0
CKMT1A,brain,73.9
CKMT1A,esophagus,82.6
CKMT1A,intestine,70.3
TINCR,esophagus,37.8
TINCR,skin 1,134.3
CENPVL1,brain,3.7
EBLN1,testis,1.9
HBD,bone marrow,2634.4
SUPT20HL2,skeletal muscle,1.8
SUPT20HL2,testis,1.5
RFPL4A,epididymis,1.5
RFPL4A,liver,4.2
RFPL4A,testis,1.8
IGHV3-64,intestine,18.4
IGHV3-64,lymphoid tissue,30.3
IGHV3-64,salivary gland,20.7
CERS1,brain,163.8
HLA-DPB1,lung,261.7
HLA-DPB1,lymphoid tissue,376.0
C1QTNF5,choroid plexus,554.7
IGKV3D-15,intestine,118.4
IGKV3D-15,lymphoid tissue,189.0
IGKV3D-15,salivary gland,50.8
IGKV3D-15,stomach 1,82.0
IGKV3D-15,urinary bladder,54.5
ETDB,testis,11.2
CENPVL3,brain,5.0
CENPVL3,testis,3.5
IGHV4-59,intestine,492.0
IGHV4-59,lymphoid tissue,851.1
IGHV4-59,urinary bladder,659.9
PRR29,choroid plexus,16.5
PRR29,fallopian tube,54.8
C4B,adrenal gland,174.9
C4B,liver,262.1
CXorf51A,testis,67.3
SMIM13,brain,28.2
GPX5,epididymis,8.7
IGHV3-74,esophagus,81.9
IGHV3-74,intestine,102.7
IGHV3-74,lymphoid tissue,291.0
IGHV3-74,salivary gland,100.2
GAGE12J,testis,21.6
NPIPA3,brain,25.3
GAGE12H,testis,23.2
APOC4-APOC2,liver,1303.5
PRRT4,adipose tissue,15.6
PRRT4,bone marrow,54.5
PPP4R3C,testis,1.8
TMEM233,skeletal muscle,70.2
TMEM233,tongue,19.8
PNMA6F,brain,25.4
PLEKHM1,esophagus,29.0
FAM236D,testis,2.3
IGKV6D-21,intestine,62.6
IGKV6D-21,lymphoid tissue,142.6
IGKV6D-21,urinary bladder,213.4
MKRN2OS,brain,9.4
ENSG00000225528,bone marrow,1.1
ENSG00000225528,lymphoid tissue,3.7
C2CD4D,brain,1.7
C2CD4D,salivary gland,1.7
C2CD4D,skin 1,2.2
ZNF469,ovary,2.1
IGHV3-72,intestine,76.5
IGHV3-72,lymphoid tissue,114.1
IGHV3-72,urinary bladder,89.3
DEFB131B,epididymis,57.2
FAM229A,testis,86.7
NTF4,prostate,19.7
NTF4,skeletal muscle,13.5
NTF4,skin 1,15.6
ELFN1,liver,13.2
TEX22,testis,5.5
CROCC2,choroid plexus,3.0
CROCC2,fallopian tube,5.1
CROCC2,lymphoid tissue,2.1
C8orf90,testis,12.9
KIF4B,testis,3.3
TRBV2,lymphoid tissue,83.0
CT47A12,testis,1.1
ENSG00000226690,fallopian tube,4.1
SRRM5,testis,45.0
MROH5,testis,1.5
ERVMER34-1,parathyroid gland,12.1
ERVMER34-1,placenta,10.2
RBMY1J,testis,1.4
LTA,intestine,1.8
LTA,lymphoid tissue,5.4
LTA,testis,4.1
C14orf132,brain,107.7
ANHX,testis,5.7
TRGC2,bone marrow,26.1
TRGC2,lymphoid tissue,30.0
TRGC2,prostate,21.4
SPANXB1,testis,86.5
KLLN,skeletal muscle,4.1
AKR1B15,breast,156.9
GAGE12D,testis,22.1
LTB,intestine,61.7
LTB,lymphoid tissue,220.1
RD3L,heart muscle,21.8
RD3L,retina,12.4
TEX46,testis,58.5
MRLN,skeletal muscle,176.7
MRLN,tongue,137.2
BOD1L2,testis,253.7
OR2M3,retina,3.4
MT-ATP8,heart muscle,355486.2
ORM2,liver,8192.9
IGKV3D-7,intestine,4.3
IGKV3D-7,lymphoid tissue,5.2
IGKV3D-7,stomach 1,4.2
IGKV3D-7,urinary bladder,5.1
C2orf92,choroid plexus,13.3
C2orf92,testis,11.2
FNDC10,adrenal gland,24.3
FNDC10,brain,27.8
ZNF883,retina,7.7
PROB1,heart muscle,24.7
PROB1,skeletal muscle,75.9
SAPCD1,skin 1,27.5
CT45A5,brain,4.3
CT45A5,testis,4.8
TSPY3,testis,2.8
PGA4,stomach 1,131038.6
ORM1,liver,42168.4
SPINK8,bone marrow,7.9
SPINK8,breast,14.9
SPINK8,fallopian tube,6.7
SPINK8,placenta,5.2
PATL2,bone marrow,7.3
PATL2,lymphoid tissue,15.9
TSPY8,testis,1.3
PRAC2,intestine,9.0
PRAC2,prostate,13.4
H2AL3,testis,4.2
ZNF492,bone marrow,2.4
ZNF492,testis,1.8
TRBV10-2,lymphoid tissue,2.5
PET100,choroid plexus,224.0
PGA3,stomach 1,63357.7
GK3P,testis,12.3
PRPS1L1,testis,29.4
IQCF3,testis,101.9
POTEB2,testis,1.1
TEX53,testis,66.0
ANKRD66,fallopian tube,38.3
TRBV5-4,lymphoid tissue,20.5
TRBV5-4,pancreas,10.9
SPATA31C1,testis,6.9
SSU72P8,testis,1.2
ANKRD18B,brain,7.7
ANKRD18B,testis,4.1
CCDC192,testis,14.4
TEX48,testis,24.7
PRB4,salivary gland,3431.2
ENSG00000230707,adrenal gland,7.4
ENSG00000230707,brain,7.1
ENSG00000230707,testis,2.3
ANKRD63,brain,17.7
YY2,testis,5.4
STMND1,choroid plexus,7.7
STMND1,fallopian tube,16.7
CFAP97D1,testis,12.4
SBK3,heart muscle,30.5
SBK3,tongue,14.1
IGKV1OR2-108,intestine,35.7
IGKV1OR2-108,lymphoid tissue,52.9
HLA-DPA1,lung,516.7
HLA-DPA1,lymphoid tissue,570.0
IGHV4-31,lymphoid tissue,436.1
IGHV4-31,urinary bladder,179.2
TSPAN19,retina,4.0
TSPAN19,testis,4.1
AKAIN1,brain,40.8
CYP21A2,adrenal gland,2046.8
PRH1,salivary gland,222.9
PRH1,testis,56.4
PSG1,placenta,245.4
PPP1R2B,testis,20.5
ZBED9,testis,8.1
TMEM253,intestine,91.3
TEX50,testis,20.0
IGHV3-43,lymphoid tissue,198.3
IGHV3-43,stomach 1,296.0
IGHV3-43,urinary bladder,143.8
ASCL5,pancreas,1.8
TMEM114,seminal vesicle,15.4
AJM1,brain,65.9
KANTR,brain,4.7
HLA-DQB2,skin 1,50.0
TNF,bone marrow,19.9
TNF,lymphoid tissue,6.1
TRBV29-1,lymphoid tissue,91.5
DEFB130A,epididymis,2.4
NPIPA9,brain,597.3
PHGR1,intestine,2480.9
DEFB130B,epididymis,2.4
ERVH48-1,placenta,143.9
RAB6D,parathyroid gland,6.6
RAB6D,prostate,1.7
FAM90A11P,retina,1.1
RNF224,esophagus,3.5
RNF224,pituitary gland,5.0
NPIPB7,testis,27.2
TRGV2,lymphoid tissue,6.2
AK4P3,kidney,1.1
AK4P3,placenta,1.1
BTBD18,testis,2.1
TMEM238,pancreas,20.5
TWIST2,cervix,81.7
PIRT,brain,11.9
PIRT,intestine,4.1
IGHV3OR16-10,intestine,7.4
IGHV3OR16-10,lymphoid tissue,9.6
IGHV3OR16-10,salivary gland,8.4
IGHV3OR16-10,stomach 1,8.2
TSPY4,testis,31.4
POTEB,testis,1.1
CTXN2,brain,2.2
CTXN2,pituitary gland,1.2
CTXN2,retina,1.1
UQCRHL,heart muscle,15.7
IGKV3OR2-268,intestine,93.9
IGKV3OR2-268,lymphoid tissue,79.8
PAGE2,testis,28.3
C16orf82,testis,265.4
TMEM229A,brain,7.3
TMEM229A,intestine,7.9
TMEM229A,testis,5.0
H2BC12L,gallbladder,1.9
H2BC12L,lymphoid tissue,1.4
CCDC188,testis,39.4
RBMY1A1,testis,8.0
KBTBD13,skeletal muscle,28.8
ZNF736,retina,11.4
CLDN34,testis,1.6
C5orf58,testis,201.0
MCIDAS,parathyroid gland,2.6
MCIDAS,stomach 1,1.1
HLA-B,lymphoid tissue,2350.0
C11orf94,testis,54.9
IQCM,testis,4.3
APOC2,liver,8987.5
SHISA8,brain,57.1
C19orf81,testis,6.7
ANKRD65,brain,38.7
FAM237A,brain,1.8
C12orf75,blood vessel,129.2
C12orf75,seminal vesicle,102.9
SMIM1,heart muscle,47.8
SMIM1,testis,47.4
PPP1R3E,retina,43.4
SPAAR,adipose tissue,11.7
SPAAR,breast,10.5
SPAAR,heart muscle,8.7
NFAM1,bone marrow,29.1
NFAM1,lymphoid tissue,18.8
RNF148,testis,48.3
CXorf51B,testis,78.7
ANKRD34C,brain,2.6
MFRP,choroid plexus,314.9
KIAA0040,placenta,94.4
B3GALT4,testis,26.4
LCE6A,skin 1,232.3
PNMA6A,brain,38.5
PATE3,epididymis,149.3
CLEC2L,brain,37.9
CLEC2L,parathyroid gland,13.3
CLEC2L,retina,9.5
SLFN14,bone marrow,3.9
PPIAL4G,intestine,1.6
GAGE12F,testis,99.5
CCDC200,testis,42.1
TSPY10,testis,1.8
UBE2L5,testis,43.1
CT47B1,testis,7.0
ENSG00000236543,skin 1,10.8
ARHGEF38,breast,7.4
ARHGEF38,pancreas,6.1
GAGE12B,testis,132.5
CTAGE9,testis,9.0
ZNF593OS,retina,20.0
C3orf84,testis,6.9
C4orf51,testis,5.5
CDKN2AIPNL,skeletal muscle,76.3
TRBV30,lymphoid tissue,23.6
CKMT1B,brain,112.1
CKMT1B,esophagus,73.3
CKMT1B,intestine,75.6
RNF223,cervix,11.1
RNF223,esophagus,25.8
RNF223,vagina,12.4
PATE4,seminal vesicle,100.5
ENSG00000237378,breast,1.9
PRSS56,brain,2.4
PRSS56,retina,4.9
PRSS56,skeletal muscle,9.1
ZNF737,thyroid gland,35.6
MEIOSIN,testis,7.5
SHISA9,brain,12.2
OR7E24,testis,1.5
TEX51,testis,59.8
HLA-DQA2,lung,21.1
HLA-DQA2,lymphoid tissue,25.8
KIFC1,bone marrow,37.4
KIFC1,lymphoid tissue,44.2
GAGE12C,testis,22.1
PRAMEF33,liver,1.0
TRBV3-1,lymphoid tissue,47.4
AMY1A,salivary gland,7769.4
TSPY9,testis,14.0
LRRC37A2,testis,6.5
MPC1L,testis,17.3
ETDA,testis,16.3
OR2W3,bone marrow,12.2
OR2W3,thyroid gland,5.9
PAGE2B,testis,51.8
CASTOR1,esophagus,50.5
ASB14,skeletal muscle,26.3
ASB14,tongue,16.8
PCDHA13,brain,1.4
PCDHA13,parathyroid gland,3.3
ENSG00000239395,testis,1.3
KLHL41,skeletal muscle,4718.5
KLHL41,tongue,3245.2
IGKV2D-30,intestine,14.3
IGKV2D-30,lymphoid tissue,31.3
IGKV2D-30,stomach 1,20.9
STPG4,testis,13.7
PRR20G,testis,9.0
MEIKIN,testis,5.5
CDRT4,pituitary gland,30.8
APOBEC3G,lymphoid tissue,43.0
TLR9,lymphoid tissue,5.6
IGKV1D-8,intestine,4.3
IGKV1D-8,lymphoid tissue,13.3
IGKV1D-8,salivary gland,5.2
DEFA3,bone marrow,34745.3
IGKV1-6,intestine,145.3
IGKV1-6,lymphoid tissue,564.7
IGKV1-37,intestine,7.7
IGKV1-37,lymphoid tissue,16.1
IGKV1-37,urinary bladder,5.2
KRTAP9-2,skin 1,27.7
C1orf226,liver,20.8
ADSL,skeletal muscle,323.5
ADSL,tongue,226.5
IGKV3-20,intestine,2877.1
IGKV3-20,lymphoid tissue,4893.1
LILRA4,brain,4.3
LILRA4,lymphoid tissue,10.1
IGKV1D-33,intestine,33.8
IGKV1D-33,lung,16.1
IGKV1D-33,lymphoid tissue,60.7
IGKV1D-33,salivary gland,63.1
IGKV1D-33,stomach 1,21.5
LILRA2,bone marrow,14.5
LILRA2,lymphoid tissue,56.9
TEX35,testis,112.2
AMY2B,pancreas,33016.8
IGHJ4,esophagus,196.2
IGHJ4,intestine,232.8
IGHJ4,stomach 1,424.7
IGHJ4,urinary bladder,555.5
STRIT1,skeletal muscle,1862.6
STRIT1,tongue,652.3
PSMB9,lymphoid tissue,140.3
PCDHGC3,brain,360.0
SMKR1,testis,130.6
DEFA1B,lung,563.0
DEFA1B,lymphoid tissue,1718.1
ACAD11,choroid plexus,44.8
ACAD11,kidney,60.1
ACAD11,liver,96.9
IGKV1-17,intestine,350.2
IGKV1-17,lymphoid tissue,423.1
LCE1F,skin 1,154.6
KIR3DL2,lymphoid tissue,1.8
TNFRSF13B,intestine,16.7
TNFRSF13B,lymphoid tissue,29.7
TNFRSF13B,skeletal muscle,58.7
L1TD1,intestine,5.0
L1TD1,lymphoid tissue,4.4
L1TD1,placenta,10.9
L1TD1,testis,5.4
AQP1,blood vessel,765.7
AQP1,choroid plexus,764.5
C1QTNF9,skeletal muscle,7.9
IGKV1-8,intestine,27.7
IGKV1-8,lymphoid tissue,51.3
IGKV1-8,salivary gland,21.1
IGKV1-8,stomach 1,17.5
IGKV1-8,urinary bladder,39.1
PNMA2,brain,113.7
LRRD1,testis,13.8
KRBOX1,testis,191.9
PCDHGC5,brain,28.2
IGKV1-16,intestine,261.3
IGKV1-16,lymphoid tissue,557.2
IGKV1-16,urinary bladder,244.3
KRTAP4-7,skin 1,53.2
PLCXD2,retina,13.7
NSUN6,liver,57.1
HLA-DOB,intestine,18.9
HLA-DOB,lymphoid tissue,40.9
UGT1A9,kidney,428.4
UGT1A9,liver,183.6
KRTAP10-5,skin 1,15.1
OR14A2,testis,2.7
ZNF722,testis,1.6
TDGF1,kidney,18.8
TDGF1,lymphoid tissue,19.7
TDGF1,ovary,9.4
C3orf85,intestine,66.4
C3orf85,kidney,13.0
C3orf85,liver,18.5
KRTAP5-8,kidney,5.7
KRTAP5-8,skin 1,6.9
IGKV1D-16,gallbladder,74.3
IGKV1D-16,intestine,86.0
IGKV1D-16,lymphoid tissue,154.2
IGKV2-24,intestine,255.0
IGKV2-24,lymphoid tissue,461.5
IGKV2-24,urinary bladder,879.0
FBXW10B,esophagus,7.8
FBXW10B,testis,11.6
IGKV3-11,intestine,1282.2
IGKV3-11,lymphoid tissue,2623.2
IGKV3-11,urinary bladder,1710.9
OR5G3,lymphoid tissue,1.4
OR5G3,salivary gland,2.3
PDXP,brain,257.9
PDXP,liver,72.4
CD302,liver,181.2
SSX2,testis,15.6
ARHGAP8,kidney,23.2
ARHGAP8,salivary gland,21.9
CORT,brain,66.5
IGKV2D-24,intestine,18.4
IGKV2D-24,lymphoid tissue,30.0
IGKV2D-24,urinary bladder,14.3
KRTAP9-4,skin 1,37.1
KRTAP5-4,skin 1,4.2
UGT1A1,intestine,189.0
UGT1A1,liver,344.8
INMT,lung,195.0
ENSG00000241690,testis,6.1
TMEFF1,brain,12.9
TMEFF1,testis,3.8
IGKV1-9,intestine,400.0
IGKV1-9,lymphoid tissue,626.1
IGKV1-9,stomach 1,266.7
SPRR2A,cervix,1417.8
SPRR2A,esophagus,5424.3
SPRR2A,vagina,1296.9
ATP5PO,tongue,1494.1
PLEKHO2,lymphoid tissue,98.2
HOGA1,kidney,48.3
HOGA1,liver,54.1
PI4KA,brain,103.1
IGKV1-33,lymphoid tissue,1605.6
IGKV1-33,stomach 1,585.3
IGKV1-33,urinary bladder,570.4
AMACR,kidney,124.7
AMACR,liver,167.6
ARHGDIG,brain,245.6
ARHGDIG,pancreas,105.9
TCP10L,testis,142.6
PSG2,placenta,225.0
BGLAP,brain,12.7
BGLAP,choroid plexus,6.9
BGLAP,intestine,17.8
PEG10,adrenal gland,162.5
PEG10,placenta,439.1
UGT1A8,gallbladder,6.1
UGT1A8,intestine,14.9
UGT1A8,urinary bladder,28.0
IGKV1-39,intestine,92.4
IGKV1-39,lymphoid tissue,191.6
IGKV1-39,salivary gland,98.2
IGKV1-39,stomach 1,78.0
RBMY1E,testis,2.6
PCDHGC4,brain,17.3
PCDHGC4,retina,6.0
GTF2A1L,testis,56.1
IGHJ5,breast,69.1
IGHJ5,intestine,109.1
UGT1A10,gallbladder,20.7
UGT1A10,intestine,74.5
UGT1A10,stomach 1,30.9
IGKV2D-28,intestine,141.3
IGKV2D-28,lymphoid tissue,384.1
IGKV2D-28,salivary gland,209.7
SERPINB10,bone marrow,63.1
HLA-DMB,intestine,76.7
HLA-DMB,lymphoid tissue,100.7
IGKV1D-43,intestine,2.7
IGKV1D-43,lymphoid tissue,4.5
IGKV1D-43,stomach 1,3.4
DECR2,liver,174.4
CNTF,bone marrow,6.5
CNTF,brain,11.6
CCDC169,testis,55.6
RTL5,brain,9.4
IGKV1D-17,intestine,6.7
IGKV1D-17,lymphoid tissue,11.0
IGKV1D-17,salivary gland,5.4
ZNF709,testis,14.6
STRC,brain,40.6
IGHJ3,esophagus,34.2
IGHJ3,pancreas,58.4
ERVW-1,placenta,51.3
IGKV3-7,intestine,17.4
IGKV3-7,lymphoid tissue,20.7
IGKV3-7,salivary gland,15.0
IGKV3-7,stomach 1,9.6
PSG11,placenta,49.9
PSG4,parathyroid gland,52.3
PSG4,placenta,135.5
PCDHAC2,parathyroid gland,40.4
IGKV2-30,intestine,590.1
IGKV2-30,lymphoid tissue,627.0
IGKV2-30,stomach 1,303.7
IGKV2D-29,intestine,234.5
IGKV2D-29,lymphoid tissue,432.7
PRAF2,epididymis,154.3
VSIG8,lymphoid tissue,6.1
VSIG8,skin 1,23.6
IGKV1-12,intestine,369.7
IGKV1-12,lymphoid tissue,736.1
KCTD7,retina,60.9
EFNA4,skin 1,29.2
C4orf48,brain,149.7
C4orf48,pituitary gland,72.7
IGKV1-5,intestine,727.5
IGKV1-5,lymphoid tissue,1363.4
IGKV1-5,urinary bladder,887.2
NAA80,testis,59.4
AMY2A,pancreas,145041.3
KRTAP10-11,skin 1,8.4
TNFRSF6B,lung,53.3
WFDC6,epididymis,210.1
UPK3B,adipose tissue,113.3
UPK3B,esophagus,64.1
UPK3B,lung,47.7
UPK3B,urinary bladder,34.1
SMIM34,kidney,6.5
CFB,liver,2370.8
ZNF487,testis,26.2
LEFTY1,intestine,65.1
LEFTY1,pancreas,91.4
CFAP57,choroid plexus,13.2
CFAP57,fallopian tube,22.0
CFAP57,testis,14.8
KIR2DL3,lymphoid tissue,1.4
APOBEC3D,lymphoid tissue,14.3
TUBA4B,choroid plexus,21.0
TUBA4B,fallopian tube,37.7
MRPS6,choroid plexus,320.1
MRPS6,kidney,308.2
GSTA1,adrenal gland,635.7
GSTA1,intestine,635.6
GSTA1,kidney,880.2
GSTA1,liver,2438.9
RTL9,testis,7.5
ACY1,intestine,170.7
ACY1,kidney,420.7
ACY1,liver,257.3
MT1HL1,heart muscle,5.5
MT1HL1,kidney,1.0
MT1HL1,liver,1.4
KRTAP19-3,skeletal muscle,6.9
KRTAP19-3,skin 1,15.3
LCE3C,lymphoid tissue,22.6
GSTA2,kidney,649.1
GSTA2,liver,1924.8
SPRR2F,cervix,92.6
SPRR2F,esophagus,253.6
SPRR2F,lymphoid tissue,65.8
SPRR2F,ovary,110.5
IGKV2-28,intestine,1022.0
IGKV2-28,lymphoid tissue,1670.1
UGT1A7,esophagus,78.7
TMEM225B,testis,132.2
GMCL2,testis,17.9
IFITM10,adrenal gland,2.4
IFITM10,bone marrow,1.4
IFITM10,retina,1.3
ENSG00000244255,liver,1.7
DBNDD2,brain,1567.7
LY6G6D,skin 1,33.5
RBMY1D,testis,1.3
KRTAP5-7,skin 1,4.8
KRTAP5-7,testis,1.8
CFHR1,liver,1937.3
IGKV3-15,intestine,734.7
IGKV3-15,lymphoid tissue,1863.5
IGKV3-15,urinary bladder,737.4
UGT1A4,liver,367.8
ERVFRD-1,placenta,34.8
LILRA6,lung,8.6
LILRA6,lymphoid tissue,16.2
SCARF2,blood vessel,47.5
KRTAP4-2,skin 1,20.4
IGKV1-27,intestine,250.5
IGKV1-27,lymphoid tissue,323.9
IGKV1-27,salivary gland,171.4
RAD21L1,testis,10.0
CCDC13,fallopian tube,2.7
CCDC13,retina,4.0
CCDC13,testis,2.9
ASPRV1,skin 1,614.8
FCGR2C,placenta,26.6
C4A,adrenal gland,117.5
C4A,liver,341.8
HBB,bone marrow,125480.9
CRYBB2,brain,2.2
CEBPA,adipose tissue,92.7
CEBPA,breast,67.7
CEBPA,liver,198.2
CEBPA,skin 1,115.0
H2AJ,testis,541.3
UBAP1L,brain,15.5
UBAP1L,retina,24.5
SPTY2D1OS,testis,476.4
USP51,epididymis,46.7
INSL3,ovary,121.1
INSL3,testis,382.6
MARCOL,urinary bladder,1.3
ADH1C,intestine,562.7
ADH1C,liver,1927.2
ADH1C,stomach 1,538.9
ENSG00000248235,lymphoid tissue,2.5
APELA,breast,1.4
APELA,kidney,2.0
APELA,prostate,4.0
PCDHAC1,parathyroid gland,28.0
TARM1,bone marrow,6.6
POU5F2,testis,1.8
PCP4L1,brain,191.4
PCP4L1,pituitary gland,86.5
STIMATE-MUSTN1,liver,11.4
LY75-CD302,bone marrow,2.2
LY75-CD302,intestine,1.7
LY75-CD302,lymphoid tissue,2.2
CCDC153,choroid plexus,23.3
CCDC153,fallopian tube,22.8
C4orf54,skeletal muscle,65.7
ACTN3,skeletal muscle,1567.3
FOXL3,testis,2.6
SMIM31,gallbladder,7.4
SMIM31,intestine,23.1
SMIM31,prostate,10.3
TNFSF12-TNFSF13,choroid plexus,7.3
FMN1,retina,27.8
EPPIN-WFDC6,epididymis,60.2
EPPIN-WFDC6,testis,50.1
ENSG00000249141,pancreas,3.3
PCDHA11,brain,3.4
PCDHA11,parathyroid gland,2.5
PCDHA11,retina,2.2
ATP5MGL,bone marrow,1.4
ENSG00000249240,lymphoid tissue,5.5
TMEM150C,epididymis,127.4
NAIP,lymphoid tissue,31.0
H2AL1Q,testis,7.4
SPATS1,epididymis,5.5
SPATS1,fallopian tube,7.2
SPATS1,testis,20.6
ENSG00000249590,liver,1.8
ENSG00000249590,retina,6.3
THEGL,testis,3.3
FER1L5,testis,4.0
ENSG00000249773,testis,2.6
HS3ST5,brain,6.9
HS3ST5,skeletal muscle,3.0
HS3ST5,urinary bladder,2.1
LGALS16,placenta,5.4
RNF103-CHMP3,bone marrow,3.9
RNF103-CHMP3,heart muscle,3.9
GOLGA8K,testis,4.9
GBA3,intestine,161.4
GBA3,kidney,166.9
GBA3,liver,211.1
TERB1,testis,11.7
ENSG00000249967,tongue,1.5
TMEM158,brain,82.8
TMEM158,endometrium 1,60.4
IGKV1D-37,intestine,11.9
IGKV1D-37,stomach 1,14.2
IGKV1D-37,urinary bladder,18.9
YJEFN3,brain,202.9
PCDHA10,brain,7.7
ENSG00000250264,lymphoid tissue,6.1
GIMD1,intestine,25.8
TRMT9B,brain,64.0
TRMT9B,choroid plexus,82.2
TRMT9B,retina,22.7
TRMT9B,thyroid gland,31.5
ENSG00000250349,skeletal muscle,4.4
GYPB,bone marrow,59.4
TUNAR,brain,48.4
KIAA1210,epididymis,39.4
KIAA1210,seminal vesicle,19.7
KIAA1210,testis,30.6
ENSG00000250424,blood vessel,1.2
CHCHD10,heart muscle,1596.3
CHCHD10,skeletal muscle,1222.7
GPR162,brain,143.5
GPR162,choroid plexus,72.9
ATP6V1E2,testis,27.0
LY6G6F-LY6G6D,testis,2.5
ENSG00000250644,adrenal gland,198.1
ENSG00000250644,blood vessel,79.3
CCDC169-SOHLH2,testis,9.6
P3R3URF,testis,133.6
SELENOP,intestine,1966.1
SELENOP,liver,5860.1
NT5C1B-RDH14,testis,15.4
PRODH2,kidney,154.3
PRODH2,liver,187.9
ENSG00000250803,testis,185.2
IGKV2D-40,lymphoid tissue,108.6
PTTG1IP2,testis,12.3
ENSG00000251184,retina,2.3
ENSG00000251184,skeletal muscle,1.4
RFPL4B,testis,1.5
ALG1L2,retina,2.4
SHANK3,brain,155.9
SHANK3,lymphoid tissue,119.5
MSANTD3-TMEFF1,brain,31.6
CENPS-CORT,testis,33.3
IGKV1D-39,intestine,2729.5
IGKV1D-39,lymphoid tissue,6055.0
IGKV1D-39,stomach 1,2126.1
ENSG00000251569,retina,16.6
ENSG00000251569,testis,8.0
PRB1,salivary gland,5973.3
PCDHA12,brain,1.6
PCDHA12,lung,1.4
PCDHGA12,brain,9.2
TRBV6-7,lymphoid tissue,1.2
TRBV6-7,pancreas,1.5
TRBV6-7,testis,1.2
C8orf88,testis,85.6
SHLD3,bone marrow,16.5
TRBV7-7,lymphoid tissue,7.6
HOXA10,cervix,44.8
HOXA10,endometrium 1,66.9
HOXA10,skeletal muscle,60.5
TMEM200B,endometrium 1,58.0
PCDHGB6,brain,10.7
SERPINE3,pancreas,1.2
SERPINE3,retina,1.7
C1orf210,intestine,41.2
TRNP1,esophagus,81.2
TRNP1,retina,78.2
TRNP1,stomach 1,117.5
TRBV7-4,lymphoid tissue,23.7
TRBV7-4,pancreas,9.1
SMIM18,brain,8.8
SMIM18,pituitary gland,5.0
SMIM18,retina,3.4
NACA2,testis,59.5
PCDHGA7,brain,3.9
SLC10A5,intestine,3.7
SLC10A5,liver,10.6
EIF5AL1,testis,9.9
PRSS51,brain,18.0
ETV3L,choroid plexus,8.7
PCDHGA10,brain,14.9
CLDN23,intestine,15.4
CLDN23,stomach 1,14.8
LYN,bone marrow,69.6
LYN,lymphoid tissue,80.3
CD8B2,lymphoid tissue,6.9
IGHV8-51-1,lymphoid tissue,1.4
PCDHGB1,brain,11.9
LRRC24,pituitary gland,12.5
SIGLEC14,bone marrow,22.0
SIGLEC14,lymphoid tissue,21.0
AP5B1,bone marrow,41.5
SIGLEC12,intestine,4.3
SIGLEC12,lymphoid tissue,16.1
PABPC4L,placenta,9.6
OMP,intestine,2.5
OMP,liver,1.3
MAGEL2,brain,14.6
MAGEL2,pituitary gland,8.3
CSNK2A3,skeletal muscle,1.7
ARMS2,placenta,1.3
ARMS2,testis,2.7
INS,pancreas,12197.1
RTL1,adrenal gland,1.5
RTL1,brain,4.2
RTL1,placenta,2.7
IGLL5,intestine,384.8
IGLL5,lymphoid tissue,632.7
IGLL5,salivary gland,263.6
IGLL5,stomach 1,290.6
MEX3A,ovary,5.6
CKLF-CMTM1,testis,5.8
NPIPA2,brain,22.2
ENSG00000254979,bone marrow,12.5
ENSG00000254979,liver,6.8
ENSG00000254979,placenta,6.6
KRTAP5-9,testis,3.0
SAA2-SAA4,liver,95.6
CHMP1B,skeletal muscle,344.7
EID3,testis,57.2
GLYATL1B,breast,6.8
GLYATL1B,lymphoid tissue,2.6
HTD2,skeletal muscle,41.0
CCDC166,testis,3.9
FXYD6-FXYD2,kidney,6.8
FXYD6-FXYD2,salivary gland,4.2
PRR23D1,epididymis,175.9
SMIM35,bone marrow,1.2
SMIM35,kidney,1.1
OR8G5,testis,2.5
NOX5,lymphoid tissue,8.1
CCDC179,testis,26.1
PRR23D2,testis,2.0
HCAR3,bone marrow,25.8
HCAR3,esophagus,16.6
HCAR3,lymphoid tissue,19.2
HCAR3,skin 1,17.8
EBLN2,bone marrow,14.6
ENSG00000255432,skeletal muscle,1.0
CARD18,skin 1,40.1
NPIPB8,testis,16.9
NEDD8-MDP1,skeletal muscle,1.2
NEDD8-MDP1,testis,1.1
TRAV1-1,lymphoid tissue,16.6
RAB44,bone marrow,55.6
ENSG00000255639,intestine,21.7
ENSG00000255639,tongue,17.3
ENSG00000255641,brain,6.4
ENSG00000255641,lymphoid tissue,4.4
TRIL,brain,38.0
TIFAB,lymphoid tissue,5.3
CYP2A6,liver,1507.9
COA8,skeletal muscle,114.3
DNAAF4,retina,27.4
SMLR1,liver,52.9
ZNF486,thyroid gland,32.4
HMBS,bone marrow,160.0
ENSG00000256349,retina,2.1
ASIC5,intestine,2.2
DND1,brain,3.3
DND1,testis,11.6
SALL3,brain,8.5
SALL3,cervix,2.2
SALL3,kidney,2.8
SALL3,prostate,5.2
SALL3,vagina,6.8
ENSG00000256500,skeletal muscle,21.3
ENSG00000256500,tongue,15.3
TRAV1-2,lymphoid tissue,17.9
OR13A1,urinary bladder,1.0
TRDV3,epididymis,11.8
TRDV3,lymphoid tissue,8.5
CLEC12B,bone marrow,5.2
CLEC12B,skin 1,4.2
CLEC12B,testis,12.5
LIMS4,blood vessel,8.0
PGA5,stomach 1,35793.5
STH,brain,1.1
KLRF2,skin 1,11.2
CAPNS2,esophagus,82.6
CAPNS2,skin 1,99.0
CAPNS2,vagina,33.3
SLC5A8,cervix,19.0
SLC5A8,kidney,5.2
SLC5A8,thyroid gland,14.6
LIMS3,blood vessel,7.1
KHDC1L,brain,7.2
KHDC1L,testis,5.0
GPR142,stomach 1,1.7
HP,liver,55848.1
SLCO1B3-SLCO1B7,breast,20.3
C11orf97,brain,10.4
C11orf97,choroid plexus,10.8
C11orf97,fallopian tube,18.0
C11orf97,testis,18.2
NHLRC4,fallopian tube,11.0
NHLRC4,kidney,9.5
MGAM,epididymis,24.1
MGAM,intestine,82.5
FNTB,brain,136.3
ENSG00000257390,testis,8.2
ZNF625,retina,8.2
GALNT4,stomach 1,29.9
MGAM2,intestine,5.5
MGAM2,pancreas,3.8
MGAM2,salivary gland,8.1
ENSG00000257767,adipose tissue,60.1
ENSG00000257767,skeletal muscle,35.6
TEX49,testis,19.6
MAP1LC3B2,brain,5.8
PRSS58,testis,24.4
CLEC5A,bone marrow,39.0
ZNF578,testis,5.9
RNASE12,epididymis,656.9
SPESP1,testis,68.1
ENSG00000258529,testis,1.0
SERPINA2,epididymis,101.0
SYNJ2BP-COX16,testis,9.7
ENSG00000258674,brain,9.1
ENSG00000258691,esophagus,1.7
ENSG00000258691,urinary bladder,1.4
C20orf141,testis,124.1
PINX1,cervix,1.6
PINX1,vagina,4.6
RNASE4,liver,447.2
MC1R,pituitary gland,31.2
MC1R,testis,29.6
ENSG00000258881,retina,1.2
TUBB3,brain,344.3
TMEM179,brain,60.6
TMEM179,pituitary gland,71.1
ENSG00000258989,retina,8.2
TSPY1,testis,7.1
FPGT-TNNI3K,heart muscle,8.7
ENSG00000259060,epididymis,3.5
TRAV30,lymphoid tissue,12.7
SMIM6,fallopian tube,22.7
SMIM6,kidney,21.7
SMIM6,stomach 1,31.3
SMIM6,testis,25.1
ENSG00000259171,liver,107.6
ITGB3,blood vessel,37.6
ITGB3,thyroid gland,52.7
SLC35G6,testis,5.3
IGHV4OR15-8,intestine,1.8
IGHV4OR15-8,lymphoid tissue,1.3
IGHV4OR15-8,urinary bladder,1.9
IGHV2OR16-5,epididymis,4.5
IGHV2OR16-5,intestine,1.7
IGHV2OR16-5,lymphoid tissue,3.0
IGHV2OR16-5,salivary gland,1.3
IGHV2OR16-5,stomach 1,4.9
ST20-MTHFS,liver,90.0
GH1,pituitary gland,56119.9
CTXND1,brain,25.1
CTXND1,liver,8.7
IGHV3OR15-7,intestine,1.9
IGHV3OR15-7,stomach 1,1.7
IGHV3OR16-17,intestine,10.7
IGHV3OR16-17,lymphoid tissue,22.7
IGHV3OR16-17,stomach 1,11.0
ENSG00000259784,bone marrow,1.8
ENSG00000259784,intestine,1.0
SLC22A31,brain,132.8
LYPD8,intestine,202.5
AQP7B,adipose tissue,29.7
TGFBR3L,pituitary gland,33.1
HOXB7,epididymis,127.6
SPDYE6,testis,3.4
CCDC187,fallopian tube,7.1
CCDC187,pituitary gland,6.7
CCDC187,testis,28.3
FRRS1L,brain,26.9
ENSG00000260272,kidney,1.4
ARMH2,testis,12.5
TBC1D3G,testis,26.0
MRC1,lung,115.2
HSPB9,testis,65.5
ENSG00000260342,testis,13.4
SCX,brain,22.7
SCX,thyroid gland,32.2
C16orf95,testis,98.4
KCNJ18,skin 1,7.3
ENSG00000260643,brain,19.1
ANKRD20A1,testis,3.9
SERTM2,endometrium 1,25.6
SERTM2,epididymis,39.4
SERTM2,seminal vesicle,71.2
ENSG00000260861,bone marrow,2.6
ENSG00000260861,brain,2.7
ENSG00000260861,lymphoid tissue,2.4
ENSG00000260861,testis,3.1
XKR7,brain,14.5
XKR7,pituitary gland,4.1
XKR7,retina,4.4
ENSG00000260914,skeletal muscle,146.6
SULT1A3,intestine,225.7
TMEM178B,brain,10.7
TMEM178B,heart muscle,10.3
TMEM178B,parathyroid gland,11.2
TMEM178B,tongue,11.2
EPPK1,skin 1,15.2
CLEC19A,brain,1.3
ZNF865,skeletal muscle,35.6
BOP1,skeletal muscle,69.1
GOLGA8T,testis,5.5
MUC22,esophagus,16.7
FIGNL2,kidney,3.6
ENSG00000261341,testis,346.8
PECAM1,placenta,427.4
TUBB8,ovary,2.3
TUBB8,testis,1.7
TP53TG3B,epididymis,4.1
TMEM249,testis,26.3
TPBGL,brain,4.1
TPBGL,testis,4.1
GAN,skin 1,23.5
GOLGA6L7,testis,26.2
LY6L,epididymis,5.8
LY6L,kidney,2.2
SCRT1,brain,76.8
HPR,liver,758.6
ENSG00000261717,skeletal muscle,2.1
ENSG00000261717,testis,1.7
GOLGA8S,testis,3.2
TCF24,kidney,1.0
TCF24,testis,1.4
ENSG00000261793,salivary gland,43.5
GOLGA8H,testis,4.7
MIA,breast,54.1
MIA,pituitary gland,73.8
MIA,salivary gland,40.7
MIA,stomach 1,61.9
SMIM36,retina,10.0
SMIM36,testis,2.6
GFY,testis,1.3
GREP1,lymphoid tissue,2.4
GREP1,skin 1,3.5
C17orf114,brain,6.3
MYMX,adipose tissue,7.1
MYMX,blood vessel,1.9
MYMX,breast,6.7
MYMX,pancreas,5.2
MYMX,stomach 1,2.2
CORO7,bone marrow,65.6
MMP12,intestine,14.8
MMP12,lymphoid tissue,38.1
MMP12,urinary bladder,15.0
CCER2,brain,4.7
CCER2,testis,4.7
SMIM28,intestine,2.5
ENSG00000262660,intestine,2.2
ENSG00000262660,skeletal muscle,1.0
C19orf84,testis,20.6
MYZAP,heart muscle,551.2
DPEP2NB,testis,3.9
TMEM238L,intestine,35.1
TMEM238L,stomach 1,42.6
TMEM238L,urinary bladder,20.2
FAM72C,bone marrow,2.7
FAM72C,lymphoid tissue,4.9
IKBKE,lymphoid tissue,22.7
ENSG00000263620,brain,45.5
MSMB,prostate,8771.6
LINC02210-CRHR1,brain,2.1
GDF2,liver,17.4
LINC00672,brain,13.7
RHEX,cervix,22.9
AKR1C8,epididymis,2.8
AKR1C8,liver,6.7
ANXA8L1,esophagus,174.7
ANXA8L1,skin 1,307.2
MYH4,skeletal muscle,9.9
ENSG00000264668,brain,1.2
NPY4R2,intestine,1.6
GJA5,placenta,80.3
ENSG00000265118,lymphoid tissue,7.8
ANXA8,esophagus,174.6
ANXA8,skin 1,252.1
RBP3,retina,504.0
ZNF488,brain,61.2
ZNF488,intestine,21.1
FSBP,retina,11.1
SRGAP2,brain,122.7
BAHCC1,brain,23.6
RASSF5,bone marrow,103.2
RASSF5,lymphoid tissue,77.5
PNLIPRP2,pancreas,8150.3
ENSG00000266202,pancreas,1.6
KLF14,adrenal gland,1.0
GDF10,lung,17.3
GDF10,retina,17.0
MYO15B,intestine,201.7
IGBP1P2,testis,8.3
ENSG00000266953,bone marrow,1.0
ENSG00000266953,retina,2.4
ENSG00000266953,skeletal muscle,2.5
FXYD1,choroid plexus,1674.5
FXYD1,skeletal muscle,1295.2
ENSG00000267001,testis,13.0
ZNF850,bone marrow,5.1
PTGES3L,skeletal muscle,116.5
PTGES3L,tongue,88.6
ENSG00000267140,lymphoid tissue,4.5
LCN6,epididymis,1493.0
ENSG00000267318,skeletal muscle,23.5
ENSG00000267318,tongue,21.4
ENSG00000267335,pituitary gland,15.5
UPK3BL1,esophagus,259.9
APOC4,liver,585.9
ENSG00000267561,adipose tissue,18.1
ENSG00000267618,testis,4.1
CGB1,pancreas,2.6
EDDM13,epididymis,93.2
ENSG00000267748,blood vessel,5.8
ENSG00000267748,salivary gland,10.9
SMIM22,intestine,178.3
SMIM22,salivary gland,126.4
SMIM22,stomach 1,156.9
NDUFA7,skeletal muscle,253.2
ENSG00000267881,intestine,3.1
CCDC177,brain,4.3
CCDC177,retina,4.1
ENSG00000267952,retina,4.7
ENSG00000267952,skeletal muscle,11.5
MAGEA9B,testis,9.5
SSX4,testis,2.9
ERFL,intestine,2.6
ERFL,lymphoid tissue,2.9
NBPF12,pancreas,54.7
NBPF12,stomach 1,40.6
ENSG00000268083,skeletal muscle,1.3
GABRQ,brain,20.8
GABRQ,cervix,7.2
SLC6A14,lung,15.1
SLC6A14,salivary gland,20.2
ENSG00000268163,retina,1.1
ENSG00000268163,skeletal muscle,1.0
SMIM17,brain,13.4
OPN1MW,retina,12.6
SCGB1C2,pancreas,1.4
ENSG00000268361,brain,1.0
ENSG00000268434,skeletal muscle,1.0
SSX2B,testis,15.9
ENSG00000268465,intestine,1.1
ENSG00000268465,retina,4.6
ENSG00000268465,testis,1.5
NFILZ,testis,1.5
SIGLEC5,bone marrow,27.6
SIGLEC5,lymphoid tissue,12.1
ENSG00000268533,retina,7.8
ENSG00000268533,skin 1,6.2
MAGEA2,testis,3.6
TEX13A,testis,10.0
ENSG00000268643,retina,10.0
CTAG1A,testis,7.8
ENSG00000268655,pancreas,8.5
ENSG00000268655,testis,2.6
ZNF723,testis,3.1
HSFX2,testis,5.1
ENSG00000268790,skeletal muscle,1.7
CSAG2,lymphoid tissue,1.0
CSAG3,lymphoid tissue,2.1
CSAG3,testis,3.9
CT45A1,testis,12.9
ERVV-2,placenta,7.9
SPANXN2,testis,3.3
FAM236B,testis,96.8
CALR3,testis,61.9
ZNF728,testis,9.7
CT45A3,testis,6.1
TRABD2B,blood vessel,20.3
TRABD2B,kidney,15.0
FBXO17,liver,70.5
TMSB15B,ovary,13.1
MAGIX,liver,19.0
SPIB,intestine,25.2
SPIB,lymphoid tissue,93.0
NXF2,epididymis,14.3
NXF2,testis,10.2
OPN1MW3,retina,44.9
NXF2B,epididymis,14.3
NXF2B,testis,6.9
DMRTC1,brain,12.0
DMRTC1,pituitary gland,12.1
ERVV-1,placenta,15.1
CT45A10,testis,8.7
ENSG00000269590,intestine,1.1
ENSG00000269590,lymphoid tissue,1.3
ENSG00000269590,skeletal muscle,1.2
ZIM2,ovary,3.0
ZIM2,placenta,1.9
ZIM2,testis,3.0
ENSG00000269711,bone marrow,20.8
ENSG00000269711,intestine,7.3
ENSG00000269711,lung,17.8
ENSG00000269711,lymphoid tissue,11.9
CCDC194,ovary,2.1
SLC25A53,brain,1.4
SLC25A53,lymphoid tissue,1.7
SSX4B,testis,1.3
RNF225,cervix,2.6
RNF225,esophagus,5.6
RNF225,skin 1,4.2
RNF225,vagina,2.4
EGLN2,testis,223.9
COMMD3-BMI1,retina,9.4
COMMD3-BMI1,testis,5.5
MEI4,kidney,3.9
MEI4,pancreas,1.9
MEI4,testis,3.2
MEI4,thyroid gland,2.0
ZNF559-ZNF177,retina,4.6
ENSG00000270249,skeletal muscle,2.1
PPIAL4H,brain,2.3
HEATR9,testis,9.5
IGHV3OR16-12,intestine,12.9
IGHV3OR16-12,lymphoid tissue,18.9
IGHV3OR16-12,stomach 1,9.2
IGHV3OR16-9,intestine,67.4
IGHV3OR16-9,lymphoid tissue,81.5
IGHV3OR16-9,salivary gland,45.6
IGHV3OR16-9,stomach 1,70.9
IGHV3OR16-9,urinary bladder,47.3
IGHV1OR15-1,lymphoid tissue,73.5
IGHV3-30,intestine,499.5
IGHV3-30,lymphoid tissue,1208.7
IGHV3-30,salivary gland,438.6
IGHV3-30,stomach 1,538.1
IGHV3-30,urinary bladder,355.8
HSPE1-MOB4,adrenal gland,18.0
GAS2L2,choroid plexus,8.5
GAS2L2,fallopian tube,15.0
RPS10-NUDT3,brain,28.7
C17orf50,testis,94.2
RASL10B,brain,33.3
RASL10B,skeletal muscle,29.5
CTAGE15,testis,7.9
IGHV3OR16-8,intestine,30.0
IGHV3OR16-8,lymphoid tissue,46.5
IGHV3OR16-8,stomach 1,32.0
IGHV3OR16-8,urinary bladder,38.9
IGHV3OR16-13,intestine,6.6
IGHV3OR16-13,lymphoid tissue,27.8
IGHV3OR16-13,salivary gland,7.0
UGT2A2,kidney,5.8
UGT2A2,liver,9.2
CTAGE6,testis,13.8
CCL5,bone marrow,114.7
CCL5,lymphoid tissue,126.6
MILR1,lymphoid tissue,23.9
ENSG00000271810,testis,3.6
SMIM32,intestine,12.1
SMIM32,kidney,47.9
ANKRD34A,brain,17.7
ENSG00000272297,testis,28.3
CD24,thyroid gland,1527.8
CFAP206,fallopian tube,21.0
CFAP206,testis,55.2
MUSTN1,blood vessel,1491.2
MUSTN1,skeletal muscle,1710.5
ZNF595,placenta,56.9
DOC2B,brain,53.3
DOC2B,retina,39.0
KRTAP10-7,skin 1,13.0
ENSG00000272822,brain,2.7
ATP6V1FNB,brain,22.8
ATP6V1FNB,kidney,12.3
ATP6V1FNB,skeletal muscle,10.3
RBAK-RBAKDN,testis,54.5
ENSG00000272980,testis,22.2
ENSG00000273047,liver,7.0
ENSG00000273049,skeletal muscle,2.3
GRIN2B,brain,6.8
ENSG00000273088,epididymis,1.4
LYPD4,testis,99.5
ENSG00000273171,liver,1.1
SNURF,brain,90.4
SNURF,skeletal muscle,58.2
H3-7,ovary,23.7
TMEM271,brain,19.6
TMEM271,pituitary gland,6.0
TMEM271,skin 1,3.5
ENSG00000273291,testis,1.0
TBC1D3K,testis,2.0
FOXD4L6,brain,1.3
AGBL1,skeletal muscle,7.0
AGBL1,tongue,21.6
H4C12,bone marrow,20.9
ENSG00000273554,skin 1,1.5
ENSG00000273554,testis,4.3
CWC25,bone marrow,58.7
EPOP,brain,13.5
EPOP,testis,11.1
H2BC14,bone marrow,3.3
H2BC14,choroid plexus,1.9
H2BC14,lymphoid tissue,2.9
LHX1,brain,32.2
LHX1,kidney,10.0
CEACAM20,intestine,35.6
USP27X,brain,17.5
IGKV2-40,intestine,39.9
IGKV2-40,lymphoid tissue,30.9
GOLGA6L1,testis,12.8
H3C8,bone marrow,2.2
H3C8,lymphoid tissue,2.0
CASTOR2,skeletal muscle,61.7
ENSG00000274175,epididymis,5.7
ENSG00000274175,testis,1.4
NATD1,skeletal muscle,37.6
H2AB1,testis,10.6
ANTXRL,testis,12.0
SOCS7,brain,42.7
SOCS7,testis,69.2
TBC1D3H,brain,1.7
TBC1D3H,testis,4.4
GGTLC3,kidney,11.5
GGTLC3,thyroid gland,8.2
GAGE13,testis,51.8
TPTE,testis,105.6
C8orf89,testis,7.1
SEBOX,liver,1.1
IGHV2-70,lymphoid tissue,678.8
IGHV2-70,stomach 1,472.0
DGKK,adrenal gland,3.2
DGKK,brain,4.3
DGKK,pituitary gland,5.7
RIMBP3B,testis,15.4
TBC1D3,choroid plexus,11.7
H2BC17,bone marrow,2.3
H2BC17,lymphoid tissue,2.4
KRTAP7-1,skin 1,22.7
TRBV12-3,lymphoid tissue,56.7
TBC1D3I,testis,6.6
ENSG00000274944,testis,4.7
H2AC12,bone marrow,8.3
ZNF280B,testis,12.5
TP53TG3E,epididymis,2.9
TP53TG3E,testis,2.1
ENSG00000275063,intestine,583.6
ENSG00000275063,lymphoid tissue,715.9
ENSG00000275063,urinary bladder,406.8
GAGE2E,stomach 1,14.5
GAGE2E,testis,52.4
CCL16,liver,112.4
TRBV12-5,lymphoid tissue,44.6
ENSG00000275163,fallopian tube,5.2
ENSG00000275163,kidney,1.4
LENG9,pancreas,28.4
TRBV16,lymphoid tissue,1.3
CCL4,bone marrow,181.9
PRAG1,brain,41.0
PRAG1,thyroid gland,22.0
H3C11,bone marrow,1.2
CCL18,lung,46.6
FCGBP,intestine,192.6
FCGBP,salivary gland,87.6
FCGBP,thyroid gland,93.6
HNF1B,kidney,67.4
HNF1B,pancreas,33.1
C17orf98,testis,18.8
FAM236A,testis,144.8
ENSG00000275674,intestine,1.1
ENSG00000275674,pancreas,1.1
H2BC9,bone marrow,8.6
H2BC9,lymphoid tissue,10.7
H3C1,bone marrow,7.4
H3C1,testis,3.3
CCL15,intestine,77.7
CCL15,liver,40.2
LYZL6,testis,44.0
ENSG00000275740,testis,6.3
TRBV14,lymphoid tissue,42.2
TRBV10-3,lymphoid tissue,82.3
RIMBP3,testis,27.6
ARHGAP23,brain,82.1
ENSG00000275869,testis,1.5
PRSS2,pancreas,229146.3
TBC1D3F,testis,6.4
SPATA31A3,testis,4.4
ENSG00000276017,testis,10.0
DUSP14,skin 1,44.5
SPATA31A7,testis,2.4
UHRF1,bone marrow,25.5
UHRF1,lymphoid tissue,62.6
ORAI1,choroid plexus,63.1
ORAI1,skeletal muscle,57.2
CCL4L2,bone marrow,30.3
CCL4L2,lymphoid tissue,19.3
CCL3L1,bone marrow,10.5
CCL3L1,lung,5.1
H4C9,lymphoid tissue,3.9
PIK3R6,lymphoid tissue,4.5
ENSG00000276345,choroid plexus,33.5
H2AC14,bone marrow,6.9
TRBV13,lymphoid tissue,28.6
CCL14,lymphoid tissue,696.1
H2BC3,bone marrow,1.0
H2BC3,lymphoid tissue,1.0
H2BC3,testis,1.2
FAM25C,cervix,11.6
FAM25C,esophagus,21.2
FAM25C,salivary gland,9.5
FAM25C,skin 1,37.6
FAM25C,vagina,10.1
PCDHGB5,parathyroid gland,18.4
TRBV18,lymphoid tissue,25.6
IGKV1D-13,intestine,97.4
IGKV1D-13,lymphoid tissue,297.3
SPATA31A5,testis,1.4
TRBV11-3,lymphoid tissue,20.5
RAB7B,skin 1,49.2
DACH1,retina,19.3
TRAJ36,retina,24.8
PADI6,ovary,5.5
IGHV4-4,lymphoid tissue,529.6
IGHV4-4,urinary bladder,722.3
TRBV15,lymphoid tissue,43.5
H2AC16,bone marrow,7.1
GSTT4,testis,3.6
TRBV12-4,lymphoid tissue,102.4
H2AC8,breast,37.1
H2AC8,prostate,32.7
TYW1B,choroid plexus,12.3
H4C4,lymphoid tissue,1.9
PRODH,choroid plexus,449.9
CCDC92B,brain,4.6
CCDC92B,retina,3.9
H2BC7,esophagus,8.2
H2BC7,prostate,8.0
IGHV1OR21-1,intestine,3.0
IGHV1OR21-1,lymphoid tissue,5.9
IGHV1OR21-1,stomach 1,3.2
GOLGA6L6,testis,4.8
SRCIN1,brain,76.5
GPR179,retina,12.8
ENSG00000277475,pancreas,7.2
ENSG00000277475,testis,13.3
GPIHBP1,adipose tissue,85.2
GPIHBP1,brain,70.0
GPIHBP1,breast,53.2
PNMA8C,brain,17.5
PNMA8C,pituitary gland,8.1
ENSG00000277535,testis,4.2
NEFL,brain,298.8
NEFL,retina,82.9
ENSG00000277630,testis,3.2
CCL3,bone marrow,72.7
CCL3,lung,35.3
CCL3,lymphoid tissue,48.7
ENSG00000277639,choroid plexus,163.8
TRAC,lymphoid tissue,733.6
H2AB3,testis,24.1
SYT15B,lung,10.3
H3C7,bone marrow,1.5
ENSG00000277836,intestine,89.0
ENSG00000277836,lymphoid tissue,119.9
ENSG00000277836,salivary gland,52.4
ENSG00000277836,stomach 1,64.3
ENSG00000277836,urinary bladder,37.7
ENSG00000277856,intestine,93.5
ENSG00000277856,lymphoid tissue,209.1
ENSG00000277856,stomach 1,87.7
H2AB2,testis,7.5
GOLGA6L22,testis,9.4
SRD5A2,epididymis,22.2
SRD5A2,fallopian tube,19.2
SRD5A2,liver,56.8
SRD5A2,prostate,15.7
SRD5A2,seminal vesicle,17.0
RDM1,testis,11.4
TRBV7-9,lymphoid tissue,51.3
TEX28,testis,8.6
P3R3URF-PIK3R3,testis,20.1
SSTR3,brain,5.5
SSTR3,lymphoid tissue,10.3
SSTR3,testis,7.5
IGLV2-8,intestine,1068.4
IGLV2-8,lymphoid tissue,946.6
ENSG00000278263,intestine,48.8
ENSG00000278263,lymphoid tissue,53.9
ENSG00000278263,urinary bladder,91.4
CT45A6,brain,3.5
CT45A6,pituitary gland,1.3
ENSG00000278384,retina,5.1
H2AC4,bone marrow,1.4
C17orf78,intestine,120.0
POTEB3,testis,4.8
DHRS11,intestine,203.2
TMEM191B,testis,86.1
NR2E3,retina,121.9
H2BC10,bone marrow,2.0
H2BC10,choroid plexus,2.2
H2BC10,lymphoid tissue,2.0
TBC1D3E,testis,3.4
ENSG00000278633,testis,32.9
H4C1,bone marrow,1.6
H4C1,lymphoid tissue,3.2
ENSG00000278646,testis,2.3
TRAJ37,lymphoid tissue,21.5
TRAJ37,retina,25.9
GOLGA6L10,testis,9.2
H2AC17,bone marrow,3.0
IQCA1L,testis,4.1
H4C2,bone marrow,2.2
H4C2,choroid plexus,2.3
H4C2,lymphoid tissue,2.2
ENSG00000278817,choroid plexus,75.0
ENSG00000278817,heart muscle,51.8
ENSG00000278817,skeletal muscle,107.0
ENSG00000278817,tongue,125.6
TP53TG3F,epididymis,9.9
TP53TG3F,testis,4.2
IGKV1D-12,intestine,27.4
IGKV1D-12,lymphoid tissue,44.6
IGKV1D-12,salivary gland,34.3
OR4N4C,testis,2.3
ENSG00000279983,epididymis,1.6
PCDH20,brain,7.8
PCDH20,smooth muscle,7.8
IGHV1-69D,lymphoid tissue,2700.4
IGHV1-69D,stomach 1,929.5
ENSG00000280571,retina,7.1
LINC02203,testis,5.5
PAGR1,brain,54.3
RPS4Y2,prostate,1.8
RPS4Y2,testis,1.0
TMEM272,brain,13.8
ENSG00000281179,lymphoid tissue,73.5
BLACAT1,brain,6.7
BLACAT1,epididymis,3.7
ENSG00000281613,testis,4.4
GIMAP1-GIMAP5,lymphoid tissue,5.2
TRBJ1-4,lymphoid tissue,193.3
IGHV1-69-2,intestine,20.7
IGHV1-69-2,lymphoid tissue,44.6
IGHV1-69-2,salivary gland,15.4
TMEM265,esophagus,9.0
TMEM265,skin 1,11.9
IGHV7-4-1,intestine,91.3
IGHV7-4-1,lymphoid tissue,124.4
TRBJ1-3,lymphoid tissue,198.8
TRBJ1-5,lymphoid tissue,278.5
ENSG00000282278,tongue,2.8
CYP3A7-CYP3A51P,liver,11.9
TRBJ1-1,lymphoid tissue,73.7
TEX13D,testis,1.7
TRBJ1-2,lymphoid tissue,94.8
TRBV25-1,lymphoid tissue,23.1
ADORA3,brain,19.8
IGHV3-64D,intestine,135.5
IGHV3-64D,lymphoid tissue,253.1
IGHV5-10-1,intestine,296.2
IGHV5-10-1,lymphoid tissue,528.5
TRBJ1-6,lymphoid tissue,184.4
TEX13C,testis,1.6
TMEM275,brain,1.3
RHOXF1P3,pancreas,31.4
TRBV7-2,epididymis,33.2
TRBV7-2,lymphoid tissue,79.6
ENSG00000282988,esophagus,4.2
ENSG00000282988,prostate,4.1
TRBV6-2,lymphoid tissue,7.7
LBHD2,brain,9.7
LBHD2,testis,3.0
CENPVL2,brain,4.0
IQCJ-SCHIP1,brain,90.7
C13orf46,pancreas,8.7
C13orf46,stomach 1,6.1
C13orf46,testis,11.8
ENSG00000283205,testis,5.7
ENSG00000283208,bone marrow,4.2
SPRR5,skin 1,111.4
TEX54,testis,73.5
SMIM33,intestine,3.4
SMIM33,salivary gland,2.8
TEX52,testis,7.9
ENSG00000283321,cervix,7.9
ENSG00000283321,urinary bladder,14.3
CFAP97D2,choroid plexus,7.1
CFAP97D2,fallopian tube,18.4
CFAP97D2,pancreas,6.0
CNTNAP3C,bone marrow,10.5
CSNKA2IP,testis,21.9
SPEM3,testis,59.1
HSFX4,testis,15.1
ZNF511-PRAP1,intestine,4.5
ZNF511-PRAP1,lymphoid tissue,1.1
LITAFD,testis,6.8
PRRT1B,fallopian tube,7.0
PRRT1B,lung,5.1
PRRT1B,pancreas,4.5
ENSG00000283536,retina,16.1
FAM236C,testis,2.3
ENSG00000283599,testis,8.1
EXOC3L2,kidney,20.6
EXOC3L2,thyroid gland,18.1
ETDC,skin 1,1.0
MYOCOS,cervix,5.0
MYOCOS,epididymis,3.5
HSFX3,testis,13.1
VSIG10L2,brain,4.4
VSIG10L2,skin 1,17.4
PRSS50,pituitary gland,18.2
PRSS50,testis,51.3
PRSS50,thyroid gland,17.4
ENSG00000283765,brain,16.6
PRR33,adrenal gland,21.8
PRR33,lymphoid tissue,26.3
PRR33,skeletal muscle,33.0
SLURP2,cervix,196.5
SLURP2,esophagus,866.6
SLURP2,skin 1,332.1
SLURP2,vagina,216.7
ENSG00000284057,kidney,8.9
ENSG00000284188,testis,4.7
ENSG00000284209,bone marrow,1.1
ENSG00000284209,testis,3.3
C2orf81,fallopian tube,18.1
C2orf81,testis,17.6
PERCC1,prostate,1.7
PERCC1,stomach 1,1.5
SMIM39,adipose tissue,1.1
LYNX1-SLURP2,intestine,6.4
ENSG00000284512,testis,6.1
ENSG00000284526,skeletal muscle,23.4
ENSG00000284554,lymphoid tissue,2.7
SCYGR4,placenta,8.0
SCYGR8,skin 1,3.1
SMIM44,intestine,12.7
SMIM44,retina,16.5
SCYGR2,skin 1,1.6
OR8B2,testis,1.1
CD300H,bone marrow,3.4
CD300H,lymphoid tissue,7.3
TMEM247,testis,46.4
SCYGR3,skin 1,2.2
SMIM38,stomach 1,33.4
SCYGR7,skin 1,3.7
SCYGR6,skin 1,3.9
TMDD1,liver,1.4
TMDD1,testis,3.9
ENSG00000284762,thyroid gland,11.7
ENSG00000284779,liver,12.2
SMIM41,lung,18.9
SMIM41,prostate,6.7
ENSG00000284797,intestine,3.0
ENSG00000284797,stomach 1,1.4
ENSG00000284797,testis,1.3
CCDC39,lymphoid tissue,20.2
CCDC39,retina,20.2
CCDC39,skin 1,19.1
ENSG00000284906,bone marrow,4.2
ENSG00000284906,lymphoid tissue,4.8
ENSG00000284906,retina,4.7
LRTOMT,fallopian tube,4.8
LRTOMT,testis,8.5
ENSG00000284931,placenta,4081.1
ENSG00000284934,adrenal gland,2.8
ENSG00000284956,bone marrow,1.2
ENSG00000284956,gallbladder,1.4
ENSG00000284956,testis,1.7
ENSG00000284976,esophagus,65.5
ENSG00000285025,skeletal muscle,4.5
ENSG00000285043,tongue,96.7
ARHGAP11B,bone marrow,4.7
ENSG00000285082,retina,2.2
ENSG00000285133,skeletal muscle,17.2
ENSG00000285218,brain,6.1
ENSG00000285283,intestine,8.2
ENSG00000285283,lymphoid tissue,5.2
ENSG00000285283,retina,6.6
ENSG00000285304,bone marrow,8.3
ENSG00000285304,intestine,7.6
ENSG00000285330,liver,7.4
ENSG00000285382,brain,1.3
ENSG00000285382,retina,1.2
OR4M2-OT1,testis,4.6
H2BK1,skin 1,3.1
ENSG00000285526,choroid plexus,4.6
ENSG00000285526,salivary gland,7.0
ENSG00000285547,epididymis,1.2
ENSG00000285566,breast,3.0
ENSG00000285566,testis,1.0
ENSG00000285625,skeletal muscle,3.3
ENSG00000285749,testis,2.9
ENSG00000285772,breast,2.5
ENSG00000285772,testis,7.2
GET1-SH3BGR,retina,5.4
ENSG00000285827,bone marrow,6.8
ENSG00000285837,gallbladder,1.3
ENSG00000285868,intestine,6.5
MSANTD5,testis,2.4
ENSG00000285938,bone marrow,6.6
ENSG00000285938,skeletal muscle,21.4
LCE7A,skin 1,2.0
ENSG00000285947,pituitary gland,2.3
ENSG00000285953,testis,6.1
ENSG00000285976,liver,35.7
ENSG00000285976,skeletal muscle,25.2
ENSG00000285982,retina,6.3
ENSG00000286015,brain,1.7
ENSG00000286022,choroid plexus,1.6
ENSG00000286022,esophagus,2.9
ENSG00000286022,fallopian tube,3.2
FAM246C,brain,1.6
FAM246C,liver,1.0
FAM246C,retina,1.1
FAM246C,testis,1.0
SAGSIN1,skeletal muscle,41.2
SAGSIN1,testis,25.7
SPEGNB,blood vessel,2.6
SPEGNB,skeletal muscle,4.0
SPEGNB,tongue,2.1
TMEM217B,testis,9.9
ENSG00000286135,epididymis,111.6
ENSG00000286143,blood vessel,5.0
ENSG00000286143,skeletal muscle,10.7
ENSG00000286190,brain,363.4
ENSG00000286190,pituitary gland,495.3
H3C2,bone marrow,6.0
H3C2,lymphoid tissue,1.6
SMIM40,retina,43.4
H3C3,bone marrow,4.0
H3C3,lymphoid tissue,1.0
GUCA1ANB,testis,113.7
HERC3,retina,7.9
SMIM42,testis,8.6
ENSG00000288570,stomach 1,1.0
ENSG00000288593,retina,15.2
NPBWR1,brain,1.0
NPBWR1,liver,2.4
ENSG00000288623,skeletal muscle,11.5
ENSG00000288625,kidney,2.2
ENSG00000288626,adipose tissue,1.2
ENSG00000288626,skeletal muscle,1.3
ENSG00000288634,bone marrow,25.6
ENSG00000288635,testis,12.6
ENSG00000288636,intestine,1.2
ACTL10,testis,54.9
ENSG00000288654,skeletal muscle,4.7
ENSG00000288658,brain,5.0
ENSG00000288661,blood vessel,3.9
PANO1,brain,3.4
ENSG00000288695,brain,2.2
ENSG00000288695,skeletal muscle,2.8
UGT1A3,liver,63.7
UGT1A5,gallbladder,2.5
UGT1A5,intestine,8.3
UGT1A5,liver,1.5
ENSG00000288708,lymphoid tissue,3.1
ENSG00000288708,skeletal muscle,6.9
F8A2,parathyroid gland,8.3
ENSG00000288716,bone marrow,9.7
ENSG00000288716,retina,2.5
CTAGE4,skin 1,9.8
ENSG00000288796,bone marrow,15.4
H2AC18,bone marrow,82.0
H2AC18,prostate,54.7
H2AC19,bone marrow,113.5
H2AC19,choroid plexus,190.4
PPIAL4C,intestine,1.4
PPIAL4C,lymphoid tissue,1.6
ENSG00000289282,esophagus,8.4
ENSG00000289490,skeletal muscle,4.4
ENSG00000289491,adipose tissue,1.9
ENSG00000289491,choroid plexus,1.5
ENSG00000289491,intestine,1.7
ENSG00000289491,lymphoid tissue,1.4
ENSG00000289491,skeletal muscle,1.8
CTAGE8,skin 1,6.4
CTAGE8,thyroid gland,4.8
ENSG00000289653,skeletal muscle,1.8
ENSG00000289690,bone marrow,2.0
ENSG00000289692,intestine,18.1
ENSG00000289692,lymphoid tissue,16.3
ENSG00000289697,liver,158.5
ENSG00000289700,esophagus,1.2
ENSG00000289715,retina,21.3
ENSG00000289722,testis,9.0
ENSG00000289723,fallopian tube,7.6
ENSG00000289723,lymphoid tissue,13.0
TARP,bone marrow,40.2
TARP,prostate,153.6
ENSG00000289747,lymphoid tissue,1.2
ENSG00000289747,skeletal muscle,3.1
SMIM46,lymphoid tissue,10.6
ENSG00000289763,lymphoid tissue,1.0
ENSG00000289767,skeletal muscle,8.2
ENSG00000289768,lymphoid tissue,12.4
ENSG00000289791,adipose tissue,1.1
ENSG00000289791,liver,1.0
ENSG00000289791,prostate,1.1
ENSG00000289809,adipose tissue,4.3
ENSG00000289809,testis,9.5
ENSG00000290147,retina,43.9
ENSG00000290149,skeletal muscle,1.2
ENSG00000290184,epididymis,1.8
ENSG00000290217,testis,3.8
ENSG00000290316,retina,1.2
ENSG00000290317,placenta,1.2
SOD2,bone marrow,1021.8
ENSG00000291313,adipose tissue,2.1
ENSG00000291313,brain,1.0
ENSG00000291313,stomach 1,1.3
ENSG00000291315,skeletal muscle,37.7
