fdc_id,nutrient_id,amount
321358,1262,0.0
321358,1265,1.41
321358,1278,0.0
321358,1127,1.3
321358,1090,71.1
321358,1075,0.0
321358,1313,0.005
321358,1330,0.012
321358,1404,0.637
321358,1197,1.1
321358,1259,0.0
321358,1194,22.3
321358,1123,258.0
321358,1299,0.004
321358,1273,0.044
321358,1258,2.22
321358,1014,0.0
321358,1276,0.0
321358,1323,0.007
321358,1089,2.41
321358,1085,16.1
321358,1180,46.6
321358,1002,1.18
321358,1011,0.0
321358,1051,58.7
321358,1108,0.0
321358,1103,16.2
321358,1128,0.0
321358,1271,0.005
321358,1329,0.006
321358,1333,0.0
321358,1012,0.15
321358,1008,229.0
321358,2014,0.001
321358,1334,0.0
321358,1185,17.2
321358,1198,0.2
321358,1315,6.25
321358,1131,0.0
321358,1050,13.9
321358,1306,0.012
321358,1170,0.318
321358,2026,0.005
321358,1126,9.47
321358,1129,0.0
321358,1264,0.009
321358,1106,1.0
321358,2012,0.084
321358,1175,0.143
321358,1292,6.37
321358,1184,0.0
321358,1183,0.0
321358,1079,5.4
321358,1405,0.0
321358,1063,0.34
321358,1098,0.348
321358,1272,0.0
321358,2020,0.0
321358,1199,0.0
321358,1091,166.0
321358,1007,1.97
321358,1003,7.35
321358,1316,6.81
321358,1335,0.0
321358,1266,0.634
321358,1304,0.006
321358,1300,0.01
321358,1263,0.0
321358,1087,41.0
321358,1195,23.0
321358,1280,0.0
321358,1196,0.2
321358,1120,3.0
321358,1125,0.31
321358,1301,0.027
321358,1411,0.0
321358,1406,0.0
321358,1305,0.0
321358,1092,289.0
321358,1293,7.48
321358,1101,1.06
321358,1314,0.021
321358,1093,438.0
321358,1177,36.0
321358,1062,960.0
321358,2024,0.0
321358,1004,17.1
321358,2019,0.0
321358,1257,0.018
321358,2010,0.007
321358,1331,0.0
321358,1122,0.0
321358,1165,0.15
321358,1303,0.0
321358,1095,1.38
321358,1109,1.74
321358,2016,6.81
321358,1010,0.18
321358,1009,8.12
321358,1013,0.0
321358,1414,0.0
321358,2018,0.656
321358,1311,0.002
321358,2023,0.0
321358,2025,0.0
321358,1005,14.9
321358,1312,0.005
321358,2009,0.0
321358,2022,0.005
321358,1162,0.0
321358,1260,0.0
321358,1107,12.0
321358,1267,0.079
321358,1321,0.02
321358,1167,0.948
321358,1166,0.115
321358,1317,0.001
321358,1130,0.0
321358,1261,0.0
321358,2047,243.0
321358,2048,229.0
321360,1119,9.0
321360,1125,0.02
321360,1121,95.0
321360,1131,0.0
321360,1109,0.98
321360,1198,0.0
321360,2028,393.0
321360,1160,554.0
321360,1120,0.0
321360,1167,0.805
321360,1162,27.2
321360,1128,0.0
321360,1090,11.9
321360,1062,113.0
321360,1051,92.5
321360,2032,0.0
321360,1195,0.6
321360,1089,0.33
321360,1101,0.121
321360,1092,260.0
321360,1095,0.2
321360,1129,0.0
321360,1122,4100.0
321360,1183,0.0
321360,1194,8.0
321360,1180,9.8
321360,1005,5.51
321360,1199,0.0
321360,1159,49.0
321360,1087,11.0
321360,1177,10.0
321360,1008,27.0
321360,1098,0.058
321360,1126,0.7
321360,1079,2.1
321360,1185,4.2
321360,1003,0.83
321360,1196,1.2
321360,1093,6.0
321360,1007,0.56
321360,1002,0.13
321360,1161,12.0
321360,1108,0.0
321360,1004,0.63
321360,1130,0.0
321360,1184,0.0
321360,1127,0.12
321360,1197,0.0
321360,1165,0.075
321360,1175,0.06
321360,1166,0.065
321360,1091,28.0
321360,2047,31.0
321360,2048,27.0
321611,1014,0.0
321611,1051,93.6
321611,1002,0.17
321611,1095,0.19
321611,1011,0.65
321611,1075,0.0
321611,1092,97.0
321611,1063,1.29
321611,1062,86.0
321611,1087,36.0
321611,1101,0.176
321611,1005,4.11
321611,1004,0.39
321611,1003,1.04
321611,1091,23.0
321611,1098,0.041
321611,1089,0.78
321611,1012,0.64
321611,1007,0.89
321611,1010,0.0
321611,1013,0.0
321611,1008,21.0
321611,1090,12.7
321611,1093,282.0
321611,2047,24.0
321611,2048,20.0
323121,1259,0.004
323121,1260,0.0
323121,1335,0.0
323121,1292,12.1
323121,1304,1.38
323121,1406,0.021
323121,1091,128.0
323121,1272,0.0
323121,2024,0.013
323121,1085,26.0
323121,2018,0.084
323121,1261,0.005
323121,1264,0.84
323121,1257,1.59
323121,1178,0.97
323121,1106,3.0
323121,1131,0.0
323121,1414,0.0
323121,1271,0.029
323121,1003,11.7
323121,1303,0.087
323121,1129,0.0
323121,1126,0.17
323121,1273,0.008
323121,1258,11.4
323121,2014,0.064
323121,1098,0.046
323121,1010,0.0
323121,2023,0.003
323121,1305,0.0
323121,1306,0.131
323121,1166,0.154
323121,2020,0.022
323121,1063,1.26
323121,1093,872.0
323121,1313,0.008
323121,1130,0.0
323121,1062,1310.0
323121,1329,1.46
323121,2019,0.001
323121,1405,0.001
323121,2025,0.0
323121,1404,0.078
323121,1090,11.5
323121,1293,0.954
323121,2010,0.257
323121,1263,0.019
323121,1314,0.985
323121,1334,0.001
323121,1127,0.0
323121,2022,0.029
323121,2012,0.117
323121,1311,0.169
323121,2009,0.267
323121,1002,1.87
323121,1128,0.0
323121,1300,0.355
323121,1333,0.0
323121,1323,0.257
323121,2026,0.008
323121,1312,0.005
323121,1265,6.33
323121,1007,2.74
323121,1013,0.0
323121,1331,0.001
323121,1315,10.4
323121,1177,0.0
323121,1316,0.625
323121,1089,1.14
323121,1262,0.015
323121,1175,0.13
323121,1014,0.09
323121,1167,2.25
323121,1109,0.51
323121,1004,28.0
323121,1011,1.17
323121,1008,314.0
323121,1087,15.0
323121,1051,54.6
323121,1095,2.06
323121,1005,2.89
323121,1092,343.0
323121,1170,0.263
323121,1125,0.0
323121,1411,0.008
323121,1101,0.031
323121,1267,0.029
323121,1165,0.033
323121,1012,0.0
323121,1276,0.003
323121,1278,0.003
323121,1330,0.131
323121,2016,0.794
323121,1299,0.138
323121,1105,3.0
323121,1075,0.0
323121,1317,0.064
323121,1301,0.002
323121,1321,0.005
323121,1280,0.013
323121,1266,3.66
323121,2047,310.0
323121,2048,314.0
323294,1005,16.2
323294,1085,53.4
323294,1162,0.0
323294,1165,0.079
323294,1293,14.5
323294,1317,0.001
323294,1175,0.075
323294,1272,0.0
323294,1095,2.8
323294,1194,4.3
323294,1330,0.016
323294,1130,0.0
323294,1321,0.002
323294,1013,0.0
323294,1257,0.032
323294,1259,0.001
323294,1292,34.2
323294,2018,0.052
323294,1300,0.028
323294,1265,3.54
323294,1267,0.059
323294,1196,0.0
323294,1127,0.0
323294,1128,0.28
323294,2009,0.0
323294,1333,0.0
323294,1093,256.0
323294,1103,0.0
323294,1276,0.0
323294,1012,0.0
323294,1258,4.56
323294,1177,35.0
323294,1199,0.0
323294,1170,0.237
323294,1167,3.1
323294,1101,2.02
323294,1329,0.016
323294,1008,620.0
323294,1304,0.016
323294,1260,0.0
323294,1063,4.17
323294,1406,0.0
323294,1335,0.0
323294,1106,2.0
323294,1264,0.027
323294,1108,0.0
323294,1185,0.0
323294,1263,0.0
323294,1079,11.0
323294,1122,0.0
323294,2019,0.0
323294,1011,0.0
323294,2026,0.0
323294,1109,19.0
323294,1331,0.0
323294,1280,0.0
323294,1414,0.0
323294,2020,0.0
323294,1306,0.016
323294,1404,0.05
323294,1273,0.042
323294,1123,25.0
323294,1184,0.0
323294,2012,0.076
323294,2010,0.061
323294,1075,0.0
323294,1303,0.0
323294,1051,2.2
323294,1098,0.87
323294,1010,4.17
323294,2025,0.0
323294,1198,0.0
323294,1125,0.18
323294,1091,456.0
323294,1315,33.8
323294,1007,3.47
323294,1261,0.0
323294,1004,57.8
323294,1129,0.0
323294,1090,258.0
323294,1271,0.005
323294,2022,0.005
323294,1126,0.92
323294,1262,0.0
323294,1195,56.1
323294,1323,0.061
323294,1166,1.57
323294,1092,684.0
323294,1305,0.0
323294,1316,14.5
323294,2016,14.5
323294,1313,0.0
323294,2024,0.0
323294,1411,0.0
323294,1301,0.024
323294,1197,0.4
323294,1314,0.259
323294,1002,3.94
323294,1278,0.002
323294,1089,3.17
323294,1120,9.0
323294,1131,0.0
323294,1003,20.4
323294,2014,0.001
323294,1312,0.001
323294,1087,273.0
323294,1266,0.828
323294,1014,0.0
323294,1107,17.0
323294,1180,60.8
323294,1405,0.0
323294,1183,0.0
323294,1299,0.008
323294,1311,0.006
323294,2023,0.002
323294,1334,0.0
323294,1062,2590.0
323294,2047,667.0
323294,2048,621.0
323505,1177,62.0
323505,1128,0.0
323505,1123,6260.0
323505,1185,390.0
323505,1167,1.18
323505,1012,0.4
323505,1184,0.0
323505,1120,27.0
323505,1101,0.92
323505,1095,0.39
323505,1002,0.47
323505,1125,0.0
323505,1090,32.7
323505,1108,0.0
323505,1003,2.92
323505,1175,0.147
323505,1079,4.1
323505,1106,241.0
323505,1129,0.0
323505,1107,2870.0
323505,1010,0.0
323505,1109,0.66
323505,1126,0.14
323505,1005,4.42
323505,1098,0.053
323505,1122,0.0
323505,1008,35.0
323505,1087,254.0
323505,1131,0.0
323505,1091,55.0
323505,1183,0.0
323505,1011,0.4
323505,1093,53.0
323505,1051,89.6
323505,1162,93.4
323505,1014,0.0
323505,1165,0.113
323505,1127,0.0
323505,1062,148.0
323505,1063,0.8
323505,1007,1.54
323505,1170,0.37
323505,1004,1.49
323505,1166,0.347
323505,1075,0.0
323505,1130,0.0
323505,1013,0.0
323505,1089,1.6
323505,1092,348.0
323505,2047,43.0
323505,2048,35.0
323604,1005,0.91
323604,1008,150.0
323604,1089,1.77
323604,1113,0.6
323604,1051,75.4
323604,1093,121.0
323604,1007,1.16
323604,1110,91.0
323604,1003,12.3
323604,1100,61.6
323604,1095,1.2
323604,1101,0.0
323604,1092,117.0
323604,1091,189.0
323604,1090,11.2
323604,1112,2.3
323604,1002,1.97
323604,1114,2.3
323604,1087,55.0
323604,1098,0.0
323604,1253,420.0
323604,1062,627.0
323604,1111,0.0
323604,1004,10.3
323604,2047,146.0
323604,2048,150.0
323697,1092,130.0
323697,1098,0.0
323697,1090,10.6
323697,1004,0.16
323697,1114,0.0
323697,1091,0.0
323697,1095,0.02
323697,1113,0.0
323697,1062,201.0
323697,1101,0.0
323697,1253,3.0
323697,1089,0.18
323697,1002,1.61
323697,1008,48.0
323697,1093,144.0
323697,1051,88.3
323697,1112,0.0
323697,1110,0.0
323697,1005,0.74
323697,1111,0.0
323697,1007,0.7
323697,1087,9.0
323697,1003,10.1
323697,1100,0.0
323697,2047,45.0
323697,2048,48.0
323793,1098,0.0
323793,1095,0.43
323793,1112,0.0
323793,1005,6.02
323793,1002,12.8
323793,1090,87.6
323793,1089,0.0
323793,1003,79.9
323793,1007,5.47
323793,1004,0.65
323793,1093,1250.0
323793,1051,7.98
323793,1113,0.0
323793,1091,107.0
323793,1008,376.0
323793,1111,0.0
323793,1101,0.0
323793,1253,17.0
323793,1092,959.0
323793,1114,0.0
323793,1087,104.0
323793,1110,0.0
323793,1062,1570.0
323793,1100,34.0
323793,2047,350.0
323793,2048,376.0
324317,1317,0.0
324317,1009,27.2
324317,2025,0.0
324317,2016,6.66
324317,1079,2.4
324317,1330,0.032
324317,2023,0.0
324317,1075,0.0
324317,2009,0.0
324317,1012,1.21
324317,1062,1210.0
324317,1087,28.0
324317,2026,0.003
324317,2010,0.007
324317,2022,0.005
324317,1411,0.0
324317,1085,12.6
324317,1315,2.81
324317,1007,1.44
324317,1003,4.52
324317,1098,0.081
324317,1063,4.5
324317,2012,0.041
324317,1195,0.5
324317,1194,4.9
324317,1316,6.66
324317,2024,0.0
324317,1095,0.59
324317,1050,34.0
324317,1199,0.0
324317,1334,0.0
324317,1197,2.0
324317,1013,0.03
324317,1405,0.0
324317,1409,0.0
324317,1090,20.4
324317,1089,1.14
324317,1303,0.0
324317,1196,3.3
324317,2020,0.0
324317,1404,0.859
324317,2018,0.906
324317,1323,0.007
324317,1312,0.0
324317,1329,0.01
324317,1093,374.0
324317,1335,0.0
324317,1414,0.0
324317,1091,75.0
324317,1333,0.0
324317,1002,0.74
324317,1306,0.032
324317,1321,0.047
324317,1175,0.127
324317,1260,0.0
324317,1273,0.04
324317,1406,0.0
324317,1267,0.036
324317,1010,1.34
324317,1180,10.7
324317,1258,2.15
324317,1257,0.041
324317,1092,135.0
324317,1300,0.014
324317,1259,0.0
324317,1262,0.012
324317,1004,14.4
324317,1292,2.87
324317,1162,1.6
324317,1198,36.4
324317,1165,0.196
324317,1265,1.45
324317,1126,3.47
324317,1272,0.0
324317,1299,0.004
324317,1130,0.0
324317,1301,0.015
324317,1293,7.58
324317,1266,0.559
324317,1005,36.3
324317,1103,5.6
324317,1261,0.006
324317,1280,0.0
324317,1128,0.0
324317,1264,0.011
324317,1008,288.0
324317,1313,0.003
324317,1051,43.4
324317,1014,0.71
324317,1177,31.0
324317,1263,0.005
324317,1311,0.004
324317,1170,0.302
324317,1276,0.0
324317,1277,0.041
324317,1278,0.0
324317,1011,1.2
324317,1271,0.005
324317,1125,0.98
324317,1166,0.116
324317,1129,0.2
324317,1167,1.57
324317,1314,0.012
324317,1109,0.57
324317,1127,1.96
324317,1131,0.0
324317,1101,0.435
324317,1305,0.001
324317,1304,0.008
324317,2047,293.0
324317,2048,289.0
324653,1003,0.48
324653,1079,1.0
324653,1123,199.0
324653,1013,0.0
324653,1012,0.65
324653,1162,2.1
324653,1130,0.0
324653,1127,0.0
324653,1092,112.0
324653,1165,0.047
324653,1120,1.0
324653,1008,12.0
324653,1002,0.08
324653,1075,0.0
324653,1051,94.7
324653,1011,0.63
324653,1007,2.44
324653,1091,16.0
324653,1062,50.0
324653,1128,0.0
324653,1014,0.0
324653,1129,0.0
324653,1004,0.43
324653,1185,16.8
324653,1122,0.0
324653,1126,0.04
324653,1087,54.0
324653,1183,0.0
324653,1108,0.0
324653,1184,0.0
324653,1093,808.0
324653,1095,0.11
324653,1107,45.0
324653,1167,0.109
324653,1175,0.034
324653,1101,0.056
324653,1098,0.026
324653,1170,0.2
324653,1125,0.0
324653,1106,4.0
324653,1090,7.1
324653,1109,0.12
324653,1063,1.28
324653,1131,0.0
324653,1166,0.057
324653,1177,8.0
324653,1089,0.23
324653,1005,1.99
324653,1010,0.0
324653,2047,14.0
324653,2048,12.0
325036,1089,0.45
325036,1180,14.1
325036,1265,7.4
325036,1293,1.2
325036,1091,634.0
325036,1008,421.0
325036,1178,1.35
325036,1109,0.51
325036,1264,2.39
325036,1128,0.0
325036,1313,0.006
325036,1007,7.15
325036,1175,0.081
325036,2012,0.05
325036,1414,0.0
325036,1103,35.0
325036,1333,0.0
325036,1185,1.7
325036,1316,0.861
325036,1013,0.0
325036,1311,0.138
325036,2018,0.103
325036,2020,0.029
325036,2024,0.015
325036,2025,0.0
325036,1075,0.07
325036,1184,0.0
325036,1263,0.745
325036,1101,0.066
325036,1266,2.67
325036,1330,0.172
325036,1130,0.0
325036,1292,6.4
325036,1005,12.4
325036,1106,228.0
325036,1259,0.508
325036,1321,0.001
325036,1253,87.0
325036,1010,0.0
325036,1300,0.151
325036,1095,4.33
325036,1166,0.345
325036,1334,0.001
325036,1090,34.9
325036,1273,0.012
325036,1098,0.04
325036,1092,184.0
325036,2009,0.23
325036,1126,0.01
325036,1194,1.7
325036,1167,0.078
325036,1277,0.05
325036,1306,0.172
325036,1195,0.0
325036,1312,0.0
325036,1276,0.0
325036,1323,0.045
325036,1063,0.07
325036,1261,0.274
325036,1165,0.027
325036,1303,0.079
325036,2023,0.008
325036,1087,884.0
325036,1305,0.0
325036,1105,228.0
325036,1272,0.0
325036,1012,0.0
325036,1003,29.6
325036,1260,0.435
325036,1197,3.1
325036,1329,0.724
325036,1317,0.001
325036,1404,0.102
325036,1278,0.008
325036,1262,0.653
325036,2022,0.042
325036,1411,0.008
325036,1183,7.1
325036,1170,0.457
325036,1014,0.0
325036,1127,0.0
325036,1405,0.002
325036,1093,1750.0
325036,1129,0.0
325036,1131,0.0
325036,1177,6.0
325036,1271,0.042
325036,1198,0.2
325036,1280,0.015
325036,2010,0.045
325036,1196,4.9
325036,1199,4.4
325036,1299,0.244
325036,1004,28.0
325036,1267,0.046
325036,1011,0.0
325036,1406,0.027
325036,1125,0.0
325036,1409,0.003
325036,1258,15.5
325036,1314,0.287
325036,1002,4.63
325036,1051,22.8
325036,1062,1760.0
325036,1301,0.009
325036,1257,0.896
325036,1085,24.0
325036,2026,0.006
325036,1335,0.0
325036,2016,0.999
325036,1315,5.79
325036,1304,0.645
325036,2047,420.0
325036,2048,420.0
325198,1166,0.247
325198,1089,0.48
325198,1312,0.001
325198,1122,0.0
325198,1199,5.6
325198,1257,1.15
325198,1334,0.004
325198,2016,0.827
325198,1002,2.82
325198,1259,0.616
325198,1098,0.046
325198,2024,0.021
325198,1261,0.333
325198,1405,0.001
325198,1267,0.046
325198,1125,0.0
325198,1292,7.3
325198,1266,3.24
325198,1316,0.808
325198,1004,30.6
325198,1180,19.2
325198,1012,0.0
325198,2025,0.006
325198,2012,0.223
325198,1300,0.19
325198,1011,0.0
325198,1126,0.13
325198,1120,4.0
325198,1013,2.5
325198,1128,0.02
325198,1178,1.45
325198,1303,0.104
325198,1264,2.93
325198,2018,0.14
325198,1105,297.0
325198,2009,0.241
325198,1123,16.0
325198,1262,0.801
325198,1085,27.6
325198,1293,1.09
325198,1170,0.415
325198,1112,7.5
325198,1333,0.0
325198,1335,0.018
325198,1314,0.395
325198,1263,0.882
325198,1195,0.7
325198,1003,18.0
325198,1258,18.1
325198,1175,0.056
325198,1272,0.006
325198,1101,0.038
325198,1329,0.947
325198,1304,0.842
325198,1014,0.0
325198,1411,0.008
325198,1165,0.015
325198,1265,8.15
325198,1107,26.0
325198,1008,366.0
325198,1114,7.5
325198,2023,0.012
325198,1129,0.01
325198,1273,0.021
325198,1197,4.5
325198,1194,2.6
325198,1323,0.061
325198,1278,0.012
325198,1051,39.6
325198,1005,5.27
325198,1330,0.2
325198,1315,6.38
325198,1306,0.2
325198,1131,0.04
325198,1183,10.3
325198,2022,0.045
325198,1167,0.095
325198,1406,0.034
325198,1311,0.019
325198,2020,0.035
325198,1313,0.009
325198,1321,0.001
325198,1253,98.0
325198,1404,0.138
325198,1299,0.311
325198,1317,0.001
325198,1063,2.63
325198,1198,2.7
325198,1007,6.59
325198,1090,25.1
325198,1280,0.021
325198,1196,5.9
325198,1095,2.42
325198,1110,301.0
325198,1087,866.0
325198,1109,0.79
325198,1092,149.0
325198,1111,0.0
325198,1103,20.4
325198,1010,0.0
325198,1271,0.045
325198,1277,0.223
325198,1301,0.009
325198,1130,0.06
325198,1108,0.0
325198,1305,0.001
325198,1106,300.0
325198,1185,3.2
325198,1091,540.0
325198,1260,0.509
325198,1093,1660.0
325198,1062,1530.0
325198,2026,0.009
325198,1276,0.007
325198,2010,0.061
325198,1075,0.13
325198,1127,0.04
325198,2047,368.0
325198,2048,366.0
325287,1101,0.02
325287,1125,0.0
325287,1167,0.253
325287,1131,0.0
325287,1010,1.17
325287,1011,3.22
325287,1162,39.4
325287,1130,0.0
325287,1075,0.0
325287,1177,12.0
325287,1007,0.29
325287,1092,141.0
325287,1091,17.0
325287,1063,7.72
325287,1170,0.28
325287,1165,0.062
325287,1093,1.0
325287,1024,1.04
325287,1087,16.0
325287,1126,0.0
325287,1004,0.7
325287,1013,0.0
325287,1062,157.0
325287,1098,0.032
325287,1090,9.6
325287,1175,0.0
325287,1109,0.22
325287,1127,0.0
325287,1005,7.59
325287,1002,0.09
325287,1079,0.2
325287,1089,0.07
325287,1012,3.32
325287,1128,0.0
325287,1014,0.0
325287,1051,90.9
325287,1166,0.02
325287,1003,0.55
325287,1129,0.0
325287,1008,37.0
325287,1095,0.04
325287,2047,39.0
325287,2048,37.0
325430,1091,22.0
325430,1175,0.025
325430,1009,0.0
325430,1090,8.0
325430,1079,1.5
325430,1223,0.415
325430,1167,0.806
325430,1084,0.9
325430,1120,117.0
325430,1004,0.27
325430,1220,0.017
325430,1165,0.024
325430,1063,8.39
325430,1170,0.153
325430,1051,88.3
325430,1166,0.031
325430,1002,0.15
325430,1184,0.0
325430,1227,0.031
325430,1177,6.0
325430,1014,0.08
325430,1093,13.0
325430,1222,0.027
325430,1101,0.026
325430,1224,0.054
325430,1219,0.021
325430,1217,0.018
325430,1005,10.1
325430,1012,1.53
325430,1213,0.026
325430,1082,0.6
325430,1010,4.76
325430,1095,0.23
325430,1050,9.87
325430,1123,132.0
325430,1106,24.0
325430,1221,0.012
325430,1108,0.0
325430,1225,0.02
325430,1075,0.06
325430,1212,0.016
325430,1214,0.028
325430,1013,0.0
325430,1210,0.009
325430,1007,0.43
325430,1162,4.1
325430,1098,0.078
325430,1062,174.0
325430,1089,0.34
325430,1122,0.0
325430,1185,3.0
325430,1008,42.0
325430,1226,0.017
325430,1087,4.0
325430,1092,122.0
325430,1218,0.014
325430,1216,0.011
325430,1211,0.015
325430,1011,1.95
325430,1003,0.91
325430,1103,2.1
325430,1107,224.0
325430,1215,0.009
325430,2047,46.0
325430,2048,42.0
325524,1106,1.0
325524,1009,1.5
325524,1314,0.029
325524,1261,0.0
325524,1183,0.0
325524,1276,0.0
325524,1301,0.184
325524,1005,17.1
325524,2014,0.002
325524,1330,0.084
325524,2010,0.026
325524,1300,0.026
325524,1411,0.0
325524,1010,3.14
325524,1292,33.4
325524,1260,0.0
325524,1087,78.0
325524,2018,0.061
325524,1333,0.0
325524,1129,0.0
325524,1170,0.84
325524,1303,0.0
325524,1278,0.0
325524,1091,750.0
325524,1092,689.0
325524,1321,0.002
325524,1335,0.0
325524,1090,358.0
325524,1062,2560.0
325524,1089,5.21
325524,1272,0.0
325524,1406,0.0
325524,1323,0.026
325524,1329,0.213
325524,1312,0.007
325524,1198,8.7
325524,1267,0.182
325524,1051,1.5
325524,1266,2.14
325524,1315,33.2
325524,1004,56.1
325524,1311,0.006
325524,1197,3.0
325524,1404,0.059
325524,1331,0.0
325524,1334,0.005
325524,1196,0.5
325524,1008,612.0
325524,2019,0.0
325524,2024,0.0
325524,2022,0.02
325524,1316,13.0
325524,1002,3.96
325524,1177,169.0
325524,1079,10.3
325524,1194,6.9
325524,1003,21.0
325524,1120,1.0
325524,1167,6.96
325524,1305,0.0
325524,1125,0.99
325524,1195,41.7
325524,1013,0.0
325524,1259,0.0
325524,1306,0.084
325524,1414,0.0
325524,2012,0.146
325524,1007,4.3
325524,1108,0.0
325524,1257,0.297
325524,1313,0.0
325524,1098,1.83
325524,1050,14.9
325524,1304,0.213
325524,1103,80.4
325524,1127,0.33
325524,2026,0.0
325524,1199,0.0
325524,1262,0.0
325524,1185,1.2
325524,1271,0.02
325524,2023,0.0
325524,1273,0.543
325524,1126,0.97
325524,1264,0.022
325524,1166,0.507
325524,1184,1.4
325524,1299,0.009
325524,1265,2.26
325524,1012,0.0
325524,1175,0.76
325524,1165,0.473
325524,1131,0.0
325524,2009,0.0
325524,1109,19.6
325524,1014,0.0
325524,2025,0.0
325524,1263,0.0
325524,1011,0.0
325524,1280,0.0
325524,2016,13.0
325524,1093,532.0
325524,1180,52.0
325524,1075,0.0
325524,1162,0.0
325524,1130,0.0
325524,1122,0.0
325524,1128,0.05
325524,1293,13.0
325524,1085,52.1
325524,1317,0.002
325524,1095,6.0
325524,1258,5.36
325524,1405,0.0
325524,1101,2.89
325524,1123,42.0
325524,1063,3.14
325524,2020,0.0
325524,1107,10.0
325524,2047,657.0
325524,2048,612.0
326196,1007,0.73
326196,1184,0.0
326196,1063,1.12
326196,1106,146.0
326196,1005,5.3
326196,1185,418.0
326196,1012,0.42
326196,1091,42.0
326196,1101,0.542
326196,1004,1.21
326196,1010,0.16
326196,1170,0.17
326196,1108,10.0
326196,1095,0.27
326196,1127,0.0
326196,1051,89.8
326196,1098,0.067
326196,1109,1.61
326196,1087,150.0
326196,1062,151.0
326196,1003,2.94
326196,1107,1730.0
326196,1167,0.457
326196,1175,0.063
326196,1092,144.0
326196,1128,0.0
326196,1089,0.84
326196,1014,0.0
326196,1093,16.0
326196,1131,0.0
326196,1126,0.12
326196,1002,0.47
326196,1166,0.14
326196,1125,0.0
326196,1011,0.54
326196,1008,36.0
326196,1122,0.0
326196,1162,17.8
326196,1177,65.0
326196,1129,0.0
326196,1183,0.0
326196,1090,25.0
326196,1165,0.063
326196,1013,0.0
326196,1123,4980.0
326196,1130,0.0
326196,1120,26.0
326196,1075,0.0
326196,2047,44.0
326196,2048,36.0
326698,1221,0.13
326698,1175,0.069
326698,1414,0.0
326698,2025,0.0
326698,1183,0.0
326698,1123,115.0
326698,1266,0.045
326698,1167,0.561
326698,1214,0.29
326698,1050,6.39
326698,1330,0.006
326698,1126,2.14
326698,1306,0.006
326698,2012,0.345
326698,1228,0.0
326698,1085,3.76
326698,1225,0.25
326698,1226,0.393
326698,1224,0.793
326698,1334,0.011
326698,1212,0.16
326698,2020,0.022
326698,2018,0.444
326698,1262,0.005
326698,1211,0.183
326698,1335,0.0
326698,1125,0.01
326698,1218,0.147
326698,2023,0.0
326698,1213,0.32
326698,1267,0.024
326698,1265,0.138
326698,1293,0.903
326698,2024,0.0
326698,1063,1.42
326698,1215,0.083
326698,1314,0.009
326698,1217,0.177
326698,1220,0.277
326698,1210,0.01
326698,2026,0.012
326698,1170,0.263
326698,1002,0.68
326698,1222,0.18
326698,1219,0.207
326698,2022,0.0
326698,1277,0.345
326698,1227,0.223
326698,1128,0.03
326698,2016,0.424
326698,1223,0.427
326698,1304,0.004
326698,1313,0.012
326698,1216,0.08
326698,2010,0.0
326698,1292,2.59
326698,2009,0.0
326698,1103,34.0
326698,1258,0.252
326698,1005,5.3
326698,1092,150.0
326698,1280,0.0
326698,1273,0.019
326698,1011,0.48
326698,1007,3.37
326698,1329,0.004
326698,1101,0.42
326698,1087,63.0
326698,1177,7.0
326698,1261,0.0
326698,1107,31.0
326698,1260,0.0
326698,1098,0.074
326698,1317,1.26
326698,1185,1.5
326698,1301,0.01
326698,1014,0.0
326698,1095,0.64
326698,1411,0.0
326698,1409,0.0
326698,1311,0.0
326698,1003,4.25
326698,1303,0.0
326698,1089,1.59
326698,1300,0.002
326698,1259,0.0
326698,1013,0.0
326698,1062,254.0
326698,1305,0.0
326698,1127,0.08
326698,1271,0.0
326698,1404,0.444
326698,1012,0.23
326698,1166,0.066
326698,1120,27.0
326698,1257,0.01
326698,1278,0.0
326698,1090,47.7
326698,1276,0.0
326698,1316,0.424
326698,1272,0.0
326698,1315,0.916
326698,1263,0.003
326698,1129,0.0
326698,1312,0.062
326698,1130,0.0
326698,1051,83.7
326698,1333,0.0
326698,1165,0.189
326698,1162,0.4
326698,1009,0.65
326698,1184,0.0
326698,1004,3.38
326698,1321,0.0
326698,1109,0.35
326698,1075,0.52
326698,1008,61.0
326698,1093,1100.0
326698,1323,0.0
326698,1131,0.0
326698,1010,0.2
326698,1079,4.3
326698,1405,0.022
326698,1108,1.0
326698,1091,108.0
326698,1122,0.0
326698,1406,0.0
326698,1106,4.0
326698,1299,0.002
326698,1264,0.004
326698,2047,69.0
326698,2048,61.0
327046,1051,83.9
327046,1126,0.03
327046,1128,0.0
327046,1075,0.17
327046,1211,0.043
327046,1095,0.14
327046,1007,0.63
327046,1010,0.15
327046,1093,5.0
327046,1005,14.0
327046,1092,198.0
327046,1224,0.165
327046,1170,0.206
327046,1216,0.028
327046,1103,0.2
327046,1011,4.11
327046,1002,0.17
327046,1175,0.061
327046,1122,0.0
327046,1013,0.02
327046,1062,241.0
327046,1130,0.1
327046,1177,26.0
327046,1125,0.0
327046,1217,0.039
327046,1101,0.064
327046,1220,0.073
327046,1225,0.054
327046,1106,4.0
327046,1213,0.059
327046,1091,34.0
327046,1090,15.7
327046,1210,0.013
327046,1003,1.06
327046,1120,0.0
327046,1162,74.7
327046,1127,0.0
327046,1212,0.046
327046,1219,0.052
327046,1227,0.047
327046,1167,0.37
327046,1089,0.24
327046,1123,122.0
327046,1215,0.022
327046,1107,52.0
327046,1014,0.19
327046,1004,0.44
327046,1218,0.03
327046,1221,0.024
327046,1165,0.027
327046,1129,0.0
327046,1012,4.35
327046,1109,1.3
327046,1079,3.0
327046,1087,35.0
327046,1222,0.048
327046,1166,0.025
327046,1108,0.0
327046,1009,0.0
327046,1223,0.113
327046,1082,0.7
327046,1184,0.0
327046,1185,40.3
327046,1063,8.99
327046,1084,2.3
327046,1131,0.0
327046,1008,58.0
327046,1050,12.0
327046,1214,0.055
327046,1226,0.04
327046,1098,0.134
327046,2047,64.0
327046,2048,58.0
327357,1101,0.047
327357,1265,0.0
327357,1271,0.0
327357,1079,1.5
327357,1213,0.013
327357,1003,1.06
327357,1214,0.015
327357,1227,0.016
327357,1091,26.0
327357,1221,0.008
327357,1103,0.0
327357,1109,0.61
327357,1272,0.0
327357,2016,0.0
327357,1226,0.009
327357,1223,0.566
327357,1263,0.0
327357,1051,89.0
327357,1167,1.12
327357,1089,0.3
327357,2012,0.0
327357,1014,0.0
327357,1211,0.008
327357,1315,0.0
327357,2009,0.0
327357,1215,0.005
327357,1262,0.0
327357,1301,0.0
327357,2023,0.0
327357,1106,21.0
327357,1260,0.0
327357,1267,0.0
327357,1293,0.0
327357,1098,0.082
327357,1075,0.0
327357,1126,0.04
327357,1264,0.0
327357,1090,8.8
327357,1170,0.185
327357,1218,0.006
327357,1270,0.0
327357,1165,0.034
327357,1123,130.0
327357,1012,1.39
327357,1005,9.18
327357,1217,0.01
327357,1162,2.9
327357,1268,0.0
327357,1008,39.0
327357,1087,2.0
327357,1224,0.032
327357,1092,131.0
327357,1225,0.01
327357,1292,0.0
327357,1269,0.0
327357,1279,0.0
327357,1219,0.012
327357,1009,0.07
327357,1334,0.0
327357,2018,0.0
327357,1002,0.17
327357,1184,0.0
327357,1185,2.0
327357,1085,0.13
327357,1127,0.03
327357,1258,0.0
327357,1050,9.42
327357,1082,0.6
327357,1122,0.0
327357,1300,0.0
327357,1175,0.025
327357,2022,0.0
327357,1120,117.0
327357,1278,0.0
327357,1013,0.0
327357,1261,0.0
327357,1299,0.0
327357,1314,0.0
327357,1107,199.0
327357,2025,0.0
327357,1093,13.0
327357,1177,6.0
327357,1007,0.48
327357,1216,0.005
327357,1259,0.0
327357,1273,0.0
327357,1266,0.0
327357,1220,0.008
327357,1062,163.0
327357,1276,0.0
327357,1277,0.0
327357,1011,1.67
327357,1210,0.005
327357,1004,0.28
327357,1212,0.008
327357,1166,0.027
327357,1222,0.015
327357,1010,4.83
327357,1108,0.0
327357,1084,0.9
327357,1317,0.0
327357,1125,0.01
327357,1095,0.21
327357,1063,7.89
327357,2047,43.0
327357,2048,39.0
328637,1312,0.0
328637,1089,0.16
328637,1092,77.0
328637,1091,458.0
328637,1008,408.0
328637,2016,0.939
328637,1126,0.04
328637,1265,8.79
328637,1311,0.167
328637,1101,0.026
328637,1167,0.052
328637,1305,0.0
328637,1263,0.963
328637,1405,0.001
328637,1177,21.0
328637,1013,0.16
328637,1012,0.0
328637,1253,100.0
328637,1280,0.018
328637,1276,0.001
328637,1075,0.07
328637,2009,0.31
328637,1406,0.036
328637,1007,3.67
328637,1330,0.225
328637,2010,0.061
328637,1106,316.0
328637,1184,0.0
328637,1183,9.3
328637,1258,19.2
328637,1010,0.0
328637,1166,0.441
328637,1170,0.413
328637,2012,0.064
328637,1414,0.0
328637,1333,0.0
328637,1257,1.14
328637,1334,0.002
328637,2022,0.051
328637,1185,2.4
328637,1262,0.843
328637,1128,0.0
328637,2024,0.018
328637,1085,29.0
328637,1131,0.0
328637,2025,0.001
328637,1264,3.1
328637,1011,0.1
328637,1259,0.653
328637,2026,0.007
328637,1090,26.8
328637,1002,3.65
328637,1098,0.033
328637,1273,0.015
328637,1306,0.225
328637,1095,3.67
328637,1314,0.412
328637,2020,0.037
328637,1317,0.001
328637,1063,0.33
328637,1105,316.0
328637,1303,0.104
328637,1005,2.44
328637,1321,0.002
328637,1129,0.0
328637,1329,0.92
328637,1093,654.0
328637,1062,1710.0
328637,1165,0.029
328637,1316,0.772
328637,1109,0.75
328637,2018,0.118
328637,1127,0.0
328637,1301,0.009
328637,1260,0.543
328637,1304,0.816
328637,1272,0.001
328637,1335,0.0
328637,1404,0.116
328637,1293,1.18
328637,1271,0.051
328637,1299,0.327
328637,1292,7.44
328637,1266,3.39
328637,1313,0.007
328637,1315,6.59
328637,1003,23.3
328637,1051,36.6
328637,1004,34.0
328637,1130,0.0
328637,1411,0.008
328637,1277,0.064
328637,1409,0.003
328637,1261,0.349
328637,1267,0.049
328637,1125,0.0
328637,1323,0.061
328637,1087,707.0
328637,1300,0.196
328637,2023,0.01
328637,1278,0.01
328637,1178,1.06
328637,1014,0.0
328637,1175,0.069
328637,1103,28.3
328637,2047,409.0
328637,2048,408.0
328841,1276,0.0
328841,1092,120.0
328841,1292,0.469
328841,1406,0.002
328841,1105,69.0
328841,1011,0.0
328841,1177,10.0
328841,1266,0.228
328841,1258,1.26
328841,1127,0.0
328841,1085,1.87
328841,1315,0.419
328841,1012,0.0
328841,1305,0.0
328841,1007,1.25
328841,1265,0.568
328841,1106,69.0
328841,1010,0.0
328841,1409,0.0
328841,1063,4.1
328841,1101,0.015
328841,1167,0.09
328841,1314,0.024
328841,1259,0.04
328841,1405,0.0
328841,2022,0.003
328841,1004,2.3
328841,1280,0.001
328841,1095,0.61
328841,1089,0.13
328841,1075,0.12
328841,2012,0.003
328841,1263,0.062
328841,1306,0.013
328841,2025,0.0
328841,1414,0.0
328841,1005,4.31
328841,1003,11.0
328841,1411,0.0
328841,1002,1.73
328841,1329,0.056
328841,1051,81.1
328841,1129,0.0
328841,1013,3.98
328841,1170,0.508
328841,1014,0.0
328841,1317,0.0
328841,1323,0.004
328841,1312,0.0
328841,2016,0.058
328841,1303,0.005
328841,1103,14.6
328841,1093,321.0
328841,2026,0.0
328841,2023,0.001
328841,1272,0.0
328841,1277,0.003
328841,1333,0.0
328841,1091,148.0
328841,2020,0.002
328841,1131,0.0
328841,1090,8.9
328841,1125,0.0
328841,1316,0.049
328841,1311,0.009
328841,1253,12.0
328841,1334,0.0
328841,1267,0.003
328841,1300,0.01
328841,1165,0.02
328841,2018,0.007
328841,1109,0.08
328841,1130,0.0
328841,1271,0.003
328841,1264,0.201
328841,1008,84.0
328841,1321,0.0
328841,1260,0.035
328841,1262,0.061
328841,1166,0.234
328841,1098,0.03
328841,1178,0.42
328841,1301,0.0
328841,2024,0.001
328841,1330,0.013
328841,1278,0.001
328841,2009,0.019
328841,2010,0.004
328841,1313,0.0
328841,1175,0.057
328841,1087,103.0
328841,1335,0.0
328841,1304,0.051
328841,1404,0.007
328841,1293,0.072
328841,1299,0.022
328841,1128,0.0
328841,1261,0.026
328841,1273,0.001
328841,1126,0.0
328841,1257,0.069
328841,1062,352.0
328841,2047,82.0
328841,2048,84.0
329370,1126,0.04
329370,1063,1.81
329370,1277,0.038
329370,1335,0.0
329370,1196,4.8
329370,1404,0.075
329370,1316,0.489
329370,1262,0.509
329370,1405,0.0
329370,1409,0.002
329370,1264,1.89
329370,1257,0.705
329370,1002,3.71
329370,2012,0.038
329370,1253,65.0
329370,1101,0.035
329370,1299,0.199
329370,1314,0.265
329370,1195,0.5
329370,2020,0.022
329370,1258,11.7
329370,2023,0.006
329370,1109,0.51
329370,1315,4.11
329370,1313,0.005
329370,1013,0.66
329370,2026,0.005
329370,1329,0.565
329370,1062,1240.0
329370,1197,2.6
329370,1414,0.0
329370,1011,0.3
329370,1005,4.44
329370,1170,0.415
329370,1330,0.14
329370,2009,0.194
329370,1092,116.0
329370,1292,4.65
329370,1105,203.0
329370,1089,0.2
329370,1280,0.012
329370,2016,0.591
329370,1278,0.006
329370,1311,0.102
329370,1304,0.504
329370,1003,23.7
329370,2024,0.012
329370,2025,0.0
329370,1085,17.8
329370,1007,3.79
329370,1300,0.121
329370,1194,2.1
329370,1261,0.209
329370,1008,298.0
329370,1273,0.008
329370,2018,0.076
329370,1260,0.334
329370,1051,47.7
329370,2022,0.032
329370,1321,0.001
329370,1323,0.038
329370,1265,5.39
329370,1103,26.7
329370,1167,0.101
329370,1334,0.001
329370,1259,0.396
329370,1098,0.035
329370,1306,0.14
329370,1004,20.4
329370,1175,0.09
329370,1199,3.6
329370,1177,26.0
329370,1075,0.86
329370,1263,0.583
329370,1406,0.022
329370,1266,2.01
329370,1095,3.62
329370,1317,0.0
329370,2010,0.038
329370,1293,0.744
329370,1087,693.0
329370,1128,0.0
329370,1303,0.061
329370,1184,0.0
329370,1106,203.0
329370,1127,0.0
329370,1093,699.0
329370,1183,5.4
329370,1125,0.0
329370,1185,1.3
329370,1305,0.0
329370,1272,0.0
329370,1267,0.028
329370,1091,533.0
329370,1178,1.65
329370,1010,0.0
329370,1333,0.0
329370,1129,0.0
329370,1312,0.0
329370,1130,0.0
329370,1271,0.032
329370,1090,27.2
329370,1131,0.0
329370,1198,0.2
329370,1166,0.36
329370,1411,0.005
329370,1301,0.005
329370,1276,0.0
329370,1180,13.5
329370,1165,0.023
329370,1014,0.0
329370,1012,0.0
329370,2047,296.0
329370,2048,298.0
329490,1008,575.0
329490,1007,6.2
329490,1092,468.0
329490,1004,39.8
329490,1005,1.87
329490,1100,274.0
329490,1112,9.7
329490,1110,388.0
329490,1003,48.1
329490,1002,7.69
329490,1090,44.6
329490,1114,9.7
329490,1253,1700.0
329490,1051,4.07
329490,1098,0.0
329490,1095,5.02
329490,1091,770.0
329490,1087,220.0
329490,1113,1.7
329490,1089,6.97
329490,1062,2410.0
329490,1093,485.0
329490,1111,0.0
329490,1101,0.0
329490,2047,558.0
329490,2048,576.0
329596,1111,0.0
329596,1093,66.0
329596,1002,2.49
329596,1113,1.5
329596,1062,1240.0
329596,1098,0.0
329596,1003,15.6
329596,1007,2.65
329596,1110,231.0
329596,1101,0.068
329596,1100,177.0
329596,1090,11.2
329596,1112,5.8
329596,1089,4.13
329596,1087,119.0
329596,1091,443.0
329596,1253,1000.0
329596,1114,5.8
329596,1005,0.59
329596,1051,56.1
329596,1004,25.1
329596,1095,2.93
329596,1092,102.0
329596,1008,296.0
329596,2047,291.0
329596,2048,297.0
329716,1114,15.7
329716,1090,26.0
329716,1098,0.0
329716,1062,2740.0
329716,1051,3.64
329716,1110,628.0
329716,1003,34.2
329716,1112,15.7
329716,1093,149.0
329716,1007,5.54
329716,1005,1.07
329716,1092,231.0
329716,1113,2.6
329716,1002,5.48
329716,1095,7.11
329716,1100,349.0
329716,1004,55.5
329716,1008,654.0
329716,1101,0.0
329716,1253,2340.0
329716,1089,9.28
329716,1091,982.0
329716,1087,270.0
329716,1111,0.0
329716,2047,641.0
329716,2048,654.0
330137,1110,0.0
330137,1051,85.0
330137,1090,10.7
330137,1315,0.039
330137,1215,0.293
330137,1130,0.0
330137,2018,0.001
330137,1198,0.8
330137,1103,9.9
330137,1306,0.0
330137,1008,61.0
330137,1013,2.57
330137,1063,3.27
330137,1414,0.0
330137,1258,0.108
330137,1194,2.2
330137,2020,0.0
330137,1314,0.002
330137,1276,0.0
330137,1300,0.003
330137,1199,1.6
330137,1075,0.7
330137,1225,0.19
330137,1226,1.17
330137,1106,1.0
330137,1303,0.0
330137,1183,0.0
330137,1214,0.833
330137,1091,136.0
330137,1109,0.01
330137,1257,0.005
330137,1312,0.0
330137,1261,0.004
330137,1175,0.064
330137,1004,0.37
330137,2012,0.002
330137,1093,36.0
330137,1221,0.293
330137,1196,1.4
330137,1005,3.64
330137,1111,0.0
330137,1264,0.014
330137,1301,0.0
330137,1166,0.281
330137,1212,0.527
330137,1210,0.133
330137,1273,0.0
330137,1011,0.0
330137,1222,0.35
330137,1280,0.0
330137,1404,0.001
330137,1223,0.737
330137,1259,0.0
330137,2016,0.01
330137,1211,0.41
330137,1101,0.009
330137,1114,0.0
330137,1411,0.0
330137,1304,0.005
330137,1219,0.667
330137,1105,1.0
330137,1316,0.01
330137,1129,0.0
330137,1299,0.003
330137,2009,0.001
330137,1165,0.022
330137,1216,0.083
330137,1317,0.0
330137,1218,0.51
330137,1330,0.0
330137,1293,0.011
330137,2022,0.0
330137,1128,0.0
330137,1406,0.0
330137,1167,0.211
330137,1313,0.0
330137,1278,0.0
330137,1184,0.0
330137,1335,0.0
330137,1333,0.0
330137,1228,0.0
330137,1224,2.19
330137,1227,0.533
330137,1112,0.0
330137,1265,0.045
330137,2023,0.0
330137,1180,15.1
330137,1085,0.17
330137,1195,1.6
330137,1334,0.0
330137,1253,5.0
330137,1292,0.043
330137,1409,0.0
330137,1260,0.002
330137,1095,0.53
330137,1126,0.0
330137,1329,0.005
330137,1266,0.02
330137,1213,1.03
330137,1003,10.3
330137,1170,0.332
330137,1263,0.006
330137,1321,0.0
330137,1098,0.017
330137,1311,0.0
330137,2010,0.0
330137,1305,0.0
330137,1062,256.0
330137,1002,1.61
330137,1277,0.002
330137,1007,0.72
330137,2024,0.0
330137,1125,0.0
330137,2026,0.0
330137,1178,0.7
330137,1131,0.0
330137,1220,0.363
330137,1010,0.0
330137,1271,0.0
330137,1405,0.0
330137,1014,0.0
330137,1089,0.07
330137,1197,8.3
330137,1127,0.0
330137,1185,0.0
330137,1092,141.0
330137,1087,111.0
330137,2025,0.0
330137,1217,0.513
330137,1012,0.0
330137,1272,0.0
330137,1267,0.0
330137,1262,0.012
330137,1323,0.0
330137,2047,59.0
330137,2048,61.0
330415,1063,11.5
330415,1122,0.0
330415,1089,0.09
330415,1167,0.208
330415,1098,0.02
330415,2009,0.0
330415,1411,0.0
330415,1316,0.015
330415,1292,0.029
330415,1062,347.0
330415,1280,0.0
330415,1091,113.0
330415,2022,0.0
330415,1112,1.0
330415,1257,0.002
330415,1303,0.0
330415,1278,0.0
330415,1260,0.001
330415,1177,20.0
330415,1253,4.0
330415,1321,0.0
330415,1166,0.25
330415,1093,32.0
330415,1075,0.52
330415,2025,0.0
330415,1271,0.0
330415,1315,0.027
330415,1265,0.038
330415,1004,0.15
330415,1123,4.0
330415,1312,0.0
330415,1170,0.363
330415,1013,2.46
330415,1092,133.0
330415,1263,0.006
330415,1051,79.0
330415,1008,83.0
330415,1090,10.4
330415,1311,0.0
330415,1106,0.0
330415,1107,2.0
330415,1103,9.8
330415,1304,0.002
330415,1258,0.103
330415,1314,0.001
330415,1300,0.002
330415,1404,0.006
330415,1276,0.0
330415,1007,0.59
330415,1306,0.0
330415,1111,0.0
330415,2023,0.0
330415,1329,0.002
330415,2018,0.006
330415,1178,0.45
330415,1095,0.46
330415,1335,0.0
330415,1409,0.0
330415,1101,0.034
330415,1261,0.003
330415,1317,0.0
330415,1014,0.0
330415,1087,97.0
330415,1406,0.0
330415,1293,0.021
330415,2026,0.0
330415,1330,0.0
330415,1405,0.0
330415,1333,0.0
330415,1299,0.003
330415,1272,0.0
330415,2024,0.0
330415,1011,0.84
330415,1120,0.0
330415,1323,0.0
330415,1175,0.05
330415,1010,5.56
330415,1005,12.2
330415,1301,0.0
330415,2020,0.0
330415,2010,0.0
330415,1012,2.09
330415,1414,0.0
330415,1162,0.2
330415,1114,1.0
330415,1009,0.0
330415,1003,8.06
330415,2012,0.001
330415,1305,0.0
330415,2016,0.015
330415,1266,0.017
330415,1050,12.0
330415,1085,0.15
330415,1259,0.007
330415,1313,0.0
330415,1267,0.0
330415,1277,0.001
330415,1079,0.6
330415,1264,0.01
330415,1273,0.0
330415,1334,0.0
330415,1108,0.0
330415,1110,40.0
330415,1262,0.018
330415,2047,82.0
330415,2048,83.0
330458,1273,0.019
330458,1311,0.0
330458,1300,0.009
330458,1007,0.03
330458,1092,0.0
330458,1128,2.17
330458,2009,0.0
330458,2022,0.0
330458,1131,0.25
330458,1129,0.13
330458,2018,0.02
330458,1265,8.64
330458,1404,0.02
330458,1089,0.05
330458,1262,5.39
330458,1259,0.009
330458,1323,0.0
330458,1008,833.0
330458,1272,0.0
330458,1304,0.021
330458,1263,41.8
330458,1280,0.0
330458,1101,0.0
330458,1303,0.0
330458,1321,0.0
330458,1098,0.0
330458,1329,0.021
330458,1405,0.0
330458,1335,0.0
330458,1312,0.0
330458,1085,90.5
330458,1005,0.84
330458,1126,0.0
330458,1334,0.0
330458,2020,0.0
330458,1002,0.0
330458,1271,0.0
330458,1301,0.031
330458,1003,0.0
330458,1093,0.0
330458,1260,0.477
330458,1313,0.0
330458,1315,6.25
330458,1276,0.0
330458,1051,0.03
330458,1316,1.68
330458,2025,0.0
330458,1414,0.0
330458,1087,1.0
330458,2026,0.0
330458,2024,0.0
330458,1409,0.0
330458,1406,0.0
330458,1095,0.02
330458,1185,0.6
330458,1333,0.0
330458,1292,6.31
330458,1278,0.0
330458,1109,0.11
330458,1127,0.18
330458,1261,6.8
330458,1091,0.0
330458,1125,0.6
330458,1257,0.028
330458,1264,16.7
330458,2010,0.0
330458,1314,0.016
330458,1130,0.36
330458,2016,1.68
330458,1305,0.0
330458,2012,0.041
330458,1183,0.0
330458,1258,82.5
330458,1330,0.007
330458,1293,1.7
330458,1277,0.041
330458,1004,99.1
330458,1411,0.0
330458,1317,0.0
330458,1062,3480.0
330458,1267,0.076
330458,1306,0.007
330458,1299,0.015
330458,1184,0.0
330458,2023,0.0
330458,1266,2.52
330458,1090,0.0
330458,2047,895.0
330458,2048,833.0
331897,1303,0.003
331897,1280,0.008
331897,1404,0.045
331897,1261,0.002
331897,1109,0.17
331897,1321,0.01
331897,1129,0.0
331897,2022,0.088
331897,1304,0.018
331897,1101,0.018
331897,1278,0.004
331897,1411,0.022
331897,1262,0.0
331897,1170,1.1
331897,1127,0.0
331897,1165,0.088
331897,1092,239.0
331897,1126,0.08
331897,1087,12.0
331897,2009,0.012
331897,1277,0.023
331897,1333,0.0
331897,1299,0.005
331897,2024,0.008
331897,1305,0.0
331897,1106,7.0
331897,1314,0.371
331897,1267,0.004
331897,1313,0.01
331897,1323,0.003
331897,1315,1.94
331897,1090,22.4
331897,1008,156.0
331897,1128,0.01
331897,1093,117.0
331897,1334,0.0
331897,1004,5.95
331897,1335,0.0
331897,1265,1.2
331897,1125,0.0
331897,1292,2.35
331897,2010,0.003
331897,1166,0.18
331897,2020,0.019
331897,1272,0.005
331897,2025,0.005
331897,1259,0.001
331897,1273,0.007
331897,1051,69.9
331897,1317,0.0
331897,1312,0.002
331897,1293,1.24
331897,1178,0.41
331897,1062,652.0
331897,1264,0.03
331897,1260,0.001
331897,1112,0.1
331897,1175,0.372
331897,1095,2.54
331897,2018,0.055
331897,1114,0.1
331897,1105,7.0
331897,1257,0.03
331897,1263,0.003
331897,1301,0.0
331897,1406,0.019
331897,1091,184.0
331897,1276,0.0
331897,1003,23.9
331897,1089,0.94
331897,1266,0.346
331897,1085,5.23
331897,1103,27.9
331897,1253,127.0
331897,1405,0.0
331897,2026,0.01
331897,1002,3.83
331897,2016,1.06
331897,1258,1.6
331897,1005,0.0
331897,2012,0.023
331897,1306,0.008
331897,1131,0.0
331897,1316,1.05
331897,2023,0.004
331897,1110,2.0
331897,1098,0.063
331897,1130,0.05
331897,1007,0.98
331897,1311,0.006
331897,1300,0.006
331897,1271,0.088
331897,1167,5.05
331897,1329,0.021
331897,1330,0.008
331897,2047,149.0
331897,2048,156.0
331960,1089,0.49
331960,1095,0.96
331960,2010,0.002
331960,2012,0.018
331960,1129,0.0
331960,1406,0.021
331960,1301,0.0
331960,1109,0.33
331960,1098,0.044
331960,2022,0.086
331960,1278,0.004
331960,1272,0.007
331960,2026,0.011
331960,1293,0.766
331960,1093,47.0
331960,1333,0.0
331960,1090,32.0
331960,1321,0.0
331960,1265,0.746
331960,1062,695.0
331960,1085,3.05
331960,1277,0.018
331960,2018,0.026
331960,1409,0.0
331960,2025,0.007
331960,1092,343.0
331960,1002,5.13
331960,1311,0.001
331960,1005,0.0
331960,1263,0.005
331960,1276,0.0
331960,1101,0.012
331960,1003,32.1
331960,1165,0.098
331960,1126,0.07
331960,1306,0.002
331960,1312,0.0
331960,1166,0.187
331960,1178,0.2
331960,1004,3.24
331960,1259,0.0
331960,1130,0.0
331960,1304,0.011
331960,1329,0.011
331960,2024,0.01
331960,1127,0.01
331960,1264,0.019
331960,1260,0.0
331960,1007,1.19
331960,1316,0.598
331960,1131,0.0
331960,1414,0.0
331960,1334,0.0
331960,1258,1.01
331960,1266,0.211
331960,1323,0.002
331960,1051,65.3
331960,1262,0.015
331960,1267,0.002
331960,1253,116.0
331960,1261,0.0
331960,1167,9.45
331960,1335,0.0
331960,1257,0.013
331960,1280,0.01
331960,1087,6.0
331960,1330,0.002
331960,1305,0.0
331960,1314,0.155
331960,1404,0.026
331960,2023,0.004
331960,1292,1.26
331960,2020,0.022
331960,2009,0.005
331960,1008,166.0
331960,1317,0.0
331960,1271,0.086
331960,1170,1.58
331960,1315,1.08
331960,1175,0.921
331960,1125,0.0
331960,1299,0.004
331960,2016,0.599
331960,1303,0.0
331960,1300,0.004
331960,1128,0.0
331960,1091,241.0
331960,1405,0.001
331960,1313,0.011
331960,1273,0.005
331960,1103,31.9
331960,1411,0.023
331960,2047,158.0
331960,2048,166.0
332282,1312,0.0
332282,1051,87.4
332282,1267,0.005
332282,2010,0.001
332282,1258,0.17
332282,1122,12700.0
332282,1314,0.002
332282,1004,1.48
332282,1091,34.0
332282,1261,0.002
332282,1085,1.05
332282,1003,1.41
332282,1292,0.376
332282,1089,0.78
332282,1305,0.0
332282,1321,0.0
332282,1063,5.5
332282,1316,0.424
332282,2016,0.425
332282,1010,0.85
332282,1012,2.35
332282,1315,0.364
332282,1106,32.0
332282,1262,0.003
332282,2025,0.0
332282,2018,0.079
332282,1411,0.0
332282,1330,0.004
332282,1013,0.0
332282,1306,0.004
332282,1265,0.107
332282,1075,0.0
332282,1304,0.001
332282,1404,0.079
332282,1108,0.0
332282,1008,45.0
332282,1009,0.0
332282,1098,0.081
332282,1280,0.0
332282,1300,0.001
332282,1333,0.0
332282,1123,190.0
332282,1329,0.001
332282,1278,0.0
332282,2026,0.001
332282,1120,0.0
332282,1272,0.0
332282,1101,0.137
332282,1087,27.0
332282,2024,0.0
332282,1260,0.0
332282,1005,8.05
332282,1271,0.0
332282,1301,0.002
332282,1257,0.005
332282,1311,0.001
332282,2009,0.0
332282,1273,0.004
332282,1277,0.008
332282,1002,0.23
332282,1406,0.0
332282,1266,0.039
332282,1092,319.0
332282,2012,0.008
332282,2023,0.0
332282,1264,0.002
332282,1303,0.0
332282,1335,0.0
332282,1050,7.31
332282,1293,0.504
332282,2020,0.0
332282,1263,0.001
332282,1313,0.001
332282,1011,2.3
332282,1405,0.0
332282,1299,0.001
332282,1323,0.001
332282,1062,186.0
332282,1007,1.66
332282,1276,0.0
332282,2022,0.0
332282,1079,1.8
332282,1107,390.0
332282,1334,0.0
332282,1259,0.002
332282,1095,0.2
332282,1090,18.5
332282,1014,0.0
332282,1317,0.0
332282,1093,419.0
332282,2047,51.0
332282,2048,45.0
332397,1085,3.15
332397,1323,0.007
332397,1314,0.09
332397,1002,2.67
332397,1334,0.0
332397,1008,106.0
332397,1264,0.042
332397,1280,0.005
332397,2023,0.0
332397,1261,0.0
332397,1051,75.7
332397,1098,0.05
332397,1095,1.52
332397,2025,0.001
332397,1313,0.017
332397,1091,261.0
332397,1004,3.73
332397,1007,3.61
332397,1301,0.0
332397,2009,0.0
332397,1316,0.443
332397,1003,16.7
332397,1272,0.001
332397,1263,0.001
332397,1271,0.053
332397,1414,0.0
332397,1005,0.27
332397,2024,0.005
332397,2019,0.0
332397,1305,0.0
332397,1406,0.008
332397,2022,0.053
332397,1267,0.005
332397,1292,1.47
332397,1312,0.0
332397,1259,0.0
332397,1260,0.0
332397,1303,0.0
332397,1293,0.544
332397,1089,0.58
332397,1321,0.0
332397,1266,0.348
332397,2020,0.009
332397,1265,0.71
332397,1333,0.0
332397,1335,0.0
332397,1299,0.001
332397,2014,0.0
332397,1306,0.001
332397,1331,0.0
332397,1311,0.003
332397,2012,0.027
332397,1411,0.01
332397,2026,0.017
332397,1257,0.01
332397,1405,0.001
332397,1101,0.0
332397,1258,1.12
332397,2016,0.446
332397,1304,0.009
332397,1315,1.35
332397,2018,0.013
332397,1330,0.001
332397,2010,0.007
332397,1062,443.0
332397,1092,425.0
332397,1317,0.0
332397,1300,0.008
332397,1276,0.0
332397,1090,18.8
332397,1404,0.013
332397,1329,0.009
332397,1278,0.0
332397,1273,0.001
332397,1087,5.0
332397,1262,0.003
332397,1093,1040.0
332397,2047,101.0
332397,2048,106.0
332791,1259,0.01
332791,1315,8.64
332791,2022,0.0
332791,1316,0.557
332791,1258,2.3
332791,1335,0.0
332791,1184,0.0
332791,1406,0.0
332791,1089,0.31
332791,1300,0.018
332791,1126,0.1
332791,1405,0.0
332791,1177,0.0
332791,2010,0.033
332791,1312,0.0
332791,1301,0.01
332791,1170,0.0
332791,2016,0.557
332791,1273,0.015
332791,1007,4.29
332791,1002,0.18
332791,1198,0.1
332791,1009,0.33
332791,1127,0.0
332791,2014,0.0
332791,1162,0.0
332791,2020,0.0
332791,1092,43.0
332791,1333,0.0
332791,1128,0.0
332791,1330,0.0
332791,1075,0.0
332791,1120,48.0
332791,1411,0.0
332791,1131,0.0
332791,1098,0.107
332791,2023,0.0
332791,1108,2.0
332791,1013,0.0
332791,1271,0.0
332791,1123,340.0
332791,1130,0.0
332791,1008,130.0
332791,1011,0.0
332791,1004,12.9
332791,1107,272.0
332791,2018,0.104
332791,1180,1.6
332791,1276,0.0
332791,1260,0.0
332791,1196,0.0
332791,1292,8.86
332791,1329,0.0
332791,1063,0.0
332791,1085,11.8
332791,1263,0.0
332791,1093,1620.0
332791,1299,0.001
332791,1195,0.7
332791,2024,0.0
332791,2026,0.0
332791,1404,0.104
332791,1323,0.033
332791,1266,0.323
332791,1261,0.0
332791,1305,0.0
332791,1109,3.78
332791,1165,0.041
332791,1303,0.0
332791,1293,0.661
332791,1272,0.0
332791,2009,0.0
332791,1091,7.0
332791,1264,0.003
332791,1095,0.09
332791,1012,0.0
332791,2025,0.0
332791,1079,4.0
332791,1183,0.0
332791,1062,543.0
332791,1122,0.0
332791,2012,0.031
332791,2019,0.0
332791,1317,0.0
332791,1167,0.103
332791,1197,0.3
332791,1278,0.0
332791,1306,0.0
332791,1314,0.151
332791,1106,25.0
332791,1257,0.0
332791,1313,0.0
332791,1166,0.0
332791,1175,0.0
332791,1331,0.0
332791,1125,0.02
332791,1262,0.001
332791,1051,76.7
332791,1185,16.6
332791,1311,0.0
332791,1265,1.87
332791,1010,0.0
332791,1003,1.15
332791,1267,0.053
332791,1090,12.4
332791,1280,0.0
332791,1334,0.0
332791,1014,0.0
332791,1101,0.047
332791,1087,121.0
332791,1005,4.96
332791,1129,0.0
332791,1050,4.32
332791,1199,0.0
332791,1414,0.0
332791,1194,0.6
332791,1304,0.0
332791,1321,0.0
332791,2047,141.0
332791,2048,130.0
333008,1299,0.005
333008,1303,0.0
333008,1414,0.0
333008,1406,0.0
333008,1166,0.218
333008,1267,0.048
333008,1315,3.9
333008,1333,0.0
333008,1411,0.0
333008,1075,0.0
333008,1273,0.038
333008,1062,1800.0
333008,1128,0.8
333008,2022,0.007
333008,1131,0.0
333008,2016,4.22
333008,1184,0.0
333008,1257,0.04
333008,1103,6.0
333008,1292,4.0
333008,1330,0.02
333008,1013,0.0
333008,1266,2.25
333008,1010,15.1
333008,1280,0.0
333008,1404,0.632
333008,1011,7.58
333008,1300,0.014
333008,1095,0.62
333008,1305,0.0
333008,1405,0.0
333008,1314,0.019
333008,1165,0.295
333008,1271,0.007
333008,1098,0.141
333008,1079,3.3
333008,1331,0.0
333008,1317,0.004
333008,1129,0.38
333008,1175,0.07
333008,2014,0.004
333008,1101,0.755
333008,1335,0.0
333008,1085,13.7
333008,1263,0.074
333008,2010,0.005
333008,1014,1.01
333008,1334,0.0
333008,1306,0.02
333008,2018,0.657
333008,1313,0.004
333008,1051,8.85
333008,1265,2.23
333008,1012,11.1
333008,2009,0.0
333008,1063,34.8
333008,1278,0.004
333008,1005,69.6
333008,1321,0.025
333008,1089,2.28
333008,1260,0.0
333008,1185,17.1
333008,1127,2.4
333008,1259,0.011
333008,1276,0.0
333008,1009,29.8
333008,1092,245.0
333008,1093,314.0
333008,2023,0.004
333008,2024,0.0
333008,1125,0.22
333008,2019,0.0
333008,1311,0.006
333008,1262,0.011
333008,1087,29.0
333008,1050,67.9
333008,1312,0.003
333008,1272,0.001
333008,1002,0.93
333008,1183,0.0
333008,1329,0.02
333008,2012,0.068
333008,1323,0.005
333008,1261,0.014
333008,1091,111.0
333008,1126,5.27
333008,1109,2.69
333008,2025,0.001
333008,1008,430.0
333008,1264,0.064
333008,1003,5.79
333008,1316,4.21
333008,1258,4.78
333008,1293,4.89
333008,1167,2.11
333008,1170,0.4
333008,2020,0.0
333008,2026,0.004
333008,1304,0.02
333008,1007,1.44
333008,1004,14.3
333008,1177,34.0
333008,1090,32.4
333008,1130,0.51
333008,1301,0.016
333008,2047,430.0
333281,1092,198.0
333281,1002,0.14
333281,1004,0.5
333281,1003,0.84
333281,1087,30.0
333281,1090,9.8
333281,1098,0.052
333281,1091,18.0
333281,1014,0.0
333281,1005,3.32
333281,1062,76.0
333281,1007,0.74
333281,1101,0.068
333281,1010,0.0
333281,1075,0.0
333281,1011,1.5
333281,1013,0.0
333281,1089,0.57
333281,1012,1.49
333281,1051,94.6
333281,1063,2.99
333281,1095,0.12
333281,1093,125.0
333281,1008,18.0
333281,2047,21.0
333281,2048,18.0
333374,1089,0.17
333374,1087,11.0
333374,1253,54.0
333374,2022,0.009
333374,1085,0.32
333374,2009,0.001
333374,1263,0.001
333374,1280,0.005
333374,1129,0.0
333374,1276,0.002
333374,1170,0.403
333374,1317,0.002
333374,2010,0.006
333374,1404,0.002
333374,1321,0.0
333374,1411,0.001
333374,1278,0.042
333374,1178,1.83
333374,1305,0.0
333374,1304,0.002
333374,1406,0.001
333374,1335,0.0
333374,1258,0.093
333374,1109,0.45
333374,1306,0.001
333374,1098,0.021
333374,1130,0.0
333374,1103,25.9
333374,1316,0.014
333374,1334,0.0
333374,1292,0.057
333374,1002,2.61
333374,1330,0.001
333374,1314,0.003
333374,1271,0.009
333374,1303,0.001
333374,2012,0.005
333374,1266,0.02
333374,1272,0.089
333374,1264,0.004
333374,1259,0.001
333374,1329,0.003
333374,1175,0.281
333374,1005,0.0
333374,1165,0.02
333374,1112,0.5
333374,1051,83.4
333374,1313,0.001
333374,1315,0.036
333374,1095,0.32
333374,1301,0.0
333374,2026,0.001
333374,2024,0.005
333374,1131,0.0
333374,1125,0.0
333374,1333,0.0
333374,1090,21.1
333374,1101,0.011
333374,1127,0.0
333374,1092,286.0
333374,1405,0.001
333374,2025,0.089
333374,1126,0.0
333374,1260,0.0
333374,1008,74.0
333374,1091,227.0
333374,1166,0.057
333374,1300,0.001
333374,1267,0.0
333374,1299,0.001
333374,1257,0.004
333374,1093,213.0
333374,2018,0.002
333374,2020,0.002
333374,1262,0.001
333374,1277,0.005
333374,1273,0.0
333374,1114,0.5
333374,1265,0.063
333374,1004,0.45
333374,1167,3.36
333374,1003,16.3
333374,1323,0.006
333374,1261,0.0
333374,1312,0.004
333374,2016,0.014
333374,1128,0.0
333374,1007,1.28
333374,2023,0.042
333374,1062,308.0
333374,1293,0.163
333374,1110,18.0
333374,1311,0.0
333374,2047,69.0
333374,2048,74.0
333476,1301,0.0
333476,1267,0.0
333476,1170,0.237
333476,1223,1.31
333476,1329,0.004
333476,1266,0.028
333476,1128,0.0
333476,1008,56.0
333476,1210,0.18
333476,1278,0.049
333476,2020,0.002
333476,1005,0.0
333476,1090,16.1
333476,1405,0.0
333476,1225,0.59
333476,1092,160.0
333476,1217,0.51
333476,1219,0.67
333476,1220,0.93
333476,1323,0.004
333476,1089,0.22
333476,1224,2.08
333476,1334,0.0
333476,1212,0.62
333476,1315,0.048
333476,1271,0.005
333476,1263,0.001
333476,1303,0.0
333476,2022,0.005
333476,2026,0.001
333476,1300,0.001
333476,1312,0.005
333476,1095,0.31
333476,1292,0.073
333476,1185,0.0
333476,1313,0.001
333476,1411,0.0
333476,2023,0.049
333476,1257,0.016
333476,1335,0.0
333476,1051,86.7
333476,1112,0.2
333476,1304,0.004
333476,1004,0.41
333476,1062,235.0
333476,2016,0.005
333476,1114,0.2
333476,1101,0.011
333476,1211,0.58
333476,1317,0.001
333476,2010,0.004
333476,1178,1.63
333476,1103,15.9
333476,1127,0.0
333476,1125,0.0
333476,1299,0.001
333476,1264,0.004
333476,1305,0.0
333476,1259,0.002
333476,1003,12.3
333476,1129,0.0
333476,1214,1.21
333476,1273,0.0
333476,1306,0.011
333476,1126,0.0
333476,1130,0.0
333476,1265,0.087
333476,1221,0.28
333476,1175,0.069
333476,1085,0.4
333476,1261,0.0
333476,1262,0.002
333476,1280,0.004
333476,1258,0.128
333476,2018,0.001
333476,1218,0.49
333476,1093,333.0
333476,1167,0.653
333476,1166,0.08
333476,2024,0.004
333476,1216,0.14
333476,1277,0.01
333476,1091,284.0
333476,1314,0.003
333476,1002,1.97
333476,1109,0.49
333476,1215,0.4
333476,1404,0.001
333476,1007,1.36
333476,1162,0.0
333476,2009,0.001
333476,1213,1.06
333476,1321,0.0
333476,1253,46.0
333476,1222,0.75
333476,1272,0.116
333476,1131,0.0
333476,1226,0.5
333476,1106,3.0
333476,1227,0.54
333476,1316,0.004
333476,2012,0.01
333476,1333,0.001
333476,1183,0.0
333476,1098,0.031
333476,1293,0.182
333476,1406,0.002
333476,1330,0.011
333476,1105,3.0
333476,1184,0.0
333476,1165,0.03
333476,1110,8.0
333476,1276,0.001
333476,1260,0.0
333476,2025,0.116
333476,1311,0.0
333476,1087,15.0
333476,2047,53.0
333476,2048,56.0
334194,1114,1.2
334194,1051,79.0
334194,1277,0.004
334194,1005,0.08
334194,1165,0.03
334194,1334,0.0
334194,2013,0.0
334194,1003,19.0
334194,1085,0.6
334194,1265,0.134
334194,1004,0.94
334194,2026,0.002
334194,1253,36.0
334194,1103,67.8
334194,1259,0.001
334194,1167,9.92
334194,1090,22.7
334194,1330,0.0
334194,1301,0.002
334194,1331,0.0
334194,1273,0.002
334194,1258,0.224
334194,1300,0.007
334194,1271,0.022
334194,1098,0.048
334194,1110,47.0
334194,1062,376.0
334194,1315,0.086
334194,1314,0.016
334194,1292,0.114
334194,2008,0.0
334194,1303,0.001
334194,1306,0.0
334194,1095,0.66
334194,1011,0.0
334194,1316,0.013
334194,1113,0.0
334194,1304,0.001
334194,1321,0.0
334194,1323,0.003
334194,1257,0.002
334194,1311,0.0
334194,1075,0.0
334194,2012,0.003
334194,2016,0.013
334194,1092,176.0
334194,1263,0.0
334194,1264,0.011
334194,1299,0.005
334194,1091,137.0
334194,1406,0.0
334194,1305,0.0
334194,1405,0.0
334194,1063,0.0
334194,2003,0.0
334194,2014,0.0
334194,1329,0.002
334194,1007,0.98
334194,1010,0.0
334194,1175,0.32
334194,1411,0.002
334194,2009,0.0
334194,1335,0.0
334194,1093,219.0
334194,2007,0.0
334194,1012,0.0
334194,2025,0.197
334194,2023,0.025
334194,1089,1.67
334194,1281,0.0
334194,2022,0.022
334194,1014,0.0
334194,1404,0.002
334194,1317,0.0
334194,2005,0.0
334194,1414,0.0
334194,1178,2.57
334194,1002,3.04
334194,2019,0.0
334194,1101,0.019
334194,1278,0.025
334194,1293,0.259
334194,1266,0.054
334194,1008,90.0
334194,2010,0.003
334194,1100,0.0
334194,1166,0.082
334194,2004,0.0
334194,1087,18.0
334194,1267,0.002
334194,2015,0.0
334194,1272,0.197
334194,1280,0.004
334194,1013,0.0
334194,2024,0.004
334194,2006,0.001
334194,2021,0.0
334194,1312,0.006
334194,1261,0.0
334194,1112,1.2
334194,1170,0.148
334194,1313,0.002
334194,2018,0.002
334194,1276,0.002
334194,2020,0.0
334194,1260,0.0
334194,1262,0.002
334194,1333,0.0
334194,2047,85.0
334194,2048,90.0
334536,1196,2.2
334536,2016,1.0
334536,1301,0.005
334536,1014,0.0
334536,1180,5.5
334536,2018,0.123
334536,1316,0.998
334536,1272,0.0
334536,2024,0.0
334536,1197,1.3
334536,1089,0.46
334536,2026,0.001
334536,2020,0.0
334536,1330,0.005
334536,2023,0.0
334536,1075,0.0
334536,1199,0.0
334536,1273,0.008
334536,1264,0.012
334536,2025,0.0
334536,2010,0.001
334536,1198,0.2
334536,1013,0.0
334536,1063,0.62
334536,1194,1.5
334536,2012,0.006
334536,1002,0.61
334536,1335,0.0
334536,1414,0.0
334536,2022,0.002
334536,1085,2.22
334536,2009,0.0
334536,1195,0.5
334536,1334,0.0
334536,1008,174.0
334536,1280,0.0
334536,1312,0.0
334536,1106,22.0
334536,1267,0.009
334536,1406,0.0
334536,1292,0.588
334536,1404,0.118
334536,1101,0.428
334536,1092,69.0
334536,1107,128.0
334536,1098,0.086
334536,1062,729.0
334536,1087,11.0
334536,1409,0.0
334536,1123,103.0
334536,1411,0.0
334536,1263,0.0
334536,1333,0.0
334536,1005,32.5
334536,1293,1.13
334536,1114,0.0
334536,1323,0.001
334536,1011,0.12
334536,1259,0.0
334536,1120,0.0
334536,1276,0.0
334536,1265,0.346
334536,1300,0.002
334536,1260,0.0
334536,1122,3.0
334536,1271,0.002
334536,1278,0.0
334536,1012,0.12
334536,1299,0.0
334536,1258,0.493
334536,1277,0.006
334536,1306,0.005
334536,1405,0.0
334536,1095,0.69
334536,1313,0.001
334536,1111,0.0
334536,1010,0.37
334536,1108,38.0
334536,1093,361.0
334536,1112,0.0
334536,1090,9.7
334536,1266,0.112
334536,1303,0.0
334536,1051,59.3
334536,1314,0.007
334536,1329,0.004
334536,1311,0.002
334536,1105,10.0
334536,1317,0.0
334536,1315,0.574
334536,1304,0.004
334536,1007,1.13
334536,1261,0.0
334536,1321,0.005
334536,1257,0.009
334536,1110,0.0
334536,1262,0.0
334536,1091,44.0
334536,1004,3.19
334536,1003,3.84
334536,1305,0.0
334536,2047,174.0
334628,2018,0.102
334628,1014,0.0
334628,1261,0.003
334628,1258,2.69
334628,1178,0.12
334628,1131,0.07
334628,1214,0.44
334628,1406,0.008
334628,1271,0.034
334628,1329,0.042
334628,2016,1.83
334628,1224,1.03
334628,1266,0.817
334628,1211,0.25
334628,2020,0.014
334628,1263,0.009
334628,1127,0.37
334628,1213,0.5
334628,1404,0.099
334628,1123,110.0
334628,1128,0.06
334628,1002,1.18
334628,1335,0.0
334628,1321,0.003
334628,1225,0.275
334628,1311,0.012
334628,1120,58.0
334628,2024,0.005
334628,1129,0.0
334628,1292,3.2
334628,2022,0.034
334628,1092,152.0
334628,1217,0.235
334628,1273,0.006
334628,1405,0.005
334628,1125,0.03
334628,1218,0.17
334628,1183,2.8
334628,1306,0.015
334628,1272,0.002
334628,1315,2.97
334628,2025,0.002
334628,1259,0.003
334628,1299,0.005
334628,1265,1.69
334628,1313,0.038
334628,1316,1.82
334628,1305,0.0
334628,1226,0.3
334628,1303,0.003
334628,1323,0.022
334628,1277,0.055
334628,1130,0.13
334628,2012,0.055
334628,1280,0.005
334628,1011,0.0
334628,1300,0.025
334628,2010,0.022
334628,1051,66.0
334628,1219,0.28
334628,1004,9.04
334628,1216,0.075
334628,1005,15.8
334628,1095,1.2
334628,1314,0.148
334628,1221,0.175
334628,1267,0.018
334628,1222,0.35
334628,2026,0.038
334628,1262,0.009
334628,1411,0.01
334628,1312,0.0
334628,1264,0.098
334628,1330,0.015
334628,1103,9.8
334628,1215,0.165
334628,1276,0.0
334628,1122,85.0
334628,1087,75.0
334628,2023,0.002
334628,1170,0.365
334628,1050,15.4
334628,1257,0.058
334628,1109,0.53
334628,1090,26.2
334628,1089,0.87
334628,1062,728.0
334628,1107,113.0
334628,1093,473.0
334628,1009,12.5
334628,1075,0.0
334628,1012,0.21
334628,1098,0.05
334628,1106,12.0
334628,1105,1.0
334628,1013,0.0
334628,1003,7.38
334628,1007,1.82
334628,1079,2.4
334628,1108,0.0
334628,1101,0.186
334628,1091,120.0
334628,1210,0.06
334628,1126,4.13
334628,1220,0.355
334628,1212,0.245
334628,1175,0.132
334628,1333,0.0
334628,1010,0.24
334628,1334,0.001
334628,1304,0.039
334628,1167,1.29
334628,2009,0.003
334628,1253,20.0
334628,1223,0.555
334628,1260,0.001
334628,1166,0.05
334628,1185,5.1
334628,1227,0.245
334628,1008,174.0
334628,1165,0.04
334628,1278,0.002
334628,1085,7.98
334628,1293,2.03
334628,1301,0.004
334628,1317,0.001
334628,1063,0.46
334628,2047,174.0
334720,1404,0.329
334720,1183,0.8
334720,1212,0.227
334720,1215,0.103
334720,1315,2.77
334720,1175,0.172
334720,1405,0.004
334720,2020,0.009
334720,1091,144.0
334720,1278,0.003
334720,1014,0.32
334720,1305,0.001
334720,1316,2.49
334720,1293,2.88
334720,1323,0.015
334720,1098,0.141
334720,1092,305.0
334720,1301,0.008
334720,2026,0.027
334720,1199,2.3
334720,1075,0.0
334720,1222,0.3
334720,1180,39.6
334720,1198,0.8
334720,1170,0.303
334720,1317,0.002
334720,1125,0.04
334720,1011,0.0
334720,1276,0.0
334720,1085,8.08
334720,1303,0.002
334720,2012,0.056
334720,1314,0.102
334720,1195,13.7
334720,1109,0.36
334720,1311,0.01
334720,2016,2.5
334720,1223,0.563
334720,1197,1.4
334720,1008,229.0
334720,1129,0.02
334720,2025,0.001
334720,1312,0.001
334720,1130,0.27
334720,1090,53.6
334720,1321,0.001
334720,1165,0.077
334720,1003,5.59
334720,1313,0.027
334720,1259,0.004
334720,1063,1.3
334720,1218,0.143
334720,1194,21.9
334720,2024,0.003
334720,1211,0.22
334720,1101,0.344
334720,1300,0.021
334720,1257,0.057
334720,1280,0.003
334720,1012,0.22
334720,1273,0.012
334720,1089,1.46
334720,1004,9.01
334720,1051,52.2
334720,1220,0.303
334720,1166,0.03
334720,1050,30.7
334720,1095,0.94
334720,1221,0.17
334720,1013,0.0
334720,1093,305.0
334720,1304,0.035
334720,1002,0.9
334720,1292,2.95
334720,1335,0.0
334720,1128,0.11
334720,1411,0.004
334720,1126,4.13
334720,1127,0.66
334720,1224,1.0
334720,1334,0.001
334720,1261,0.003
334720,1266,0.607
334720,1062,959.0
334720,2009,0.003
334720,1219,0.267
334720,1406,0.004
334720,1264,0.069
334720,1226,0.31
334720,1333,0.0
334720,2018,0.33
334720,2010,0.015
334720,1214,0.303
334720,1010,0.76
334720,1005,31.5
334720,1216,0.08
334720,1131,0.01
334720,1196,0.4
334720,2023,0.003
334720,1306,0.019
334720,1007,1.74
334720,1271,0.011
334720,1272,0.001
334720,1329,0.038
334720,1217,0.3
334720,1225,0.217
334720,1167,0.867
334720,1079,5.8
334720,1087,51.0
334720,1265,1.42
334720,1103,7.0
334720,1227,0.32
334720,1260,0.002
334720,1267,0.023
334720,1263,0.007
334720,1277,0.056
334720,1185,7.4
334720,1210,0.057
334720,1262,0.008
334720,1258,2.19
334720,1009,23.6
334720,2022,0.011
334720,1213,0.543
334720,1299,0.005
334720,1330,0.019
334720,2047,229.0
746758,2009,0.031
746758,2018,0.012
746758,1091,259.0
746758,2010,0.047
746758,2012,0.012
746758,1093,54.0
746758,1303,0.022
746758,1329,0.326
746758,1264,0.153
746758,1406,0.016
746758,1062,735.0
746758,1300,0.073
746758,2024,0.011
746758,1278,0.002
746758,1272,0.002
746758,2025,0.002
746758,1280,0.011
746758,1404,0.012
746758,1253,85.0
746758,2020,0.016
746758,1003,27.7
746758,2022,0.064
746758,1178,4.21
746758,2023,0.002
746758,1166,0.4
746758,1098,0.097
746758,1257,0.359
746758,1090,13.7
746758,1263,0.006
746758,1258,2.47
746758,1316,0.329
746758,2026,0.002
746758,1299,0.03
746758,1293,0.472
746758,1175,0.67
746758,1005,0.0
746758,1265,1.34
746758,1004,6.36
746758,1304,0.303
746758,1311,0.033
746758,1271,0.064
746758,1008,176.0
746758,1306,0.034
746758,1267,0.005
746758,1051,65.7
746758,1103,25.4
746758,1292,2.26
746758,1167,5.76
746758,1314,0.141
746758,1092,352.0
746758,1095,3.7
746758,1087,13.0
746758,1266,0.85
746758,1262,0.005
746758,1277,0.012
746758,1313,0.002
746758,1323,0.047
746758,1085,5.56
746758,1315,2.03
746758,2016,0.362
746758,1089,3.04
746758,1301,0.006
746758,1101,0.008
746758,1330,0.034
746758,1007,1.22
746758,2047,168.0
746758,2048,176.0
746759,1180,56.3
746759,1315,2.39
746759,2026,0.001
746759,1300,0.069
746759,1008,155.0
746759,1263,0.005
746759,1311,0.022
746759,1110,0.0
746759,2016,0.281
746759,1267,0.004
746759,1062,648.0
746759,1003,22.8
746759,1303,0.015
746759,2018,0.009
746759,1103,21.3
746759,1166,0.202
746759,1329,0.276
746759,1128,0.0
746759,1272,0.0
746759,1090,11.3
746759,1092,282.0
746759,1314,0.211
746759,2010,0.054
746759,1306,0.03
746759,1111,0.0
746759,1323,0.054
746759,1175,0.575
746759,2022,0.048
746759,1293,0.364
746759,1262,0.006
746759,1271,0.048
746759,1127,0.0
746759,1091,206.0
746759,1170,0.36
746759,1005,0.0
746759,1292,2.71
746759,2024,0.008
746759,1258,2.56
746759,1316,0.259
746759,1264,0.168
746759,2020,0.013
746759,1195,44.0
746759,1299,0.027
746759,1265,1.5
746759,1089,1.9
746759,1165,0.053
746759,1330,0.03
746759,1167,6.88
746759,1194,0.7
746759,2012,0.011
746759,1087,15.0
746759,1131,0.0
746759,1098,0.043
746759,1301,0.004
746759,1007,1.01
746759,1113,0.26
746759,1199,5.2
746759,2023,0.003
746759,1257,0.306
746759,1313,0.001
746759,1304,0.261
746759,1051,69.9
746759,1198,10.0
746759,1266,0.773
746759,1125,0.0
746759,1197,5.7
746759,2009,0.04
746759,1196,0.7
746759,1126,0.02
746759,1253,58.0
746759,1112,0.0
746759,1093,45.0
746759,1114,0.0
746759,1278,0.003
746759,1109,0.25
746759,1277,0.011
746759,1178,1.72
746759,1004,6.39
746759,1280,0.008
746759,1101,0.002
746759,1129,0.0
746759,1404,0.009
746759,1085,5.93
746759,1095,3.76
746759,1130,0.0
746759,2025,0.0
746759,1406,0.013
746759,2047,149.0
746759,2048,155.0
746760,1404,0.005
746760,1089,1.37
746760,2018,0.005
746760,1292,0.951
746760,1103,22.2
746760,2025,0.002
746760,1095,3.38
746760,1003,23.4
746760,1090,11.4
746760,1330,0.011
746760,1311,0.011
746760,1175,0.638
746760,1264,0.062
746760,1280,0.011
746760,1178,2.06
746760,1306,0.011
746760,1299,0.011
746760,1301,0.003
746760,1166,0.185
746760,1303,0.008
746760,1062,512.0
746760,1253,62.0
746760,1263,0.002
746760,1329,0.118
746760,1051,73.7
746760,2020,0.012
746760,1304,0.11
746760,1278,0.004
746760,2023,0.004
746760,1005,0.0
746760,1257,0.129
746760,1406,0.012
746760,1092,312.0
746760,2012,0.007
746760,2010,0.021
746760,1323,0.021
746760,1316,0.113
746760,1293,0.192
746760,1091,222.0
746760,1265,0.546
746760,2026,0.001
746760,1258,0.953
746760,1167,6.58
746760,1313,0.001
746760,1087,13.0
746760,1266,0.297
746760,1315,0.833
746760,1314,0.072
746760,2022,0.032
746760,1093,50.0
746760,1267,0.002
746760,1300,0.027
746760,1008,122.0
746760,1004,2.48
746760,1101,0.002
746760,1277,0.007
746760,2016,0.124
746760,2009,0.018
746760,1007,1.08
746760,1098,0.035
746760,1272,0.002
746760,1085,2.23
746760,1262,0.003
746760,1271,0.032
746760,2024,0.011
746760,2047,116.0
746760,2048,122.0
746761,1323,0.017
746761,1264,0.049
746761,1271,0.038
746761,2010,0.017
746761,2024,0.008
746761,1103,22.7
746761,1085,2.14
746761,1198,10.8
746761,1300,0.027
746761,1003,23.7
746761,1092,316.0
746761,1130,0.0
746761,1257,0.125
746761,1263,0.002
746761,1051,73.3
746761,1095,3.54
746761,1404,0.003
746761,1195,48.7
746761,1178,1.62
746761,1109,0.21
746761,1267,0.001
746761,1004,2.41
746761,1128,0.0
746761,1265,0.524
746761,2022,0.038
746761,1170,0.37
746761,1093,55.0
746761,1277,0.002
746761,1311,0.005
746761,1090,11.9
746761,1301,0.002
746761,1091,220.0
746761,1165,0.064
746761,1199,5.3
746761,1330,0.008
746761,1008,123.0
746761,1087,13.0
746761,1089,2.34
746761,2009,0.011
746761,1112,0.0
746761,1129,0.0
746761,1262,0.004
746761,1114,0.0
746761,1316,0.136
746761,1306,0.008
746761,1126,0.04
746761,1406,0.012
746761,1197,9.2
746761,1098,0.047
746761,2020,0.012
746761,1258,0.924
746761,1280,0.008
746761,1313,0.001
746761,1315,0.797
746761,1131,0.0
746761,1196,0.5
746761,1272,0.002
746761,1293,0.208
746761,1110,0.0
746761,2016,0.141
746761,2023,0.002
746761,2018,0.003
746761,1266,0.307
746761,1194,0.3
746761,1127,0.0
746761,1167,6.16
746761,1278,0.002
746761,1111,0.0
746761,2025,0.002
746761,1166,0.25
746761,2012,0.002
746761,1314,0.059
746761,1303,0.005
746761,1329,0.117
746761,1299,0.009
746761,1007,1.11
746761,1062,514.0
746761,1292,0.886
746761,1125,0.0
746761,1175,0.626
746761,1005,0.0
746761,2026,0.001
746761,1180,64.1
746761,1304,0.112
746761,1253,63.0
746761,1101,0.003
746761,1113,0.18
746761,2047,116.0
746761,2048,123.0
746762,1323,0.042
746762,1089,2.26
746762,1085,4.5
746762,1311,0.014
746762,1272,0.001
746762,1008,145.0
746762,1330,0.024
746762,2012,0.008
746762,2023,0.002
746762,2010,0.042
746762,1103,21.4
746762,1266,0.64
746762,1262,0.005
746762,1299,0.028
746762,1280,0.008
746762,1166,0.23
746762,1265,1.18
746762,1292,1.9
746762,2009,0.033
746762,1257,0.28
746762,1092,266.0
746762,1258,2.07
746762,1007,1.02
746762,1278,0.002
746762,1306,0.024
746762,1314,0.145
746762,1095,3.52
746762,1167,5.32
746762,1263,0.005
746762,1304,0.244
746762,1093,43.0
746762,1087,19.0
746762,1005,0.0
746762,1406,0.013
746762,1175,0.751
746762,1253,57.0
746762,2022,0.034
746762,1293,0.259
746762,1301,0.002
746762,1316,0.178
746762,1300,0.062
746762,1313,0.001
746762,1051,71.4
746762,1091,200.0
746762,1267,0.003
746762,1003,22.7
746762,2020,0.013
746762,1090,10.7
746762,2016,0.192
746762,1277,0.008
746762,1264,0.144
746762,1303,0.012
746762,2026,0.001
746762,1004,5.32
746762,1315,1.67
746762,1404,0.008
746762,2018,0.008
746762,1271,0.034
746762,2025,0.001
746762,1329,0.256
746762,1178,1.98
746762,2024,0.008
746762,1101,0.003
746762,1098,0.075
746762,1062,606.0
746762,2047,139.0
746762,2048,145.0
746763,1098,0.078
746763,2025,0.0
746763,1008,219.0
746763,1301,0.004
746763,1406,0.018
746763,1404,0.021
746763,1051,60.3
746763,1293,0.514
746763,1095,4.69
746763,1303,0.031
746763,1089,3.53
746763,1003,27.3
746763,1166,0.27
746763,2026,0.002
746763,1306,0.06
746763,1315,4.15
746763,1101,0.003
746763,1266,1.52
746763,1278,0.002
746763,1299,0.049
746763,1093,67.0
746763,1265,2.66
746763,1329,0.533
746763,2023,0.002
746763,1300,0.125
746763,1271,0.051
746763,1007,1.02
746763,1091,211.0
746763,1280,0.013
746763,2018,0.021
746763,1316,0.367
746763,1262,0.011
746763,1092,283.0
746763,1267,0.006
746763,1085,10.5
746763,2010,0.089
746763,2016,0.407
746763,1264,0.304
746763,1005,0.0
746763,1062,918.0
746763,1175,0.753
746763,1272,0.0
746763,1311,0.04
746763,1087,19.0
746763,1323,0.089
746763,2009,0.066
746763,1253,80.0
746763,1178,1.88
746763,2020,0.018
746763,1330,0.06
746763,2012,0.021
746763,1263,0.01
746763,2022,0.051
746763,1277,0.021
746763,1304,0.502
746763,1292,4.67
746763,1004,11.4
746763,1258,4.68
746763,1090,20.0
746763,1314,0.347
746763,1257,0.594
746763,1103,29.7
746763,1167,6.37
746763,2024,0.013
746763,1313,0.002
746763,2047,212.0
746763,2048,219.0
746764,2009,0.0
746764,1314,0.0
746764,2012,0.0
746764,2025,0.0
746764,2023,0.0
746764,1317,0.0
746764,2018,0.0
746764,1050,7.79
746764,1315,0.0
746764,2022,0.0
746764,2016,0.163
746764,2024,0.0
746764,1266,0.0
746764,1299,0.0
746764,1224,0.196
746764,1261,0.0
746764,1127,0.0
746764,1062,153.0
746764,1292,0.0
746764,1014,0.0
746764,1092,210.0
746764,1270,0.0
746764,1300,0.0
746764,1264,0.0
746764,1131,0.0
746764,1082,1.4
746764,1167,0.465
746764,1216,0.048
746764,1130,0.0
746764,1175,0.088
746764,1268,0.0
746764,1279,0.0
746764,1222,0.075
746764,1084,1.9
746764,1213,0.066
746764,1214,0.075
746764,1009,0.38
746764,1129,0.0
746764,1278,0.0
746764,1011,0.84
746764,1226,0.034
746764,1293,0.163
746764,1260,0.0
746764,1165,0.039
746764,1184,0.0
746764,1002,0.13
746764,1063,4.2
746764,1007,0.72
746764,1170,0.196
746764,1227,0.033
746764,1262,0.0
746764,1277,0.0
746764,1128,0.0
746764,1271,0.0
746764,1269,0.163
746764,1126,0.01
746764,1012,1.05
746764,1265,0.0
746764,1219,0.047
746764,1079,3.2
746764,1085,0.33
746764,1220,0.06
746764,1258,0.0
746764,1095,0.28
746764,1217,0.042
746764,1212,0.052
746764,1177,7.0
746764,1263,0.0
746764,1301,0.0
746764,1004,0.47
746764,1259,0.0
746764,1087,33.0
746764,1162,2.2
746764,1093,66.0
746764,1223,0.112
746764,1218,0.031
746764,1051,90.1
746764,1101,0.143
746764,1215,0.015
746764,1125,0.01
746764,1272,0.0
746764,1010,2.31
746764,1273,0.0
746764,1075,0.0
746764,1091,31.0
746764,1090,10.8
746764,1267,0.0
746764,1211,0.127
746764,1166,0.047
746764,1008,37.0
746764,1280,0.0
746764,1005,7.92
746764,1003,0.81
746764,1221,0.03
746764,1276,0.0
746764,1013,0.0
746764,1210,0.007
746764,1109,0.69
746764,1089,0.43
746764,1098,0.08
746764,1225,0.031
746764,1185,15.0
746764,2047,39.0
746764,2048,37.0
746765,1103,22.4
746765,1002,3.84
746765,1005,2.07
746765,1178,1.7
746765,1166,0.23
746765,1278,0.009
746765,2009,0.167
746765,1215,0.535
746765,1264,2.18
746765,1224,5.32
746765,1131,0.03
746765,2020,0.03
746765,1126,0.04
746765,1334,0.002
746765,1317,0.002
746765,1112,1.83
746765,1271,0.037
746765,1013,0.12
746765,1091,475.0
746765,1253,78.0
746765,1092,116.0
746765,1216,0.15
746765,1108,0.0
746765,1089,0.18
746765,1130,0.1
746765,1293,1.06
746765,1170,0.398
746765,1199,4.3
746765,1175,0.091
746765,1311,0.134
746765,1267,0.038
746765,1406,0.028
746765,1305,0.0
746765,1194,1.2
746765,1125,0.0
746765,2010,0.046
746765,1093,1810.0
746765,1329,0.71
746765,1260,0.399
746765,1303,0.075
746765,1004,24.3
746765,1075,0.3
746765,1212,1.16
746765,1280,0.017
746765,1012,0.0
746765,1223,1.82
746765,1003,24.5
746765,1315,5.11
746765,1098,0.027
746765,1292,5.7
746765,1095,3.28
746765,1107,33.0
746765,1272,0.002
746765,1198,0.4
746765,2025,0.002
746765,1227,1.37
746765,1312,0.003
746765,1301,0.009
746765,1110,73.3
746765,1063,0.43
746765,1011,0.0
746765,1266,2.59
746765,1299,0.228
746765,1123,4.0
746765,1304,0.635
746765,1226,2.38
746765,1300,0.143
746765,1010,0.0
746765,1261,0.253
746765,1273,0.013
746765,1213,2.29
746765,1120,2.0
746765,2026,0.007
746765,1165,0.038
746765,1277,0.042
746765,1196,0.6
746765,2022,0.037
746765,1222,0.75
746765,1087,661.0
746765,1062,1360.0
746765,1221,0.675
746765,1306,0.167
746765,1195,8.5
746765,1180,18.4
746765,1333,0.002
746765,1220,0.91
746765,1051,42.2
746765,2024,0.017
746765,2012,0.042
746765,1167,0.083
746765,1218,1.27
746765,1263,0.662
746765,1185,1.6
746765,1122,0.0
746765,1258,13.7
746765,1404,0.11
746765,1214,1.96
746765,1313,0.007
746765,1211,0.95
746765,1197,3.7
746765,1105,223.0
746765,1210,0.31
746765,1411,0.009
746765,2023,0.009
746765,1183,5.9
746765,1217,1.17
746765,1101,0.018
746765,1127,0.0
746765,1276,0.006
746765,1257,0.877
746765,1330,0.167
746765,2016,0.839
746765,2018,0.119
746765,1219,1.48
746765,1335,0.013
746765,1316,0.705
746765,1262,0.585
746765,1129,0.01
746765,1225,0.435
746765,1090,26.7
746765,1114,1.83
746765,1014,0.0
746765,1323,0.046
746765,1265,6.09
746765,1109,0.49
746765,1128,0.06
746765,1405,0.002
746765,1007,6.93
746765,1008,326.0
746765,1314,0.336
746765,1259,0.507
746765,1085,21.4
746765,1321,0.009
746765,1106,226.0
746765,2047,325.0
746765,2048,326.0
746766,1335,0.0
746766,2022,0.015
746766,1265,3.36
746766,1098,0.0
746766,1131,0.0
746766,1316,0.259
746766,2024,0.007
746766,1404,0.042
746766,1004,11.0
746766,1259,0.251
746766,1218,0.25
746766,1303,0.032
746766,1087,224.0
746766,1212,0.365
746766,1330,0.068
746766,1127,0.0
746766,1095,0.56
746766,1128,0.0
746766,1175,0.099
746766,1406,0.012
746766,1008,157.0
746766,1092,230.0
746766,1299,0.116
746766,1263,0.36
746766,1223,0.735
746766,1306,0.068
746766,1414,0.0
746766,1228,0.0
746766,1314,0.184
746766,1226,0.565
746766,1184,0.0
746766,1051,72.9
746766,1005,6.86
746766,1089,0.1
746766,1329,0.283
746766,1091,162.0
746766,1217,0.27
746766,1321,0.0
746766,1185,0.6
746766,2026,0.001
746766,1003,7.81
746766,1093,105.0
746766,1304,0.251
746766,1312,0.0
746766,1126,0.0
746766,2025,0.0
746766,1227,0.365
746766,1090,19.7
746766,1301,0.004
746766,1165,0.043
746766,1258,6.97
746766,1300,0.067
746766,1211,0.395
746766,1105,127.0
746766,1170,0.673
746766,1272,0.0
746766,1260,0.199
746766,1220,0.21
746766,1183,3.1
746766,2019,0.001
746766,1103,5.5
746766,1210,0.115
746766,1224,1.3
746766,2012,0.02
746766,1257,0.351
746766,1225,0.135
746766,1215,0.17
746766,1213,0.785
746766,1313,0.001
746766,1278,0.005
746766,1178,0.78
746766,1221,0.175
746766,1276,0.001
746766,1130,0.0
746766,1129,0.0
746766,1264,1.15
746766,1232,0.18
746766,2010,0.021
746766,1292,2.56
746766,2016,0.308
746766,1085,10.3
746766,2023,0.005
746766,1062,657.0
746766,1266,1.02
746766,1280,0.007
746766,1002,1.22
746766,1273,0.006
746766,1334,0.0
746766,1305,0.0
746766,1262,0.306
746766,2014,0.002
746766,1331,0.001
746766,1253,48.0
746766,1317,0.002
746766,1219,0.325
746766,1271,0.015
746766,1167,0.168
746766,1315,2.22
746766,1106,127.0
746766,2020,0.012
746766,1177,4.0
746766,2018,0.042
746766,1101,0.0
746766,1166,0.327
746766,1333,0.0
746766,1109,0.27
746766,1007,1.36
746766,1323,0.021
746766,1222,0.325
746766,1214,0.655
746766,1267,0.014
746766,1125,0.0
746766,1411,0.003
746766,2009,0.117
746766,1293,0.389
746766,1311,0.049
746766,1261,0.125
746766,1405,0.0
746766,2047,158.0
746766,2048,157.0
746767,1258,18.2
746767,1266,3.18
746767,1011,0.0
746767,2026,0.007
746767,1131,0.0
746767,1095,4.37
746767,1178,3.02
746767,1075,0.0
746767,1262,0.766
746767,1409,0.002
746767,1264,2.92
746767,1105,287.0
746767,1085,27.6
746767,1195,0.1
746767,1278,0.009
746767,1273,0.014
746767,1414,0.0
746767,1334,0.002
746767,2025,0.0
746767,2020,0.035
746767,1123,8.0
746767,1014,0.0
746767,1185,1.4
746767,1090,33.4
746767,1098,0.047
746767,1292,7.26
746767,1313,0.007
746767,1120,2.0
746767,1106,292.0
746767,1333,0.0
746767,1180,13.8
746767,1300,0.189
746767,1007,2.97
746767,1271,0.046
746767,1107,60.0
746767,1183,6.3
746767,1109,0.6
746767,1317,0.002
746767,1003,27.0
746767,1303,0.102
746767,1329,0.802
746767,1315,6.37
746767,1175,0.07
746767,1010,0.0
746767,1002,4.23
746767,1177,9.0
746767,1260,0.541
746767,1089,0.13
746767,1277,0.06
746767,1321,0.002
746767,1199,4.4
746767,2018,0.127
746767,1165,0.011
746767,1111,0.0
746767,1114,0.0
746767,1184,0.0
746767,2024,0.018
746767,1198,0.1
746767,1166,0.303
746767,1265,8.34
746767,1406,0.032
746767,1311,0.163
746767,1112,0.0
746767,2016,0.894
746767,1127,0.0
746767,2009,0.299
746767,1125,0.02
746767,1012,0.0
746767,1004,31.0
746767,1276,0.001
746767,1257,0.993
746767,1261,0.326
746767,1013,0.0
746767,1404,0.125
746767,1304,0.7
746767,1316,0.731
746767,1323,0.063
746767,1051,37.6
746767,1122,1.0
746767,1087,890.0
746767,1330,0.191
746767,1411,0.007
746767,1092,71.0
746767,2023,0.009
746767,1306,0.191
746767,1301,0.009
746767,1130,0.0
746767,1101,0.027
746767,1197,0.0
746767,1293,1.14
746767,1091,574.0
746767,1253,93.0
746767,1063,0.0
746767,1405,0.002
746767,1167,0.06
746767,2012,0.06
746767,1129,0.0
746767,1267,0.044
746767,2022,0.046
746767,1305,0.0
746767,1128,0.13
746767,1194,3.3
746767,1103,30.1
746767,1108,1.0
746767,1312,0.0
746767,2010,0.063
746767,1314,0.464
746767,1093,185.0
746767,1259,0.679
746767,1008,393.0
746767,1335,0.0
746767,1272,0.0
746767,1263,0.874
746767,1196,6.0
746767,1170,0.352
746767,1299,0.305
746767,1062,1640.0
746767,1280,0.018
746767,1126,0.08
746767,1005,1.44
746767,1110,0.0
746767,2047,393.0
746767,2048,393.0
746768,1004,0.92
746768,1214,0.081
746768,1224,0.271
746768,1007,1.86
746768,1079,9.8
746768,1227,0.119
746768,1127,0.01
746768,1098,0.287
746768,1075,0.13
746768,1212,0.082
746768,1223,0.618
746768,1131,0.0
746768,1217,0.069
746768,1128,0.02
746768,1215,0.031
746768,1185,15.6
746768,1162,1.2
746768,1211,0.078
746768,1175,0.106
746768,1123,32.0
746768,1103,0.6
746768,1010,0.07
746768,1005,63.9
746768,1013,0.0
746768,1091,67.0
746768,1125,0.01
746768,1051,30.0
746768,1219,0.113
746768,1008,249.0
746768,1213,0.116
746768,1092,680.0
746768,1170,0.434
746768,1122,0.0
746768,1063,47.9
746768,1166,0.082
746768,1062,1040.0
746768,1165,0.085
746768,1130,0.0
746768,1129,0.0
746768,1221,0.034
746768,1087,162.0
746768,1126,0.37
746768,1220,0.07
746768,1226,0.556
746768,1108,0.0
746768,1222,0.123
746768,1101,0.51
746768,1225,0.098
746768,1012,22.9
746768,1210,0.019
746768,1106,0.0
746768,1109,0.36
746768,1003,3.3
746768,1082,1.5
746768,1090,67.6
746768,1120,0.0
746768,1050,62.8
746768,1093,10.0
746768,1107,6.0
746768,1167,0.619
746768,1089,2.03
746768,1009,5.07
746768,1095,0.66
746768,1177,9.0
746768,1011,24.8
746768,1216,0.033
746768,1084,8.3
746768,1002,0.53
746768,1014,0.0
746768,1218,0.037
746768,1184,0.0
746768,2047,277.0
746768,2048,249.0
746769,1089,0.95
746769,1084,1.7
746769,1130,0.0
746769,1108,0.0
746769,1002,0.2
746769,1003,1.24
746769,1009,0.0
746769,1013,0.0
746769,1185,102.0
746769,1165,0.079
746769,1188,40.0
746769,1082,0.1
746769,1184,0.0
746769,1079,1.8
746769,1116,0.0
746769,1090,13.7
746769,1166,0.072
746769,1098,0.048
746769,1012,0.8
746769,1101,0.127
746769,1091,30.0
746769,1191,9.0
746769,1127,0.01
746769,1075,0.0
746769,1117,0.0
746769,1122,0.0
746769,1007,0.55
746769,1050,3.0
746769,1131,0.0
746769,1063,1.19
746769,1192,5.0
746769,1106,436.0
746769,1214,0.064
746769,1213,0.076
746769,1217,0.066
746769,1107,5230.0
746769,1219,0.055
746769,1226,0.045
746769,1212,0.045
746769,1223,0.14
746769,1109,0.14
746769,1225,0.049
746769,1010,0.0
746769,1087,35.0
746769,1092,253.0
746769,1051,94.7
746769,1004,0.26
746769,1211,0.044
746769,1103,0.4
746769,1005,3.24
746769,1177,50.0
746769,1167,0.323
746769,1128,0.03
746769,1227,0.05
746769,1218,0.024
746769,1162,4.6
746769,1170,0.145
746769,1175,0.078
746769,1123,2310.0
746769,1224,0.179
746769,1008,17.0
746769,1222,0.056
746769,1126,0.32
746769,1129,0.0
746769,1120,0.0
746769,1125,0.0
746769,1215,0.014
746769,1221,0.021
746769,1011,0.39
746769,1014,0.0
746769,1210,0.011
746769,1062,70.0
746769,1220,0.054
746769,1216,0.006
746769,1095,0.25
746769,2047,20.0
746769,2048,17.0
746770,1003,0.82
746770,1051,90.2
746770,1165,0.049
746770,1213,0.024
746770,1063,7.88
746770,1227,0.034
746770,1013,0.0
746770,1079,0.8
746770,1050,8.69
746770,1122,0.0
746770,1011,2.08
746770,1090,13.0
746770,1092,157.0
746770,1167,0.694
746770,1007,0.63
746770,1218,0.012
746770,1012,2.4
746770,1216,0.002
746770,1162,10.9
746770,1010,3.32
746770,1008,34.0
746770,1185,2.7
746770,1014,0.02
746770,1082,0.3
746770,1091,17.0
746770,1098,0.085
746770,1184,0.0
746770,1123,32.0
746770,1177,14.0
746770,1210,0.002
746770,1214,0.024
746770,1089,0.38
746770,1223,0.113
746770,1093,30.0
746770,1095,0.44
746770,1004,0.18
746770,1170,0.085
746770,1107,2780.0
746770,1106,232.0
746770,1226,0.016
746770,1211,0.014
746770,1084,0.5
746770,1009,0.02
746770,1108,0.0
746770,1217,0.019
746770,1120,0.0
746770,1166,0.027
746770,1062,141.0
746770,1224,0.174
746770,1219,0.027
746770,1215,0.01
746770,1220,0.024
746770,1225,0.021
746770,1212,0.017
746770,1002,0.13
746770,1087,9.0
746770,1103,1.7
746770,1175,0.04
746770,1005,8.16
746770,1101,0.046
746770,1221,0.012
746770,1075,0.06
746770,1222,0.077
746770,2047,38.0
746770,2048,34.0
746771,1222,0.028
746771,1216,0.009
746771,1098,0.064
746771,1050,10.6
746771,1217,0.051
746771,1219,0.022
746771,1089,0.33
746771,1177,25.0
746771,1211,0.016
746771,1005,11.8
746771,1227,0.032
746771,1010,4.19
746771,1223,0.12
746771,1095,0.11
746771,1090,10.7
746771,1014,0.0
746771,1101,0.029
746771,1063,8.57
746771,1087,43.0
746771,1166,0.051
746771,1091,23.0
746771,1185,0.0
746771,1012,2.36
746771,1225,0.02
746771,1062,196.0
746771,1103,0.0
746771,1007,0.43
746771,1224,0.242
746771,1075,0.0
746771,1003,0.91
746771,1175,0.079
746771,1002,0.14
746771,1079,2.0
746771,1212,0.014
746771,1210,0.008
746771,1008,47.0
746771,1004,0.15
746771,1221,0.011
746771,1226,0.153
746771,1009,0.0
746771,1051,86.7
746771,1215,0.007
746771,1220,0.099
746771,1082,0.2
746771,1184,0.0
746771,1167,0.425
746771,1213,0.025
746771,1218,0.011
746771,1011,2.02
746771,1093,9.0
746771,1084,1.8
746771,1092,166.0
746771,1162,59.1
746771,1013,0.0
746771,1214,0.032
746771,1165,0.068
746771,1170,0.261
746771,2047,52.0
746771,2048,47.0
746772,2023,0.0
746772,1253,5.0
746772,1334,0.0
746772,1130,0.0
746772,1170,0.368
746772,1411,0.0
746772,1218,0.167
746772,1267,0.001
746772,1211,0.158
746772,1087,126.0
746772,2012,0.001
746772,1223,0.286
746772,1180,17.4
746772,1120,0.0
746772,1226,0.349
746772,1119,0.0
746772,1131,0.0
746772,1085,0.85
746772,1121,0.0
746772,1126,0.0
746772,1314,0.012
746772,1008,43.0
746772,1293,0.032
746772,1013,4.96
746772,1100,36.2
746772,1112,1.06
746772,1178,0.61
746772,1010,0.0
746772,1167,0.113
746772,1092,159.0
746772,1159,0.0
746772,2005,0.0
746772,1091,103.0
746772,1196,1.8
746772,2019,0.0
746772,2013,0.0
746772,1273,0.0
746772,1323,0.002
746772,1215,0.092
746772,1214,0.308
746772,2032,0.0
746772,1312,0.0
746772,1161,0.0
746772,1301,0.0
746772,2021,0.0
746772,1306,0.004
746772,2024,0.0
746772,1227,0.194
746772,1276,0.0
746772,1129,0.0
746772,1095,0.43
746772,1003,3.38
746772,1101,0.0
746772,1317,0.0
746772,1265,0.265
746772,1272,0.0
746772,1093,39.0
746772,1329,0.031
746772,1012,0.0
746772,1311,0.004
746772,1321,0.0
746772,2003,0.0
746772,1278,0.0
746772,1263,0.026
746772,1110,42.4
746772,1261,0.011
746772,1331,0.0
746772,1075,0.0
746772,1063,4.96
746772,1225,0.069
746772,1232,0.036
746772,1333,0.0
746772,1106,58.0
746772,1304,0.027
746772,1177,2.0
746772,1224,0.809
746772,1259,0.022
746772,1257,0.036
746772,1194,3.0
746772,2014,0.0
746772,1122,0.0
746772,1220,0.128
746772,1011,0.0
746772,1098,0.001
746772,2008,0.0
746772,1266,0.096
746772,1175,0.06
746772,1258,0.568
746772,1219,0.21
746772,1280,0.0
746772,1264,0.093
746772,1089,0.0
746772,2004,0.0
746772,2010,0.002
746772,1166,0.14
746772,1127,0.0
746772,2025,0.0
746772,1221,0.099
746772,1213,0.342
746772,1300,0.006
746772,1330,0.004
746772,2029,0.0
746772,1299,0.01
746772,1007,0.8
746772,2028,1.0
746772,1125,0.0
746772,2022,0.001
746772,1305,0.0
746772,1217,0.168
746772,1222,0.111
746772,1228,0.0
746772,1005,5.18
746772,1165,0.057
746772,1107,1.0
746772,1414,0.0
746772,1014,0.0
746772,1108,0.0
746772,1271,0.001
746772,1128,0.0
746772,2016,0.029
746772,1197,10.9
746772,1406,0.001
746772,1111,0.0
746772,1210,0.045
746772,1051,89.7
746772,1113,0.0
746772,2006,0.0
746772,2026,0.0
746772,1212,0.174
746772,1105,58.0
746772,2007,0.0
746772,1335,0.0
746772,1103,2.1
746772,1303,0.002
746772,1281,0.001
746772,1315,0.187
746772,1002,0.53
746772,1160,0.0
746772,1195,0.9
746772,1062,179.0
746772,1109,0.02
746772,1313,0.0
746772,1114,1.06
746772,1199,0.8
746772,2015,0.0
746772,1262,0.023
746772,2009,0.007
746772,2020,0.001
746772,1090,12.0
746772,1198,0.9
746772,1004,0.95
746772,1316,0.026
746772,1260,0.015
746772,2018,0.004
746772,1404,0.004
746772,1292,0.21
746772,1405,0.0
746772,2047,43.0
746772,2048,43.0
746773,1162,4.4
746773,1123,48.0
746773,1012,6.76
746773,1213,0.023
746773,1184,0.0
746773,1210,0.002
746773,1226,0.017
746773,1106,1.0
746773,1075,0.0
746773,1011,2.5
746773,1087,8.0
746773,1224,0.036
746773,1062,238.0
746773,1222,0.016
746773,1223,0.104
746773,1214,0.021
746773,1215,0.002
746773,1212,0.014
746773,1107,8.0
746773,1185,3.8
746773,1013,0.0
746773,1014,0.0
746773,1098,0.07
746773,1225,0.015
746773,1010,0.43
746773,1091,10.0
746773,1120,3.0
746773,1089,0.17
746773,1079,3.1
746773,1095,0.07
746773,1092,87.0
746773,1093,7.0
746773,1084,2.8
746773,1220,0.012
746773,1227,0.016
746773,1211,0.013
746773,1082,0.3
746773,1170,0.042
746773,1003,0.38
746773,1122,0.0
746773,1218,0.002
746773,1004,0.16
746773,1175,0.026
746773,1101,0.032
746773,1221,0.002
746773,1217,0.013
746773,1177,6.0
746773,1219,0.019
746773,1002,0.06
746773,1008,57.0
746773,1090,5.7
746773,1063,9.69
746773,1165,0.012
746773,1007,0.3
746773,1167,0.164
746773,1051,84.1
746773,1216,0.002
746773,1005,15.1
746773,1166,0.026
746773,1108,0.0
746773,1103,0.2
746773,2047,63.0
746773,2048,57.0
746774,1085,13.3
746774,2024,0.003
746774,2025,0.002
746774,2026,0.013
746774,1013,0.0
746774,1199,4.6
746774,1315,3.32
746774,1280,0.003
746774,1264,0.042
746774,1195,0.8
746774,1227,0.38
746774,1317,0.004
746774,1103,9.7
746774,1130,0.01
746774,1050,23.0
746774,1185,27.8
746774,1222,0.473
746774,1253,24.0
746774,1219,0.41
746774,1131,0.0
746774,1092,152.0
746774,1271,0.025
746774,1262,0.005
746774,2012,0.072
746774,1170,0.443
746774,1303,0.001
746774,1108,139.0
746774,1257,0.087
746774,1292,3.49
746774,1091,133.0
746774,1063,10.3
746774,1178,0.19
746774,1215,0.207
746774,1329,0.034
746774,1226,0.447
746774,1266,0.719
746774,1009,11.7
746774,2020,0.006
746774,1304,0.03
746774,2023,0.004
746774,1333,0.0
746774,1313,0.013
746774,1278,0.004
746774,1167,2.11
746774,1162,2.3
746774,1008,260.0
746774,1014,0.0
746774,1335,0.0
746774,1098,0.06
746774,1221,0.287
746774,1106,29.0
746774,1293,7.05
746774,1272,0.002
746774,1259,0.003
746774,1276,0.0
746774,1002,1.42
746774,1120,0.0
746774,1261,0.006
746774,1165,0.235
746774,1323,0.015
746774,1277,0.072
746774,1105,2.0
746774,1089,3.07
746774,1090,13.0
746774,1273,0.035
746774,2016,6.21
746774,1306,0.052
746774,1258,2.68
746774,1198,7.4
746774,1005,25.5
746774,1265,1.79
746774,1300,0.018
746774,1011,3.01
746774,2010,0.015
746774,1225,0.4
746774,1214,0.663
746774,1101,0.173
746774,1217,0.343
746774,1263,0.003
746774,1128,0.0
746774,1166,0.103
746774,1095,1.07
746774,1312,0.003
746774,1087,46.0
746774,1075,0.0
746774,1218,0.253
746774,1314,0.074
746774,1301,0.012
746774,1330,0.052
746774,2018,0.786
746774,1411,0.005
746774,1212,0.377
746774,1223,0.767
746774,2022,0.025
746774,1109,0.89
746774,1216,0.11
746774,1129,0.0
746774,1305,0.003
746774,1406,0.004
746774,1079,1.0
746774,1125,0.06
746774,1127,1.28
746774,1003,8.88
746774,1267,0.039
746774,1299,0.004
746774,1210,0.102
746774,1093,304.0
746774,1126,3.27
746774,1197,7.3
746774,1194,3.5
746774,1123,22.0
746774,1175,0.17
746774,1012,2.85
746774,1213,0.707
746774,1405,0.002
746774,1224,1.87
746774,1051,50.8
746774,1062,1090.0
746774,1316,6.2
746774,1404,0.785
746774,1220,0.54
746774,1311,0.014
746774,1122,199.0
746774,1183,2.0
746774,1180,32.4
746774,1211,0.373
746774,1321,0.001
746774,2009,0.002
746774,1196,16.2
746774,1004,13.6
746774,1107,259.0
746774,1007,1.25
746774,1010,4.47
746774,1260,0.0
746774,1334,0.0
746774,2047,260.0
746775,1101,0.032
746775,1095,0.0
746775,1092,2.0
746775,1091,0.0
746775,1090,0.0
746775,1100,5080.0
746775,1007,99.0
746775,1098,0.0
746775,1093,38700.0
746775,1087,50.0
746775,1089,0.0
746775,1051,0.42
746775,2047,0.0
746776,1314,0.001
746776,1281,0.0
746776,1215,0.093
746776,1129,0.0
746776,1098,0.002
746776,1113,0.0
746776,1334,0.0
746776,1011,0.0
746776,1299,0.001
746776,1335,0.0
746776,1087,132.0
746776,1092,167.0
746776,1227,0.202
746776,1214,0.302
746776,2028,1.0
746776,1014,0.0
746776,1005,4.92
746776,2026,0.0
746776,1258,0.049
746776,1002,0.54
746776,2006,0.0
746776,1008,34.0
746776,1051,90.8
746776,1224,0.832
746776,1107,2.0
746776,1404,0.0
746776,1232,0.038
746776,1063,5.05
746776,1062,144.0
746776,1257,0.0
746776,1266,0.009
746776,2020,0.0
746776,2018,0.0
746776,2023,0.0
746776,1253,3.0
746776,1315,0.017
746776,1276,0.0
746776,2019,0.0
746776,1195,0.8
746776,1127,0.0
746776,1414,0.0
746776,1108,0.0
746776,2029,0.0
746776,1106,64.0
746776,1130,0.0
746776,2013,0.0
746776,1225,0.071
746776,1110,44.0
746776,1091,107.0
746776,1159,1.0
746776,1306,0.0
746776,2003,0.0
746776,1210,0.048
746776,1013,5.05
746776,1198,0.9
746776,1194,3.1
746776,1313,0.0
746776,1312,0.0
746776,2032,0.0
746776,2012,0.0
746776,1003,3.43
746776,1271,0.0
746776,1273,0.0
746776,1004,0.08
746776,1178,0.58
746776,1333,0.0
746776,1331,0.0
746776,1105,64.0
746776,1128,0.0
746776,1109,0.0
746776,1222,0.118
746776,1305,0.0
746776,1111,0.0
746776,1131,0.0
746776,1311,0.0
746776,1093,41.0
746776,1221,0.101
746776,1218,0.168
746776,1226,0.348
746776,1199,0.9
746776,1267,0.0
746776,1219,0.222
746776,1010,0.0
746776,1211,0.166
746776,1175,0.058
746776,2016,0.005
746776,1278,0.0
746776,1100,35.7
746776,1119,0.0
746776,1101,0.001
746776,1272,0.0
746776,1321,0.0
746776,1280,0.0
746776,1085,0.07
746776,1293,0.006
746776,1411,0.0
746776,2004,0.0
746776,1329,0.001
746776,1220,0.131
746776,1304,0.001
746776,1095,0.45
746776,2022,0.0
746776,1112,1.1
746776,1170,0.388
746776,1122,0.0
746776,1260,0.001
746776,1160,0.0
746776,1264,0.008
746776,2014,0.0
746776,1301,0.0
746776,1330,0.0
746776,2009,0.0
746776,1126,0.0
746776,1265,0.021
746776,1316,0.005
746776,1228,0.0
746776,1406,0.0
746776,1263,0.002
746776,1180,18.2
746776,1261,0.001
746776,1120,0.0
746776,2008,0.0
746776,2021,0.0
746776,1292,0.017
746776,1212,0.182
746776,1405,0.0
746776,1007,0.77
746776,1125,0.0
746776,1090,12.5
746776,1089,0.0
746776,2015,0.0
746776,1259,0.003
746776,2010,0.0
746776,1223,0.299
746776,2005,0.0
746776,1303,0.0
746776,2025,0.0
746776,1177,2.0
746776,1300,0.001
746776,1165,0.056
746776,1323,0.0
746776,1161,0.0
746776,1262,0.002
746776,1075,0.0
746776,1317,0.0
746776,1167,0.118
746776,2024,0.0
746776,1103,2.0
746776,1197,11.5
746776,2007,0.0
746776,1213,0.347
746776,1012,0.0
746776,1166,0.131
746776,1121,1.0
746776,1196,2.0
746776,1217,0.168
746776,1114,1.1
746776,2047,34.0
746776,2048,34.0
746777,1005,6.74
746777,1120,0.0
746777,1007,2.3
746777,1009,0.0
746777,1131,0.01
746777,1003,1.44
746777,1013,0.0
746777,1101,0.11
746777,1109,1.22
746777,1108,0.0
746777,1167,1.12
746777,1095,0.2
746777,1122,6310.0
746777,1012,1.98
746777,1004,0.19
746777,1063,3.81
746777,1185,4.2
746777,1106,24.0
746777,1090,15.2
746777,1107,288.0
746777,1170,0.202
746777,1092,258.0
746777,1062,122.0
746777,1011,1.63
746777,1087,28.0
746777,1089,0.42
746777,1079,1.8
746777,1075,0.0
746777,1128,0.0
746777,1050,5.66
746777,1123,211.0
746777,1008,29.0
746777,1002,0.23
746777,1014,0.0
746777,1127,0.0
746777,1175,0.176
746777,1093,656.0
746777,1125,0.03
746777,1051,89.3
746777,1126,0.14
746777,1129,0.43
746777,1091,32.0
746777,1130,0.0
746777,1010,0.2
746777,1165,0.035
746777,1098,0.065
746777,2047,34.0
746777,2048,29.0
746778,2005,0.0
746778,2028,2.0
746778,2006,0.0
746778,2026,0.0
746778,1218,0.165
746778,1292,0.4
746778,1281,0.003
746778,1305,0.0
746778,1004,1.9
746778,1293,0.058
746778,2014,0.0
746778,1227,0.197
746778,1111,0.0
746778,2013,0.0
746778,1333,0.0
746778,1105,83.0
746778,1221,0.099
746778,1330,0.009
746778,2003,0.0
746778,1265,0.512
746778,2009,0.014
746778,1107,3.0
746778,1317,0.0
746778,1321,0.0
746778,1264,0.181
746778,1303,0.005
746778,1224,0.801
746778,1121,0.0
746778,1161,0.0
746778,1100,39.6
746778,1160,0.0
746778,1113,0.0
746778,1195,1.1
746778,1197,11.0
746778,1411,0.0
746778,1130,0.0
746778,1087,126.0
746778,1010,0.0
746778,1014,0.0
746778,1002,0.53
746778,1262,0.049
746778,1062,209.0
746778,1091,103.0
746778,2032,0.0
746778,1260,0.032
746778,1276,0.0
746778,1316,0.045
746778,1405,0.0
746778,1313,0.0
746778,1278,0.0
746778,1175,0.061
746778,2029,0.0
746778,1012,0.0
746778,1267,0.002
746778,1112,1.13
746778,1304,0.052
746778,1159,1.0
746778,1194,3.1
746778,1114,1.13
746778,1406,0.002
746778,2015,0.0
746778,1404,0.007
746778,1106,83.0
746778,1315,0.358
746778,1129,0.0
746778,2022,0.003
746778,2010,0.003
746778,1272,0.0
746778,1013,4.89
746778,1196,1.9
746778,1007,0.75
746778,1119,0.0
746778,1210,0.042
746778,1166,0.137
746778,2024,0.001
746778,2025,0.0
746778,1335,0.0
746778,1085,1.64
746778,1263,0.058
746778,1098,0.001
746778,2012,0.002
746778,1271,0.003
746778,1101,0.001
746778,1301,0.0
746778,1075,0.0
746778,1177,2.0
746778,1253,8.0
746778,1199,1.2
746778,1223,0.291
746778,1228,0.0
746778,1261,0.021
746778,1329,0.06
746778,1225,0.068
746778,1128,0.0
746778,1314,0.024
746778,1257,0.07
746778,1093,39.0
746778,1212,0.173
746778,1222,0.113
746778,1266,0.184
746778,1103,1.8
746778,1213,0.335
746778,1126,0.0
746778,2019,0.0
746778,1300,0.011
746778,1323,0.003
746778,1178,0.55
746778,1003,3.36
746778,1414,0.0
746778,1063,4.89
746778,1232,0.035
746778,1109,0.03
746778,1258,1.11
746778,1167,0.112
746778,2008,0.001
746778,1180,18.2
746778,1219,0.213
746778,1110,45.2
746778,1122,0.0
746778,1220,0.125
746778,1108,0.0
746778,1226,0.332
746778,1092,159.0
746778,1089,0.0
746778,1198,0.7
746778,2020,0.002
746778,1005,4.9
746778,1170,0.39
746778,2007,0.0
746778,1312,0.0
746778,1131,0.0
746778,1011,0.0
746778,2004,0.0
746778,1008,50.0
746778,1051,89.1
746778,1211,0.162
746778,2018,0.007
746778,1311,0.007
746778,1127,0.0
746778,1217,0.163
746778,1125,0.0
746778,1259,0.041
746778,2016,0.052
746778,1280,0.001
746778,2023,0.0
746778,1299,0.019
746778,1273,0.001
746778,1095,0.43
746778,1331,0.0
746778,1120,0.0
746778,1306,0.009
746778,1334,0.0
746778,2021,0.0
746778,1215,0.089
746778,1214,0.293
746778,1165,0.059
746778,1090,12.0
746778,2047,50.0
746778,2048,50.0
746779,2024,0.009
746779,2023,0.0
746779,1085,27.1
746779,2025,0.002
746779,2026,0.033
746779,1109,0.33
746779,1162,19.2
746779,1259,0.004
746779,1210,0.12
746779,1178,1.13
746779,2012,0.112
746779,2019,0.002
746779,1264,0.784
746779,1166,0.132
746779,1051,51.7
746779,1222,0.77
746779,1312,0.002
746779,1331,0.002
746779,1305,0.0
746779,2010,0.202
746779,1003,13.3
746779,1316,1.57
746779,1227,0.55
746779,1218,0.39
746779,1311,0.128
746779,1093,866.0
746779,2009,0.253
746779,1293,1.91
746779,1299,0.105
746779,1334,0.0
746779,1404,0.092
746779,1129,0.0
746779,1196,0.4
746779,1175,0.15
746779,1212,0.46
746779,1260,0.0
746779,1098,0.075
746779,1313,0.033
746779,1253,61.0
746779,1075,0.0
746779,1321,0.002
746779,1278,0.0
746779,1125,0.0
746779,1130,0.0
746779,1195,27.7
746779,1271,0.046
746779,1217,0.6
746779,1224,1.89
746779,1013,0.0
746779,1198,2.8
746779,1126,0.14
746779,1267,0.027
746779,1261,0.0
746779,1226,0.84
746779,1405,0.004
746779,1089,1.55
746779,1063,1.0
746779,1105,18.0
746779,1012,0.0
746779,1300,0.256
746779,1257,1.18
746779,1258,11.3
746779,1101,0.174
746779,1292,12.7
746779,1303,0.062
746779,1199,6.0
746779,1220,0.83
746779,1087,35.0
746779,1106,18.0
746779,2016,1.7
746779,1333,0.0
746779,2020,0.031
746779,1214,0.95
746779,1225,0.94
746779,1301,0.003
746779,1219,0.53
746779,1276,0.001
746779,1014,0.0
746779,1002,2.13
746779,1128,0.0
746779,1008,328.0
746779,1170,0.322
746779,1213,0.93
746779,1211,0.5
746779,1095,2.14
746779,1272,0.002
746779,1228,0.29
746779,1314,1.1
746779,1127,0.0
746779,1406,0.028
746779,1414,0.0
746779,1263,0.018
746779,1329,1.08
746779,1273,0.004
746779,1304,1.02
746779,1317,0.016
746779,1090,19.7
746779,1223,1.19
746779,1194,2.3
746779,1280,0.009
746779,1180,38.3
746779,1266,3.47
746779,1315,11.0
746779,1221,0.35
746779,1197,1.9
746779,1005,3.37
746779,1232,0.17
746779,1010,0.0
746779,1215,0.26
746779,1091,124.0
746779,1011,1.0
746779,1004,28.7
746779,2014,0.016
746779,1103,11.6
746779,1265,6.66
746779,1411,0.015
746779,1167,2.43
746779,1131,0.0
746779,1092,263.0
746779,1306,0.093
746779,1262,0.002
746779,1165,0.054
746779,1323,0.202
746779,1330,0.093
746779,2018,0.094
746779,1062,1370.0
746779,2022,0.046
746779,1335,0.0
746779,1007,2.97
746779,2047,341.0
746779,2048,346.0
746780,1090,18.6
746780,1087,12.0
746780,2014,0.009
746780,1317,0.009
746780,2009,0.005
746780,1178,1.06
746780,2018,0.18
746780,1273,0.01
746780,1005,2.15
746780,1260,0.0
746780,1175,0.343
746780,2024,0.024
746780,1177,0.0
746780,1304,0.073
746780,1089,1.29
746780,1106,22.0
746780,1199,7.6
746780,1280,0.024
746780,1311,0.029
746780,1109,0.8
746780,1257,0.1
746780,1007,2.63
746780,1127,0.0
746780,1185,0.0
746780,1315,10.7
746780,1130,0.0
746780,1014,0.0
746780,1293,4.96
746780,1258,9.15
746780,1266,2.9
746780,1321,0.005
746780,1183,18.8
746780,1180,70.4
746780,2010,0.056
746780,1101,0.033
746780,1010,0.0
746780,1075,0.0
746780,1002,2.91
746780,1303,0.007
746780,1272,0.003
746780,1008,322.0
746780,1098,0.074
746780,1334,0.003
746780,1406,0.036
746780,1103,20.2
746780,1330,0.02
746780,1316,4.31
746780,1095,2.41
746780,2020,0.063
746780,2026,0.217
746780,1126,0.15
746780,1300,0.069
746780,1131,0.0
746780,1012,0.0
746780,1051,50.9
746780,1261,0.002
746780,1003,18.2
746780,1292,11.6
746780,1063,1.46
746780,1091,145.0
746780,1194,5.9
746780,1313,0.217
746780,1323,0.056
746780,1092,310.0
746780,1129,0.0
746780,1105,22.0
746780,1195,46.1
746780,1299,0.012
746780,1265,5.71
746780,1333,0.0
746780,1411,0.046
746780,1085,25.8
746780,2025,0.003
746780,1125,0.0
746780,1197,10.5
746780,1253,80.0
746780,2023,0.005
746780,1271,0.125
746780,2012,0.297
746780,1414,0.0
746780,2022,0.125
746780,1196,0.3
746780,1306,0.02
746780,1184,0.0
746780,1004,26.2
746780,1263,0.017
746780,1262,0.016
746780,1259,0.006
746780,1267,0.065
746780,1331,0.0
746780,1093,766.0
746780,1329,0.079
746780,1404,0.175
746780,1276,0.0
746780,1166,0.242
746780,1170,0.783
746780,1312,0.0
746780,2019,0.0
746780,2016,4.34
746780,1011,1.46
746780,1062,1350.0
746780,1305,0.0
746780,1165,0.31
746780,1314,0.576
746780,1301,0.0
746780,1013,0.0
746780,1128,0.0
746780,1335,0.0
746780,1405,0.027
746780,1198,3.9
746780,1264,0.335
746780,1167,5.73
746780,1278,0.005
746780,2047,317.0
746780,2048,322.0
746781,1177,10.0
746781,1085,26.0
746781,1293,4.74
746781,1301,0.002
746781,1323,0.062
746781,1092,435.0
746781,1314,0.569
746781,1180,97.1
746781,1127,2.35
746781,1257,0.115
746781,1087,37.0
746781,1008,346.0
746781,2023,0.003
746781,1185,6.0
746781,1183,16.8
746781,1414,0.0
746781,1090,30.1
746781,1253,107.0
746781,1095,2.19
746781,1313,0.182
746781,1261,0.003
746781,1292,11.7
746781,1101,0.188
746781,1276,0.0
746781,1262,0.02
746781,1165,0.365
746781,1265,5.9
746781,2024,0.02
746781,1170,1.2
746781,1259,0.006
746781,1411,0.031
746781,1004,28.1
746781,1184,0.0
746781,1166,0.42
746781,1321,0.005
746781,1315,10.8
746781,2016,4.16
746781,1303,0.004
746781,1405,0.025
746781,1312,0.0
746781,1089,2.34
746781,2020,0.058
746781,1280,0.02
746781,1316,4.13
746781,1005,2.63
746781,1311,0.029
746781,1195,40.3
746781,1125,0.0
746781,1260,0.0
746781,1128,0.0
746781,1331,0.0
746781,1299,0.012
746781,1131,0.0
746781,1197,2.8
746781,1267,0.055
746781,1266,3.0
746781,1278,0.003
746781,1199,10.9
746781,1105,0.0
746781,1175,0.554
746781,1093,983.0
746781,2010,0.062
746781,1129,0.0
746781,1003,19.3
746781,1196,0.4
746781,1178,1.21
746781,2025,0.005
746781,1330,0.022
746781,1091,207.0
746781,1272,0.005
746781,2026,0.182
746781,1404,0.184
746781,1317,0.006
746781,2022,0.128
746781,2019,0.0
746781,1126,0.0
746781,1271,0.128
746781,1258,9.45
746781,1051,46.3
746781,1335,0.0
746781,1406,0.034
746781,2009,0.006
746781,1106,0.0
746781,1109,1.5
746781,1007,3.66
746781,1062,1450.0
746781,1300,0.072
746781,1098,0.13
746781,1130,0.0
746781,1198,6.1
746781,1304,0.089
746781,2018,0.189
746781,1002,3.09
746781,1264,0.346
746781,1334,0.001
746781,1263,0.022
746781,1194,42.7
746781,1305,0.0
746781,1167,7.06
746781,1273,0.011
746781,1333,0.0
746781,2012,0.247
746781,2014,0.006
746781,1329,0.093
746781,1306,0.022
746781,1103,25.9
746782,2013,0.0
746782,1312,0.0
746782,1002,0.51
746782,1120,0.0
746782,1007,0.8
746782,1267,0.004
746782,1266,0.309
746782,1265,0.857
746782,2015,0.0
746782,2021,0.0
746782,1093,38.0
746782,1130,0.0
746782,1180,17.8
746782,1329,0.095
746782,1062,251.0
746782,1129,0.0
746782,2024,0.002
746782,1314,0.039
746782,1127,0.0
746782,1300,0.018
746782,1257,0.112
746782,1226,0.333
746782,1125,0.0
746782,1090,11.9
746782,1218,0.162
746782,1214,0.298
746782,2018,0.013
746782,1198,0.7
746782,1091,101.0
746782,1305,0.0
746782,1333,0.0
746782,1223,0.279
746782,2008,0.001
746782,1210,0.043
746782,2028,5.0
746782,2009,0.024
746782,1280,0.002
746782,1411,0.001
746782,2006,0.0
746782,1315,0.612
746782,1224,0.788
746782,2032,0.0
746782,1167,0.105
746782,1293,0.108
746782,2005,0.0
746782,1211,0.154
746782,1404,0.012
746782,1259,0.067
746782,1013,4.81
746782,1271,0.004
746782,1292,0.688
746782,1105,31.0
746782,2026,0.001
746782,1334,0.0
746782,1092,150.0
746782,1253,12.0
746782,1103,1.9
746782,1119,1.0
746782,1321,0.001
746782,1003,3.27
746782,1087,123.0
746782,1232,0.038
746782,1008,60.0
746782,1323,0.005
746782,1166,0.138
746782,1313,0.001
746782,2007,0.0
746782,1075,0.0
746782,1303,0.008
746782,1165,0.056
746782,1304,0.082
746782,1197,10.3
746782,1331,0.0
746782,1311,0.013
746782,1196,1.8
746782,1012,0.0
746782,1262,0.084
746782,1222,0.11
746782,1335,0.0
746782,1260,0.054
746782,1113,0.0
746782,1261,0.034
746782,1195,1.3
746782,1306,0.018
746782,1330,0.018
746782,1301,0.001
746782,1221,0.097
746782,1161,0.0
746782,1217,0.161
746782,1264,0.303
746782,2019,0.0
746782,1110,38.4
746782,1263,0.097
746782,2012,0.004
746782,1121,5.0
746782,1114,0.96
746782,1213,0.333
746782,1199,1.4
746782,1098,0.001
746782,2020,0.004
746782,1014,0.0
746782,1273,0.002
746782,2016,0.097
746782,1111,0.0
746782,1316,0.084
746782,1170,0.362
746782,1089,0.0
746782,1107,7.0
746782,1194,3.0
746782,1225,0.069
746782,1406,0.004
746782,2004,0.0
746782,1063,4.81
746782,1178,0.54
746782,1101,0.0
746782,1095,0.42
746782,1160,0.0
746782,1159,2.0
746782,1272,0.0
746782,2025,0.0
746782,1112,0.96
746782,1100,37.9
746782,2014,0.0
746782,1131,0.0
746782,1051,88.1
746782,1414,0.0
746782,1228,0.0
746782,1299,0.032
746782,1212,0.173
746782,1128,0.0
746782,1085,2.77
746782,2010,0.005
746782,2003,0.0
746782,1281,0.005
746782,1219,0.207
746782,1215,0.09
746782,1177,0.0
746782,1278,0.001
746782,1011,0.0
746782,1005,4.63
746782,1175,0.061
746782,1405,0.0
746782,1122,0.0
746782,2022,0.004
746782,2023,0.001
746782,1010,0.0
746782,1126,0.0
746782,2029,0.0
746782,1220,0.127
746782,1004,3.2
746782,1276,0.0
746782,1109,0.05
746782,1258,1.86
746782,1227,0.188
746782,1317,0.0
746782,1106,32.0
746782,1108,0.0
746782,2047,61.0
746782,2048,60.0
746783,2025,0.007
746783,2026,0.016
746783,1085,8.86
746783,1087,32.0
746783,1321,0.004
746783,1259,0.001
746783,1051,69.6
746783,2024,0.009
746783,1224,2.5
746783,1271,0.091
746783,1004,10.4
746783,1335,0.0
746783,1312,0.005
746783,1215,0.45
746783,1217,0.82
746783,1090,18.9
746783,1293,3.15
746783,1165,0.047
746783,1311,0.018
746783,1101,0.035
746783,1098,0.07
746783,1260,0.0
746783,1262,0.001
746783,2014,0.013
746783,1103,12.5
746783,1210,0.15
746783,1185,0.4
746783,1414,0.0
746783,1330,0.018
746783,1007,2.37
746783,1002,2.67
746783,1195,46.4
746783,1213,1.24
746783,1180,59.6
746783,1278,0.002
746783,1331,0.0
746783,1218,0.56
746783,1334,0.0
746783,1089,1.17
746783,1264,0.081
746783,1225,0.88
746783,1292,3.07
746783,1267,0.011
746783,2018,0.19
746783,1219,0.65
746783,1184,0.0
746783,1223,1.48
746783,1214,1.41
746783,1062,706.0
746783,1128,0.0
746783,1093,599.0
746783,1127,0.68
746783,1280,0.009
746783,1272,0.007
746783,1183,36.6
746783,1194,1.6
746783,1273,0.005
746783,2019,0.0
746783,1253,78.0
746783,1197,2.1
746783,1198,8.1
746783,1109,0.24
746783,1092,310.0
746783,1170,0.952
746783,1167,5.02
746783,1405,0.0
746783,1232,0.19
746783,1131,0.0
746783,1329,0.086
746783,1300,0.024
746783,1228,0.2
746783,1304,0.084
746783,2009,0.014
746783,1196,1.0
746783,1299,0.012
746783,1276,0.0
746783,1130,0.0
746783,1258,2.53
746783,1411,0.017
746783,1211,0.71
746783,1221,0.42
746783,1305,0.0
746783,1301,0.002
746783,1005,0.93
746783,1257,0.104
746783,1199,8.4
746783,2020,0.012
746783,1220,1.03
746783,1226,0.77
746783,1125,0.0
746783,1008,169.0
746783,1404,0.186
746783,1323,0.012
746783,2016,2.82
746783,2023,0.002
746783,1313,0.016
746783,1265,1.73
746783,1316,2.8
746783,1095,2.58
746783,1212,0.65
746783,1126,0.24
746783,1306,0.018
746783,1129,0.0
746783,1166,0.296
746783,1303,0.002
746783,2010,0.012
746783,1175,0.335
746783,1406,0.012
746783,1333,0.0
746783,1266,0.65
746783,1227,0.7
746783,1315,2.75
746783,1222,0.94
746783,1314,0.232
746783,1178,1.2
746783,1317,0.013
746783,2022,0.091
746783,1263,0.011
746783,1091,178.0
746783,2012,0.046
746783,1003,16.7
746783,1261,0.0
746783,2047,164.0
746783,2048,169.0
746784,1013,0.0
746784,1008,385.0
746784,1007,0.07
746784,1093,1.0
746784,1002,0.0
746784,1003,0.0
746784,1010,99.8
746784,1063,99.8
746784,1098,0.007
746784,1004,0.32
746784,1012,0.0
746784,1091,0.0
746784,1075,0.03
746784,1087,1.0
746784,1101,0.004
746784,1014,0.0
746784,1011,0.0
746784,1092,2.0
746784,1095,0.01
746784,1051,0.02
746784,1062,1610.0
746784,1090,0.3
746784,1089,0.05
746784,1005,99.6
746784,2047,401.0
746784,2048,385.0
746785,1304,0.099
746785,2012,0.041
746785,1175,0.497
746785,1277,0.041
746785,1166,0.262
746785,1062,922.0
746785,1315,3.33
746785,1109,0.18
746785,1199,8.1
746785,1004,11.6
746785,1409,0.0
746785,1263,0.015
746785,1335,0.0
746785,1292,3.78
746785,1003,27.1
746785,1087,31.0
746785,1194,2.6
746785,1271,0.165
746785,1311,0.02
746785,1167,8.09
746785,1095,3.77
746785,1264,0.093
746785,1128,0.04
746785,2024,0.016
746785,1178,1.9
746785,1333,0.0
746785,1305,0.0
746785,2020,0.016
746785,1262,0.005
746785,1131,0.0
746785,2023,0.004
746785,1306,0.038
746785,1092,304.0
746785,1299,0.014
746785,1301,0.001
746785,1091,259.0
746785,1267,0.01
746785,1051,61.1
746785,1312,0.002
746785,1007,1.27
746785,1090,29.1
746785,1129,0.0
746785,1280,0.016
746785,1265,2.02
746785,1276,0.001
746785,1329,0.106
746785,1106,30.0
746785,1405,0.002
746785,1260,0.0
746785,2022,0.165
746785,1008,220.0
746785,1266,0.774
746785,2016,3.07
746785,1316,3.05
746785,2010,0.02
746785,1334,0.0
746785,1330,0.038
746785,2018,0.184
746785,1272,0.011
746785,1303,0.007
746785,1273,0.003
746785,1165,0.088
746785,2025,0.011
746785,1321,0.009
746785,1196,65.5
746785,1103,28.4
746785,1258,2.97
746785,1002,4.34
746785,1195,1.6
746785,1089,1.56
746785,1098,0.166
746785,1300,0.027
746785,1093,90.0
746785,1323,0.02
746785,1126,0.19
746785,1197,0.9
746785,1127,0.03
746785,1005,0.0
746785,2009,0.017
746785,1313,0.02
746785,1406,0.014
746785,1259,0.003
746785,1105,30.0
746785,1180,78.7
746785,1130,0.11
746785,1278,0.004
746785,1404,0.175
746785,1317,0.002
746785,1170,1.4
746785,1257,0.144
746785,1101,0.01
746785,1253,104.0
746785,1125,0.01
746785,1198,12.3
746785,1314,0.372
746785,1293,3.49
746785,1411,0.031
746785,2026,0.02
746785,1261,0.001
746785,1085,10.4
746785,2047,213.0
746785,2048,220.0
746952,1292,1.6
746952,1271,0.059
746952,1013,0.0
746952,1011,1.8
746952,1098,0.041
746952,1008,121.0
746952,1273,0.002
746952,1272,0.001
746952,2019,0.0
746952,2009,0.001
746952,1263,0.003
746952,1414,0.0
746952,1258,1.25
746952,1266,0.367
746952,1303,0.0
746952,1281,0.0
746952,1002,3.14
746952,1101,0.015
746952,1313,0.017
746952,1014,0.0
746952,1404,0.016
746952,1321,0.002
746952,1335,0.0
746952,2018,0.018
746952,1063,2.2
746952,1280,0.006
746952,1293,0.675
746952,2022,0.059
746952,2008,0.0
746952,1265,0.733
746952,2016,0.479
746952,1311,0.002
746952,1005,2.36
746952,1010,0.4
746952,1262,0.004
746952,1087,6.0
746952,1264,0.043
746952,1095,1.76
746952,1003,19.6
746952,2012,0.023
746952,1257,0.017
746952,1004,3.68
746952,2020,0.011
746952,1329,0.01
746952,2026,0.017
746952,1317,0.0
746952,1062,507.0
746952,1314,0.086
746952,1278,0.001
746952,2014,0.0
746952,1299,0.002
746952,1260,0.0
746952,1331,0.0
746952,2005,0.0
746952,2015,0.0
746952,2021,0.0
746952,1259,0.0
746952,1333,0.0
746952,1405,0.003
746952,1330,0.001
746952,2010,0.007
746952,1306,0.001
746952,2023,0.001
746952,1323,0.007
746952,1406,0.008
746952,2003,0.0
746952,1315,1.38
746952,1301,0.0
746952,1075,0.0
746952,2007,0.0
746952,1316,0.477
746952,1007,3.63
746952,1304,0.009
746952,1411,0.01
746952,1334,0.0
746952,1276,0.0
746952,2024,0.006
746952,1090,20.3
746952,1089,0.86
746952,2004,0.0
746952,1261,0.001
746952,1091,246.0
746952,1305,0.0
746952,2025,0.001
746952,1093,1030.0
746952,1085,3.54
746952,2013,0.0
746952,1312,0.0
746952,1092,484.0
746952,1267,0.005
746952,2006,0.0
746952,1012,0.0
746952,1051,70.7
746952,1300,0.008
746952,2047,121.0
746952,2048,126.0
747429,1258,17.7
747429,1093,1600.0
747429,1314,0.367
747429,1272,0.001
747429,1085,26.6
747429,1273,0.016
747429,1330,0.175
747429,1311,0.123
747429,1293,1.23
747429,1267,0.041
747429,1331,0.003
747429,2006,0.004
747429,1257,1.01
747429,1316,0.936
747429,1414,0.0
747429,2010,0.052
747429,2022,0.042
747429,1062,1570.0
747429,1278,0.009
747429,1281,0.047
747429,1317,0.002
747429,2012,0.049
747429,1264,2.75
747429,1306,0.175
747429,1089,0.24
747429,1280,0.017
747429,2004,0.0
747429,2014,0.002
747429,1266,3.02
747429,1101,0.018
747429,1087,508.0
747429,1313,0.006
747429,1292,6.62
747429,1321,0.01
747429,1405,0.001
747429,2018,0.153
747429,1012,0.0
747429,1265,8.3
747429,1063,3.76
747429,1002,2.74
747429,2007,0.0
747429,1013,3.62
747429,1259,0.656
747429,1406,0.034
747429,1075,0.12
747429,2026,0.006
747429,1329,0.832
747429,1276,0.005
747429,1095,2.45
747429,1008,375.0
747429,1051,39.5
747429,1323,0.052
747429,1305,0.0
747429,2020,0.035
747429,1260,0.526
747429,2016,1.06
747429,1333,0.0
747429,1335,0.0
747429,1004,31.1
747429,1263,0.856
747429,2025,0.001
747429,1014,0.0
747429,1300,0.172
747429,2015,0.0
747429,1091,380.0
747429,1271,0.042
747429,2009,0.215
747429,1304,0.698
747429,1303,0.087
747429,1301,0.008
747429,2013,0.0
747429,1098,0.042
747429,1299,0.295
747429,2005,0.0
747429,1334,0.002
747429,2003,0.0
747429,1003,17.5
747429,1005,6.35
747429,2008,0.016
747429,1010,0.0
747429,2021,0.0
747429,2023,0.009
747429,1312,0.001
747429,1100,54.1
747429,1007,5.57
747429,2024,0.017
747429,1404,0.143
747429,1090,25.0
747429,2019,0.003
747429,1411,0.007
747429,1011,0.01
747429,1315,5.9
747429,1092,173.0
747429,1262,0.759
747429,1261,0.327
747429,2047,375.0
747429,2048,373.0
747430,1092,1490.0
747430,1097,52.5
747430,1079,4.3
747430,1009,35.4
747430,1091,548.0
747430,1102,468.0
747430,1094,232.0
747430,1090,178.0
747430,1095,3.82
747430,1137,1210.0
747430,1146,242.0
747430,1004,1.04
747430,1051,0.0
747430,1098,1.04
747430,1003,25.5
747430,1089,6.27
747430,1101,2.05
747430,1087,193.0
747431,1079,4.0
747431,1004,1.16
747431,1051,0.0
747431,1087,148.0
747431,1097,56.5
747431,1098,0.959
747431,1003,21.3
747431,1089,5.05
747431,1092,1540.0
747431,1009,39.7
747431,1137,1320.0
747431,1094,204.0
747431,1095,2.84
747431,1090,152.0
747431,1146,278.0
747431,1102,488.0
747431,1091,380.0
747431,1101,1.93
747432,1102,340.0
747432,1004,0.86
747432,1094,212.0
747432,1146,172.0
747432,1079,4.0
747432,1090,182.0
747432,1087,180.0
747432,1101,1.7
747432,1137,1150.0
747432,1091,439.0
747432,1089,4.47
747432,1097,39.5
747432,1003,23.3
747432,1092,1490.0
747432,1051,0.0
747432,1098,0.864
747432,1095,3.42
747432,1009,40.0
747433,1051,0.0
747433,1079,4.1
747433,1101,1.87
747433,1087,158.0
747433,1003,25.6
747433,1095,3.71
747433,1102,1150.0
747433,1009,37.2
747433,1146,256.0
747433,1091,543.0
747433,1094,254.0
747433,1004,1.12
747433,1092,1580.0
747433,1090,158.0
747433,1089,4.7
747433,1097,55.0
747433,1098,1.03
747433,1137,1040.0
747434,1051,0.0
747434,1137,1240.0
747434,1003,26.8
747434,1090,198.0
747434,1101,2.16
747434,1091,555.0
747434,1098,1.1
747434,1146,166.0
747434,1095,3.5
747434,1079,4.4
747434,1009,36.0
747434,1092,1620.0
747434,1089,5.85
747434,1004,1.14
747434,1097,43.5
747434,1087,178.0
747434,1102,804.0
747434,1094,262.0
747435,1051,0.0
747435,1091,571.0
747435,1097,58.5
747435,1090,178.0
747435,1087,98.0
747435,1101,1.69
747435,1004,1.28
747435,1098,0.932
747435,1079,4.3
747435,1089,7.29
747435,1137,931.0
747435,1094,228.0
747435,1009,37.6
747435,1102,534.0
747435,1095,3.23
747435,1092,1230.0
747435,1146,120.0
747435,1003,24.6
747436,1094,257.0
747436,1089,5.87
747436,1079,4.5
747436,1095,3.36
747436,1102,962.0
747436,1146,177.0
747436,1098,1.04
747436,1101,1.93
747436,1009,36.0
747436,1004,1.44
747436,1090,179.0
747436,1137,1160.0
747436,1003,25.2
747436,1091,535.0
747436,1092,1390.0
747436,1087,194.0
747436,1097,39.0
747436,1051,0.0
747437,1091,487.0
747437,1051,0.0
747437,1097,30.2
747437,1004,1.23
747437,1094,198.0
747437,1101,1.78
747437,1089,5.26
747437,1003,24.4
747437,1095,3.03
747437,1009,36.3
747437,1098,0.757
747437,1079,4.3
747437,1087,152.0
747437,1146,77.5
747437,1102,672.0
747437,1137,1130.0
747437,1090,166.0
747437,1092,1340.0
747438,1092,1540.0
747438,1146,76.0
747438,1102,384.0
747438,1090,158.0
747438,1097,26.0
747438,1095,3.5
747438,1137,1160.0
747438,1087,103.0
747438,1009,36.6
747438,1101,1.52
747438,1089,6.95
747438,1091,549.0
747438,1051,0.0
747438,1079,4.5
747438,1003,25.0
747438,1004,1.03
747438,1094,211.0
747438,1098,0.786
747439,1051,0.0
747439,1009,38.1
747439,1087,137.0
747439,1092,1490.0
747439,1098,0.947
747439,1079,4.1
747439,1102,607.0
747439,1137,1170.0
747439,1090,164.0
747439,1089,5.46
747439,1095,3.26
747439,1094,219.0
747439,1146,191.0
747439,1101,1.7
747439,1003,23.4
747439,1004,1.2
747439,1091,491.0
747439,1097,44.0
747440,1146,79.0
747440,1079,4.3
747440,1137,1100.0
747440,1009,36.7
747440,1004,1.31
747440,1097,30.0
747440,1098,0.865
747440,1102,572.0
747440,1003,25.9
747440,1092,1490.0
747440,1087,98.0
747440,1091,612.0
747440,1051,0.0
747440,1090,164.0
747440,1089,6.58
747440,1094,241.0
747440,1095,3.29
747440,1101,1.67
747441,1091,523.0
747441,1051,0.0
747441,1094,244.0
747441,1003,24.1
747441,1079,4.3
747441,1102,840.0
747441,1097,38.9
747441,1137,1220.0
747441,1089,5.29
747441,1092,1470.0
747441,1101,2.22
747441,1146,220.0
747441,1095,3.31
747441,1004,1.51
747441,1098,1.14
747441,1090,180.0
747441,1009,38.1
747441,1087,229.0
747442,1091,533.0
747442,1098,1.05
747442,1146,180.0
747442,1004,1.32
747442,1009,37.5
747442,1087,236.0
747442,1101,2.07
747442,1089,4.93
747442,1090,182.0
747442,1097,38.9
747442,1003,24.5
747442,1051,0.0
747442,1094,241.0
747442,1102,871.0
747442,1079,4.3
747442,1095,3.54
747442,1137,1230.0
747442,1092,1540.0
747443,1101,1.76
747443,1090,167.0
747443,1091,493.0
747443,1009,37.8
747443,1094,217.0
747443,1092,1520.0
747443,1095,3.23
747443,1004,1.28
747443,1003,23.5
747443,1097,47.5
747443,1102,613.0
747443,1146,188.0
747443,1079,4.1
747443,1137,1190.0
747443,1087,149.0
747443,1089,4.95
747443,1051,0.0
747443,1098,0.968
747444,1003,24.4
747444,1090,180.0
747444,1092,1540.0
747444,1101,2.08
747444,1098,1.12
747444,1137,1250.0
747444,1009,36.6
747444,1102,920.0
747444,1087,191.0
747444,1051,0.0
747444,1094,244.0
747444,1079,4.2
747444,1091,522.0
747444,1146,193.0
747444,1097,43.8
747444,1089,5.34
747444,1095,3.37
747444,1004,1.45
747445,1089,5.4
747445,1102,515.0
747445,1051,0.0
747445,1004,1.24
747445,1137,1230.0
747445,1146,186.0
747445,1079,4.1
747445,1092,1510.0
747445,1101,1.78
747445,1094,219.0
747445,1087,161.0
747445,1090,170.0
747445,1097,49.9
747445,1003,23.7
747445,1098,0.978
747445,1095,3.43
747445,1009,38.5
747445,1091,507.0
747446,1003,24.7
747446,1089,5.48
747446,1094,227.0
747446,1087,192.0
747446,1146,181.0
747446,1051,0.0
747446,1098,1.08
747446,1095,3.45
747446,1102,557.0
747446,1004,1.24
747446,1079,4.3
747446,1009,37.9
747446,1137,1250.0
747446,1092,1520.0
747446,1101,1.9
747446,1097,51.2
747446,1090,176.0
747446,1091,519.0
747447,1093,36.0
747447,1089,0.69
747447,1087,46.0
747447,1214,0.135
747447,1221,0.059
747447,1129,0.0
747447,1085,0.07
747447,1120,0.0
747447,1117,0.0
747447,1002,0.41
747447,1103,1.6
747447,1313,0.0
747447,1292,0.011
747447,1217,0.117
747447,1095,0.42
747447,1265,0.029
747447,1325,0.0
747447,1271,0.0
747447,1300,0.0
747447,1218,0.05
747447,1213,0.129
747447,1185,102.0
747447,1212,0.079
747447,1084,2.4
747447,1268,0.01
747447,1051,90.0
747447,2016,0.017
747447,1165,0.077
747447,1009,0.0
747447,1162,91.3
747447,1128,0.01
747447,1011,0.58
747447,1270,0.021
747447,1299,0.0
747447,1079,2.4
747447,1220,0.191
747447,1263,0.0
747447,1005,6.27
747447,1004,0.34
747447,1091,67.0
747447,1277,0.0
747447,1130,0.0
747447,1063,1.4
747447,2022,0.0
747447,1050,3.8
747447,1106,8.0
747447,1321,0.0
747447,1258,0.039
747447,1219,0.125
747447,1215,0.038
747447,1225,0.089
747447,1014,0.0
747447,1333,0.0
747447,1075,0.0
747447,1082,0.0
747447,1175,0.191
747447,1184,0.0
747447,1262,0.0
747447,1090,21.0
747447,1216,0.028
747447,1166,0.114
747447,1273,0.002
747447,2018,0.0
747447,1315,0.01
747447,1269,0.017
747447,1013,0.0
747447,1098,0.059
747447,1092,303.0
747447,1062,132.0
747447,1008,31.0
747447,2010,0.001
747447,1109,0.15
747447,1177,65.0
747447,1131,0.0
747447,1010,0.01
747447,1126,0.04
747447,1127,0.0
747447,1267,0.002
747447,1003,2.57
747447,1007,0.83
747447,1227,0.121
747447,1223,0.325
747447,1226,0.11
747447,1167,0.639
747447,1170,0.61
747447,1314,0.0
747447,1210,0.033
747447,1125,0.0
747447,1108,0.0
747447,1293,0.017
747447,2020,0.0
747447,1101,0.197
747447,2026,0.0
747447,1122,0.0
747447,1116,0.0
747447,1266,0.006
747447,1012,0.82
747447,1222,0.104
747447,1211,0.088
747447,1107,93.0
747447,1261,0.0
747447,1323,0.001
747447,1264,0.001
747447,1224,0.542
747447,2009,0.0
747447,1123,745.0
747447,2012,0.0
747447,2047,39.0
747447,2048,32.0
747693,1010,0.0
747693,1005,26.8
747693,1007,3.02
747693,1003,1.11
747693,1014,1.48
747693,1011,11.4
747693,1008,117.0
747693,1098,0.066
747693,1075,0.0
747693,1002,0.18
747693,1062,488.0
747693,1004,0.55
747693,1013,0.0
747693,1091,25.0
747693,1012,8.94
747693,1063,21.8
747693,1051,68.5
747693,1093,949.0
747693,1095,0.16
747693,1092,249.0
747693,1101,0.086
747693,1090,13.5
747693,1087,14.0
747693,1089,0.43
747693,2047,117.0
747693,2048,103.0
747997,1166,0.391
747997,1224,1.76
747997,1232,0.407
747997,1213,1.02
747997,1222,0.714
747997,1051,86.3
747997,1210,0.188
747997,1103,17.9
747997,1223,1.33
747997,1002,1.71
747997,1008,55.0
747997,1214,0.822
747997,1005,2.36
747997,1003,10.7
747997,1219,0.779
747997,1211,0.567
747997,1228,0.0
747997,1062,231.0
747997,1004,0.0
747997,1218,0.466
747997,1220,0.691
747997,1225,0.422
747997,1226,0.494
747997,1221,0.257
747997,1217,0.726
747997,1007,0.65
747997,1227,0.857
747997,1215,0.486
747997,1212,0.609
747997,2047,52.0
747997,2048,55.0
748236,1224,1.99
748236,1226,0.748
748236,1210,0.174
748236,1129,0.0
748236,1214,1.2
748236,1062,1400.0
748236,1103,55.8
748236,1219,0.846
748236,1126,0.22
748236,1128,0.14
748236,1220,1.12
748236,1002,2.59
748236,1227,1.29
748236,1003,16.2
748236,1159,0.0
748236,1176,45.9
748236,1131,0.0
748236,1222,0.769
748236,1166,0.467
748236,1161,121.0
748236,1005,1.02
748236,1008,334.0
748236,1125,1.02
748236,1225,0.47
748236,1232,0.425
748236,1160,0.0
748236,1130,0.01
748236,1127,0.3
748236,1218,0.684
748236,1004,28.8
748236,1213,1.35
748236,1228,0.0
748236,1221,0.369
748236,2029,2.0
748236,1217,0.673
748236,1121,612.0
748236,1211,0.789
748236,1215,0.398
748236,1223,1.5
748236,2028,0.0
748236,1212,0.766
748236,1051,52.1
748236,1007,1.89
748236,1109,5.64
748236,1119,546.0
748236,1122,2.0
748236,2047,328.0
748236,2048,334.0
748278,1129,8.07
748278,1404,7.45
748278,1300,0.041
748278,2018,7.45
748278,1085,94.5
748278,1128,0.0
748278,2012,1.89
748278,1292,62.6
748278,1267,0.537
748278,1258,6.61
748278,1287,78.2
748278,1273,0.27
748278,1294,0.0
748278,1109,17.3
748278,2020,0.0
748278,1316,17.8
748278,1289,0.0
748278,1265,3.86
748278,2006,0.011
748278,1125,0.0
748278,1285,2.38
748278,1131,0.0
748278,1315,60.3
748278,1130,0.0
748278,1127,1.48
748278,1406,0.0
748278,1288,368.0
748278,1299,0.018
748278,2016,17.8
748278,1264,0.047
748278,1301,0.15
748278,1266,1.66
748278,1296,24.7
748278,1298,14.7
748278,1293,25.3
748278,1126,41.3
748278,1286,260.0
748278,1314,0.205
748323,1129,4.4
748323,1316,51.9
748323,1289,12.9
748323,1126,60.9
748323,1085,94.0
748323,1287,0.414
748323,1288,538.0
748323,1300,0.061
748323,1127,2.78
748323,1315,27.2
748323,1258,13.4
748323,2006,0.004
748323,1296,25.9
748323,1125,1.1
748323,2016,51.9
748323,1130,1.6
748323,2012,0.365
748323,1264,0.034
748323,1273,0.112
748323,1109,22.6
748323,1299,0.008
748323,1298,17.8
748323,2020,0.0
748323,1285,55.3
748323,1128,1.49
748323,1286,153.0
748323,1294,30.4
748323,1267,0.349
748323,1265,11.1
748323,1406,0.0
748323,1301,0.154
748323,1404,1.04
748323,1293,52.9
748323,1314,0.091
748323,1266,1.58
748323,1131,0.0
748323,2018,1.04
748323,1292,27.7
748366,1130,0.0
748366,1314,0.08
748366,1085,94.6
748366,1265,10.3
748366,2020,0.0
748366,1294,5.62
748366,1267,0.294
748366,1286,58.0
748366,1273,0.306
748366,1293,57.6
748366,1316,50.9
748366,2006,0.025
748366,1264,0.075
748366,1126,70.4
748366,1315,21.4
748366,1258,14.9
748366,1300,0.086
748366,1406,0.0
748366,1266,3.71
748366,1109,12.2
748366,1287,0.0
748366,2016,50.9
748366,2018,6.62
748366,1298,20.8
748366,1131,0.0
748366,1296,10.5
748366,1129,1.6
748366,1289,2.15
748366,1285,55.4
748366,1404,6.62
748366,2012,0.6
748366,1299,0.014
748366,1301,0.124
748366,1128,0.0
748366,1127,22.0
748366,1292,22.1
748366,1125,1.8
748366,1288,153.0
748608,1286,5.68
748608,1315,67.8
748608,1300,0.081
748608,1293,9.07
748608,1264,0.013
748608,1314,1.03
748608,1258,15.4
748608,1265,12.1
748608,1299,0.006
748608,1289,0.0
748608,2006,0.014
748608,1296,23.1
748608,1301,0.062
748608,1288,126.0
748608,2018,0.651
748608,1085,93.7
748608,1267,0.411
748608,1294,2.55
748608,1285,1.02
748608,1266,2.59
748608,2012,0.276
748608,2016,8.4
748608,1273,0.118
748608,1406,0.0
748608,1298,26.9
748608,2020,0.0
748608,1292,69.2
748608,1404,0.651
748608,1287,0.0
748608,1316,8.4
748967,1316,1.46
748967,1100,49.1
748967,1105,179.0
748967,1050,0.2
748967,1119,229.0
748967,1120,13.0
748967,1177,71.0
748967,1087,48.0
748967,1002,1.99
748967,1175,0.063
748967,1005,0.96
748967,1222,0.667
748967,1089,1.67
748967,1111,0.0
748967,1101,0.0
748967,1085,8.65
748967,1199,25.1
748967,1114,2.46
748967,1195,309.0
748967,1098,0.0
748967,1004,9.96
748967,1228,0.0
748967,1198,0.3
748967,1265,2.32
748967,1012,0.0
748967,1160,0.0
748967,1227,0.919
748967,1253,411.0
748967,1003,12.4
748967,1007,0.85
748967,1010,0.0
748967,1165,0.077
748967,1107,0.0
748967,1159,0.0
748967,1011,0.2
748967,2029,0.0
748967,1293,1.82
748967,1232,0.385
748967,1167,0.0
748967,1014,0.0
748967,1225,0.408
748967,1223,1.27
748967,1212,0.616
748967,1258,3.2
748967,2028,0.0
748967,1194,0.6
748967,2016,1.46
748967,1161,57.0
748967,1112,2.46
748967,1217,0.66
748967,1220,0.787
748967,1180,335.0
748967,1103,31.1
748967,1266,0.813
748967,1219,0.734
748967,1166,0.419
748967,1215,0.418
748967,1110,98.4
748967,1051,75.8
748967,1214,0.832
748967,1079,0.0
748967,1113,0.56
748967,1210,0.166
748967,1178,1.02
748967,1090,11.4
748967,1321,0.011
748967,1226,0.56
748967,1106,180.0
748967,1224,1.63
748967,1197,0.2
748967,1314,0.238
748967,1196,0.2
748967,2032,13.0
748967,1122,0.0
748967,1092,132.0
748967,1211,0.594
748967,1095,1.24
748967,2018,0.011
748967,1009,0.0
748967,1406,0.02
748967,1213,1.05
748967,1292,3.63
748967,1315,3.35
748967,2020,0.02
748967,1218,0.512
748967,1063,0.2
748967,1062,617.0
748967,1008,148.0
748967,1121,230.0
748967,1091,184.0
748967,1108,0.0
748967,1093,129.0
748967,1264,0.032
748967,1221,0.283
748967,1013,0.0
748967,2047,143.0
748967,2048,147.0
749420,1316,5.23
749420,1304,0.118
749420,1092,557.0
749420,1011,0.04
749420,1292,15.8
749420,2023,0.003
749420,1014,0.0
749420,1075,0.0
749420,1280,0.024
749420,2024,0.024
749420,1311,0.042
749420,1334,0.003
749420,1062,2090.0
749420,2016,5.27
749420,1323,0.094
749420,2025,0.006
749420,1265,7.94
749420,1272,0.006
749420,2006,0.0
749420,1301,0.002
749420,1098,0.13
749420,1405,0.032
749420,1414,0.0
749420,1005,2.1
749420,1010,3.09
749420,2010,0.094
749420,1257,0.15
749420,1404,0.227
749420,1306,0.024
749420,1085,34.6
749420,2013,0.0
749420,1267,0.072
749420,1271,0.16
749420,1315,14.6
749420,1095,3.56
749420,2012,0.285
749420,1087,13.0
749420,1317,0.009
749420,1090,36.5
749420,1261,0.006
749420,1305,0.0
749420,1008,500.0
749420,1093,1830.0
749420,1013,0.0
749420,1273,0.014
749420,1051,14.2
749420,2008,0.001
749420,1263,0.03
749420,1312,0.001
749420,1012,0.01
749420,1258,12.6
749420,1411,0.047
749420,2007,0.0
749420,1278,0.003
749420,2019,0.0
749420,1331,0.0
749420,1003,40.9
749420,2005,0.0
749420,1004,36.5
749420,1321,0.012
749420,1262,0.033
749420,1264,0.476
749420,1335,0.0
749420,1063,3.14
749420,2026,0.214
749420,1303,0.007
749420,2020,0.074
749420,2018,0.239
749420,1300,0.096
749420,1329,0.126
749420,1091,415.0
749420,1276,0.0
749420,1101,0.02
749420,1299,0.018
749420,2009,0.009
749420,1293,6.0
749420,1266,3.9
749420,1281,0.001
749420,1314,0.839
749420,1406,0.042
749420,1313,0.214
749420,2014,0.005
749420,1330,0.024
749420,1002,6.54
749420,2022,0.16
749420,1333,0.0
749420,2021,0.001
749420,1007,6.33
749420,2015,0.003
749420,1089,1.28
749420,2004,0.0
749420,1259,0.002
749420,1260,0.001
749420,2003,0.0
749420,2047,501.0
749420,2048,512.0
789828,1089,0.03
789828,1091,19.0
789828,1087,14.0
789828,1101,0.0
789828,1004,81.5
789828,1095,0.07
789828,1100,0.0
789828,1253,234.0
789828,1090,1.6
789828,1093,10.0
789828,1051,17.4
789828,1092,19.0
789828,1098,0.001
789890,1087,19.0
789890,1175,0.066
789890,1089,5.62
789890,1002,1.75
789890,1103,15.7
789890,1177,160.0
789890,1166,0.443
789890,1005,77.3
789890,1007,0.42
789890,1008,366.0
789890,1003,10.9
789890,1095,0.72
789890,1004,1.48
789890,1092,136.0
789890,1102,37.6
789890,1090,26.7
789890,1091,108.0
789890,1062,1530.0
789890,1165,0.939
789890,1167,6.74
789890,1051,9.83
789890,1101,0.758
789890,1098,0.155
789890,1093,2.0
789890,2047,366.0
789890,2048,375.0
789951,1165,1.05
789951,1095,0.9
789951,1003,13.1
789951,1102,27.7
789951,1087,21.0
789951,1092,135.0
789951,1090,33.3
789951,1103,14.2
789951,1175,0.079
789951,1098,0.172
789951,1005,73.2
789951,1007,0.53
789951,1091,115.0
789951,1101,0.875
789951,1089,5.41
789951,1004,1.48
789951,1093,4.0
789951,1166,0.467
789951,1008,358.0
789951,1167,7.07
789951,1051,11.7
789951,1062,1500.0
789951,1002,2.1
789951,1177,159.0
789951,2047,359.0
789951,2048,367.0
790018,1091,134.0
790018,1103,20.1
790018,1008,362.0
790018,1095,1.15
790018,1167,1.59
790018,1062,1510.0
790018,1004,1.7
790018,1087,22.0
790018,1090,36.1
790018,1092,150.0
790018,1051,11.1
790018,1079,3.0
790018,1093,2.0
790018,1177,23.0
790018,1101,0.819
790018,1102,42.6
790018,1098,0.212
790018,1165,0.298
790018,1003,12.0
790018,1166,0.0
790018,1175,0.085
790018,1089,1.18
790018,1002,1.92
790018,1007,0.56
790018,1005,74.6
790018,2047,362.0
790018,2048,370.0
790085,1102,58.5
790085,1093,3.0
790085,1089,3.86
790085,1103,23.6
790085,1002,2.41
790085,1008,370.0
790085,1101,3.56
790085,1087,38.0
790085,1175,0.268
790085,1005,71.2
790085,1167,5.55
790085,1177,39.0
790085,1092,376.0
790085,1051,9.44
790085,1079,10.6
790085,1007,1.56
790085,1166,0.128
790085,1062,1550.0
790085,1095,3.24
790085,1004,2.73
790085,1091,352.0
790085,1003,15.1
790085,1090,136.0
790085,1098,0.452
790085,1165,0.504
790085,2047,370.0
790085,2048,346.0
790146,1166,0.436
790146,1167,6.56
790146,1103,33.3
790146,1007,0.5
790146,1165,0.953
790146,1093,3.0
790146,1101,0.751
790146,1098,0.194
790146,1004,1.65
790146,1090,35.9
790146,1175,0.079
790146,1003,14.3
790146,1089,5.55
790146,1102,36.6
790146,1051,10.7
790146,1177,145.0
790146,1091,124.0
790146,1062,1520.0
790146,1087,19.0
790146,1002,2.29
790146,1095,1.06
790146,1092,127.0
790146,1008,363.0
790146,1005,72.8
790146,2047,363.0
790146,2048,372.0
790214,1095,1.19
790214,1165,0.09
790214,1177,16.0
790214,1004,1.3
790214,1098,0.209
790214,1103,5.3
790214,1005,79.8
790214,1079,0.5
790214,1051,11.6
790214,1090,22.9
790214,1102,45.5
790214,1087,6.0
790214,1167,1.25
790214,1008,359.0
790214,1007,0.35
790214,1092,75.0
790214,1091,94.0
790214,1062,1500.0
790214,1101,0.892
790214,1093,5.0
790214,1166,0.0
790214,1002,1.11
790214,1089,0.22
790214,1003,6.94
790214,1175,0.052
790214,2047,359.0
790214,2048,369.0
790276,1089,4.44
790276,1090,30.1
790276,1166,0.354
790276,1091,92.0
790276,1063,1.04
790276,1101,0.172
790276,1079,4.3
790276,1095,0.62
790276,1177,155.0
790276,1003,6.2
790276,1062,1520.0
790276,1175,0.13
790276,1002,0.99
790276,1165,0.662
790276,1008,364.0
790276,1013,0.0
790276,1051,10.8
790276,1092,144.0
790276,1014,0.0
790276,1167,5.75
790276,1093,0.0
790276,1011,0.24
790276,1012,0.13
790276,1007,0.46
790276,1010,0.67
790276,1102,16.4
790276,1103,8.3
790276,1098,0.082
790276,1087,0.0
790276,1005,80.8
790276,1004,1.74
790276,2047,364.0
790276,2048,372.0
790508,1219,0.03
790508,1095,0.07
790508,1223,0.043
790508,1293,2.52
790508,1214,0.07
790508,2022,0.104
790508,1226,0.06
790508,1103,0.0
790508,1404,0.308
790508,1262,1.92
790508,2026,0.016
790508,1271,0.104
790508,1211,0.025
790508,2006,0.011
790508,1280,0.039
790508,1089,0.06
790508,1253,235.0
790508,1212,0.022
790508,1120,8.0
790508,1011,0.0
790508,1087,21.0
790508,1217,0.025
790508,1100,0.0
790508,2025,0.002
790508,1333,0.0
790508,1225,0.007
790508,1266,7.42
790508,1166,0.0
790508,1176,0.0
790508,1113,0.11
790508,2012,0.117
790508,2015,0.0
790508,1111,0.0
790508,1276,0.015
790508,1121,12.0
790508,1092,23.0
790508,1109,0.0
790508,1167,0.0
790508,1316,1.89
790508,1232,0.0
790508,1160,0.0
790508,2023,0.024
790508,1299,0.753
790508,1222,0.017
790508,2014,0.004
790508,1175,0.0
790508,1261,0.84
790508,1292,16.9
790508,1106,758.0
790508,1085,65.0
790508,1228,0.0
790508,1014,0.0
790508,1272,0.002
790508,2021,0.0
790508,1414,0.0
790508,2028,140.0
790508,1004,82.2
790508,2016,2.25
790508,1101,0.005
790508,1114,0.4
790508,1218,0.017
790508,1334,0.006
790508,1012,0.0
790508,1267,0.102
790508,1260,1.44
790508,1406,0.077
790508,1258,45.6
790508,1411,0.016
790508,1321,0.023
790508,1178,0.0
790508,1098,0.006
790508,2029,0.0
790508,1315,15.0
790508,1278,0.024
790508,1159,27.0
790508,2010,0.135
790508,2008,0.052
790508,2007,0.0
790508,1105,744.0
790508,1177,5.0
790508,1273,0.043
790508,1265,21.2
790508,1220,0.035
790508,1221,0.012
790508,1313,0.016
790508,1127,0.0
790508,1312,0.001
790508,1090,1.6
790508,1013,0.58
790508,1405,0.004
790508,1213,0.05
790508,1010,0.0
790508,1130,0.0
790508,2009,0.597
790508,1091,22.0
790508,1300,0.432
790508,1161,1.0
790508,1335,0.0
790508,1107,168.0
790508,2020,0.081
790508,2018,0.331
790508,2005,0.0
790508,1210,0.01
790508,1108,2.0
790508,1264,7.15
790508,1119,4.0
790508,1317,0.004
790508,1128,0.0
790508,1311,0.358
790508,2003,0.0
790508,1129,0.0
790508,1126,0.0
790508,1051,15.8
790508,1259,2.04
790508,2004,0.0
790508,1215,0.013
790508,1063,0.58
790508,2032,2.0
790508,2024,0.039
790508,1263,2.2
790508,1301,0.016
790508,1314,0.999
790508,1323,0.135
790508,1110,16.0
790508,1131,0.0
790508,1093,524.0
790508,1112,0.4
790508,1227,0.037
790508,1224,0.08
790508,1125,0.0
790577,1011,2.29
790577,1012,1.79
790577,1095,0.17
790577,1008,44.0
790577,1079,2.2
790577,1013,0.0
790577,1005,9.93
790577,1062,186.0
790577,1098,0.058
790577,1162,8.1
790577,1091,41.0
790577,1004,0.1
790577,1051,88.6
790577,1103,0.5
790577,1087,17.0
790577,1093,1.0
790577,1007,0.43
790577,1092,197.0
790577,1090,11.4
790577,1014,0.0
790577,1101,0.119
790577,1100,0.0
790577,1063,5.76
790577,1089,0.24
790577,1176,0.0
790577,1003,0.94
790577,2033,3.97
790577,1010,1.68
790577,2047,44.0
790577,2048,42.0
790646,1079,1.9
790646,1013,0.0
790646,1090,9.0
790646,1004,0.05
790646,1003,0.83
790646,1091,34.0
790646,1093,1.0
790646,1062,160.0
790646,1063,5.82
790646,1008,38.0
790646,1103,0.0
790646,1098,0.035
790646,1095,0.2
790646,1100,0.0
790646,1007,0.41
790646,1092,182.0
790646,1011,2.31
790646,1162,8.2
790646,2033,2.71
790646,1005,8.61
790646,1010,1.6
790646,1101,0.144
790646,1051,90.1
790646,1089,0.28
790646,1176,0.0
790646,1014,0.0
790646,1012,1.91
790646,1087,15.0
790646,2047,38.0
790646,2048,36.0
1104647,1103,9.8
1104647,1007,1.71
1104647,1003,6.62
1104647,1051,63.1
1104647,1004,0.38
1104647,1062,597.0
1104647,1162,10.0
1104647,1008,143.0
1104647,1079,2.7
1104647,1002,1.06
1104647,1005,28.2
1104647,2048,130.0
1104647,2047,143.0
1104705,1218,1.74
1104705,1165,0.542
1104705,1090,313.0
1104705,1092,2480.0
1104705,1232,1.01
1104705,1217,2.86
1104705,1005,32.9
1104705,1221,1.27
1104705,1098,1.51
1104705,1166,0.298
1104705,1210,0.616
1104705,1225,1.79
1104705,1175,0.618
1104705,1007,6.45
1104705,1101,3.81
1104705,1095,4.44
1104705,1227,2.7
1104705,1226,2.84
1104705,1087,338.0
1104705,1089,7.34
1104705,1008,366.0
1104705,1212,2.31
1104705,1211,1.97
1104705,1062,1530.0
1104705,1103,45.8
1104705,1093,2.0
1104705,1091,726.0
1104705,1220,3.93
1104705,1224,9.08
1104705,1213,4.11
1104705,1003,51.1
1104705,1215,0.622
1104705,1002,8.18
1104705,1219,2.31
1104705,1167,3.43
1104705,1228,0.176
1104705,1214,3.06
1104705,2033,24.3
1104705,1102,211.0
1104705,1222,2.86
1104705,1223,4.98
1104705,1051,6.24
1104705,1004,3.33
1104705,2047,366.0
1104705,2048,339.0
1104766,1166,0.363
1104766,1213,3.06
1104766,1165,0.362
1104766,1098,1.09
1104766,1215,0.485
1104766,1221,0.95
1104766,1103,14.3
1104766,1218,1.4
1104766,1002,6.18
1104766,1232,0.765
1104766,1227,2.07
1104766,1091,607.0
1104766,1212,1.74
1104766,1228,0.207
1104766,1210,0.45
1104766,1219,1.74
1104766,1225,1.35
1104766,1062,1890.0
1104766,1089,9.51
1104766,1087,258.0
1104766,1095,3.75
1104766,1220,2.94
1104766,1222,2.14
1104766,1214,2.14
1104766,1224,6.8
1104766,1223,3.76
1104766,1102,314.0
1104766,1051,7.85
1104766,1175,0.34
1104766,1005,27.9
1104766,1101,3.16
1104766,1217,2.15
1104766,1004,20.7
1104766,1093,2.0
1104766,1090,254.0
1104766,1226,2.13
1104766,1092,1860.0
1104766,1211,1.48
1104766,1008,452.0
1104766,1003,38.6
1104766,1007,4.92
1104766,1167,2.74
1104766,2047,452.0
1104766,2048,421.0
1104812,1005,75.5
1104812,1007,1.4
1104812,1092,265.0
1104812,1165,0.322
1104812,1089,1.5
1104812,1003,7.19
1104812,1095,1.91
1104812,1166,0.008
1104812,1175,0.132
1104812,1087,10.0
1104812,1101,2.84
1104812,1008,365.25
1104812,1102,56.2
1104812,1167,5.99
1104812,1051,12.1
1104812,1004,3.85
1104812,1002,1.15
1104812,1090,124.0
1104812,1062,1582.206
1104812,1103,9.68
1104812,1093,1.0
1104812,1098,0.286
1104812,1091,319.0
1104812,2047,365.0
1104812,2048,368.0
1104867,1003,6.69
1104867,1103,2.0
1104867,1087,10.0
1104867,1101,0.995
1104867,1166,0.0
1104867,1051,11.8
1104867,1089,0.34
1104867,1093,6.0
1104867,1007,0.22
1104867,1102,40.7
1104867,1090,21.2
1104867,1165,0.053
1104867,1004,1.16
1104867,1092,80.0
1104867,1062,1500.0
1104867,1002,1.07
1104867,1098,0.17
1104867,1008,358.0
1104867,1167,1.12
1104867,1095,1.34
1104867,1175,0.044
1104867,1091,63.0
1104867,1005,80.1
1104867,2047,358.0
1104867,2048,368.0
1104913,1098,0.159
1104913,1103,5.0
1104913,1093,1.0
1104913,1062,1500.0
1104913,1002,1.4
1104913,1008,358.0
1104913,1165,0.146
1104913,1004,1.64
1104913,1091,102.0
1104913,1101,0.635
1104913,1090,22.4
1104913,1003,8.75
1104913,1102,59.1
1104913,1051,11.9
1104913,1007,0.53
1104913,1175,0.065
1104913,1095,0.74
1104913,1092,142.0
1104913,1166,0.0
1104913,1005,77.2
1104913,1167,0.988
1104913,1089,0.87
1104913,1087,17.0
1104913,2047,359.0
1104913,2048,367.0
1104962,1014,0.0
1104962,1004,0.13
1104962,1095,0.12
1104962,1002,0.14
1104962,1063,5.76
1104962,1008,35.0
1104962,1012,2.52
1104962,1013,0.0
1104962,1005,7.68
1104962,1098,0.047
1104962,1010,0.59
1104962,1093,2.0
1104962,1087,21.0
1104962,1089,0.15
1104962,1079,1.2
1104962,1101,0.099
1104962,1003,0.89
1104962,1075,0.03
1104962,1091,29.0
1104962,1011,2.63
1104962,1103,0.0
1104962,1090,9.3
1104962,1007,0.0
1104962,1051,91.3
1104962,1092,141.0
1104962,1062,148.0
1104962,2047,36.0
1104962,2048,33.0
1105073,2033,2.02
1105073,1120,0.0
1105073,1159,1.0
1105073,1184,0.0
1105073,1039,290.0
1105073,1108,8.0
1105073,2032,0.0
1105073,1063,15.8
1105073,1079,1.7
1105073,2029,0.0
1105073,1003,0.73
1105073,1051,78.3
1105073,1062,357.0
1105073,1008,85.0
1105073,1161,0.0
1105073,1160,0.0
1105073,1009,0.41
1105073,1166,0.0
1105073,1050,18.0
1105073,1075,0.0
1105073,1107,10.0
1105073,1106,1.0
1105073,1175,0.234
1105073,1005,20.1
1105073,1176,0.0
1105073,1011,7.0
1105073,1032,279.0
1105073,1007,0.67
1105073,1165,0.04
1105073,1014,0.0
1105073,1012,6.7
1105073,1002,0.12
1105073,1183,0.0
1105073,1010,2.1
1105073,2028,9.0
1105073,1004,0.22
1105073,1013,0.0
1105073,1185,0.2
1105073,1177,25.0
1105073,1167,0.57
1105073,1162,9.7
1105073,2047,85.0
1105073,2048,77.0
1105314,1014,0.0
1105314,1075,0.0
1105314,1013,0.0
1105314,1175,0.209
1105314,2029,0.0
1105314,1098,0.101
1105314,1161,0.0
1105314,1095,0.16
1105314,1107,8.0
1105314,1039,369.0
1105314,1162,12.3
1105314,1091,22.0
1105314,1008,97.0
1105314,1002,0.12
1105314,1010,4.18
1105314,1103,0.0
1105314,1005,23.0
1105314,1092,326.0
1105314,1087,5.0
1105314,1165,0.056
1105314,1090,28.0
1105314,2033,4.62
1105314,1011,5.55
1105314,1108,7.0
1105314,1089,0.0
1105314,1106,1.0
1105314,1166,0.0
1105314,1050,21.2
1105314,1063,15.8
1105314,1012,6.09
1105314,1032,341.0
1105314,2028,7.0
1105314,1120,0.0
1105314,1183,0.0
1105314,1101,0.258
1105314,1062,408.0
1105314,1177,14.0
1105314,1093,0.0
1105314,1051,75.3
1105314,1185,0.1
1105314,1159,1.0
1105314,1167,0.662
1105314,1184,0.0
1105314,1100,0.0
1105314,1079,1.7
1105314,1004,0.29
1105314,1007,0.7
1105314,1009,3.66
1105314,2032,0.0
1105314,1176,0.0
1105314,1003,0.74
1105314,1160,0.0
1105314,2047,98.0
1105314,2048,88.0
1750339,1063,12.221
1750339,1050,14.263
1750339,2048,55.622745
1750339,2047,61.7893
1750339,1005,14.7817
1750339,1003,0.1875
1750339,1011,3.092
1750339,1007,0.1483
1750339,1092,95.31
1750339,1002,0.03
1750339,1012,7.81
1750339,1013,0.0
1750339,1051,84.67
1750339,1093,0.0
1750339,1089,0.0
1750339,1175,0.02131
1750339,1177,0.0
1750339,1010,1.319
1750339,1166,0.06625
1750339,1079,2.043
1750339,1090,4.695
1750339,2000,12.22
1750339,1091,9.183
1750339,1004,0.2125
1750339,1167,0.09
1750339,1087,4.656
1750339,1101,0.02948
1750339,1165,0.00875
1750339,1095,0.01964
1750339,1014,0.0
1750339,1098,0.02429
1750340,1063,13.332
1750340,1050,15.405
1750340,2048,58.20306
1750340,2047,64.6609
1750340,1005,15.6511625
1750340,1003,0.1484375
1750340,1101,0.03263
1750340,1079,2.075
1750340,1090,4.67
1750340,1091,9.78
1750340,1093,1.013
1750340,1098,0.03279
1750340,1051,83.61
1750340,1004,0.1625
1750340,1087,5.975
1750340,1010,1.704
1750340,1092,103.8
1750340,1013,0.0
1750340,1002,0.02375
1750340,1014,0.0
1750340,1095,0.01676
1750340,1167,0.09063
1750340,1007,0.4279
1750340,1165,0.00625
1750340,1175,0.03544
1750340,1166,0.0675
1750340,1012,8.59
1750340,1089,0.015
1750340,2000,13.33
1750340,1011,3.038
1750340,1177,0.0
1750341,1063,11.835
1750341,1050,13.939
1750341,2048,54.866865
1750341,2047,60.9536
1750341,1005,14.7680875
1750341,1003,0.1328125
1750341,1090,4.947
1750341,1101,0.04004
1750341,1004,0.15
1750341,1012,7.763
1750341,1011,2.014
1750341,1013,0.0
1750341,1087,6.639
1750341,1095,0.02349
1750341,1166,0.06875
1750341,1092,105.9
1750341,2000,11.83
1750341,1014,0.0
1750341,1089,0.06013
1750341,1079,2.109
1750341,1093,0.2788
1750341,1177,0.8125
1750341,1010,2.058
1750341,1002,0.02125
1750341,1051,84.65
1750341,1175,0.03175
1750341,1098,0.03394
1750341,1167,0.08938
1750341,1091,8.435
1750341,1165,0.01125
1750341,1007,0.2991
1750342,1063,10.651
1750342,1050,13.164
1750342,2048,52.958085
1750342,2047,58.8719
1750342,1005,14.142975
1750342,1003,0.265625
1750342,1011,2.678
1750342,1177,0.0
1750342,1092,115.9
1750342,1093,0.0
1750342,1002,0.0425
1750342,1087,5.483
1750342,1007,0.3139
1750342,2000,10.65
1750342,1167,0.11
1750342,1165,0.01688
1750342,1014,0.0
1750342,1004,0.1375
1750342,1098,0.03544
1750342,1051,85.14
1750342,1095,0.02276
1750342,1166,0.075
1750342,1089,0.06963
1750342,1101,0.03934
1750342,1079,2.514
1750342,1010,1.611
1750342,1090,5.055
1750342,1175,0.02788
1750342,1012,6.362
1750342,1091,9.859
1750342,1013,0.0
1750343,1063,12.368
1750343,1050,14.091
1750343,2048,54.033225
1750343,2047,60.034
1750343,1005,14.6819375
1750343,1003,0.1015625
1750343,1011,2.306
1750343,1012,8.751
1750343,1165,0.00875
1750343,1177,0.0
1750343,2000,12.37
1750343,1093,0.1375
1750343,1010,1.311
1750343,1095,0.01828
1750343,1167,0.07375
1750343,1004,0.1
1750343,1089,0.0
1750343,1166,0.07375
1750343,1098,0.0234
1750343,1013,0.0
1750343,1007,0.0865
1750343,1051,85.03
1750343,1091,7.852
1750343,1002,0.01625
1750343,1014,0.0
1750343,1175,0.03275
1750343,1092,98.04
1750343,1101,0.0397
1750343,1090,4.151
1750343,1079,1.721
1750343,1087,3.874
1750348,1185,4.263
1750348,2026,0.01729
1750348,2025,0.0
1750348,2024,0.0
1750348,2023,0.001125
1750348,2022,0.002713
1750348,2020,0.001338
1750348,2018,0.3175
1750348,2017,0.139
1750348,2016,19.58129
1750348,2010,0.05516
1750348,1331,0.0
1750348,1329,0.03371
1750348,1317,0.136013
1750348,1085,93.4325
1750348,1265,8.26
1750348,1305,0.0
1750348,2013,0.0
1750348,2008,0.0
1750348,2015,0.002913
1750348,1316,19.56
1750348,2019,0.0
1750348,1260,3.75e-05
1750348,1289,0.14
1750348,1314,0.07491
1750348,2005,0.0
1750348,1266,2.576
1750348,1127,0.4863
1750348,1273,2.576
1750348,1300,0.07216
1750348,1131,0.0
1750348,1296,16.38
1750348,2007,0.0
1750348,1272,0.0
1750348,1335,0.0
1750348,1264,0.03971
1750348,1125,0.438
1750348,2009,0.0
1750348,1278,0.001125
1750348,1333,0.0
1750348,1109,15.23
1750348,1294,3.583
1750348,2004,0.0
1750348,1267,1.14
1750348,1405,0.001338
1750348,1301,1.475
1750348,1288,122.2
1750348,1271,0.002713
1750348,2014,0.1331
1750348,1280,0.0
1750348,1323,0.05516
1750348,1261,0.004
1750348,1259,0.0045
1750348,2021,0.01275
1750348,1262,0.00625
1750348,1321,0.0
1750348,1129,0.0
1750348,1312,0.01296
1750348,1183,0.0
1750348,1276,0.0
1750348,1258,16.2
1750348,1263,0.01663
1750348,1303,0.0
1750348,1406,0.0
1750348,1130,0.0
1750348,1257,0.1725
1750348,1311,0.02129
1750348,1128,0.0
1750348,1304,0.03371
1750348,1285,17.81
1750348,1313,0.01729
1750348,1126,13.37
1750348,1286,32.96
1750348,1287,0.0
1750348,1184,0.0
1750348,1315,55.45
1750348,2006,0.02121
1750348,2053,0.0
1750348,1404,0.3175
1750348,1292,57.14
1750348,1293,19.92
1750348,1334,0.001163
1750348,2052,8.228
1750348,2003,0.0
1750348,1299,0.0105
1750348,1306,0.139
1750348,2012,1.414
1750348,1411,0.0007125
1750348,1414,0.0
1750348,1281,0.0
1750349,1185,6.925
1750349,2026,0.004875
1750349,2025,0.0
1750349,2024,0.0
1750349,2023,0.002375
1750349,2022,0.002375
1750349,2020,0.000125
1750349,2018,0.162925
1750349,2017,0.08244
1750349,2016,20.55904
1750349,2010,0.03913
1750349,1331,0.0
1750349,1329,0.03488
1750349,1317,0.006
1750349,1085,93.1873
1750349,1334,0.000625
1750349,2007,0.0
1750349,1296,11.41
1750349,1294,3.364
1750349,1127,0.0
1750349,1128,0.0
1750349,1263,0.0035
1750349,2009,0.0
1750349,1109,68.48
1750349,1286,33.9
1750349,1288,204.6
1750349,1131,0.0
1750349,1259,0.00425
1750349,1315,62.93
1750349,1313,0.004875
1750349,1311,0.02904
1750349,2052,59.13
1750349,1303,0.0
1750349,1261,0.001375
1750349,2012,0.2558
1750349,1316,20.53
1750349,1306,0.08244
1750349,1281,0.0
1750349,1335,0.0
1750349,2003,0.0
1750349,2019,0.0
1750349,2014,0.006
1750349,1301,0.3099
1750349,1278,0.002375
1750349,1271,0.002375
1750349,1272,0.0
1750349,1414,0.0
1750349,1129,0.0
1750349,1130,0.0
1750349,1285,29.22
1750349,1323,0.03913
1750349,1292,63.37
1750349,1321,0.000125
1750349,1258,8.991
1750349,1405,0.000125
1750349,1280,0.0
1750349,1314,0.1221
1750349,1299,0.01819
1750349,1305,0.0
1750349,2008,0.0
1750349,1289,0.04219
1750349,2015,0.0
1750349,1276,0.000125
1750349,1267,0.2735
1750349,1287,0.0
1750349,1304,0.03488
1750349,1333,0.0
1750349,1312,0.01156
1750349,1300,0.02863
1750349,1293,20.71
1750349,1183,0.0
1750349,2021,0.004188
1750349,1125,2.544
1750349,2013,0.0
1750349,1184,0.0
1750349,1406,0.0
1750349,1126,0.9265
1750349,1265,4.477
1750349,2005,0.0
1750349,2004,0.0
1750349,1266,2.987
1750349,1260,0.000125
1750349,1411,0.000625
1750349,1404,0.1628
1750349,2006,0.01288
1750349,1273,0.8204
1750349,2053,0.0
1750349,1264,0.04894
1750349,1262,0.005438
1750349,1257,0.1163
1750350,1185,5.344
1750350,2026,0.003625
1750350,2025,0.0
1750350,2024,0.0
1750350,2023,0.00075
1750350,2022,0.000375
1750350,2020,0.0004375
1750350,2018,0.1498
1750350,2017,0.09056
1750350,2016,13.64056
1750350,2010,0.04063
1750350,1331,0.0
1750350,1329,0.040505
1750350,1317,0.01231
1750350,1085,93.2004
1750350,1313,0.003625
1750350,1315,70.99
1750350,1264,0.07356
1750350,1300,0.02844
1750350,1406,0.0
1750350,1281,0.000125
1750350,1311,0.02056
1750350,2013,0.0
1750350,1261,0.002438
1750350,1263,0.003875
1750350,2009,0.0
1750350,1271,0.000375
1750350,1288,148.4
1750350,1258,7.651
1750350,1334,0.006875
1750350,1312,0.1741
1750350,1292,71.63
1750350,1266,1.955
1750350,1273,0.3079
1750350,1276,0.0
1750350,1131,0.0
1750350,1127,0.655
1750350,1296,14.01
1750350,1314,0.09225
1750350,2007,0.0
1750350,1321,0.0
1750350,1301,0.1887
1750350,1126,3.515
1750350,1272,0.0
1750350,2014,0.01231
1750350,2003,0.0
1750350,1128,0.0
1750350,1278,0.00075
1750350,1293,13.79
1750350,1299,0.01625
1750350,1267,0.3999
1750350,1257,0.1294
1750350,1109,45.95
1750350,2012,0.3231
1750350,2019,0.0
1750350,2005,0.0
1750350,1316,13.62
1750350,1262,0.0045
1750350,1411,0.0
1750350,1129,0.0
1750350,1304,0.04038
1750350,1333,0.0
1750350,1265,4.658
1750350,2006,0.00975
1750350,1259,0.004063
1750350,2015,0.0
1750350,2004,0.0
1750350,1184,0.0
1750350,1287,0.0
1750350,1404,0.1498
1750350,1286,35.46
1750350,1183,0.0
1750350,1130,0.0
1750350,1303,0.0
1750350,1306,0.09056
1750350,1323,0.04063
1750350,1260,0.00025
1750350,1335,0.0
1750350,2008,0.0
1750350,2052,50.79
1750350,1414,0.0
1750350,1280,0.0
1750350,1125,1.243
1750350,2053,0.0
1750350,1289,1.094
1750350,2021,0.005688
1750350,1305,0.0
1750350,1405,0.0004375
1750350,1294,11.81
1750350,1285,16.88
1750351,1185,26.04
1750351,2026,0.00225
1750351,2025,0.0
1750351,2024,0.0
1750351,2023,0.000625
1750351,2022,0.0435
1750351,2020,0.0
1750351,2018,0.6067625
1750351,2017,0.04938
1750351,2016,9.74185
1750351,2010,0.1269
1750351,1331,0.0
1750351,1329,0.069005
1750351,1317,0.004125
1750351,1085,92.9356
1750351,1272,0.0
1750351,1131,0.0
1750351,1271,0.0435
1750351,2006,0.01894
1750351,1267,0.4017
1750351,1406,0.0
1750351,2009,0.0
1750351,1264,0.0145
1750351,1316,9.712
1750351,1262,0.002875
1750351,1259,0.004188
1750351,1266,2.679
1750351,1109,20.88
1750351,2015,0.0
1750351,2007,0.0
1750351,1127,0.0
1750351,1321,6.25e-05
1750351,2004,0.0
1750351,1130,0.0
1750351,1334,0.000375
1750351,1278,0.000625
1750351,2019,0.0
1750351,1333,0.0
1750351,1335,0.0
1750351,1125,0.0
1750351,1260,0.0
1750351,2021,0.003813
1750351,2013,0.0
1750351,1289,0.0
1750351,1287,0.0
1750351,1414,0.0
1750351,1296,12.06
1750351,1286,5.337
1750351,1300,0.069
1750351,2052,22.39
1750351,1281,0.0
1750351,1313,0.00225
1750351,1184,0.0
1750351,1280,0.0
1750351,1304,0.06888
1750351,1311,0.02985
1750351,1293,10.37
1750351,1301,0.06469
1750351,1288,128.0
1750351,1314,1.173
1750351,1312,0.0
1750351,1305,0.0
1750351,1285,1.449
1750351,1306,0.04938
1750351,1294,3.258
1750351,2053,0.0
1750351,1299,0.00675
1750351,1315,65.03
1750351,1292,66.63
1750351,1183,0.0
1750351,1411,0.00025
1750351,1303,0.000125
1750351,1128,0.0
1750351,2014,0.004125
1750351,1129,0.0
1750351,1323,0.1269
1750351,1257,0.1156
1750351,1265,12.43
1750351,1261,0.003
1750351,1258,15.82
1750351,1276,0.0
1750351,2005,0.0
1750351,1405,0.0
1750351,2008,0.0
1750351,1273,0.1203
1750351,2012,0.3009
1750351,2003,0.0
1750351,1263,0.001813
1750351,1404,0.6067
1750351,1126,1.779
1999626,1219,1.64
1999626,1214,1.204
1999626,1211,0.899
1999626,1217,0.703
1999626,1213,1.329
1999626,1212,0.748
1999626,1221,0.449
1999626,1215,0.267
1999626,1210,0.326
1999626,2069,16.3
1999626,2058,2.75
1999626,1079,4.376
1999626,1110,0.848
1999626,2048,35.107387
1999626,2047,42.6655
1999626,1114,0.0212
1999626,1005,7.5897
1999626,1003,2.5
1999626,1176,16.93
1999626,1090,11.72
1999626,1177,29.58
1999626,1175,0.0655
1999626,1051,88.57
1999626,1007,1.084
1999626,1004,0.2563
1999626,1098,0.1771
1999626,1111,0.02125
1999626,2061,0.8194
1999626,1167,1.626
1999626,1092,443.3
1999626,1284,68.09
1999626,1103,1.773
1999626,1288,0.0
1999626,1091,93.95
1999626,1166,0.3631
1999626,1095,0.7448
1999626,1286,0.0
1999626,1285,0.0
1999626,1089,0.6883
1999626,1093,0.3363
1999626,2059,0.0
1999626,2060,2.516
1999626,2062,4.409
1999626,1087,0.0
1999626,1296,0.0
1999626,2057,17.19
1999626,1294,0.0
1999626,2052,0.0
1999626,1101,0.1796
1999626,1165,0.1463
1999626,1002,0.4
1999627,1219,1.649
1999627,1214,1.329
1999627,1211,1.17
1999627,1217,0.989
1999627,1213,1.512
1999627,1212,0.923
1999627,1221,0.574
1999627,1210,0.381
1999627,1215,0.356
1999627,2069,17.5
1999627,1079,2.85
1999627,2058,1.92
1999627,1110,1.62
1999627,2048,33.31965
1999627,2047,41.0475
1999627,1114,0.0406
1999627,1005,6.94125
1999627,1003,2.89875
1999627,1090,13.91
1999627,1092,281.6
1999627,1004,0.1875
1999627,2057,14.0
1999627,1089,0.6981
1999627,1294,0.0
1999627,1177,63.14
1999627,1093,1.128
1999627,1103,1.379
1999627,1095,0.6843
1999627,1286,0.0
1999627,1166,0.2438
1999627,2059,0.0
1999627,1007,0.7325
1999627,1296,0.0
1999627,1176,7.038
1999627,1175,0.09888
1999627,1002,0.4638
1999627,1165,0.07
1999627,1051,89.24
1999627,1091,86.24
1999627,1101,0.08554
1999627,1111,0.04063
1999627,1087,0.0
1999627,2052,0.0
1999627,2062,8.43
1999627,1288,0.0
1999627,1167,5.751
1999627,1285,0.0
1999627,2061,0.88
1999627,2060,1.306
1999627,1284,58.49
1999627,1098,0.1064
1999628,1219,1.637
1999628,1214,1.168
1999628,1211,0.991
1999628,1217,0.787
1999628,1213,1.313
1999628,1212,0.786
1999628,1221,0.439
1999628,1210,0.288
1999628,1215,0.273
1999628,2069,12.8
1999628,1079,4.166
1999628,2058,2.92
1999628,1110,2.25
1999628,2048,36.3915875
1999628,2047,44.095
1999628,1114,0.0562
1999628,1005,8.170625
1999628,1003,2.414375
1999628,1101,0.1734
1999628,1175,0.1593
1999628,1051,88.6
1999628,1296,0.0
1999628,1098,0.04978
1999628,1111,0.05625
1999628,1285,0.0
1999628,1294,0.0
1999628,1092,243.0
1999628,1167,2.741
1999628,1090,14.06
1999628,2059,0.0
1999628,1166,0.2163
1999628,2061,1.507
1999628,2052,0.0
1999628,1004,0.195
1999628,1002,0.3863
1999628,1093,0.9363
1999628,1176,6.05
1999628,1095,0.7641
1999628,1103,1.244
1999628,1284,61.16
1999628,1087,0.7663
1999628,2057,11.06
1999628,2062,3.607
1999628,1288,0.0
1999628,1089,0.1443
1999628,1177,32.13
1999628,1091,75.82
1999628,1165,0.00125
1999628,1007,0.62
1999628,2060,6.409
1999628,1286,0.0
1999629,1219,2.483
1999629,1214,1.702
1999629,1211,1.408
1999629,1217,1.118
1999629,1213,1.878
1999629,1212,1.152
1999629,1221,0.655
1999629,1215,0.37
1999629,1210,0.477
1999629,2069,4.3
1999629,2058,0.75
1999629,1079,1.717
1999629,1110,0.868
1999629,2048,24.8732585
1999629,2047,31.2172
1999629,1114,0.0217
1999629,1005,4.079375
1999629,1003,2.890625
1999629,1167,3.883
1999629,1092,373.0
1999629,2060,1.634
1999629,1285,0.0
1999629,1103,20.05
1999629,1091,93.05
1999629,2061,1.543
1999629,1288,0.0
1999629,1098,0.3888
1999629,1090,10.16
1999629,1051,91.83
1999629,1286,0.0
1999629,1095,0.511
1999629,1176,9.067
1999629,2057,4.25
1999629,1111,0.02167
1999629,1284,55.6
1999629,1087,5.465
1999629,1177,34.76
1999629,2052,0.0
1999629,1175,0.07683
1999629,1089,0.2267
1999629,1101,0.0538
1999629,1007,0.8292
1999629,2062,5.841
1999629,1002,0.4625
1999629,1093,6.443
1999629,1296,0.0
1999629,2059,0.0
1999629,1294,0.0
1999629,1004,0.3708
1999629,1165,0.065
1999629,1166,0.4442
1999630,2026,0.0005625
1999630,2025,0.0
1999630,2024,0.0
1999630,2023,0.0
1999630,2022,0.0
1999630,2020,0.0
1999630,2018,0.1664
1999630,2017,0.001125
1999630,2016,0.9878
1999630,2010,0.001
1999630,1331,0.0
1999630,1329,0.0008125
1999630,1317,0.0
1999630,1123,8.2245
1999630,1122,0.0
1999630,1107,0.0
1999630,1085,1.8841
1999630,1063,0.5569
1999630,1110,27.2
1999630,2048,38.485
1999630,2047,38.485
1999630,1114,0.681
1999630,1106,58.2
1999630,1005,1.293125
1999630,1003,3.546875
1999630,1119,7.259
1999630,1333,0.0
1999630,1051,92.4
1999630,2014,0.0
1999630,1224,0.6194
1999630,1316,0.9878
1999630,1292,0.4163
1999630,1101,0.2077
1999630,1004,2.125
1999630,2050,18.81
1999630,1128,0.0
1999630,2049,12.91
1999630,2021,0.0
1999630,2003,0.0
1999630,1305,0.0
1999630,1007,0.635
1999630,1217,0.175
1999630,1161,0.9655
1999630,1215,0.04625
1999630,1120,0.0
1999630,1160,0.0
1999630,1259,0.0
1999630,1220,0.2688
1999630,2004,0.0
1999630,1273,0.00675
1999630,2032,0.0
1999630,2005,0.0
1999630,1227,0.1675
1999630,1225,0.1413
1999630,1126,1.42
1999630,2015,0.0
1999630,1095,0.3118
1999630,1266,0.07281
1999630,1002,0.5675
1999630,1211,0.1281
1999630,1276,0.0
1999630,2028,0.0
1999630,1076,0.06653
1999630,1130,0.0
1999630,1166,0.084
1999630,1012,0.0
1999630,1411,0.0
1999630,1304,0.0008125
1999630,1299,0.001688
1999630,1112,0.0
1999630,1125,0.0
1999630,1105,58.23
1999630,1159,0.0
1999630,1013,0.0
1999630,1414,0.0
1999630,1335,0.0
1999630,2029,0.0
1999630,1315,0.4092
1999630,1222,0.1394
1999630,1102,58.38
1999630,1261,0.0
1999630,1260,0.0
1999630,2009,0.0
1999630,1340,0.4569
1999630,2013,0.0
1999630,1278,0.0
1999630,1108,0.0
1999630,1272,0.0
1999630,1011,0.0
1999630,1306,0.001125
1999630,1341,0.3801
1999630,1075,0.0
1999630,1098,0.1078
1999630,1232,0.0575
1999630,1087,101.0
1999630,1091,68.65
1999630,1223,0.3963
1999630,1014,0.0
1999630,1176,3.338
1999630,1321,0.0
1999630,1212,0.145
1999630,1100,0.0
1999630,1079,0.0
1999630,1267,0.005625
1999630,1263,0.0
1999630,1300,0.002
1999630,1131,0.0
1999630,1265,0.2182
1999630,1226,0.137
1999630,1314,0.001938
1999630,1312,0.0
1999630,1127,0.8742
1999630,1334,0.0
1999630,2051,1.365
1999630,1210,0.04625
1999630,1111,0.6814
1999630,1404,0.1664
1999630,1167,0.2356
1999630,1118,0.0
1999630,1092,158.2
1999630,1313,0.0005625
1999630,1406,0.0
1999630,1109,0.1557
1999630,1077,0.4344
1999630,1293,1.154
1999630,1303,0.0
1999630,1258,0.3138
1999630,1103,1.942
1999630,1257,0.0
1999630,1213,0.2494
1999630,1214,0.2206
1999630,1271,0.0
1999630,1264,0.003813
1999630,1129,0.0
1999630,2063,0.02625
1999630,1178,0.3931
1999630,1089,0.5416
1999630,2008,0.0
1999630,1093,34.28
1999630,1228,0.0
1999630,1177,19.69
1999630,1010,0.5569
1999630,2019,0.0
1999630,1175,0.05525
1999630,1301,0.002313
1999630,1323,0.001
1999630,2012,0.004813
1999630,1218,0.1238
1999630,1405,0.0
1999630,1311,0.0
1999630,1280,0.0
1999630,1090,21.54
1999630,1221,0.0975
1999630,1281,0.0
1999630,1219,0.1419
1999630,2006,0.0
1999630,2007,0.0
1999630,1165,0.06319
1999630,1262,0.0
1999631,2026,0.0
1999631,2025,0.0
1999631,2024,0.0
1999631,2023,0.0
1999631,2022,0.0
1999631,2020,0.0
1999631,2018,0.000625
1999631,2017,0.000125
1999631,2016,0.2756
1999631,2010,0.00125
1999631,1331,0.0
1999631,1329,0.0
1999631,1317,0.0
1999631,1085,1.1089
1999631,1063,0.0
1999631,1110,37.1
1999631,2048,14.5562
1999631,2047,14.5562
1999631,1114,0.927
1999631,1106,41.4
1999631,1005,0.3371125
1999631,1003,0.5546875
1999631,1007,0.4872
1999631,1267,0.0
1999631,1011,0.0
1999631,1010,0.0
1999631,1004,1.221
1999631,1260,0.0
1999631,1013,0.0
1999631,1272,0.0
1999631,1014,0.0
1999631,1263,0.0
1999631,1265,0.07781
1999631,1264,0.002375
1999631,1273,0.0
1999631,1012,0.0
1999631,1278,0.0
1999631,1261,0.0
1999631,1276,0.0
1999631,1262,0.0
1999631,1266,0.0195
1999631,1271,0.0
1999631,1292,0.7288
1999631,1300,0.000875
1999631,1090,6.785
1999631,1293,0.2763
1999631,2012,0.000875
1999631,1092,30.79
1999631,1304,0.0
1999631,1128,0.0
1999631,1098,0.02126
1999631,2015,0.0
1999631,1131,0.0
1999631,1127,0.0
1999631,1109,3.323
1999631,2004,0.0
1999631,1100,0.0
1999631,1280,0.0
1999631,1333,0.0
1999631,1404,0.000625
1999631,1335,0.0
1999631,1306,0.000125
1999631,1165,0.0
1999631,1130,0.0
1999631,2007,0.0
1999631,1311,0.0
1999631,1303,0.0
1999631,1315,0.7207
1999631,1177,0.0
1999631,2063,0.0
1999631,2019,0.0
1999631,2013,0.0
1999631,1259,0.003688
1999631,2009,0.0
1999631,2003,0.0
1999631,1126,0.02746
1999631,1176,1.019
1999631,1411,0.0
1999631,1095,0.1718
1999631,1125,0.0
1999631,2006,0.0
1999631,1002,0.08875
1999631,1077,0.0075
1999631,1075,0.0
1999631,1087,172.7
1999631,2021,0.0
1999631,1258,0.1038
1999631,1257,0.0
1999631,1112,0.0
1999631,1299,0.00125
1999631,1079,0.0
1999631,1414,0.0
1999631,2014,0.0
1999631,1314,0.005813
1999631,2005,0.0
1999631,1312,0.0
1999631,1305,0.0
1999631,1178,0.3375
1999631,1093,59.58
1999631,1301,0.0
1999631,1102,0.0
1999631,1111,0.9266
1999631,1103,0.0
1999631,1091,29.85
1999631,1405,0.0
1999631,1105,41.42
1999631,1175,0.0
1999631,1089,0.2899
1999631,2008,0.0
1999631,1323,0.00125
1999631,1334,0.0
1999631,1129,0.0
1999631,1101,0.04497
1999631,1321,0.0
1999631,1167,0.07438
1999631,1313,0.0
1999631,1166,0.03339
1999631,1406,0.0
1999631,1281,0.0
1999631,1316,0.2756
1999631,1076,0.007875
1999631,1051,97.4
1999632,1050,1.558
1999632,1123,6020.3
1999632,2048,20.72851125
1999632,2047,26.602
1999632,1106,283.0
1999632,1005,2.406325
1999632,1003,2.851875
1999632,1091,39.05
1999632,1002,0.4563
1999632,1095,0.4471
1999632,1166,0.1935
1999632,1004,0.6188
1999632,1092,581.8
1999632,1107,3400.0
1999632,1165,0.07688
1999632,1177,116.5
1999632,1122,0.0
1999632,1051,92.52
1999632,1108,0.0
1999632,1121,5829.0
1999632,1167,0.5506
1999632,1176,1.661
1999632,1118,0.0
1999632,1101,0.4884
1999632,1087,68.35
1999632,1089,1.261
1999632,1079,1.558
1999632,2032,0.0
1999632,1100,0.0
1999632,1161,0.0
1999632,1103,0.0
1999632,1098,0.08181
1999632,1175,0.1946
1999632,1090,92.86
1999632,1119,191.3
1999632,1120,0.0
1999632,1007,1.603
1999632,1093,111.4
1999632,1162,26.52
1999633,1123,7917.5
1999633,2048,21.5796975
1999633,2047,27.63
1999633,1106,306.0
1999633,1005,2.64135
1999633,1003,2.90625
1999633,1090,92.96
1999633,1119,466.5
1999633,1051,92.43
1999633,1079,1.588
1999633,2032,0.0
1999633,1101,0.4257
1999633,1161,0.0
1999633,1167,0.51
1999633,1100,6.088
1999633,1098,0.07883
1999633,1095,0.4229
1999633,1165,0.0765
1999633,1121,7451.0
1999633,1091,40.56
1999633,1118,0.0
1999633,1122,0.0
1999633,1089,1.054
1999633,1162,30.27
1999633,1107,3668.75
1999633,1004,0.6044
1999633,1175,0.2143
1999633,1176,4.252
1999633,1087,66.64
1999633,1177,113.4
1999633,1108,0.0
1999633,1120,10.0
1999633,1007,1.418
1999633,1002,0.465
1999633,1103,0.0
1999633,1166,0.192
1999633,1093,106.6
1999633,1092,459.7
1999634,1123,56.0
1999634,2048,18.95436075
1999634,2047,21.9574
1999634,1106,23.9
1999634,1005,3.837475
1999634,1003,0.695625
1999634,1101,0.0869
1999634,1090,8.089
1999634,1004,0.425
1999634,1103,0.0
1999634,1093,0.0
1999634,1002,0.1113
1999634,1177,9.994
1999634,1098,0.03198
1999634,1107,275.5
1999634,1175,0.07894
1999634,1118,2.125
1999634,1165,0.05575
1999634,1108,0.875
1999634,1120,19.06
1999634,2032,9.625
1999634,1007,0.3119
1999634,1092,192.8
1999634,1051,94.73
1999634,1176,0.4688
1999634,1161,0.0
1999634,1079,0.9706
1999634,1091,19.09
1999634,1095,0.08245
1999634,1122,2863.0
1999634,1121,56.0
1999634,1166,0.0
1999634,1167,0.5331
1999634,1089,0.1031
1999634,1119,0.0
1999634,1162,17.75
1999634,1087,9.963
2003586,2048,365.610744
2003586,2047,357.0648
2003586,1005,74.4462
2003586,1003,11.4
2003586,1092,135.5
2003586,1089,0.9863
2003586,1177,13.46
2003586,1167,1.364
2003586,1165,0.125
2003586,1007,0.4638
2003586,1166,0.09125
2003586,1079,2.656
2003586,1004,1.52
2003586,1102,34.41
2003586,1090,25.8
2003586,1087,18.68
2003586,1101,0.5516
2003586,1103,10.3
2003586,1002,1.824
2003586,1091,106.2
2003586,1095,0.791
2003586,1051,12.17
2003586,1175,0.05513
2003586,1093,0.0
2003586,1098,0.1675
2003587,1176,10.43
2003587,2048,340.5831
2003587,2047,363.679
2003587,1005,70.723
2003587,1003,14.475
2003587,1051,10.72
2003587,1175,0.2355
2003587,1167,5.466
2003587,1004,2.543
2003587,1102,91.87
2003587,1091,361.7
2003587,1079,9.339
2003587,1089,3.769
2003587,1002,2.316
2003587,1165,0.2981
2003587,1177,38.42
2003587,1092,349.8
2003587,1007,1.539
2003587,1093,0.0
2003587,1098,0.5313
2003587,1087,30.04
2003587,1101,2.943
2003587,1103,9.479
2003587,1095,3.591
2003587,1090,123.8
2003587,1166,0.1431
2003588,2048,365.0310665
2003588,2047,356.5918
2003588,1005,73.82345
2003588,1003,11.73125
2003588,1090,35.21
2003588,1079,3.216
2003588,1051,12.24
2003588,1103,29.79
2003588,1175,0.08283
2003588,1167,3.632
2003588,1177,167.7
2003588,1089,1.547
2003588,1098,0.2273
2003588,1002,1.877
2003588,1091,129.8
2003588,1004,1.597
2003588,1093,0.0
2003588,1101,0.647
2003588,1165,0.405
2003588,1166,0.2467
2003588,1087,17.16
2003588,1092,173.8
2003588,1095,0.947
2003588,1102,38.26
2003588,1007,0.6083
2003589,2048,365.9569125
2003589,2047,357.81
2003589,1005,71.98575
2003589,1003,13.33125
2003589,1089,2.431
2003589,1087,19.76
2003589,1090,46.28
2003589,1101,0.842
2003589,1051,12.11
2003589,1103,44.07
2003589,1165,0.695
2003589,1102,47.91
2003589,1007,0.735
2003589,1093,0.4263
2003589,1177,163.6
2003589,1175,0.1082
2003589,1004,1.838
2003589,1079,3.683
2003589,1091,163.1
2003589,1092,207.8
2003589,1002,2.133
2003589,1098,0.2855
2003589,1166,0.34
2003589,1167,5.599
2003589,1095,1.24
2003590,1063,10.295
2003590,2048,47.231814
2003590,2047,48.3763
2003590,1005,11.3639625
2003590,1003,0.0859375
2003590,1007,0.1238
2003590,1098,0.003401
2003590,1032,0.0
2003590,1012,5.699
2003590,1004,0.2863
2003590,1041,0.0
2003590,1089,0.04016
2003590,1075,0.0
2003590,1175,0.01388
2003590,1013,0.0
2003590,1014,0.0
2003590,1002,0.01375
2003590,1051,88.14
2003590,1090,4.861
2003590,1101,0.0271
2003590,1177,3.088
2003590,1095,0.002125
2003590,1087,7.099
2003590,1011,3.208
2003590,1162,51.16
2003590,1093,4.872
2003590,1010,1.388
2003590,1092,95.87
2003590,1165,0.0
2003590,1044,0.0
2003590,1091,5.987
2003590,1039,360.0
2003590,1167,0.01031
2003591,1063,8.276
2003591,2048,45.723
2003591,2047,47.225
2003591,1005,10.340625
2003591,1003,0.734375
2003591,1012,2.096
2003591,1075,0.0
2003591,1095,0.03189
2003591,1093,5.231
2003591,1167,0.04031
2003591,1044,12.34
2003591,1177,29.85
2003591,1002,0.1175
2003591,1101,0.02986
2003591,1010,4.386
2003591,1014,0.0
2003591,1032,705.8
2003591,1007,0.35
2003591,1092,179.5
2003591,1087,12.81
2003591,1013,0.0
2003591,1089,0.06458
2003591,1165,0.07006
2003591,1090,10.64
2003591,1004,0.325
2003591,1041,0.0
2003591,1175,0.04288
2003591,1098,0.03218
2003591,1039,161.3
2003591,1011,1.794
2003591,1091,18.15
2003591,1051,88.25
2003591,1162,26.89
2003592,1063,14.036
2003592,2048,64.513952
2003592,2047,66.1099
2003592,1005,15.6227875
2003592,1003,0.2578125
2003592,1177,0.6644
2003592,1012,7.422
2003592,1075,0.0
2003592,1098,0.01469
2003592,1011,6.614
2003592,1013,0.0
2003592,1039,227.7
2003592,1101,0.1658
2003592,1051,83.71
2003592,1095,0.0571
2003592,1175,0.03869
2003592,1044,0.0
2003592,1090,7.873
2003592,1010,0.0
2003592,1002,0.04125
2003592,1167,0.01638
2003592,1007,0.1219
2003592,1091,11.95
2003592,1165,0.02588
2003592,1093,4.019
2003592,1014,0.0
2003592,1162,45.61
2003592,1087,9.741
2003592,1092,49.78
2003592,1041,0.0
2003592,1032,110.2
2003592,1089,0.04092
2003592,1004,0.2875
2003593,1063,14.446
2003593,2048,64.64055
2003593,2047,66.135
2003593,1005,15.84375
2003593,1003,0.09375
2003593,1039,89.19
2003593,1165,0.0
2003593,1090,4.274
2003593,1098,0.004458
2003593,1092,49.01
2003593,1093,7.188
2003593,1007,0.1375
2003593,1032,216.7
2003593,1177,1.731
2003593,1089,0.1191
2003593,1013,0.0
2003593,1175,0.01413
2003593,1101,0.06128
2003593,1002,0.015
2003593,1044,0.0
2003593,1004,0.265
2003593,1075,0.0
2003593,1041,0.0
2003593,1010,0.0
2003593,1051,83.66
2003593,1012,7.392
2003593,1011,7.054
2003593,1095,0.01773
2003593,1091,12.57
2003593,1014,0.0
2003593,1162,55.25
2003593,1167,0.005875
2003593,1087,7.318
2003594,1063,3.413
2003594,2048,31.298775
2003594,2047,32.0925
2003594,1005,7.26375
2003594,1003,0.0
2003594,1101,0.2111
2003594,1002,0.0
2003594,1075,0.0
2003594,1032,1164.0
2003594,1010,0.0
2003594,1087,6.641
2003594,1051,92.3
2003594,1098,0.01316
2003594,1044,1016.0
2003594,1162,0.0
2003594,1013,0.0
2003594,1012,0.715
2003594,1092,70.58
2003594,1011,2.698
2003594,1091,3.299
2003594,1090,4.381
2003594,1007,0.09875
2003594,1093,6.341
2003594,1041,0.0
2003594,1177,8.968
2003594,1167,0.0095
2003594,1014,0.0
2003594,1175,0.00925
2003594,1095,0.0412
2003594,1165,0.0175
2003594,1089,0.1257
2003594,1039,755.6
2003594,1004,0.3375
2003595,1063,7.116
2003595,2048,39.830778
2003595,2047,41.0921
2003595,1005,9.1021875
2003595,1003,0.5703125
2003595,1090,7.748
2003595,1039,37.35
2003595,1075,0.0
2003595,1177,19.02
2003595,1162,24.14
2003595,1165,0.03275
2003595,1091,14.58
2003595,1093,1.031
2003595,1167,0.01875
2003595,1044,0.0
2003595,1002,0.09125
2003595,1089,0.01529
2003595,1010,3.183
2003595,1175,0.022
2003595,1087,8.879
2003595,1011,1.873
2003595,1014,0.0
2003595,1051,89.84
2003595,1032,1075.0
2003595,1013,0.0
2003595,1092,128.3
2003595,1101,0.01548
2003595,1004,0.2669
2003595,1098,0.02411
2003595,1041,0.0
2003595,1007,0.2206
2003595,1012,2.06
2003595,1095,0.02739
2003596,1063,2.567
2003596,2048,19.92788125
2003596,2047,23.3075
2003596,1005,4.320625
2003596,1003,0.859375
2003596,1092,197.6
2003596,1007,0.9325
2003596,1101,0.05834
2003596,1095,0.104
2003596,1051,93.6
2003596,1089,0.2988
2003596,1032,0.0
2003596,1014,0.0
2003596,1162,49.8
2003596,1175,0.07613
2003596,1090,10.43
2003596,1177,18.93
2003596,1091,18.54
2003596,1075,0.0
2003596,1044,0.0
2003596,1010,0.0
2003596,1098,0.05745
2003596,1013,0.0
2003596,1165,0.04188
2003596,1087,9.744
2003596,1167,0.0865
2003596,1002,0.1375
2003596,1093,235.6
2003596,1011,1.198
2003596,1004,0.2875
2003596,1041,0.0
2003596,1039,11.24
2003596,1012,1.369
2003597,1063,8.077
2003597,2048,44.960839
2003597,2047,46.5063
2003597,1005,10.0124
2003597,1003,0.8125
2003597,1075,0.0
2003597,1012,2.123
2003597,1004,0.3563
2003597,1089,0.07061
2003597,1011,1.811
2003597,1044,0.0
2003597,1010,4.143
2003597,1162,30.54
2003597,1039,160.3
2003597,1177,28.98
2003597,1032,756.6
2003597,1041,0.0
2003597,1098,0.03529
2003597,1014,0.0
2003597,1093,0.075
2003597,1091,18.96
2003597,1101,0.02774
2003597,1087,9.288
2003597,1002,0.13
2003597,1175,0.04113
2003597,1013,0.0
2003597,1090,10.26
2003597,1092,182.8
2003597,1095,0.03206
2003597,1007,0.3388
2003597,1167,0.02906
2003597,1165,0.07456
2003597,1051,88.48
2003598,1219,2.16
2003598,1214,1.464
2003598,1211,1.214
2003598,1217,1.024
2003598,1213,1.632
2003598,1212,1.013
2003598,1221,0.562
2003598,1210,0.407
2003598,1215,0.347
2003598,2069,5.0
2003598,1284,48.92
2003598,1288,0.0
2003598,1079,1.879
2003598,1286,0.0
2003598,2062,4.682
2003598,2060,1.763
2003598,1296,0.0
2003598,1285,0.0
2003598,2058,1.15
2003598,1294,0.0
2003598,2052,0.0
2003598,2061,1.822
2003598,1110,0.0
2003598,2048,26.024813
2003598,2047,32.4385
2003598,1114,0.0
2003598,1005,4.6583
2003598,1003,2.75
2003598,1175,0.09692
2003598,1051,91.48
2003598,1098,0.2033
2003598,1166,0.465
2003598,1007,0.8
2003598,1004,0.3117
2003598,1095,0.3888
2003598,1092,349.3
2003598,1002,0.44
2003598,1089,0.139
2003598,1165,0.005167
2003598,1091,87.48
2003598,1167,3.898
2003598,2059,0.0
2003598,2057,2.333
2003598,1111,0.0
2003598,1103,14.67
2003598,1093,5.312
2003598,1101,0.04873
2003598,1087,3.235
2003598,1090,9.037
2003598,1176,11.13
2003599,1219,1.326
2003599,1214,1.177
2003599,1211,0.851
2003599,1217,0.743
2003599,1213,1.198
2003599,1212,0.758
2003599,1221,0.415
2003599,1210,0.319
2003599,1215,0.303
2003599,2069,15.7
2003599,2062,4.643
2003599,1296,0.0
2003599,1286,0.0
2003599,2058,1.95
2003599,2061,0.8038
2003599,1294,0.0
2003599,1285,0.0
2003599,1079,3.009
2003599,2060,1.125
2003599,1288,0.0
2003599,2052,0.0
2003599,1284,48.95
2003599,1110,2.8
2003599,2048,38.460412
2003599,2047,46.3951
2003599,1114,0.07
2003599,1005,8.50065
2003599,1003,2.40625
2003599,1002,0.385
2003599,1007,0.6556
2003599,1166,0.2438
2003599,1093,0.7713
2003599,1051,88.13
2003599,1092,294.5
2003599,1090,13.51
2003599,1091,89.86
2003599,2057,23.63
2003599,1004,0.3075
2003599,2059,0.025
2003599,1087,0.0
2003599,1103,1.203
2003599,1165,0.006375
2003599,1089,0.3381
2003599,1095,0.6254
2003599,1167,6.451
2003599,1111,0.07
2003599,1098,0.047
2003599,1101,0.09125
2003599,1176,10.83
2003599,1175,0.1188
2003600,1219,1.353
2003600,1214,0.925
2003600,1211,0.784
2003600,1217,0.819
2003600,1213,1.053
2003600,1212,0.643
2003600,1221,0.472
2003600,1210,0.268
2003600,1215,0.19
2003600,2069,25.7
2003600,2061,0.6317
2003600,1285,0.0
2003600,2060,3.02
2003600,2062,15.18
2003600,1286,0.0
2003600,2058,1.68
2003600,1284,36.47
2003600,1079,2.945
2003600,1288,0.0
2003600,2052,0.0
2003600,1296,0.0
2003600,1294,0.0
2003600,1110,0.0
2003600,2048,36.7150215
2003600,2047,44.4382
2003600,1114,0.0
2003600,1005,8.141425
2003600,1003,2.416875
2003600,1087,1.432
2003600,1098,0.09342
2003600,1007,0.9067
2003600,1090,12.84
2003600,1176,12.48
2003600,1051,88.29
2003600,1002,0.3867
2003600,1167,6.987
2003600,1166,0.24
2003600,1111,0.0
2003600,1091,84.1
2003600,2057,25.75
2003600,1089,1.275
2003600,1092,402.3
2003600,1175,0.1188
2003600,1095,0.4815
2003600,2059,0.0
2003600,1101,0.09013
2003600,1103,0.0
2003600,1004,0.245
2003600,1165,0.012
2003600,1093,0.4167
2003601,1219,2.321
2003601,1214,1.829
2003601,1211,1.443
2003601,1217,1.24
2003601,1213,1.998
2003601,1212,1.244
2003601,1221,0.683
2003601,1215,0.404
2003601,1210,0.497
2003601,2069,5.7
2003601,2061,1.823
2003601,1296,0.0
2003601,1286,0.0
2003601,2058,0.9167
2003601,1284,55.35
2003601,1294,0.0
2003601,1285,0.0
2003601,2060,2.145
2003601,1288,0.0
2003601,2052,0.0
2003601,1079,1.781
2003601,2062,5.002
2003601,1110,0.0
2003601,2048,23.722638
2003601,2047,30.2035
2003601,1114,0.0
2003601,1005,4.01455
2003601,1003,3.09375
2003601,1167,4.17
2003601,1175,0.1125
2003601,1090,10.25
2003601,1166,0.5167
2003601,1101,0.06095
2003601,1087,4.105
2003601,2057,1.25
2003601,1165,0.004167
2003601,1092,380.3
2003601,2059,0.0
2003601,1103,15.31
2003601,1004,0.1967
2003601,1089,0.3115
2003601,1098,0.3212
2003601,1093,4.572
2003601,1111,0.0
2003601,1051,91.82
2003601,1007,0.875
2003601,1176,12.56
2003601,1095,0.5123
2003601,1002,0.495
2003601,1091,100.5
2003602,1219,2.818
2003602,1214,2.209
2003602,1211,1.811
2003602,1217,1.616
2003602,1213,2.515
2003602,1212,1.571
2003602,1221,0.907
2003602,1210,0.371
2003602,1215,0.313
2003602,2069,26.0
2003602,2058,2.26
2003602,1284,59.26
2003602,1294,0.0
2003602,1288,0.0
2003602,1286,0.0
2003602,2052,0.0
2003602,1079,3.071
2003602,2062,2.893
2003602,2060,1.423
2003602,2061,1.168
2003602,1285,0.0
2003602,1296,0.0
2003602,1110,64.0
2003602,2048,30.9734625
2003602,2047,37.615
2003602,1114,1.6
2003602,1005,6.604375
2003602,1003,2.203125
2003602,2057,2.25
2003602,2059,0.135
2003602,1089,0.2089
2003602,1165,0.009875
2003602,1090,11.04
2003602,1051,90.37
2003602,1091,72.38
2003602,1103,3.269
2003602,1092,260.0
2003602,1111,1.596
2003602,1087,0.0
2003602,1004,0.265
2003602,1007,0.5575
2003602,1002,0.3525
2003602,1101,0.0584
2003602,1093,0.345
2003602,1098,0.2719
2003602,1167,6.763
2003602,1176,32.57
2003602,1095,0.7629
2003602,1166,0.2694
2003602,1175,0.071
2003603,1219,1.286
2003603,1214,1.029
2003603,1211,0.826
2003603,1217,0.671
2003603,1213,1.084
2003603,1212,0.651
2003603,1221,0.429
2003603,1215,0.196
2003603,1210,0.299
2003603,2069,9.8
2003603,1286,0.0
2003603,1294,0.0
2003603,1079,3.139
2003603,1285,0.0
2003603,2058,1.96
2003603,2061,0.3313
2003603,2060,2.314
2003603,1284,54.7
2003603,1288,0.0
2003603,2052,0.0
2003603,1296,0.0
2003603,2062,13.9
2003603,1110,14.8
2003603,2048,32.995442
2003603,2047,39.8018
2003603,1114,0.37
2003603,1005,6.7593
2003603,1003,2.18
2003603,1007,0.7613
2003603,1166,0.2075
2003603,1095,0.4978
2003603,1004,0.4494
2003603,1093,0.8913
2003603,1051,89.85
2003603,1111,0.37
2003603,2059,0.1419
2003603,1098,0.07302
2003603,1167,6.4
2003603,2057,5.375
2003603,1090,10.49
2003603,1176,8.07
2003603,1103,0.38
2003603,1087,0.4325
2003603,1165,0.007875
2003603,1002,0.3488
2003603,1101,0.156
2003603,1091,85.9
2003603,1089,0.7388
2003603,1092,375.9
2003603,1175,0.1054
2003604,1219,2.135
2003604,1214,1.759
2003604,1211,1.499
2003604,1217,1.141
2003604,1213,1.988
2003604,1212,1.251
2003604,1221,0.689
2003604,1210,0.489
2003604,1215,0.384
2003604,2069,23.5
2003604,1294,0.0
2003604,2062,9.585
2003604,1079,2.753
2003604,1285,0.0
2003604,2061,0.7613
2003604,1296,0.0
2003604,2058,1.4
2003604,1288,0.0
2003604,2060,1.73
2003604,1286,0.0
2003604,2052,0.0
2003604,1284,78.89
2003604,1110,0.0
2003604,2048,31.236476
2003604,2047,39.2148
2003604,1114,0.0
2003604,1005,5.7637
2003604,1003,3.5
2003604,1091,120.6
2003604,1166,0.4263
2003604,1002,0.56
2003604,1089,0.486
2003604,1103,4.121
2003604,1175,0.1023
2003604,1165,0.01213
2003604,1101,0.09791
2003604,1092,392.4
2003604,1098,0.2755
2003604,1176,15.31
2003604,1087,0.0
2003604,1111,0.0
2003604,1093,0.0
2003604,2057,23.19
2003604,1095,0.8573
2003604,1167,6.224
2003604,1090,15.99
2003604,1007,0.9363
2003604,1004,0.24
2003604,2059,0.0
2003604,1051,89.56
2257044,1185,2.8
2257044,1184,0.0
2257044,1183,0.0
2257044,1102,32.29
2257044,1110,185.0
2257044,2047,40.705
2257044,1114,4.63
2257044,1005,2.996125
2257044,1003,2.776875
2257044,1079,0.0
2257044,1215,0.03286
2257044,1092,117.9
2257044,1211,0.1
2257044,1011,0.0
2257044,1210,0.03429
2257044,1075,0.0
2257044,1090,17.46
2257044,1165,0.04357
2257044,2051,0.3643
2257044,1176,2.157
2257044,1225,0.1
2257044,1222,0.1
2257044,2049,7.961
2257044,1228,0.0
2257044,1004,1.957
2257044,1089,0.3666
2257044,1223,0.3286
2257044,1087,154.8
2257044,1175,0.03643
2257044,1340,0.1393
2257044,1051,91.52
2257044,1178,1.327
2257044,1232,0.04857
2257044,1214,0.2
2257044,1111,4.61
2257044,1101,0.1596
2257044,1091,45.96
2257044,1093,39.44
2257044,1217,0.1571
2257044,1002,0.4443
2257044,1098,0.09561
2257044,1012,0.0
2257044,1224,0.4857
2257044,1341,0.2364
2257044,1010,2.577
2257044,1220,0.2
2257044,1105,89.43
2257044,1112,0.02014
2257044,1007,0.75
2257044,1103,0.0
2257044,1221,0.1
2257044,1219,0.1014
2257044,1218,0.1
2257044,1212,0.1
2257044,1213,0.2
2257044,1226,0.1143
2257044,1166,0.3307
2257044,1177,15.81
2257044,2050,14.71
2257044,1095,0.2636
2257044,1167,0.1329
2257044,1227,0.1714
2257044,1013,0.0
2257044,1014,0.0
2257045,1185,0.0
2257045,1184,0.0
2257045,1183,0.0
2257045,1110,63.6
2257045,2047,19.33
2257045,1114,1.59
2257045,1005,0.67075
2257045,1003,0.65625
2257045,1217,0.0425
2257045,1178,0.4492
2257045,1012,0.0
2257045,1092,49.27
2257045,1218,0.01875
2257045,1177,0.0
2257045,1220,0.0925
2257045,1051,96.52
2257045,1223,0.0775
2257045,1013,0.0
2257045,1091,19.08
2257045,1214,0.03125
2257045,1211,0.01
2257045,1232,0.00125
2257045,1224,0.1375
2257045,1111,1.578
2257045,1221,0.01375
2257045,1215,0.00125
2257045,1166,0.08333
2257045,1014,0.0
2257045,1212,0.02625
2257045,1105,60.92
2257045,1219,0.0175
2257045,1225,0.045
2257045,1089,0.1247
2257045,1098,0.02688
2257045,1226,0.03125
2257045,1175,0.0
2257045,1227,0.02
2257045,1007,0.595
2257045,1093,59.22
2257045,1011,0.0
2257045,1167,0.08875
2257045,1075,0.0
2257045,1095,0.07661
2257045,1090,8.249
2257045,1213,0.04625
2257045,1165,0.005
2257045,1004,1.558
2257045,1176,1.425
2257045,1079,0.0
2257045,1101,0.05642
2257045,1210,0.00125
2257045,1010,0.03857
2257045,1002,0.105
2257045,1112,0.01015
2257045,1228,0.0
2257045,1222,0.02875
2257045,1087,157.5
2257046,1185,0.4
2257046,1184,0.0
2257046,1183,0.0
2257046,1063,2.3216
2257046,1110,68.0
2257046,2047,48.3298
2257046,1114,1.7
2257046,1005,5.100325
2257046,1003,0.796875
2257046,1014,1.551
2257046,1178,0.5064
2257046,1165,0.04
2257046,1098,0.02712
2257046,1075,0.0
2257046,1176,1.406
2257046,1007,0.7938
2257046,1089,0.2612
2257046,1213,0.08125
2257046,1101,0.1262
2257046,1214,0.06125
2257046,1217,0.0725
2257046,1092,148.4
2257046,1225,0.05625
2257046,1177,0.0
2257046,1112,0.007692
2257046,1223,0.0825
2257046,1211,0.0225
2257046,1002,0.1275
2257046,1218,0.04125
2257046,1166,0.2807
2257046,1010,0.0
2257046,1102,10.09
2257046,1228,0.0
2257046,1012,0.0
2257046,1013,0.0
2257046,1224,0.15
2257046,1087,148.5
2257046,1011,0.7706
2257046,1175,0.0065
2257046,1219,0.0325
2257046,1004,2.749
2257046,1095,0.09062
2257046,1221,0.0175
2257046,1079,0.0
2257046,1167,0.09625
2257046,1220,0.0825
2257046,1227,0.05625
2257046,1226,0.0725
2257046,1215,0.01
2257046,1111,1.694
2257046,1090,5.909
2257046,1212,0.025
2257046,1091,89.18
2257046,1232,0.025
2257046,1051,90.56
2257046,1103,0.0
2257046,1093,41.98
2257046,1210,0.00875
2257046,1222,0.0375
2257046,1105,84.73
2258586,2048,44.978589
2258586,2047,47.9906
2258586,1005,10.26755
2258586,1003,0.94125
2258586,1051,87.72
2258586,1087,30.48
2258586,1165,0.065
2258586,1167,1.406
2258586,1166,0.095
2258586,1092,279.6
2258586,1175,0.1456
2258586,1098,0.06148
2258586,1093,86.65
2258586,1176,2.22
2258586,1091,39.81
2258586,1007,0.7206
2258586,1089,0.1504
2258586,1101,0.1301
2258586,1090,12.45
2258586,1103,0.0
2258586,1095,0.2364
2258586,1002,0.1506
2258586,1004,0.3506
2258586,1079,3.095
2258586,1177,37.06
2258587,2048,38.250983
2258587,2047,40.7723
2258587,1005,9.0787
2258587,1003,0.805
2258587,1103,0.0
2258587,1101,0.09288
2258587,1177,43.65
2258587,1004,0.1375
2258587,1176,2.396
2258587,1090,11.06
2258587,1167,0.7413
2258587,1079,2.694
2258587,1089,0.088
2258587,1095,0.1597
2258587,1087,42.23
2258587,1051,89.3
2258587,1098,0.04062
2258587,1093,62.66
2258587,1092,237.3
2258587,1002,0.1288
2258587,1175,0.1146
2258587,1165,0.04381
2258587,1166,0.1156
2258587,1007,0.6788
2258587,1091,29.58
2258588,2048,19.692148
2258588,2047,22.9291
2258588,1005,4.7781
2258588,1003,0.715
2258588,1051,94.12
2258588,1175,0.2468
2258588,1177,22.21
2258588,1092,163.1
2258588,1093,0.0
2258588,1176,0.0
2258588,1007,0.2806
2258588,1098,0.05775
2258588,1091,16.75
2258588,1095,0.1256
2258588,1167,0.6363
2258588,1087,7.496
2258588,1089,0.1861
2258588,1103,0.0
2258588,1004,0.1063
2258588,1079,0.9419
2258588,1002,0.1144
2258588,1162,99.51
2258588,1101,0.09991
2258588,1165,0.03906
2258588,1166,0.08875
2258588,1090,9.004
2258589,2048,26.58104025
2258589,2047,30.7743
2258589,1005,6.601725
2258589,1003,0.819375
2258589,1095,0.193
2258589,1092,197.3
2258589,1087,6.686
2258589,1098,0.04529
2258589,1079,1.071
2258589,1090,10.34
2258589,1004,0.1211
2258589,1175,0.2918
2258589,1089,0.3596
2258589,1162,138.8
2258589,1177,41.63
2258589,1101,0.1417
2258589,1103,0.0
2258589,1093,0.0
2258589,1167,0.91
2258589,1166,0.09778
2258589,1091,24.76
2258589,1165,0.04867
2258589,1051,92.08
2258589,1176,0.46
2258589,1007,0.3778
2258589,1002,0.1311
2258590,2048,26.98843175
2258590,2047,31.3256
2258590,1005,6.653175
2258590,1003,0.895625
2258590,1175,0.3027
2258590,1167,1.024
2258590,1089,0.3533
2258590,1051,91.93
2258590,1091,26.59
2258590,1087,6.361
2258590,1092,212.7
2258590,1165,0.05494
2258590,1079,1.158
2258590,1095,0.2023
2258590,1176,0.4267
2258590,1162,141.7
2258590,1090,10.98
2258590,1093,0.0
2258590,1007,0.3956
2258590,1002,0.1433
2258590,1004,0.1256
2258590,1166,0.1422
2258590,1177,47.32
2258590,1098,0.03983
2258590,1101,0.1328
2258590,1103,0.0
2258591,2048,27.38430325
2258591,2047,31.7404
2258591,1005,6.703125
2258591,1003,0.881875
2258591,1090,10.43
2258591,1007,0.3794
2258591,1162,158.3
2258591,1002,0.1411
2258591,1087,4.899
2258591,1093,0.0
2258591,1176,0.58
2258591,1101,0.1491
2258591,1079,0.9674
2258591,1175,0.3324
2258591,1092,200.8
2258591,1095,0.2422
2258591,1098,0.0351
2258591,1166,0.1017
2258591,1165,0.05456
2258591,1089,0.3652
2258591,1004,0.1556
2258591,1103,0.3
2258591,1091,26.59
2258591,1051,91.88
2258591,1167,1.078
2259792,1185,0.0
2259792,1184,0.0
2259792,1183,0.3
2259792,1110,21.7
2259792,2048,42.9180362
2259792,2047,42.835
2259792,1114,0.543
2259792,1005,4.811522
2259792,1003,3.464978
2259792,1265,0.2579
2259792,1316,0.02238
2259792,1111,0.0
2259792,1007,0.8525
2259792,1012,0.0
2259792,1091,92.19
2259792,1051,89.79
2259792,1093,92.49
2259792,1101,0.0
2259792,1011,0.0
2259792,1075,0.0
2259792,1089,0.01325
2259792,1090,11.03
2259792,1167,0.1275
2259792,1175,0.03931
2259792,1013,3.657
2259792,1087,120.1
2259792,1105,36.01
2259792,1264,0.08863
2259792,1092,158.0
2259792,1095,0.4263
2259792,1165,0.0485
2259792,1100,34.16
2259792,1166,0.1963
2259792,1002,0.5431
2259792,1263,0.02788
2259792,1112,0.5434
2259792,1258,0.5525
2259792,1014,0.0
2259792,1292,0.1988
2259792,1010,0.0
2259792,1098,0.00135
2259792,1253,4.793
2259792,1176,0.0
2259792,1266,0.08525
2259792,1004,1.081
2259793,1185,0.2
2259793,1184,0.0
2259793,1183,0.9
2259793,1063,4.0936
2259793,1110,31.1
2259793,2048,77.3185458
2259793,2047,77.9524
2259793,1114,0.778
2259793,1005,5.574928
2259793,1003,3.824172
2259793,1011,0.0
2259793,1010,0.0
2259793,1004,4.484
2259793,1258,2.316
2259793,1091,101.2
2259793,1075,0.7456
2259793,1264,0.3815
2259793,1292,0.8738
2259793,1013,3.348
2259793,1105,48.19
2259793,1098,0.003175
2259793,1265,1.066
2259793,1112,0.7783
2259793,1100,32.33
2259793,1176,0.0
2259793,1002,0.5994
2259793,1315,0.7655
2259793,1014,0.0
2259793,1093,41.78
2259793,1090,11.45
2259793,1266,0.3716
2259793,1092,164.1
2259793,1007,0.8469
2259793,1089,0.0
2259793,1166,0.2431
2259793,1316,0.08225
2259793,1101,0.001539
2259793,1167,0.135
2259793,1111,0.0
2259793,1165,0.05519
2259793,1263,0.1149
2259793,1175,0.04506
2259793,1012,0.0
2259793,1087,126.8
2259793,1095,0.4283
2259793,1051,85.27
2259793,1253,14.17
2259794,1185,0.2
2259794,1184,0.0
2259794,1183,1.0
2259794,1063,3.2474
2259794,1110,0.0
2259794,2048,94.507135
2259794,2047,93.6776
2259794,1114,0.0
2259794,1005,4.75402
2259794,1003,8.77888
2259794,1263,0.1296
2259794,1264,0.4184
2259794,1095,0.473
2259794,1013,2.608
2259794,1087,110.9
2259794,1002,1.376
2259794,1012,0.0
2259794,1253,16.84
2259794,1165,0.05525
2259794,1175,0.04394
2259794,1090,10.7
2259794,1266,0.3376
2259794,1167,0.2269
2259794,1007,0.7531
2259794,1105,38.13
2259794,1091,125.9
2259794,1176,0.0
2259794,1075,0.6394
2259794,1004,4.394
2259794,1292,0.9575
2259794,1258,2.393
2259794,1014,0.0
2259794,1051,81.32
2259794,1093,33.76
2259794,1265,1.084
2259794,1010,0.0
2259794,1011,0.0
2259794,1092,146.9
2259794,1101,0.005738
2259794,1112,0.0
2259794,1166,0.2444
2259794,1100,42.28
2259794,1316,0.1055
2259794,1089,0.0
2259794,1315,0.8359
2259794,1098,0.009513
2259794,1111,0.0
2259795,1185,1.7
2259795,1184,0.0
2259795,1183,7.0
2259795,1063,0.63815
2259795,1110,0.0
2259795,2048,404.763418
2259795,2047,403.384
2259795,1114,0.0
2259795,1005,4.33188
2259795,1003,30.13912
2259795,1111,0.0
2259795,1166,0.4094
2259795,1315,5.285
2259795,1105,232.6
2259795,1316,0.6741
2259795,1089,0.1405
2259795,1263,0.8731
2259795,1175,0.02294
2259795,1292,6.016
2259795,1007,5.199
2259795,1098,0.04233
2259795,1010,0.0
2259795,1091,625.3
2259795,1092,73.95
2259795,1093,1046.0
2259795,1011,0.6069
2259795,1260,0.5111
2259795,1265,8.166
2259795,1095,4.623
2259795,1087,950.4
2259795,1112,0.0
2259795,1176,0.0
2259795,1002,4.724
2259795,1101,0.03713
2259795,1090,35.37
2259795,1258,17.17
2259795,1262,0.7581
2259795,1004,29.5
2259795,1014,0.0
2259795,1075,0.03125
2259795,1012,0.0
2259795,1259,0.6118
2259795,1261,0.3158
2259795,1266,2.602
2259795,1165,0.03486
2259795,1314,0.4315
2259795,1013,0.0
2259795,1051,30.83
2259795,1253,86.03
2259795,1100,82.9
2259795,1264,2.775
2259795,1167,0.1406
2259796,1185,1.2
2259796,1184,0.0
2259796,1183,4.8
2259796,1063,1.6257
2259796,1110,0.0
2259796,2048,273.472498
2259796,2047,272.884
2259796,1114,0.0
2259796,1005,5.58318
2259796,1003,19.70782
2259796,1176,0.4638
2259796,1098,0.03155
2259796,1292,4.184
2259796,1002,3.089
2259796,1012,0.0
2259796,1167,0.2644
2259796,1087,371.1
2259796,1263,0.5449
2259796,1259,0.4039
2259796,1316,0.4244
2259796,1090,17.69
2259796,1010,0.0
2259796,1266,1.741
2259796,1265,5.313
2259796,1007,3.739
2259796,1253,57.52
2259796,1315,3.663
2259796,1264,1.797
2259796,1091,327.6
2259796,1093,1034.0
2259796,1011,0.5863
2259796,1166,0.4444
2259796,1013,0.61
2259796,1112,0.0
2259796,1165,0.05638
2259796,1105,146.9
2259796,1101,0.02003
2259796,1258,11.17
2259796,1175,0.03831
2259796,1075,0.4294
2259796,1051,51.89
2259796,1100,48.44
2259796,1095,2.353
2259796,1089,0.0675
2259796,1092,105.3
2259796,1004,19.08
2259796,1260,0.3336
2259796,1014,0.0
2259796,1262,0.481
2259796,1314,0.2849
2259796,1111,0.0
2261420,2048,577.62536
2261420,2047,622.042
2261420,1005,16.24925
2261420,1003,26.24375
2261420,1093,0.8944
2261420,1176,69.09
2261420,1089,3.225
2261420,1051,4.316
2261420,1079,9.266
2261420,1165,0.1125
2261420,1004,50.23
2261420,1167,3.998
2261420,1095,2.795
2261420,1101,1.813
2261420,1166,0.7475
2261420,1091,512.1
2261420,1002,4.199
2261420,1103,0.7419
2261420,1092,666.8
2261420,1098,0.9753
2261420,1087,232.3
2261420,1007,2.961
2261420,1177,37.83
2261420,1102,36.13
2261420,1090,251.1
2261420,1175,0.09988
2261421,2048,386.429275
2261421,2047,389.125
2261421,1005,69.91725
2261421,1003,13.16875
2261421,1102,125.4
2261421,1009,53.39
2261421,1093,3.619
2261421,1177,34.69
2261421,2058,4.2
2261421,1091,371.8
2261421,1002,2.107
2261421,1165,0.39
2261421,1176,20.15
2261421,1089,3.997
2261421,2038,11.63
2261421,1098,0.4434
2261421,2033,12.87
2261421,1095,2.754
2261421,2065,1.24
2261421,1092,373.1
2261421,1051,8.859
2261421,1167,1.945
2261421,1079,10.5
2261421,1175,0.1476
2261421,1103,38.2
2261421,1087,42.81
2261421,1166,0.1613
2261421,1007,1.746
2261421,1090,125.3
2261421,1004,6.309
2261421,1101,3.257
2261422,2048,352.682197
2261422,2047,360.7805
2261422,1005,79.9422
2261422,1003,8.1125
2261422,1007,2.713
2261422,1090,73.65
2261422,1176,0.9763
2261422,1051,8.281
2261422,1087,44.12
2261422,1092,1269.0
2261422,2038,14.76
2261422,1166,0.115
2261422,1177,41.15
2261422,2065,1.795
2261422,1093,47.66
2261422,1165,0.1981
2261422,1167,5.628
2261422,1089,11.97
2261422,1175,0.582
2261422,1009,62.67
2261422,1103,1.425
2261422,1091,197.3
2261422,1002,1.298
2261422,1004,0.9513
2261422,1101,0.6758
2261422,1102,18.86
2261422,2033,16.55
2261422,1079,5.401
2261422,1098,0.2309
2261422,1095,0.9002
2262072,1185,0.0
2262072,2048,589.383006
2262072,2047,631.65
2262072,1005,22.70376
2262072,1003,23.99124
2262072,1210,0.2288
2262072,1167,17.2
2262072,1224,5.819
2262072,2051,0.4125
2262072,1211,0.8063
2262072,1175,0.3805
2262072,1103,20.16
2262072,1227,1.423
2262072,1225,1.69
2262072,1217,1.501
2262072,1093,220.7
2262072,2050,1.932
2262072,1226,1.244
2262072,1265,4.106
2262072,1221,0.6763
2262072,1177,97.29
2262072,1176,87.81
2262072,1267,0.6826
2262072,1218,1.064
2262072,1341,0.0
2262072,1092,654.0
2262072,1089,1.853
2262072,1095,3.062
2262072,2014,0.132
2262072,1098,0.5405
2262072,1051,1.104
2262072,1079,6.323
2262072,1315,29.76
2262072,1301,0.8243
2262072,1258,8.415
2262072,1215,0.29
2262072,2012,0.8006
2262072,1004,49.43
2262072,1091,393.2
2262072,1273,1.424
2262072,2049,0.6493
2262072,1292,30.71
2262072,1214,0.9513
2262072,1293,9.781
2262072,1165,0.1206
2262072,1220,3.323
2262072,1316,9.733
2262072,1222,1.16
2262072,1101,1.681
2262072,1213,1.881
2262072,1228,0.1625
2262072,1219,1.116
2262072,1212,0.92
2262072,1007,2.771
2262072,1109,5.413
2262072,1232,0.5138
2262072,1002,4.394
2262072,1087,49.85
2262072,1340,11.46
2262072,1223,3.415
2262072,1266,1.293
2262072,1090,192.6
2262073,1185,1.713
2262073,2048,648.374268
2262073,2047,697.1376
2262073,1005,14.179
2262073,1003,19.7054
2262073,1267,0.3611
2262073,2050,0.0
2262073,1217,1.116
2262073,1095,6.039
2262073,1092,407.7
2262073,1266,3.103
2262073,2049,0.4056
2262073,1089,7.003
2262073,1224,5.046
2262073,1218,0.8363
2262073,1293,26.37
2262073,1101,1.609
2262073,1404,0.2495
2262073,1079,8.372
2262073,1109,0.0
2262073,1265,5.324
2262073,1215,0.7388
2262073,1292,22.57
2262073,1167,5.813
2262073,2012,0.1221
2262073,1090,356.8
2262073,1214,0.6725
2262073,1098,1.646
2262073,1212,0.8588
2262073,1228,0.035
2262073,1002,3.718
2262073,1340,1.525
2262073,1341,0.0
2262073,1213,1.649
2262073,1219,1.1
2262073,1315,22.37
2262073,1051,0.6056
2262073,1222,1.174
2262073,1232,0.7513
2262073,1258,8.966
2262073,1226,0.9288
2262073,1087,115.8
2262073,1165,0.9928
2262073,2051,0.1694
2262073,1004,62.4
2262073,1176,13.31
2262073,1211,0.9163
2262073,1210,0.3088
2262073,1175,0.5953
2262073,1221,0.6175
2262073,1220,3.14
2262073,1316,26.11
2262073,1091,719.3
2262073,1007,3.11
2262073,1227,1.151
2262073,1093,63.63
2262073,1223,2.055
2262073,1103,46.48
2262073,1177,108.4
2262073,1225,1.225
2262074,1185,0.0
2262074,2048,602.510076
2262074,2047,645.456
2262074,1005,21.23666
2262074,1003,20.78734
2262074,1227,1.063
2262074,1217,1.384
2262074,1175,0.08375
2262074,1266,0.8191
2262074,1225,1.646
2262074,1314,0.2471
2262074,1232,0.4488
2262074,1093,0.9963
2262074,1222,1.181
2262074,1211,0.7788
2262074,2051,0.1725
2262074,1007,3.185
2262074,1221,0.6388
2262074,1215,0.1888
2262074,1092,745.4
2262074,1212,0.93
2262074,1214,0.6463
2262074,1292,34.69
2262074,1341,0.07875
2262074,1223,3.006
2262074,1090,267.8
2262074,1224,7.419
2262074,1002,4.013
2262074,1165,0.09456
2262074,1340,0.0
2262074,1219,1.094
2262074,1177,42.46
2262074,1087,263.8
2262074,1265,3.298
2262074,1316,12.58
2262074,1258,4.253
2262074,1079,9.718
2262074,1101,2.135
2262074,1103,0.7938
2262074,1218,0.76
2262074,1213,1.753
2262074,1089,4.108
2262074,1228,0.04375
2262074,1095,3.178
2262074,1210,0.1963
2262074,1176,57.31
2262074,1293,12.61
2262074,1220,2.771
2262074,2050,0.0
2262074,1051,1.751
2262074,1167,3.909
2262074,1226,1.123
2262074,1004,53.04
2262074,2049,0.02813
2262074,1109,16.67
2262074,1315,34.34
2262074,1098,0.9746
2262074,1091,506.9
2262075,1185,3.675
2262075,2048,514.44343
2262075,2047,545.084
2262075,1005,34.3551
2262075,1003,18.0359
2262075,1258,3.281
2262075,1210,0.3013
2262075,1093,36.74
2262075,1265,1.906
2262075,1103,135.9
2262075,1220,2.211
2262075,1228,0.1913
2262075,1051,6.804
2262075,1095,4.738
2262075,1232,0.5525
2262075,1211,0.9313
2262075,1213,1.38
2262075,1101,2.405
2262075,1224,4.846
2262075,1089,5.778
2262075,1091,556.4
2262075,1167,3.756
2262075,1090,372.1
2262075,2051,31.55
2262075,2049,30.18
2262075,1222,1.085
2262075,1165,0.5368
2262075,1316,5.265
2262075,1004,37.28
2262075,1266,1.186
2262075,1212,0.9375
2262075,1292,5.944
2262075,1087,229.9
2262075,1007,3.525
2262075,1214,0.9325
2262075,1226,0.8725
2262075,2012,0.158
2262075,1219,1.138
2262075,1293,24.73
2262075,1002,3.403
2262075,1223,2.311
2262075,1404,19.42
2262075,1340,20.16
2262075,1092,793.4
2262075,1227,1.138
2262075,2050,1.947
2262075,1315,5.761
2262075,1341,0.01331
2262075,1098,1.344
2262075,1079,23.13
2262075,1177,41.45
2262075,1175,0.3926
2262075,1225,1.386
2262075,1218,0.5725
2262075,1176,33.8
2262075,1109,0.0
2262075,1217,1.116
2262075,1215,0.4025
2262075,1221,0.5138
2346384,1185,0.2
2346384,1184,0.0
2346384,1183,1.3
2346384,2048,104.574374
2346384,2047,102.921
2346384,1005,4.59964
2346384,1003,11.62436
2346384,1092,123.6
2346384,1266,0.3831
2346384,1007,1.451
2346384,1002,1.822
2346384,1087,88.27
2346384,1263,0.1359
2346384,1167,0.138
2346384,1265,1.227
2346384,1101,0.0
2346384,1292,0.916
2346384,1175,0.0466
2346384,1176,2.28
2346384,1264,0.4241
2346384,1253,18.0
2346384,1258,2.601
2346384,1091,154.0
2346384,1098,0.0
2346384,1178,0.6617
2346384,1089,0.0
2346384,1165,0.0522
2346384,1090,9.189
2346384,1093,349.8
2346384,1095,0.4538
2346384,1105,36.5
2346384,1004,4.225
2346384,1316,0.0973
2346384,1100,45.69
2346384,1051,78.1
2346385,1185,2.4
2346385,1184,0.0
2346385,1183,9.9
2346385,2048,336.73206
2346385,2047,342.794
2346385,1005,4.55615
2346385,1003,5.78985
2346385,1092,124.8
2346385,1175,0.03925
2346385,1292,6.924
2346385,1100,34.93
2346385,1007,1.444
2346385,1051,54.72
2346385,1093,367.8
2346385,1265,9.211
2346385,1091,107.7
2346385,1098,0.0
2346385,1253,101.0
2346385,1087,97.11
2346385,1095,0.5891
2346385,1089,0.0
2346385,1316,0.708
2346385,1165,0.03813
2346385,1263,1.02
2346385,1090,8.914
2346385,1266,3.012
2346385,1167,0.0925
2346385,1264,3.234
2346385,1258,19.73
2346385,1176,1.738
2346385,1105,274.1
2346385,1101,0.0
2346385,1004,33.49
2346385,1002,0.9075
2346385,1178,0.0
2346386,1185,2.4
2346386,1184,0.0
2346386,1183,8.9
2346386,2048,335.8933226
2346386,2047,343.31
2346386,1005,3.799506
2346386,1003,2.017994
2346386,1263,1.084
2346386,1090,5.974
2346386,1266,3.192
2346386,1098,0.0
2346386,1007,0.4925
2346386,1258,20.45
2346386,1091,57.03
2346386,1292,7.339
2346386,1178,0.0
2346386,1092,96.94
2346386,1100,19.38
2346386,1101,0.0
2346386,1004,35.56
2346386,1087,61.21
2346386,1105,326.6
2346386,1051,58.13
2346386,1265,9.348
2346386,1176,1.438
2346386,1167,0.06125
2346386,1165,0.03225
2346386,1093,20.61
2346386,1175,0.031
2346386,1095,0.2231
2346386,1253,103.1
2346386,1316,0.7491
2346386,1089,0.0
2346386,1002,0.3163
2346386,1264,3.404
2346387,1185,1.2
2346387,1184,0.0
2346387,1183,5.2
2346387,2048,192.7437716
2346387,2047,196.4148
2346387,1005,5.555506
2346387,1003,3.070694
2346387,1178,0.06175
2346387,1264,1.746
2346387,1316,0.3849
2346387,1101,0.0
2346387,1175,0.0385
2346387,1292,3.805
2346387,1098,0.0
2346387,1105,151.5
2346387,1167,0.1
2346387,1051,72.58
2346387,1176,1.913
2346387,1165,0.04275
2346387,1092,153.8
2346387,1093,50.04
2346387,1253,52.69
2346387,1002,0.4813
2346387,1266,1.605
2346387,1263,0.5474
2346387,1091,102.0
2346387,1007,0.8038
2346387,1089,0.0
2346387,1265,5.044
2346387,1087,107.2
2346387,1090,10.11
2346387,1100,32.75
2346387,1095,0.3919
2346387,1258,10.7
2346387,1004,17.99
2346388,1185,20.5
2346388,1184,0.0
2346388,1183,0.0
2346388,2048,14.455425
2346388,1093,16.11
2346388,1090,6.311
2346388,1101,0.08164
2346388,1165,0.05638
2346388,1095,0.1728
2346388,1167,0.2175
2346388,1092,139.3
2346388,1051,95.5
2346388,1007,0.315
2346388,1175,0.04013
2346388,1089,0.03325
2346388,1087,14.24
2346388,1091,19.18
2346388,1004,0.07375
2346388,1098,0.03335
2346388,1002,0.1188
2346388,1003,0.7425
2346388,1005,3.36875
2346388,2047,17.10875
2346389,1185,83.4
2346389,1184,0.0
2346389,1183,0.0
2346389,2048,17.45834025
2346389,1007,0.6063
2346389,1090,12.05
2346389,1002,0.1563
2346389,1175,0.06325
2346389,1165,0.06288
2346389,1091,23.41
2346389,1004,0.07125
2346389,1051,94.29
2346389,1092,260.4
2346389,1089,0.267
2346389,1095,0.2516
2346389,1093,23.0
2346389,1087,27.56
2346389,1101,0.2271
2346389,1167,0.3713
2346389,1098,0.04865
2346389,1003,0.976875
2346389,1005,4.055575
2346389,2047,20.77105
2346390,1185,73.2
2346390,1184,0.0
2346390,1183,0.0
2346390,2048,14.68480875
2346390,2047,17.5315
2346390,1175,0.07413
2346390,1101,0.177
2346390,1098,0.03773
2346390,1092,321.4
2346390,1162,9.343
2346390,1095,0.3033
2346390,1051,95.05
2346390,1165,0.06075
2346390,1089,0.4023
2346390,1007,0.7
2346390,1090,12.4
2346390,1087,42.59
2346390,1091,24.4
2346390,1167,0.3288
2346390,1093,24.89
2346390,1004,0.1063
2346390,1002,0.1413
2346390,1003,0.883125
2346390,1005,3.260575
2346391,1185,118.5
2346391,1184,0.0
2346391,1183,0.0
2346391,2048,18.4931365
2346391,2047,22.0463
2346391,1162,15.15
2346391,1165,0.08225
2346391,1101,0.1559
2346391,1095,0.3103
2346391,1051,94.01
2346391,1087,39.84
2346391,1007,0.6738
2346391,1089,0.3195
2346391,1090,12.77
2346391,1004,0.1563
2346391,1091,26.55
2346391,1002,0.175
2346391,1175,0.07088
2346391,1167,0.375
2346391,1092,277.1
2346391,1098,0.03984
2346391,1093,28.88
2346391,1003,1.09375
2346391,1005,4.06615
2346392,1185,3.2
2346392,1184,0.0
2346392,1183,0.0
2346392,2048,642.99228
2346392,2047,688.614
2346392,1005,18.5921
2346392,1003,15.7039
2346392,1224,3.44
2346392,1226,1.047
2346392,1225,0.73
2346392,1007,2.509
2346392,1211,0.4667
2346392,1223,1.383
2346392,1090,205.9
2346392,1101,10.25
2346392,1175,0.2546
2346392,1091,540.0
2346392,1227,0.9833
2346392,1102,3.284
2346392,1002,2.963
2346392,1176,12.9
2346392,1210,0.1467
2346392,1222,0.7467
2346392,1217,0.5933
2346392,1092,654.8
2346392,1093,0.0
2346392,1212,0.5667
2346392,1165,0.6253
2346392,1218,0.5867
2346392,1214,0.5867
2346392,1220,2.663
2346392,1051,1.925
2346392,1004,61.27
2346392,1219,0.7367
2346392,1098,1.119
2346392,1232,0.47
2346392,1087,8.736
2346392,1215,0.33
2346392,1089,5.36
2346392,1079,3.941
2346392,1221,0.37
2346392,1095,5.713
2346392,1228,0.0
2346392,1213,1.097
2346392,1167,4.466
2346393,1185,0.0
2346393,1184,0.0
2346393,1183,0.0
2346393,1258,3.785
2346393,1292,31.314
2346393,1293,11.18
2346393,2048,583.597022
2346393,2047,625.75
2346393,1005,20.03462
2346393,1003,21.45038
2346393,1093,0.0
2346393,1221,0.548
2346393,1091,502.9
2346393,1223,2.402
2346393,1220,2.464
2346393,1095,2.865
2346393,1090,257.6
2346393,1219,0.916
2346393,1092,732.8
2346393,1218,0.63
2346393,1089,3.741
2346393,1217,1.198
2346393,1222,0.98
2346393,1224,4.248
2346393,1211,0.608
2346393,1214,0.618
2346393,1175,0.1008
2346393,1212,0.774
2346393,1232,0.5
2346393,1098,0.9104
2346393,1101,2.149
2346393,1007,3.164
2346393,1079,10.78
2346393,1228,0.0
2346393,1002,4.141
2346393,1210,0.208
2346393,1213,1.488
2346393,1087,253.6
2346393,1102,45.28
2346393,1226,1.314
2346393,1225,1.434
2346393,1051,4.261
2346393,1227,0.99
2346393,1176,57.01
2346393,1167,3.77
2346393,1165,0.1605
2346393,1004,51.09
2346393,1215,0.154
2346394,1185,1.7
2346394,1184,0.0
2346394,1183,0.0
2346394,1258,6.054
2346394,1292,9.625
2346394,1293,49.331
2346394,2048,678.66434
2346394,2047,729.556
2346394,1005,10.9096
2346394,1003,14.5644
2346394,1227,0.78
2346394,1165,0.23
2346394,1167,1.218
2346394,1224,2.987
2346394,1213,0.9967
2346394,1210,0.1267
2346394,1214,0.38
2346394,1004,69.74
2346394,1232,0.3767
2346394,1217,0.6067
2346394,1101,2.995
2346394,1218,0.43
2346394,1175,0.6603
2346394,1223,1.293
2346394,1093,0.0
2346394,1228,0.0
2346394,1220,2.02
2346394,1211,0.4433
2346394,1091,365.1
2346394,1002,2.748
2346394,1087,88.26
2346394,1079,5.21
2346394,1222,0.59
2346394,1219,0.5967
2346394,1221,0.3433
2346394,1176,17.28
2346394,1090,142.4
2346394,1102,21.0
2346394,1225,0.69
2346394,1007,1.641
2346394,1215,0.19
2346394,1089,2.235
2346394,1095,2.76
2346394,1092,423.5
2346394,1098,1.206
2346394,1226,0.78
2346394,1212,0.52
2346394,1051,3.145
2346395,1185,4.1
2346395,1184,0.0
2346395,1183,0.0
2346395,1258,6.465
2346395,1292,39.282
2346395,1293,22.924
2346395,2048,699.59644
2346395,2047,750.152
2346395,1005,12.6993
2346395,1003,9.9587
2346395,1223,0.87
2346395,1222,0.4375
2346395,1089,2.371
2346395,1220,1.363
2346395,1175,0.1711
2346395,1098,0.9065
2346395,1002,1.879
2346395,1228,0.0
2346395,1007,1.439
2346395,1226,0.61
2346395,1210,0.115
2346395,1167,0.9463
2346395,1095,3.93
2346395,1079,5.793
2346395,1087,54.83
2346395,1004,73.28
2346395,1211,0.3025
2346395,1101,2.28
2346395,1165,0.5476
2346395,1212,0.365
2346395,1176,22.66
2346395,1214,0.32
2346395,1232,0.305
2346395,1090,102.9
2346395,1218,0.3125
2346395,1219,0.435
2346395,1051,2.623
2346395,1091,252.7
2346395,1213,0.67
2346395,1227,0.54
2346395,1221,0.2625
2346395,1224,2.498
2346395,1093,0.0
2346395,1217,0.4625
2346395,1225,0.4925
2346395,1102,15.57
2346395,1092,360.3
2346395,1215,0.1675
2346396,2048,378.866123
2346396,2047,381.626
2346396,1005,68.65755
2346396,1003,13.49645
2346396,1089,4.339
2346396,2058,7.52
2346396,1092,350.1
2346396,1175,0.1346
2346396,1165,0.4063
2346396,1090,126.3
2346396,1051,10.25
2346396,1101,3.234
2346396,1091,387.3
2346396,1103,25.35
2346396,2033,10.42
2346396,1177,32.03
2346396,1102,160.4
2346396,1095,2.744
2346396,1087,45.53
2346396,2065,0.7014
2346396,2038,9.703
2346396,1176,21.9
2346396,1098,0.4278
2346396,1004,5.89
2346396,1009,53.81
2346396,1007,1.706
2346396,1093,0.6675
2346396,1167,0.9931
2346396,1002,2.315
2346397,2048,379.2080612
2346397,2047,381.248
2346397,1005,69.75082
2346397,1003,12.51118
2346397,1007,1.798
2346397,1090,128.6
2346397,2065,0.7024
2346397,1102,163.5
2346397,1092,375.9
2346397,1167,0.9263
2346397,1002,2.146
2346397,2033,11.95
2346397,2058,5.44
2346397,1165,0.3338
2346397,1004,5.8
2346397,2038,11.21
2346397,1098,0.4113
2346397,1051,10.14
2346397,1176,22.0
2346397,1103,29.04
2346397,1093,0.3113
2346397,1095,2.843
2346397,1087,51.34
2346397,1009,54.9
2346397,1089,3.801
2346397,1091,417.3
2346397,1175,0.1189
2346397,1177,29.99
2346397,1101,3.414
2346398,1063,11.42
2346398,2048,54.046596
2346398,2047,60.1113
2346398,1005,14.0914625
2346398,1003,0.4609375
2346398,1013,0.0
2346398,1079,0.9346
2346398,1095,0.1067
2346398,1041,0.0
2346398,1093,0.0
2346398,1002,0.07375
2346398,1087,12.5
2346398,1014,0.0
2346398,1010,3.46
2346398,1032,685.4
2346398,1101,0.866
2346398,1091,5.42
2346398,1175,0.1101
2346398,1051,84.99
2346398,1007,0.2463
2346398,1011,3.907
2346398,1012,4.053
2346398,1004,0.2113
2346398,1165,0.06375
2346398,1089,0.054
2346398,1162,58.61
2346398,1090,13.38
2346398,1043,0.0
2346398,1039,264.5
2346398,1167,0.2275
2346398,1102,0.0
2346398,1092,137.1
2346398,1044,0.0
2346398,1098,0.09545
2346399,1063,13.872
2346399,2048,63.290775
2346399,2047,70.5425
2346399,1005,16.163125
2346399,1003,1.039375
2346399,1175,0.04888
2346399,1089,0.1054
2346399,1011,8.359
2346399,1044,0.0
2346399,1032,0.0
2346399,1091,23.25
2346399,1051,82.18
2346399,1098,0.06925
2346399,1043,0.0
2346399,1101,0.07336
2346399,1010,0.0
2346399,1090,12.11
2346399,1012,5.513
2346399,1013,0.0
2346399,1039,762.4
2346399,1002,0.1663
2346399,1041,0.0
2346399,1162,10.39
2346399,1093,0.0
2346399,1095,0.06446
2346399,1007,0.425
2346399,1092,229.6
2346399,1014,0.0
2346399,1087,12.26
2346399,1004,0.1925
2346399,1102,0.97
2346400,1185,43.9
2346400,1184,0.0
2346400,1183,0.0
2346400,1063,2.3338
2346400,2048,33.5679465
2346400,2047,39.9998
2346400,1005,7.41245
2346400,1003,1.96875
2346400,1091,41.15
2346400,1101,0.3324
2346400,1089,0.6516
2346400,1079,3.011
2346400,1004,0.275
2346400,1002,0.315
2346400,1010,0.0775
2346400,1012,0.9263
2346400,1013,0.0
2346400,1011,1.33
2346400,1014,0.0
2346400,1092,290.4
2346400,1090,28.21
2346400,1102,41.63
2346400,1007,0.6838
2346400,1167,0.7313
2346400,1175,0.121
2346400,1093,0.0
2346400,1095,0.3498
2346400,1165,0.06
2346400,1098,0.09829
2346400,1087,40.05
2346400,1051,89.66
2346401,1185,1.5
2346401,1184,0.0
2346401,1183,0.0
2346401,1063,0.5263
2346401,2048,80.9523625
2346401,2047,83.42
2346401,1005,17.77125
2346401,1003,2.27375
2346401,1087,7.801
2346401,1175,0.1573
2346401,2065,1.091
2346401,1091,55.19
2346401,1002,0.3638
2346401,1004,0.36
2346401,1089,0.3835
2346401,1093,2.743
2346401,1095,0.3781
2346401,1012,0.2925
2346401,1013,0.0
2346401,1011,0.1613
2346401,1165,0.07375
2346401,1092,450.1
2346401,2033,14.93
2346401,1167,1.501
2346401,1014,0.0
2346401,1051,78.61
2346401,2038,13.83
2346401,1103,0.0
2346401,1098,0.09118
2346401,1010,0.0725
2346401,1102,4.869
2346401,1101,0.152
2346401,1162,10.9
2346401,1007,0.985
2346401,1090,25.64
2346402,1185,1.1
2346402,1184,0.0
2346402,1183,0.0
2346402,1063,0.6639
2346402,2048,73.373425
2346402,2047,75.5575
2346402,1005,16.27
2346402,1003,2.0625
2346402,1004,0.2475
2346402,1051,80.47
2346402,1175,0.1441
2346402,1092,472.0
2346402,1103,0.0
2346402,1167,1.481
2346402,1102,7.408
2346402,1095,0.3923
2346402,1002,0.33
2346402,1165,0.06625
2346402,1010,0.2613
2346402,1013,0.0
2346402,1098,0.09124
2346402,2065,0.888
2346402,2033,13.79
2346402,1093,2.856
2346402,1090,23.56
2346402,1089,0.3911
2346402,2038,12.91
2346402,1012,0.2188
2346402,1101,0.1648
2346402,1087,5.128
2346402,1007,0.95
2346402,1091,55.65
2346402,1014,0.0
2346402,1011,0.1838
2346402,1162,21.29
2346403,1185,0.8
2346403,1184,0.0
2346403,1183,0.0
2346403,1063,0.6451
2346403,2048,71.575228
2346403,2047,73.4738
2346403,1005,15.9624
2346403,1003,1.8125
2346403,1013,0.0
2346403,1012,0.3075
2346403,1175,0.145
2346403,1002,0.29
2346403,1091,56.95
2346403,2038,13.25
2346403,2065,0.5856
2346403,1167,1.585
2346403,1092,445.8
2346403,1095,0.3739
2346403,1090,22.3
2346403,1162,23.3
2346403,1098,0.1304
2346403,1089,0.3728
2346403,2033,13.83
2346403,1093,2.238
2346403,1103,0.0
2346403,1051,81.07
2346403,1011,0.2113
2346403,1007,0.8913
2346403,1004,0.2638
2346403,1010,0.1263
2346403,1014,0.0
2346403,1102,7.836
2346403,1165,0.05125
2346403,1101,0.1598
2346403,1087,5.943
2346404,1185,0.2
2346404,1184,0.0
2346404,1183,0.0
2346404,1063,6.0588
2346404,2048,77.35727375
2346404,2047,78.999
2346404,1005,17.327875
2346404,1003,1.578125
2346404,1012,0.9275
2346404,1002,0.2525
2346404,1089,0.398
2346404,1162,14.84
2346404,1092,486.4
2346404,1098,0.1866
2346404,1087,22.33
2346404,1175,0.1241
2346404,2038,4.251
2346404,1102,0.0
2346404,1010,3.056
2346404,1093,0.0
2346404,1014,1.099
2346404,2033,4.441
2346404,1051,79.54
2346404,1091,36.73
2346404,1165,0.045
2346404,1013,0.0
2346404,1090,19.14
2346404,1167,0.4325
2346404,1007,1.179
2346404,1095,0.3374
2346404,1011,0.9763
2346404,1004,0.375
2346404,2065,0.1571
2346404,1103,0.0
2346404,1101,0.4174
2346405,2048,14.83215875
2346405,1095,0.0929
2346405,1004,0.1625
2346405,1089,0.0
2346405,1007,0.8288
2346405,1175,0.05175
2346405,1103,0.0
2346405,1093,97.21
2346405,1087,46.28
2346405,1091,21.6
2346405,1090,10.93
2346405,1002,0.07875
2346405,1051,95.2
2346405,1101,0.076
2346405,1098,0.0
2346405,1092,265.2
2346405,1102,0.0
2346405,1003,0.4921875
2346405,1005,3.3165125
2346405,2047,16.6973
2346406,1185,24.0
2346406,1184,0.0
2346406,1183,0.0
2346406,1091,23.23
2346406,1051,95.87
2346406,1176,0.9625
2346406,1101,0.08488
2346406,1004,0.1775
2346406,1007,0.375
2346406,1098,0.06299
2346406,1002,0.1
2346406,1089,0.0
2346406,1087,16.34
2346406,1095,0.204
2346406,1093,1.515
2346406,1090,10.11
2346406,1092,169.6
2346406,1102,3.723
2346406,1003,0.625
2346406,1005,2.9525
2346406,2047,15.9075
2346406,2048,13.934925
2346407,1185,59.4
2346407,1184,0.0
2346407,1183,0.0
2346407,2048,27.8695
2346407,1092,207.1
2346407,1098,0.0
2346407,1087,41.84
2346407,1091,26.93
2346407,1095,0.2112
2346407,1007,0.5575
2346407,1162,40.34
2346407,1002,0.1538
2346407,1175,0.1384
2346407,1051,91.87
2346407,1089,0.06625
2346407,1101,0.2479
2346407,1102,6.943
2346407,1004,0.2275
2346407,1090,13.86
2346407,1093,16.1
2346407,1003,0.96125
2346407,1005,6.38375
2346407,2047,31.4275
2346408,1185,32.3
2346408,1184,0.0
2346408,1183,0.0
2346408,2048,29.943836
2346408,1002,0.1988
2346408,1090,13.3
2346408,1087,30.99
2346408,1095,0.245
2346408,1091,35.84
2346408,1101,0.3094
2346408,1004,0.2138
2346408,1089,0.0
2346408,1007,0.6138
2346408,1093,11.72
2346408,1098,0.0035
2346408,1092,269.1
2346408,1051,91.14
2346408,1162,53.88
2346408,1175,0.1789
2346408,1102,6.009
2346408,1003,1.2425
2346408,1005,6.7899
2346408,2047,34.0538
2346409,1176,0.19
2346409,1063,4.862
2346409,2048,32.66565
2346409,2047,36.4
2346409,1005,7.964375
2346409,1003,0.640625
2346409,1093,0.0
2346409,1043,0.0
2346409,1011,2.244
2346409,1101,0.3675
2346409,1087,16.9
2346409,1004,0.22
2346409,1090,12.52
2346409,1014,0.0
2346409,1012,2.618
2346409,1044,0.0
2346409,1091,22.98
2346409,1041,0.0
2346409,1162,59.62
2346409,1098,0.03471
2346409,1010,0.0
2346409,1095,0.114
2346409,1051,90.83
2346409,1002,0.1025
2346409,1032,699.8
2346409,1089,0.255
2346409,1007,0.345
2346409,1013,0.0
2346409,1092,160.7
2346409,1039,198.1
2346409,1075,0.0
2346410,1176,3.433
2346410,1063,2.6759
2346410,2048,51.412425
2346410,2047,57.3375
2346410,1005,12.904375
2346410,1003,1.008125
2346410,1087,16.41
2346410,1002,0.1613
2346410,1162,23.04
2346410,1007,0.35
2346410,1004,0.1875
2346410,1098,0.05289
2346410,1095,0.2213
2346410,1051,85.55
2346410,1101,0.4935
2346410,1092,155.8
2346410,1011,0.9919
2346410,1089,0.4501
2346410,1032,1740.0
2346410,1041,0.0
2346410,1093,0.0
2346410,1012,1.684
2346410,1013,0.0
2346410,1044,0.0
2346410,1039,54.08
2346410,1091,27.47
2346410,1090,19.15
2346410,1010,0.0
2346410,1075,0.0
2346410,1043,0.0
2346410,1014,0.0
2346411,1176,0.3
2346411,1063,9.356
2346411,2048,57.384621
2346411,2047,63.8563
2346411,1005,14.571775
2346411,1003,0.703125
2346411,1087,11.69
2346411,1004,0.3063
2346411,1089,0.3398
2346411,1051,84.19
2346411,1013,0.0
2346411,1011,4.417
2346411,1101,0.4228
2346411,1002,0.1125
2346411,1098,0.04605
2346411,1012,4.939
2346411,1010,0.0
2346411,1093,0.0
2346411,1095,0.08534
2346411,1092,85.64
2346411,1091,12.96
2346411,1090,6.179
2346411,1162,8.059
2346411,1075,0.0
2346411,1007,0.2288
2346411,1014,0.0
2346412,1176,0.1222
2346412,1063,17.341
2346412,2048,77.151876
2346412,2047,85.919
2346412,1005,20.196825
2346412,1003,0.914375
2346412,1004,0.1638
2346412,1007,0.535
2346412,1090,8.556
2346412,1010,0.0
2346412,1087,10.17
2346412,1092,229.4
2346412,1002,0.1463
2346412,1091,24.86
2346412,1093,6.999
2346412,1095,0.03603
2346412,1089,0.1615
2346412,1014,0.0
2346412,1162,3.308
2346412,1011,8.174
2346412,1012,9.167
2346412,1098,0.08081
2346412,1101,0.09758
2346412,1051,78.19
2346412,1075,0.0
2346412,1013,0.0
2346413,1176,0.1111
2346413,1063,16.133
2346413,2048,71.939325
2346413,2047,80.1025
2346413,1005,18.60375
2346413,1003,0.89875
2346413,1010,0.0
2346413,1002,0.1438
2346413,1011,7.487
2346413,1101,0.08365
2346413,1091,21.98
2346413,1014,0.0
2346413,1075,0.0
2346413,1012,8.646
2346413,1095,0.02674
2346413,1007,0.385
2346413,1051,79.88
2346413,1092,218.1
2346413,1087,9.897
2346413,1004,0.2325
2346413,1013,0.0
2346413,1093,3.171
2346413,1162,3.017
2346413,1098,0.06091
2346413,1089,0.1991
2346413,1090,7.118
2346414,1176,0.0
2346414,1063,9.663
2346414,2048,46.4205
2346414,2047,51.6025
2346414,1005,12.2615625
2346414,1003,0.2734375
2346414,1162,43.69
2346414,1013,0.0
2346414,1095,0.002625
2346414,1044,5.413
2346414,1091,9.119
2346414,1075,0.0
2346414,1041,0.0
2346414,1089,0.04475
2346414,1093,0.5038
2346414,1043,0.0
2346414,1051,87.1
2346414,1087,3.821
2346414,1012,5.855
2346414,1092,107.7
2346414,1002,0.04375
2346414,1090,3.938
2346414,1007,0.2025
2346414,1101,0.0368
2346414,1039,425.9
2346414,1010,1.357
2346414,1004,0.1625
2346414,1098,0.03905
2346414,1032,0.0
2346414,1011,2.451
2346414,1014,0.0
2512371,1103,21.1
2512371,2048,377.9609
2512371,2047,384.076
2512371,1005,68.7787
2512371,1003,13.2093
2512371,2033,9.036
2512371,1095,3.001
2512371,1007,2.29
2512371,1175,0.3873
2512371,1176,25.36
2512371,2065,1.086
2512371,1091,424.9
2512371,1165,0.05875
2512371,1166,0.175
2512371,1087,135.2
2512371,1089,7.56
2512371,1167,0.7475
2512371,1009,55.69
2512371,1102,35.09
2512371,1051,9.486
2512371,1079,7.209
2512371,2058,0.0
2512371,2038,7.864
2512371,1098,0.5179
2512371,1004,6.236
2512371,1002,2.258
2512371,1092,395.8
2512371,1093,0.0
2512371,1101,2.305
2512371,1090,232.7
2512372,1103,4.1
2512372,2048,378.394015
2512372,2047,385.197
2512372,1005,69.52465
2512372,1003,11.92235
2512372,1176,26.25
2512372,1098,0.4819
2512372,1087,37.56
2512372,1079,6.295
2512372,1004,6.601
2512372,2058,0.0
2512372,1093,6.321
2512372,1051,9.951
2512372,1175,0.2224
2512372,1095,2.77
2512372,1166,0.3163
2512372,1009,58.09
2512372,1165,0.345
2512372,1007,2.001
2512372,2033,6.953
2512372,1101,2.015
2512372,1002,2.045
2512372,1089,4.528
2512372,1092,550.9
2512372,2038,6.331
2512372,1167,1.211
2512372,2065,0.1475
2512372,1090,163.8
2512372,1091,369.3
2512372,1102,17.55
2512373,1103,12.4
2512373,2048,363.8590417
2512373,2047,374.93
2512373,1005,77.39123
2512373,1003,8.27277
2512373,1167,3.953
2512373,1166,0.15
2512373,1175,0.1656
2512373,1087,11.41
2512373,1009,66.27
2512373,1051,9.414
2512373,1098,0.2368
2512373,1091,261.9
2512373,1176,24.23
2512373,1092,335.1
2512373,1007,1.336
2512373,2033,8.16
2512373,2065,0.0
2512373,1090,116.4
2512373,2058,0.1875
2512373,1089,3.721
2512373,1079,6.019
2512373,1093,0.0
2512373,1102,48.16
2512373,1095,1.66
2512373,1165,0.27
2512373,1002,1.419
2512373,2038,7.43
2512373,1101,1.078
2512373,1004,3.586
2512374,1103,15.7
2512374,2048,334.3016028
2512374,2047,357.968
2512374,1005,75.01808
2512374,1003,8.88492
2512374,1098,0.5299
2512374,1007,1.573
2512374,1079,10.35
2512374,1102,44.55
2512374,1087,30.55
2512374,1051,12.04
2512374,1166,0.16
2512374,1090,167.4
2512374,1002,1.524
2512374,1095,1.755
2512374,1175,0.1699
2512374,2058,0.0
2512374,1009,59.0
2512374,1089,3.84
2512374,1092,378.1
2512374,1101,1.544
2512374,2065,0.0
2512374,2038,10.73
2512374,1165,0.2413
2512374,1167,3.839
2512374,1176,15.09
2512374,1004,2.484
2512374,2033,11.38
2512374,1093,0.0
2512374,1091,281.9
2512375,1103,16.6
2512375,2048,350.962038
2512375,2047,359.4
2512375,1005,77.1618
2512375,1003,8.3952
2512375,1087,32.24
2512375,2058,1.913
2512375,1007,1.405
2512375,1167,1.163
2512375,1089,2.536
2512375,1098,0.3384
2512375,1002,1.44
2512375,1004,1.908
2512375,1101,2.129
2512375,1165,0.2163
2512375,1093,0.0
2512375,1092,434.0
2512375,1090,95.39
2512375,1176,8.975
2512375,2033,17.9
2512375,1009,54.11
2512375,1079,13.68
2512375,1091,280.3
2512375,2065,4.899
2512375,1102,75.46
2512375,1051,11.13
2512375,2038,12.99
2512375,1175,0.1638
2512375,1166,0.17
2512375,1095,2.328
2512376,1103,13.1
2512376,2048,357.191828
2512376,2047,366.53
2512376,1005,77.39832
2512376,1003,8.72168
2512376,2033,16.15
2512376,1166,0.1463
2512376,1093,20.33
2512376,2065,2.309
2512376,1091,234.4
2512376,1009,56.86
2512376,1089,3.301
2512376,1095,2.144
2512376,1002,1.496
2512376,1101,1.181
2512376,1079,12.79
2512376,1165,0.225
2512376,1167,5.941
2512376,1007,1.531
2512376,1087,35.56
2512376,1098,0.3936
2512376,1176,8.614
2512376,1051,9.899
2512376,1004,2.45
2512376,2038,13.83
2512376,1102,57.36
2512376,1090,88.04
2512376,1175,0.1995
2512376,1092,366.6
2512376,2058,4.2
2512377,1103,0.0
2512377,2048,358.55706075
2512377,2047,357.369
2512377,1005,87.312975
2512377,1003,0.918225
2512377,1009,79.72
2512377,1090,33.56
2512377,1007,0.715
2512377,1102,2.534
2512377,1176,0.5188
2512377,1165,0.05125
2512377,1101,0.3954
2512377,1175,0.04988
2512377,1089,3.988
2512377,2033,7.655
2512377,1092,197.6
2512377,1166,0.0675
2512377,1093,13.08
2512377,1167,0.6
2512377,2065,1.394
2512377,1051,10.56
2512377,2058,0.0
2512377,1079,4.834
2512377,1002,0.1575
2512377,1087,74.55
2512377,1098,0.07663
2512377,1095,0.4099
2512377,2038,6.266
2512377,1004,0.4938
2512377,1091,39.24
2512378,1103,13.6
2512378,2048,331.6005206
2512378,2047,356.135
2512378,1005,71.13066
2512378,1003,11.06534
2512378,1165,0.5388
2512378,1090,203.0
2512378,2058,0.0
2512378,1091,373.7
2512378,1101,1.23
2512378,1092,414.5
2512378,1004,3.039
2512378,1009,61.61
2512378,1007,1.815
2512378,1175,0.2776
2512378,1102,55.25
2512378,1089,2.444
2512378,2033,4.805
2512378,1098,0.4764
2512378,1176,18.65
2512378,2065,0.0
2512378,1093,0.0
2512378,1166,0.1775
2512378,1002,1.898
2512378,1095,2.236
2512378,2038,4.103
2512378,1087,13.64
2512378,1167,5.366
2512378,1079,4.046
2512378,1051,12.95
2512379,1103,23.1
2512379,2048,380.6064975
2512379,2047,375.618
2512379,1005,74.44623
2512379,1003,10.02177
2512379,1092,214.1
2512379,1098,0.4883
2512379,1087,9.105
2512379,1079,2.619
2512379,1090,105.5
2512379,1095,2.258
2512379,1176,11.43
2512379,1009,67.06
2512379,2038,2.729
2512379,2033,3.326
2512379,1051,10.21
2512379,1093,0.0
2512379,1007,1.128
2512379,1167,4.86
2512379,1102,29.54
2512379,1089,2.534
2512379,1165,0.4113
2512379,2058,0.0
2512379,1091,257.9
2512379,1004,4.194
2512379,1002,1.719
2512379,1101,0.9239
2512379,1166,0.1363
2512379,2065,0.0
2512379,1175,0.1918
2512380,1103,14.8
2512380,2048,368.3584745
2512380,2047,365.518
2512380,1005,76.68795
2512380,1003,7.25305
2512380,1090,115.0
2512380,1098,0.2659
2512380,1175,0.1606
2512380,1102,63.94
2512380,1093,0.0
2512380,1091,302.8
2512380,1095,1.854
2512380,1167,6.271
2512380,1166,0.1025
2512380,1092,250.1
2512380,1089,1.242
2512380,1176,4.988
2512380,1101,2.696
2512380,1087,8.058
2512380,1079,3.021
2512380,2038,3.384
2512380,1009,71.6
2512380,2065,0.5013
2512380,1051,11.47
2512380,1007,1.283
2512380,1002,1.219
2512380,1165,0.3263
2512380,1004,3.306
2512380,2033,4.296
2512381,1103,6.6
2512381,2048,369.637321
2512381,2047,358.705
2512381,1005,80.31315
2512381,1003,7.03885
2512381,1165,0.065
2512381,1090,26.53
2512381,1167,1.434
2512381,1087,4.46
2512381,1093,0.4625
2512381,1091,108.2
2512381,1098,0.2138
2512381,2038,1.934
2512381,1004,1.033
2512381,2065,0.2963
2512381,1051,11.19
2512381,1101,0.9811
2512381,1089,0.1405
2512381,1175,0.05788
2512381,1095,1.354
2512381,1176,0.0
2512381,1079,0.1488
2512381,1009,74.36
2512381,2033,2.771
2512381,1166,0.08
2512381,1102,64.18
2512381,1092,82.26
2512381,1002,1.183
2512381,1007,0.425
2514743,1258,5.051
2514743,1257,0.484
2514743,1292,4.477
2514743,1293,0.361
2514743,1095,4.194
2514743,1051,69.0
2514743,1002,2.905
2514743,1087,7.135
2514743,1093,61.64
2514743,1098,0.05616
2514743,1101,0.0
2514743,1253,65.9
2514743,1089,2.128
2514743,1090,16.49
2514743,1091,148.0
2514743,1007,0.8463
2514743,1004,12.85
2514743,1092,281.4
2514743,1003,18.15625
2514743,1005,0.0
2514743,2047,184.8648
2514743,2048,190.134819
2514744,1258,6.845
2514744,1257,0.7
2514744,1292,7.247
2514744,1051,62.82
2514744,1101,0.0
2514744,1095,3.848
2514744,1007,0.8275
2514744,1253,67.74
2514744,1087,6.889
2514744,1093,54.94
2514744,1092,273.3
2514744,1004,19.44
2514744,1090,16.41
2514744,1091,144.4
2514744,1089,1.965
2514744,1002,2.805
2514744,1098,0.0551
2514744,1003,17.53125
2514744,1005,0.0
2514744,2047,242.61
2514744,2048,247.812675
2514744,1293,0.485
2514745,1258,6.283
2514745,1257,0.066
2514745,1292,7.777
2514745,1089,0.7876
2514745,1091,173.3
2514745,1101,0.0
2514745,1092,317.7
2514745,1095,2.226
2514745,1093,53.63
2514745,1051,63.87
2514745,1004,17.49
2514745,1253,71.16
2514745,1087,5.857
2514745,1002,2.849
2514745,1090,19.03
2514745,1098,0.0666
2514745,1007,0.9243
2514745,1003,17.80625
2514745,1005,0.0
2514745,2047,228.2728
2514745,2048,233.442059
2514745,1293,2.553
2514746,1258,1.559
2514746,1257,0.021
2514746,1292,2.173
2514746,1007,0.9688
2514746,1253,81.69
2514746,1089,0.5926
2514746,1101,0.005025
2514746,1093,62.95
2514746,1092,301.7
2514746,1002,2.866
2514746,1095,1.177
2514746,1098,0.03619
2514746,1091,165.5
2514746,1051,74.72
2514746,1090,20.51
2514746,1004,7.161
2514746,1087,5.819
2514746,1003,17.9125
2514746,1005,0.0
2514746,2047,133.0498
2514746,2048,138.128494
2514746,1293,1.38
2514747,1258,2.264
2514747,1257,0.081
2514747,1292,2.874
2514747,1101,0.01581
2514747,1090,17.3
2514747,1007,0.945
2514747,1253,82.26
2514747,1093,80.18
2514747,1098,0.07624
2514747,1089,1.087
2514747,1087,23.63
2514747,1095,2.95
2514747,1004,9.591
2514747,1092,246.3
2514747,1002,2.775
2514747,1051,72.89
2514747,1091,162.0
2514747,1003,17.34375
2514747,1005,0.0
2514747,2047,152.615
2514747,2048,157.5897
2514747,1293,2.59
2515373,1103,280.4
2515373,1093,0.0
2515373,1091,706.9
2515373,1089,2.474
2515373,1004,57.43
2515373,1092,592.5
2515373,1087,167.8
2515373,1098,1.739
2515373,1002,2.754
2515373,1079,5.984
2515373,1095,3.824
2515373,1090,351.3
2515373,1101,1.26
2515373,1007,3.626
2515373,1051,2.265
2515373,1003,15.03684
2515373,1005,21.64216
2515373,2047,663.586
2515373,2048,620.950526
2515374,1091,532.2
2515374,1101,1.949
2515374,1098,2.218
2515374,1103,20.67
2515374,1002,3.291
2515374,1079,4.104
2515374,1087,41.95
2515374,1095,5.071
2515374,1092,638.3
2515374,1089,5.988
2515374,1007,2.598
2515374,1051,4.811
2515374,1090,250.6
2515374,1004,38.86
2515374,1093,4.759
2515374,1003,17.4423
2515374,1005,36.2887
2515374,2047,564.664
2515374,2048,533.47799
2515375,1091,321.1
2515375,1103,0.0
2515375,1101,6.059
2515375,1089,3.465
2515375,1087,134.7
2515375,1079,8.41
2515375,1051,4.309
2515375,1002,2.546
2515375,1007,2.206
2515375,1095,2.334
2515375,1004,53.49
2515375,1093,0.0
2515375,1090,155.8
2515375,1092,635.9
2515375,1098,1.413
2515375,1003,13.4938
2515375,1005,26.5012
2515375,2047,641.39
2515375,2048,602.39467
2515376,1004,43.28
2515376,1079,8.014
2515376,1091,380.4
2515376,1101,1.68
2515376,1103,17.81
2515376,1087,49.13
2515376,1089,1.554
2515376,1095,2.78
2515376,1098,0.4595
2515376,1092,635.6
2515376,1051,4.816
2515376,1090,179.7
2515376,1002,4.25
2515376,1093,1.493
2515376,1007,2.201
2515376,1003,23.205
2515376,1005,26.498
2515376,2047,588.332
2515376,2048,550.62181
2515377,1258,0.689
2515377,1293,1.515
2515377,1292,1.256
2515377,2048,384.58086
2515377,1002,0.9975
2515377,1087,55.81
2515377,1079,8.711
2515377,1101,2.901
2515377,1089,1.621
2515377,1092,1032.0
2515377,1098,0.581
2515377,1004,4.636
2515377,1093,0.0
2515377,1162,4.05
2515377,1090,68.75
2515377,1103,0.0
2515377,1007,2.301
2515377,1051,7.326
2515377,1091,134.2
2515377,1095,1.038
2515377,1003,5.28675
2515377,1005,80.45025
2515377,2047,384.672
2515378,1095,1.2
2515378,1051,1.829
2515378,1092,372.6
2515378,1004,64.93
2515378,1091,208.4
2515378,1101,11.3
2515378,1090,106.8
2515378,1007,1.361
2515378,1079,7.563
2515378,1098,0.4455
2515378,1103,32.62
2515378,1087,52.71
2515378,1093,0.0
2515378,1002,1.469
2515378,1089,1.881
2515378,1003,7.7857
2515378,1005,24.0943
2515378,2047,711.89
2515378,2048,668.54428
2515379,1089,3.456
2515379,1103,23.12
2515379,1091,499.6
2515379,1101,1.05
2515379,1079,6.969
2515379,1093,0.0
2515379,1002,3.869
2515379,1087,117.4
2515379,1098,1.054
2515379,1092,947.0
2515379,1004,45.02
2515379,1007,2.83
2515379,1090,109.7
2515379,1051,3.95
2515379,1095,2.176
2515379,1003,20.5057
2515379,1005,27.6943
2515379,2047,597.98
2515379,2048,560.68798
2515380,1103,20.52
2515380,1051,6.621
2515380,1093,0.0
2515380,1091,1150.0
2515380,1007,4.766
2515380,1098,1.225
2515380,1002,5.643
2515380,1090,499.7
2515380,1092,691.2
2515380,1095,6.341
2515380,1004,40.03
2515380,1079,5.079
2515380,1089,8.363
2515380,1087,37.38
2515380,1101,4.121
2515380,1003,29.9079
2515380,1005,18.6751
2515380,2047,554.602
2515380,2048,514.83917
2515381,1095,5.578
2515381,1092,656.8
2515381,1093,0.0
2515381,1002,3.561
2515381,1098,1.875
2515381,1091,732.0
2515381,1004,48.44
2515381,1103,17.78
2515381,1007,3.313
2515381,1089,4.37
2515381,1090,301.9
2515381,1051,4.873
2515381,1079,7.215
2515381,1101,2.63
2515381,1087,115.6
2515381,1003,18.8733
2515381,1005,24.5007
2515381,2047,609.456
2515381,2048,570.651
2515382,1258,13.999
2515382,1293,0.111
2515382,1292,0.806
2515382,1103,26.76
2515382,1098,2.081
2515382,1007,4.989
2515382,1002,3.045
2515382,1091,507.2
2515382,1079,34.24
2515382,1051,4.69
2515382,1089,8.018
2515382,1101,5.293
2515382,1087,35.98
2515382,1090,247.7
2515382,1095,3.698
2515382,1004,15.28
2515382,1092,2088.0
2515382,1093,46.94
2515382,1003,16.1385
2515382,1005,58.9025
2515382,2047,437.684
2515382,2048,423.62737
2644281,1071,33.0
2644281,1089,6.673
2644281,1093,0.0
2644281,1007,4.143
2644281,1091,412.3
2644281,1090,153.6
2644281,1004,2.199
2644281,1002,3.45
2644281,1098,0.7419
2644281,1009,29.87
2644281,1095,2.72
2644281,1087,142.9
2644281,1051,12.3
2644281,1092,1424.0
2644281,1101,1.784
2644281,1003,21.5625
2644281,1005,59.7955
2644281,2047,345.223
2644281,2048,336.59519
2644282,1071,7.0
2644282,1093,8.779
2644282,1095,3.124
2644282,1002,3.404
2644282,1087,111.1
2644282,1007,3.319
2644282,1089,5.094
2644282,1051,8.774
2644282,1098,0.8041
2644282,1101,3.581
2644282,1009,34.14
2644282,1091,353.1
2644282,1090,134.8
2644282,1004,6.274
2644282,1092,1074.0
2644282,1003,21.275
2644282,1005,60.358
2644282,2047,382.998
2644282,2048,371.99469
2644283,1071,16.0
2644283,1004,1.925
2644283,1087,61.85
2644283,1093,0.0
2644283,1092,948.9
2644283,1098,0.8376
2644283,1051,9.451
2644283,1009,37.13
2644283,1007,2.884
2644283,1095,3.863
2644283,1090,106.7
2644283,1101,1.569
2644283,1089,7.158
2644283,1091,373.6
2644283,1002,3.771
2644283,1003,23.56875
2644283,1005,62.17125
2644283,2047,360.285
2644283,2048,350.9328
2644284,1071,6.0
2644284,1090,183.9
2644284,1098,0.9359
2644284,1093,3.458
2644284,1095,3.654
2644284,1101,1.288
2644284,1051,11.01
2644284,1007,3.51
2644284,1002,3.396
2644284,1089,5.93
2644284,1092,1243.0
2644284,1009,37.38
2644284,1087,71.4
2644284,1004,2.419
2644284,1091,427.6
2644284,1003,21.225
2644284,1005,61.836
2644284,2047,354.015
2644284,2048,345.5703
2644285,1071,2.0
2644285,2033,6.688
2644285,1093,217.9
2644285,1098,0.3359
2644285,1090,32.54
2644285,1092,253.1
2644285,1091,90.95
2644285,1007,1.211
2644285,1004,1.273
2644285,1087,43.31
2644285,1095,0.7399
2644285,1051,70.79
2644285,1089,1.688
2644285,1101,0.3324
2644285,1002,1.106
2644285,1009,11.83
2644285,1003,6.9125
2644285,1005,19.8135
2644285,2047,118.361
2644285,2048,115.28233
2644286,1071,2.0
2644286,1090,29.56
2644286,1098,0.29
2644286,1095,0.6313
2644286,1101,0.3771
2644286,1004,1.398
2644286,1007,1.09
2644286,1051,70.96
2644286,1002,1.051
2644286,1091,86.71
2644286,1092,183.7
2644286,1009,12.07
2644286,1089,1.599
2644286,1087,63.91
2644286,2033,6.85
2644286,1093,190.1
2644286,1003,6.56875
2644286,1005,19.98325
2644286,2047,118.79
2644286,2048,115.82665
2644287,1071,2.0
2644287,1002,1.186
2644287,1090,29.29
2644287,1092,202.6
2644287,1093,164.0
2644287,1091,94.74
2644287,1095,0.5155
2644287,1101,0.3686
2644287,1009,11.33
2644287,2033,6.763
2644287,1004,1.169
2644287,1089,1.405
2644287,1098,0.2193
2644287,1087,69.19
2644287,1007,1.07
2644287,1051,71.53
2644287,1003,7.4125
2644287,1005,18.8185
2644287,2047,115.445
2644287,2048,112.0972
2644288,1071,2.0
2644288,1098,0.2674
2644288,1093,201.7
2644288,1091,86.48
2644288,1090,28.41
2644288,1004,3.096
2644288,1101,0.7448
2644288,2033,5.925
2644288,1089,1.042
2644288,1002,1.123
2644288,1087,40.48
2644288,1051,68.59
2644288,1092,136.8
2644288,1007,0.975
2644288,1009,12.81
2644288,1095,0.7243
2644288,1003,7.01875
2644288,1005,20.32025
2644288,2047,137.22
2644288,2048,132.972
2644289,1071,2.0
2644289,1093,172.3
2644289,1009,12.16
2644289,1090,29.31
2644289,1087,56.94
2644289,2033,7.013
2644289,1091,104.1
2644289,1051,68.82
2644289,1004,1.256
2644289,1095,0.56
2644289,1098,0.273
2644289,1007,1.094
2644289,1002,1.248
2644289,1092,226.9
2644289,1101,0.3285
2644289,1089,1.439
2644289,1003,7.8
2644289,1005,21.03
2644289,2047,126.624
2644289,2048,123.17082
2644290,1071,2.0
2644290,2033,7.4
2644290,1007,1.018
2644290,1095,0.526
2644290,1002,1.169
2644290,1101,0.3453
2644290,1090,25.49
2644290,1087,60.25
2644290,1098,0.2713
2644290,1009,13.11
2644290,1092,209.4
2644290,1051,68.93
2644290,1091,93.56
2644290,1004,1.299
2644290,1089,1.305
2644290,1093,158.5
2644290,1003,7.30625
2644290,1005,21.44675
2644290,2047,126.703
2644290,2048,123.51359
2644291,1071,2.0
2644291,1004,1.153
2644291,1007,0.875
2644291,1095,0.712
2644291,1002,0.7575
2644291,1051,80.53
2644291,1098,0.1233
2644291,1090,21.91
2644291,1087,28.21
2644291,2033,5.95
2644291,1093,207.4
2644291,1101,0.2849
2644291,1092,109.2
2644291,1091,77.74
2644291,1009,4.485
2644291,1089,1.139
2644291,1003,4.734375
2644291,1005,12.707625
2644291,2047,80.145
2644291,2048,77.798925
2644292,1071,2.0
2644292,1095,0.6248
2644292,1004,1.266
2644292,1101,0.3168
2644292,1051,71.33
2644292,1007,1.11
2644292,1093,201.6
2644292,1002,1.071
2644292,1087,55.23
2644292,2033,7.088
2644292,1091,83.11
2644292,1098,0.2546
2644292,1092,209.6
2644292,1009,11.64
2644292,1089,1.284
2644292,1090,27.49
2644292,1003,6.69375
2644292,1005,19.60025
2644292,2047,116.57
2644292,2048,113.59675
2644293,1071,1.0
2644293,1009,13.55
2644293,1089,1.084
2644293,1092,138.1
2644293,1007,0.9931
2644293,1051,71.62
2644293,1093,226.7
2644293,1090,27.26
2644293,1002,1.108
2644293,1101,0.2224
2644293,1095,0.655
2644293,1091,83.03
2644293,1098,0.2846
2644293,1004,1.296
2644293,1087,27.78
2644293,2033,4.338
2644293,1003,6.925
2644293,1005,19.1659
2644293,2047,116.0276
2644293,2048,112.882483
2644294,1071,2.0
2644294,1095,0.6349
2644294,1093,223.1
2644294,1087,67.16
2644294,1101,0.4628
2644294,1009,11.68
2644294,1098,0.2558
2644294,1004,1.266
2644294,1002,1.125
2644294,1051,71.16
2644294,2033,6.913
2644294,1089,1.382
2644294,1092,213.1
2644294,1091,88.61
2644294,1090,29.3
2644294,1007,1.214
2644294,1003,7.03125
2644294,1005,19.32875
2644294,2047,116.834
2644294,2048,113.66287
2646168,2048,173.72307
2646168,2047,167.769
2646168,1005,0.0
2646168,1293,1.379
2646168,1090,21.96
2646168,1098,0.0382
2646168,1257,0.02875
2646168,1095,1.57
2646168,1092,361.2
2646168,1258,3.285
2646168,1292,3.946
2646168,1051,68.82
2646168,1101,0.0
2646168,1002,3.379
2646168,1089,0.4519
2646168,1253,55.93
2646168,1007,1.074
2646168,1091,196.8
2646168,1004,9.469
2646168,1087,4.111
2646168,1093,40.2
2646168,1003,21.11875
2646169,2048,125.02117
2646169,2047,119.039
2646169,1005,0.0
2646169,1089,0.9293
2646169,1292,0.8625
2646169,1002,3.453
2646169,1007,1.184
2646169,1004,3.899
2646169,1095,1.773
2646169,1258,0.8663
2646169,1253,59.58
2646169,1092,397.4
2646169,1090,24.66
2646169,1051,73.93
2646169,1093,41.39
2646169,1101,0.002588
2646169,1098,0.07724
2646169,1293,0.4175
2646169,1091,217.4
2646169,1257,0.01
2646169,1087,4.528
2646169,1003,21.58125
2646170,2048,112.20227
2646170,2047,106.034
2646170,1005,0.0
2646170,1293,0.2963
2646170,1098,0.003638
2646170,1051,74.78
2646170,1002,3.604
2646170,1007,1.129
2646170,1087,3.939
2646170,1292,0.3688
2646170,1253,72.73
2646170,1095,0.6545
2646170,1004,1.934
2646170,1258,0.3488
2646170,1092,330.1
2646170,1089,0.3543
2646170,1091,214.9
2646170,1090,26.2
2646170,1093,65.75
2646170,1101,0.0
2646170,1257,0.00875
2646170,1003,22.525
2646171,2048,149.306475
2646171,2047,144.07
2646171,1005,0.0
2646171,1004,7.916
2646171,1091,178.3
2646171,1258,1.658
2646171,1101,0.0
2646171,1257,0.02375
2646171,1095,1.348
2646171,1002,2.978
2646171,1093,62.33
2646171,1293,1.42
2646171,1092,271.8
2646171,1098,0.04235
2646171,1253,91.66
2646171,1090,21.8
2646171,1089,0.6018
2646171,1087,5.65
2646171,1051,72.92
2646171,1292,2.239
2646171,1007,0.9575
2646171,1003,18.6125
2646172,2048,259.611425
2646172,2047,254.11
2646172,1005,0.0
2646172,1051,60.63
2646172,1098,0.04263
2646172,1004,20.04
2646172,1087,4.173
2646172,1292,7.731
2646172,1091,149.7
2646172,1002,2.999
2646172,1258,7.966
2646172,1293,0.6286
2646172,1253,62.66
2646172,1007,0.8925
2646172,1257,0.9743
2646172,1090,16.68
2646172,1092,288.0
2646172,1093,42.54
2646172,1089,1.641
2646172,1095,4.063
2646172,1101,0.0
2646172,1003,18.74375
2646173,2048,146.43655
2646173,2047,140.635
2646173,1005,0.852
2646173,1258,1.695
2646173,1087,4.07
2646173,1091,192.3
2646173,1090,22.08
2646173,1095,3.778
2646173,1093,45.54
2646173,1257,0.2283
2646173,1051,70.88
2646173,1092,351.5
2646173,1089,1.901
2646173,1098,0.05515
2646173,1002,3.436
2646173,1293,0.2383
2646173,1004,5.703
2646173,1007,1.09
2646173,1101,0.002875
2646173,1292,1.7
2646173,1253,59.26
2646173,1003,21.475
2646174,2048,237.096894
2646174,2047,231.7048
2646174,1005,0.0
2646174,1093,48.44
2646174,1253,66.75
2646174,1095,5.386
2646174,1004,17.8
2646174,1091,151.0
2646174,1092,281.1
2646174,1293,0.5557
2646174,1258,6.341
2646174,1292,7.021
2646174,1051,63.43
2646174,1101,0.0
2646174,1089,2.059
2646174,1002,2.944
2646174,1087,4.576
2646174,1090,16.99
2646174,1098,0.05405
2646174,1257,0.6686
2646174,1007,0.8938
2646174,1003,18.4
2646175,2048,169.562744
2646175,2047,163.8998
2646175,1005,0.0
2646175,1253,57.7
2646175,1092,331.8
2646175,1292,3.589
2646175,1087,3.836
2646175,1101,0.001688
2646175,1089,1.834
2646175,1258,3.551
2646175,1095,5.563
2646175,1007,0.9938
2646175,1090,18.86
2646175,1002,3.221
2646175,1293,0.3143
2646175,1091,167.3
2646175,1051,69.78
2646175,1098,0.04471
2646175,1004,9.399
2646175,1257,0.3886
2646175,1093,51.3
2646175,1003,20.13125
2647437,1110,8.68
2647437,2048,50.07437
2647437,2047,50.0015
2647437,1114,0.217
2647437,1005,8.07675
2647437,1111,0.0
2647437,1092,210.5
2647437,1100,58.72
2647437,1004,0.0875
2647437,1091,127.0
2647437,1007,1.039
2647437,1002,0.6625
2647437,1089,0.0
2647437,1105,0.0
2647437,1090,15.21
2647437,1253,3.375
2647437,1101,0.0
2647437,1087,167.4
2647437,1098,0.0
2647437,1051,86.57
2647437,1112,0.2168
2647437,1093,51.48
2647437,1095,0.5989
2647437,1003,4.22675
2647438,1110,0.0
2647438,2048,390.73759
2647438,2047,391.73
2647438,1114,0.0
2647438,1005,1.8979
2647438,1003,22.6171
2647438,1292,6.679
2647438,1004,32.63
2647438,1105,192.0
2647438,1007,3.675
2647438,1258,19.16
2647438,1101,0.01113
2647438,1051,39.18
2647438,1264,3.044
2647438,1098,0.0
2647438,1269,0.7393
2647438,1093,662.2
2647438,1002,3.545
2647438,1265,9.296
2647438,1095,3.785
2647438,1266,2.818
2647438,1263,1.034
2647438,1111,0.0
2647438,1100,35.9
2647438,1092,82.94
2647438,1090,29.6
2647438,1112,0.0
2647438,1253,99.76
2647438,1087,714.6
2647438,1089,0.0
2647438,1091,470.9
2647439,1110,177.0
2647439,2048,307.89587
2647439,2047,309.768
2647439,1114,4.42
2647439,1005,8.1898
2647439,1003,15.5672
2647439,1007,7.603
2647439,1269,0.5584
2647439,1091,880.0
2647439,1093,1420.0
2647439,1100,52.53
2647439,1264,2.197
2647439,1292,4.886
2647439,1111,0.0
2647439,1265,6.52
2647439,1095,2.379
2647439,1263,0.7231
2647439,1098,0.0
2647439,1051,44.78
2647439,1105,155.7
2647439,1002,2.44
2647439,1089,1.303
2647439,1092,211.8
2647439,1253,73.24
2647439,1090,34.6
2647439,1087,1498.0
2647439,1004,23.86
2647439,1258,13.7
2647439,1112,4.421
2647439,1101,0.06518
2647439,1266,2.127
2647440,1110,0.0
2647440,2048,356.900072
2647440,2047,356.794
2647440,1114,0.0
2647440,1005,2.45312
2647440,1003,23.45288
2647440,1004,28.13
2647440,1112,0.0
2647440,1092,94.84
2647440,1266,2.288
2647440,1101,0.02996
2647440,1087,748.8
2647440,1263,0.8364
2647440,1258,16.24
2647440,1007,3.624
2647440,1111,0.0
2647440,1265,8.017
2647440,1091,494.1
2647440,1002,3.676
2647440,1269,0.571
2647440,1051,42.34
2647440,1093,600.9
2647440,1089,0.0
2647440,1253,85.43
2647440,1264,2.635
2647440,1100,64.27
2647440,1292,5.738
2647440,1090,29.5
2647440,1095,3.89
2647440,1105,200.0
2647440,1098,0.0
2647441,1110,0.0
2647441,2048,298.113882
2647441,2047,297.088
2647441,1114,0.0
2647441,1005,2.40202
2647441,1003,22.14498
2647441,1292,4.736
2647441,1002,3.471
2647441,1100,45.72
2647441,1098,0.0
2647441,1112,0.0
2647441,1111,0.0
2647441,1007,3.553
2647441,1101,0.02061
2647441,1087,532.3
2647441,1093,734.2
2647441,1091,380.4
2647441,1095,3.506
2647441,1253,65.53
2647441,1089,0.0
2647441,1265,6.25
2647441,1090,21.58
2647441,1258,12.71
2647441,1105,135.0
2647441,1269,0.59
2647441,1266,2.009
2647441,1092,80.73
2647441,1264,1.946
2647441,1051,49.8
2647441,1263,0.6258
2647441,1004,22.1
2647442,1110,0.0
2647442,2048,297.41686
2647442,2047,297.608
2647442,1114,0.0
2647442,1005,2.9572
2647442,1003,18.8848
2647442,1002,2.96
2647442,1265,6.64
2647442,1263,0.7484
2647442,1092,126.4
2647442,1089,0.0
2647442,1007,3.418
2647442,1266,2.131
2647442,1269,0.5954
2647442,1093,626.5
2647442,1101,0.0
2647442,1105,152.1
2647442,1095,2.908
2647442,1051,51.38
2647442,1264,2.265
2647442,1091,389.8
2647442,1090,27.64
2647442,1112,0.0
2647442,1100,79.89
2647442,1098,0.0
2647442,1258,13.95
2647442,1087,601.8
2647442,1111,0.0
2647442,1004,23.36
2647442,1253,76.09
2647442,1292,4.964
2647443,1110,0.0
2647443,2048,351.761072
2647443,2047,351.4
2647443,1114,0.0
2647443,1005,2.72432
2647443,1003,23.83568
2647443,1093,1625.0
2647443,1092,116.7
2647443,1089,0.0
2647443,1090,29.9
2647443,1100,64.75
2647443,1253,89.26
2647443,1004,27.24
2647443,1098,0.0
2647443,1258,15.89
2647443,1101,0.01704
2647443,1292,5.931
2647443,1266,2.621
2647443,1051,40.0
2647443,1091,485.5
2647443,1111,0.0
2647443,1002,3.736
2647443,1007,6.2
2647443,1105,166.5
2647443,1264,2.572
2647443,1263,0.8359
2647443,1269,0.7141
2647443,1112,0.0
2647443,1265,7.391
2647443,1095,3.597
2647443,1087,699.6
2684440,1404,0.021
2684440,1316,0.05
2684440,1315,0.585
2684440,1293,0.71
2684440,1292,1.137
2684440,1280,0.068
2684440,1278,0.211
2684440,1272,0.326
2684440,1266,0.088
2684440,1265,0.485
2684440,1264,0.12
2684440,1263,0.001
2684440,1262,0.0
2684440,1261,0.0
2684440,1260,0.0
2684440,1259,0.0
2684440,1258,0.722
2684440,2048,136.22202
2684440,2047,129.984
2684440,1005,0.0
2684440,1100,18.38
2684440,1092,329.7
2684440,1095,0.4246
2684440,1002,3.568
2684440,1253,59.3
2684440,1103,30.2
2684440,1098,0.0616
2684440,1178,5.16
2684440,1093,53.3
2684440,1090,26.15
2684440,1089,0.4024
2684440,1051,72.51
2684440,1087,14.84
2684440,1004,4.936
2684440,1101,0.0
2684440,1105,42.81
2684440,1007,1.164
2684440,1091,226.3
2684440,1003,22.3
2684441,1404,0.541
2684441,1316,2.149
2684441,1315,4.083
2684441,1293,4.061
2684441,1292,5.012
2684441,1280,0.166
2684441,1278,0.318
2684441,1272,0.585
2684441,1266,0.465
2684441,1265,1.428
2684441,1264,0.242
2684441,1263,0.006
2684441,1262,0.0
2684441,1261,0.0
2684441,1260,0.0
2684441,1259,0.0
2684441,1258,2.277
2684441,2048,203.10632
2684441,2047,197.294
2684441,1005,0.0
2684441,1004,13.11
2684441,1091,230.3
2684441,1101,0.0
2684441,1105,2.151
2684441,1089,0.2588
2684441,1093,49.49
2684441,1007,1.224
2684441,1100,3.242
2684441,1092,378.2
2684441,1178,5.696
2684441,1095,0.3394
2684441,1253,62.11
2684441,1051,65.84
2684441,1090,25.39
2684441,1002,3.251
2684441,1087,9.423
2684441,1098,0.02469
2684441,1103,22.8
2684441,1003,20.31875
2684442,1404,0.015
2684442,1316,0.24
2684442,1315,0.587
2684442,1293,0.358
2684442,1292,0.769
2684442,1280,0.007
2684442,1278,0.001
2684442,1272,0.027
2684442,1266,0.117
2684442,1265,0.46
2684442,1264,0.05
2684442,1263,0.003
2684442,1262,0.0
2684442,1261,0.0
2684442,1260,0.0
2684442,1259,0.0
2684442,1258,0.647
2684442,2048,99.95727
2684442,2047,94.659
2684442,1005,0.0
2684442,1007,1.154
2684442,1091,159.4
2684442,1087,8.628
2684442,1090,24.28
2684442,1093,93.66
2684442,1103,20.51
2684442,1100,4.145
2684442,1095,0.2995
2684442,1105,0.2594
2684442,1253,47.6
2684442,1178,0.7594
2684442,1004,2.479
2684442,1092,342.4
2684442,1002,3.04
2684442,1089,0.0
2684442,1101,0.005325
2684442,1098,0.0
2684442,1051,78.28
2684442,1003,19.0
2684443,2048,75.699433
2684443,2047,71.4265
2684443,1005,0.48495
2684443,1103,19.48
2684443,1090,22.53
2684443,1087,64.63
2684443,1007,1.865
2684443,1100,13.64
2684443,1093,474.9
2684443,1105,0.6478
2684443,1092,145.9
2684443,1095,0.9368
2684443,1091,190.6
2684443,1089,0.5223
2684443,1004,0.8013
2684443,1253,136.0
2684443,1178,0.9963
2684443,1098,0.2084
2684443,1002,2.491
2684443,1101,0.02866
2684443,1051,81.28
2684443,1003,15.56875
2684444,1404,0.0
2684444,1316,0.001
2684444,1315,0.012
2684444,1293,0.081
2684444,1292,0.026
2684444,1280,0.003
2684444,1278,0.018
2684444,1272,0.054
2684444,1266,0.01
2684444,1265,0.031
2684444,1264,0.002
2684444,1263,0.0
2684444,1262,0.0
2684444,1261,0.0
2684444,1260,0.0
2684444,1259,0.0
2684444,1258,0.044
2684444,2048,70.477065
2684444,2047,65.9855
2684444,1005,0.0
2684444,1002,2.571
2684444,1087,6.59
2684444,1051,82.86
2684444,1098,0.003963
2684444,1095,0.3051
2684444,1092,245.1
2684444,1089,0.065
2684444,1091,224.1
2684444,1093,298.8
2684444,1101,0.0
2684444,1105,0.9234
2684444,1103,22.79
2684444,1253,47.44
2684444,1090,17.98
2684444,1007,1.478
2684444,1004,0.6675
2684444,1100,113.7
2684444,1178,1.248
2684444,1003,16.06875
2684445,1404,0.062
2684445,1316,0.92
2684445,1315,2.93
2684445,1293,1.19
2684445,1292,3.324
2684445,1280,0.014
2684445,1278,0.015
2684445,1272,0.046
2684445,1266,0.35
2684445,1265,1.146
2684445,1264,0.065
2684445,1263,0.001
2684445,1262,0.0
2684445,1261,0.0
2684445,1260,0.0
2684445,1259,0.0
2684445,1258,1.602
2684445,2048,133.787497
2684445,2047,129.1124
2684445,1005,0.0
2684445,1007,0.9669
2684445,1105,0.0
2684445,1051,75.89
2684445,1103,9.281
2684445,1004,7.308
2684445,1091,166.2
2684445,1095,0.4749
2684445,1090,20.63
2684445,1178,2.266
2684445,1253,65.96
2684445,1093,60.51
2684445,1098,0.0
2684445,1100,1.94
2684445,1089,0.0
2684445,1002,2.635
2684445,1101,0.00165
2684445,1087,7.796
2684445,1092,292.3
2684445,1003,16.46875
2684446,2048,86.021115
2684446,2047,80.9935
2684446,1005,0.0
2684446,1051,78.88
2684446,1002,2.984
2684446,1007,1.881
2684446,1105,0.0
2684446,1103,45.79
2684446,1095,3.478
2684446,1089,0.6319
2684446,1253,113.5
2684446,1091,278.5
2684446,1092,234.8
2684446,1178,3.116
2684446,1100,44.48
2684446,1090,43.08
2684446,1093,331.3
2684446,1087,110.9
2684446,1101,0.1478
2684446,1004,0.8075
2684446,1098,1.088
2684446,1003,18.65
2685568,1051,95.01
2685568,1162,15.0
2685568,1177,71.0
2685568,1188,20.0
2685568,1005,3.27
2685568,2048,16.0
2685568,2047,19.0
2685568,1002,0.1575
2685568,1079,0.7525
2685568,1090,15.29
2685568,1091,32.9
2685568,1007,0.54
2685568,1098,0.06384
2685568,1093,0.0
2685568,1092,225.8
2685568,1101,0.1489
2685568,1095,0.2605
2685568,1004,0.205
2685568,1087,20.85
2685568,1089,0.1945
2685568,1003,0.984375
2685569,1051,94.05
2685569,1162,17.0
2685569,1177,36.0
2685569,1188,23.0
2685569,1005,4.39
2685569,2048,19.0
2685569,2047,22.0
2685569,1002,0.1425
2685569,1098,0.06078
2685569,1089,0.1369
2685569,1090,16.84
2685569,1007,0.5275
2685569,1091,30.74
2685569,1092,220.5
2685569,1004,0.135
2685569,1095,0.203
2685569,1093,0.0
2685569,1079,0.9563
2685569,1087,22.69
2685569,1101,0.2398
2685569,1003,0.890625
2685570,1162,7.6
2685570,1177,55.0
2685570,1188,30.0
2685570,1087,21.74
2685570,1079,1.959
2685570,1051,87.32
2685570,1090,14.95
2685570,1004,0.1675
2685570,1091,26.53
2685570,1093,0.0
2685570,1098,0.0733
2685570,1089,0.2129
2685570,1092,329.1
2685570,1101,0.07538
2685570,1095,0.193
2685570,1007,0.8563
2685570,1002,0.1838
2685570,1003,1.14875
2685570,1005,10.50745
2685570,2047,48.1323
2685570,2048,41.7165215
2685571,1162,7.0
2685571,1177,50.0
2685571,1188,28.0
2685571,1090,23.75
2685571,1095,0.2935
2685571,1101,0.1871
2685571,1002,0.2
2685571,1004,0.1825
2685571,1089,0.3078
2685571,1051,87.22
2685571,1091,42.04
2685571,1098,0.08685
2685571,1087,24.82
2685571,1007,0.8675
2685571,1092,332.1
2685571,1093,0.0
2685571,1079,2.635
2685571,1003,1.25
2685571,1005,10.48
2685571,2047,48.5625
2685571,2048,41.991125
2685572,1162,30.3
2685572,1177,68.0
2685572,1188,50.0
2685572,1098,0.02758
2685572,1002,0.1638
2685572,1051,94.54
2685572,1092,227.8
2685572,1101,0.1962
2685572,1007,0.6875
2685572,1087,61.93
2685572,1079,1.259
2685572,1095,0.2738
2685572,1093,14.27
2685572,1090,13.64
2685572,1004,0.2338
2685572,1089,0.4388
2685572,1091,30.51
2685572,1003,1.02375
2685572,1005,3.51495
2685572,2047,20.259
2685572,2048,17.0032275
2685573,1162,67.1
2685573,1177,97.0
2685573,1188,73.0
2685573,1051,92.72
2685573,1089,0.3338
2685573,1095,0.2344
2685573,1092,274.4
2685573,1007,0.6788
2685573,1004,0.2375
2685573,1098,0.02423
2685573,1002,0.2625
2685573,1087,20.35
2685573,1079,1.948
2685573,1090,14.2
2685573,1091,39.69
2685573,1101,0.141
2685573,1093,20.0
2685573,1003,1.640625
2685573,1005,4.723075
2685573,2047,27.5923
2685573,2048,22.85237775
2685574,1162,89.4
2685574,1177,168.0
2685574,1188,80.0
2685574,1007,1.729
2685574,1004,0.77
2685574,1091,45.01
2685574,1002,0.475
2685574,1093,18.41
2685574,1087,276.4
2685574,1098,0.1112
2685574,1089,0.7505
2685574,1101,0.8716
2685574,1095,0.4594
2685574,1092,409.8
2685574,1051,87.51
2685574,1079,3.816
2685574,1090,49.51
2685574,1003,2.96875
2685574,1005,7.02225
2685574,2047,46.894
2685574,2048,38.7580825
2685575,1162,142.9
2685575,1177,86.0
2685575,1188,63.0
2685575,1087,38.64
2685575,1091,78.54
2685575,1002,0.6375
2685575,1090,25.0
2685575,1007,1.215
2685575,1101,0.24
2685575,1089,0.7305
2685575,1051,84.62
2685575,1079,4.785
2685575,1095,0.3663
2685575,1093,25.74
2685575,1092,476.8
2685575,1098,0.03843
2685575,1004,0.565
2685575,1003,3.984375
2685575,1005,9.615625
2685575,2047,59.485
2685575,2048,48.77870625
2685576,1162,4.6
2685576,1177,103.0
2685576,1188,64.0
2685576,1063,5.1015
2685576,2048,40.965255
2685576,2047,44.6205
2685576,1005,8.787
2685576,1003,1.6875
2685576,1010,4.289
2685576,1079,3.119
2685576,1089,0.4281
2685576,1092,341.5
2685576,1090,21.01
2685576,1051,88.16
2685576,1101,0.2571
2685576,1004,0.3025
2685576,1091,33.65
2685576,1013,0.0
2685576,1011,0.305
2685576,1093,111.6
2685576,1087,13.82
2685576,1012,0.5075
2685576,1002,0.27
2685576,1007,1.063
2685576,1095,0.3104
2685576,1014,0.0
2685576,1098,0.1606
2685577,1162,0.8
2685577,1177,20.0
2685577,1188,17.0
2685577,1063,2.354
2685577,2048,22.35856525
2685577,2047,26.0848
2685577,1005,5.399325
2685577,1003,0.851875
2685577,1007,0.5188
2685577,1004,0.12
2685577,1091,22.75
2685577,1079,2.448
2685577,1087,11.06
2685577,1014,0.0
2685577,1098,0.06078
2685577,1002,0.1363
2685577,1010,0.0
2685577,1089,0.0
2685577,1090,13.54
2685577,1051,93.11
2685577,1095,0.1189
2685577,1012,1.164
2685577,1013,0.0
2685577,1092,222.1
2685577,1101,0.1065
2685577,1093,0.4425
2685577,1011,1.19
2685578,1162,7.7
2685578,1063,2.613
2685578,2048,19.149449
2685578,2047,22.4763
2685578,1005,4.2874
2685578,1003,0.8675
2685578,1051,93.93
2685578,1090,10.75
2685578,1091,17.31
2685578,1089,0.9291
2685578,1092,202.9
2685578,1079,0.8725
2685578,1014,0.0
2685578,1004,0.2063
2685578,1010,0.0
2685578,1095,0.1198
2685578,1011,1.273
2685578,1002,0.1388
2685578,1093,111.5
2685578,1013,0.0
2685578,1087,19.83
2685578,1098,0.05938
2685578,1101,0.07515
2685578,1007,0.7088
2685578,1012,1.34
2685579,1162,9.2
2685579,1063,3.517
2685579,2048,29.10400125
2685579,2047,34.1765
2685579,1005,6.331625
2685579,1003,1.351875
2685579,1092,355.5
2685579,1089,1.107
2685579,1090,18.73
2685579,1091,29.2
2685579,1007,1.724
2685579,1002,0.2163
2685579,1095,0.183
2685579,1087,17.1
2685579,1093,416.9
2685579,1004,0.3825
2685579,1098,0.08933
2685579,1013,0.0
2685579,1079,1.636
2685579,1014,0.0
2685579,1011,1.726
2685579,1010,0.0
2685579,1012,1.791
2685579,1051,90.21
2685579,1101,0.1314
2685580,1162,18.4
2685580,1063,11.693
2685580,2048,88.53450625
2685580,2047,104.2825
2685580,1005,20.188125
2685580,1003,4.234375
2685580,1093,61.15
2685580,1011,5.685
2685580,1051,71.93
2685580,1004,0.7325
2685580,1091,91.16
2685580,1079,4.704
2685580,1007,2.915
2685580,1089,3.185
2685580,1095,0.5113
2685580,1014,0.0
2685580,1098,0.295
2685580,1010,0.0
2685580,1012,6.008
2685580,1013,0.0
2685580,1101,0.3315
2685580,1092,971.6
2685580,1087,36.85
2685580,1090,49.61
2685580,1002,0.6775
2685581,1162,9.1
2685581,1063,3.744
2685581,2048,32.313665
2685581,2047,37.8755
2685581,1005,7.137
2685581,1003,1.4375
2685581,1007,1.088
2685581,1010,0.0
2685581,1013,0.0
2685581,1051,89.94
2685581,1087,19.2
2685581,1002,0.23
2685581,1089,2.268
2685581,1014,0.0
2685581,1101,0.1529
2685581,1012,1.959
2685581,1090,18.64
2685581,1092,345.6
2685581,1011,1.785
2685581,1093,139.8
2685581,1004,0.3975
2685581,1098,0.1043
2685581,1095,0.2014
2685581,1091,32.91
2685581,1079,1.944
2685582,1162,10.4
2685582,1063,4.313
2685582,2048,34.76031875
2685582,2047,40.845
2685582,1005,8.036875
2685582,1003,1.578125
2685582,1092,416.4
2685582,1095,0.2084
2685582,1013,0.0
2685582,1090,19.33
2685582,1012,2.253
2685582,1087,17.64
2685582,1089,1.237
2685582,1093,29.36
2685582,1051,89.11
2685582,1014,0.0
2685582,1098,0.1227
2685582,1010,0.0
2685582,1079,1.971
2685582,1007,1.01
2685582,1004,0.265
2685582,1091,34.14
2685582,1011,2.06
2685582,1002,0.2525
2685582,1101,0.1396
2710815,1063,6.25
2710815,2048,43.47915
2710815,2047,48.445
2710815,1005,10.23875
2710815,1003,0.96125
2710815,1162,3.071
2710815,1079,1.51
2710815,1101,0.05361
2710815,1014,0.0
2710815,1092,231.4
2710815,1004,0.405
2710815,1098,0.05614
2710815,1095,0.1483
2710815,1093,0.0
2710815,1012,1.69
2710815,1090,8.883
2710815,1013,0.0
2710815,1010,2.0
2710815,1007,0.515
2710815,1002,0.1538
2710815,1089,0.1634
2710815,1011,2.56
2710815,1091,22.51
2710815,1176,0.0
2710815,1051,87.88
2710815,1087,11.59
2710816,1063,7.029
2710816,2048,32.935251
2710816,2047,36.6715
2710816,1005,8.14995
2710816,1003,0.53125
2710816,1011,2.696
2710816,1002,0.085
2710816,1051,90.59
2710816,1091,11.74
2710816,1004,0.2163
2710816,1101,0.03545
2710816,1013,0.0
2710816,1093,21.15
2710816,1162,15.73
2710816,1010,1.369
2710816,1176,0.7125
2710816,1092,208.9
2710816,1012,2.964
2710816,1095,0.05999
2710816,1098,0.009075
2710816,1014,0.0
2710816,1087,6.579
2710816,1007,0.5125
2710816,1090,9.504
2710816,1089,0.0
2710817,1071,12.0
2710817,1063,14.243
2710817,2048,122.789661
2710817,2047,136.4733
2710817,1005,30.95215
2710817,1003,1.15625
2710817,1091,30.12
2710817,1002,0.185
2710817,1009,13.62
2710817,1051,66.06
2710817,1013,0.0
2710817,1092,395.6
2710817,1166,0.1
2710817,1162,20.08
2710817,1004,0.8933
2710817,1014,0.0
2710817,1012,7.18
2710817,1095,0.1467
2710817,1089,0.3192
2710817,1090,33.93
2710817,1175,0.1893
2710817,1011,7.063
2710817,1079,2.125
2710817,1010,0.0
2710817,1007,0.9383
2710817,1098,0.1002
2710817,1093,0.0
2710817,1087,3.825
2710817,1101,0.2048
2710818,1071,27.0
2710818,1063,2.412
2710818,2048,144.50803225
2710818,2047,145.4318
2710818,1005,33.587325
2710818,1003,1.229375
2710818,1098,0.1094
2710818,1012,1.217
2710818,1011,1.195
2710818,1007,0.9083
2710818,1166,0.09167
2710818,1009,27.75
2710818,1010,0.0
2710818,1051,63.59
2710818,1092,406.3
2710818,1014,0.0
2710818,1004,0.685
2710818,1093,0.0
2710818,1013,0.0
2710818,1089,0.3342
2710818,1101,0.1532
2710818,1095,0.185
2710818,1079,2.53
2710818,1090,29.47
2710818,1002,0.1967
2710818,1087,4.832
2710818,1091,27.9
2710818,1175,0.159
2710818,1162,18.53
2710819,2048,490.09552
2710819,2047,517.154
2710819,1005,38.273
2710819,1101,7.558
2710819,1009,0.0
2710819,1175,0.2024
2710819,1091,691.3
2710819,1098,1.566
2710819,1087,595.4
2710819,1051,7.451
2710819,1093,0.0
2710819,1092,642.1
2710819,1095,5.556
2710819,1089,6.043
2710819,1004,32.89
2710819,1165,0.5
2710819,1167,8.678
2710819,1176,14.51
2710819,1007,4.373
2710819,1090,326.3
2710819,1002,3.21
2710819,1003,17.013
2710820,2048,349.3017225
2710820,2047,372.341
2710820,1005,75.88175
2710820,1003,11.75625
2710820,1051,8.485
2710820,1002,1.881
2710820,1098,0.3774
2710820,1167,5.18
2710820,1091,312.1
2710820,1165,0.2263
2710820,1009,62.31
2710820,1093,2.18
2710820,1087,34.11
2710820,1004,2.421
2710820,1175,0.2228
2710820,1079,11.72
2710820,1090,118.9
2710820,1101,2.636
2710820,1095,2.149
2710820,1007,1.456
2710820,1092,358.3
2710820,1176,5.475
2710820,1089,2.625
2710821,2048,358.55263
2710821,2047,369.164
2710821,1005,75.6695
2710821,1003,12.7875
2710821,1090,108.5
2710821,1051,8.428
2710821,1087,7.973
2710821,1098,0.487
2710821,1175,0.3934
2710821,1165,0.3388
2710821,1079,4.26
2710821,1101,1.315
2710821,1089,1.53
2710821,1167,6.914
2710821,1009,68.65
2710821,1007,1.411
2710821,1093,1.014
2710821,1004,1.704
2710821,1095,5.845
2710821,1176,2.125
2710821,1091,354.9
2710821,1002,2.046
2710821,1092,298.8
2710822,2048,25.9078525
2710822,1079,2.28
2710822,1093,86.93
2710822,1101,0.514
2710822,1092,406.8
2710822,1004,0.325
2710822,1177,149.2
2710822,1087,203.7
2710822,1090,42.65
2710822,1089,1.393
2710822,1051,90.94
2710822,1002,0.2638
2710822,1095,0.3483
2710822,1091,51.19
2710822,1162,101.4
2710822,1098,0.08273
2710822,1007,1.718
2710822,1003,1.64875
2710822,1005,5.36825
2710822,2047,30.993
2710823,2048,23.529215
2710823,2047,28.1015
2710823,1005,5.1012
2710823,1003,1.4375
2710823,1098,0.1315
2710823,1162,9.153
2710823,1093,2.46
2710823,1007,0.675
2710823,1095,0.5955
2710823,1079,1.883
2710823,1167,1.078
2710823,1090,13.78
2710823,1089,0.4436
2710823,1004,0.2163
2710823,1101,0.1455
2710823,1087,20.58
2710823,1002,0.23
2710823,1165,0.06875
2710823,1177,182.5
2710823,1091,53.9
2710823,1051,92.57
2710823,1092,277.5
2710823,1175,0.1118
2710824,2048,206.0493
2710824,1087,14.46
2710824,1101,0.1966
2710824,1007,2.554
2710824,1004,20.31
2710824,1002,0.29
2710824,1175,0.1674
2710824,1051,67.0
2710824,1095,0.4596
2710824,1162,0.0
2710824,1098,0.2849
2710824,1090,32.8
2710824,1091,42.38
2710824,1089,0.6133
2710824,1093,0.0
2710824,1177,128.7
2710824,1092,576.4
2710824,1003,1.8125
2710824,1005,8.3235
2710824,2047,223.334
2710825,2048,360.53871
2710825,2047,369.97
2710825,1005,77.18825
2710825,1003,7.56875
2710825,1095,1.716
2710825,1089,1.116
2710825,1176,4.875
2710825,1087,14.4
2710825,1004,3.438
2710825,1002,1.211
2710825,1098,0.2095
2710825,1079,4.179
2710825,1007,1.345
2710825,1093,0.0
2710825,1091,306.7
2710825,1009,71.35
2710825,1101,3.906
2710825,1092,255.6
2710825,1167,8.278
2710825,1175,0.2024
2710825,1051,10.46
2710825,1090,113.4
2710825,1165,0.3188
2710826,1063,7.372
2710826,2048,72.85765625
2710826,2047,84.55
2710826,1005,14.689625
2710826,1003,2.789375
2710826,1101,0.1898
2710826,1004,1.626
2710826,1167,1.593
2710826,1051,80.25
2710826,1093,0.0
2710826,1090,25.76
2710826,1165,0.07875
2710826,1091,75.46
2710826,1092,237.0
2710826,1012,1.606
2710826,1089,0.3875
2710826,1095,0.5564
2710826,1011,2.655
2710826,1175,0.1501
2710826,1010,3.076
2710826,1007,0.645
2710826,1009,4.078
2710826,1098,0.0563
2710826,1166,0.1375
2710826,1002,0.4463
2710826,1176,2.513
2710826,1087,0.6563
2710826,1014,0.035
2710826,1079,2.428
2710826,1013,0.0
2710827,2048,345.6801839
2710827,2047,369.383
2710827,1005,68.65381
2710827,1003,15.11719
2710827,1089,3.69
2710827,1165,0.49
2710827,1079,8.913
2710827,1002,2.593
2710827,1175,0.264
2710827,1167,5.691
2710827,1090,140.4
2710827,1004,3.811
2710827,1087,41.41
2710827,1091,435.8
2710827,1092,431.8
2710827,1009,56.23
2710827,1051,10.53
2710827,1101,4.203
2710827,1093,0.0
2710827,1007,1.888
2710827,1095,5.231
2710827,1098,0.5488
2710827,1176,9.975
2710828,2048,344.0049964
2710828,2047,367.011
2710828,1005,72.13156
2710828,1003,12.63944
2710828,1079,7.31
2710828,1098,0.4703
2710828,1175,0.2346
2710828,1165,0.3763
2710828,1092,385.4
2710828,1167,5.816
2710828,1091,367.5
2710828,1093,0.845
2710828,1090,118.8
2710828,1101,2.595
2710828,1087,25.94
2710828,1176,5.488
2710828,1089,3.195
2710828,1009,61.68
2710828,1007,1.656
2710828,1004,3.103
2710828,1095,3.968
2710828,1002,2.168
2710828,1051,10.47
2710829,2048,376.8911025
2710829,2047,369.133
2710829,1005,81.30525
2710829,1003,7.16875
2710829,1095,1.849
2710829,1009,78.22
2710829,1176,4.814
2710829,1007,0.46
2710829,1091,93.24
2710829,1093,2.967
2710829,1089,2.663
2710829,1079,2.197
2710829,1165,0.08571
2710829,1098,0.3603
2710829,1051,9.373
2710829,1087,11.65
2710829,1002,1.147
2710829,1175,0.02529
2710829,1167,0.7157
2710829,1092,43.79
2710829,1090,39.1
2710829,1101,0.4183
2710829,1004,1.693
2710830,2048,347.7914113
2710830,2047,371.4
2710830,1005,71.79427
2710830,1003,14.75573
2710830,1176,7.35
2710830,1002,2.531
2710830,1051,8.901
2710830,1004,2.8
2710830,1089,3.874
2710830,1009,57.17
2710830,1007,1.749
2710830,1101,3.26
2710830,1079,10.52
2710830,1091,370.8
2710830,1087,24.08
2710830,1093,3.936
2710830,1165,0.4775
2710830,1098,0.5939
2710830,1090,130.1
2710830,1092,450.5
2710830,1167,6.659
2710830,1095,4.46
2710830,1175,0.2585
2710831,1063,8.5568
2710831,2048,58.48917
2710831,2047,65.0648
2710831,1005,13.818075
2710831,1003,1.008125
2710831,1079,2.129
2710831,1012,4.288
2710831,1004,0.64
2710831,1093,2.275
2710831,1007,0.7038
2710831,1014,0.0
2710831,1101,0.0683
2710831,1162,58.78
2710831,1177,32.85
2710831,1002,0.1613
2710831,1092,301.5
2710831,1010,0.8138
2710831,1089,0.03663
2710831,1098,0.1283
2710831,1095,0.4547
2710831,1051,83.83
2710831,1087,24.38
2710831,1013,0.0
2710831,1090,14.79
2710831,1091,27.61
2710831,1011,3.455
2710832,1063,9.116
2710832,2048,55.640145
2710832,2047,61.9623
2710832,1005,13.421825
2710832,1003,1.039375
2710832,1089,0.0
2710832,1101,0.05009
2710832,1090,12.59
2710832,1013,0.0
2710832,1079,1.328
2710832,1011,1.523
2710832,1051,84.65
2710832,1012,1.938
2710832,1091,19.71
2710832,1007,0.4313
2710832,1098,0.04271
2710832,1087,43.96
2710832,1092,167.2
2710832,1002,0.1663
2710832,1162,21.2
2710832,1093,0.0
2710832,1010,5.655
2710832,1014,0.0
2710832,1004,0.4575
2710832,1095,0.06869
2710833,1063,10.698
2710833,2048,61.635825
2710833,2047,68.4625
2710833,1005,15.265
2710833,1003,0.5625
2710833,1093,0.0
2710833,1007,0.4
2710833,1089,0.0
2710833,1014,0.0
2710833,1098,0.0907
2710833,1010,5.37
2710833,1091,16.45
2710833,1162,25.5
2710833,1087,12.4
2710833,1090,10.26
2710833,1175,0.07138
2710833,1101,0.1061
2710833,1051,83.2
2710833,1004,0.5725
2710833,1011,1.633
2710833,1012,3.695
2710833,1079,1.753
2710833,1002,0.09
2710833,1176,0.925
2710833,1095,0.0664
2710833,1013,0.0
2710833,1092,165.0
2710834,1063,11.1
2710834,2048,70.638801
2710834,2047,78.4665
2710834,1005,17.3962
2710834,1003,0.6875
2710834,1012,3.116
2710834,1002,0.11
2710834,1007,0.445
2710834,1011,1.788
2710834,1093,0.0
2710834,1010,6.196
2710834,1014,0.0
2710834,1090,10.57
2710834,1162,168.1
2710834,1089,0.0
2710834,1091,17.74
2710834,1176,0.5625
2710834,1013,0.0
2710834,1079,1.289
2710834,1087,10.02
2710834,1051,80.79
2710834,1004,0.6813
2710834,1098,0.1031
2710834,1175,0.1081
2710834,1095,0.102
2710834,1101,0.1045
2710834,1092,204.4
2710835,2048,366.03011
2710835,2047,376.068
2710835,1005,76.6895
2710835,1009,67.31
2710835,1092,276.6
2710835,1089,1.698
2710835,1167,1.692
2710835,1091,241.1
2710835,1079,7.038
2710835,1093,2.733
2710835,1051,10.08
2710835,1004,4.34
2710835,1095,1.617
2710835,1175,0.229
2710835,1090,93.3
2710835,1165,0.2333
2710835,1098,0.1295
2710835,1002,1.21
2710835,1007,1.328
2710835,1176,4.683
2710835,1087,111.6
2710835,1101,0.4133
2710835,1003,7.5625
2710836,1063,7.79871
2710836,2048,57.320421
2710836,2047,63.6613
2710836,1005,14.7674
2710836,1003,0.3125
2710836,1089,0.0
2710836,1002,0.05
2710836,1007,0.2788
2710836,1092,122.5
2710836,1014,0.0
2710836,1011,1.83
2710836,1101,0.05434
2710836,1095,0.1074
2710836,1176,0.0
2710836,1010,0.05571
2710836,1012,5.913
2710836,1090,6.494
2710836,1093,0.3975
2710836,1051,84.27
2710836,1013,0.0
2710836,1004,0.3713
2710836,1087,9.986
2710836,1162,5.511
2710836,1098,0.08145
2710836,1091,12.3
2710836,1079,2.636
2710837,1063,7.964
2710837,2048,52.747095
2710837,2047,58.6773
2710837,1005,13.455575
2710837,1003,0.578125
2710837,1087,4.031
2710837,1089,0.0
2710837,1098,0.05413
2710837,1176,0.0
2710837,1004,0.2825
2710837,1014,0.0
2710837,1079,1.346
2710837,1011,0.0
2710837,1101,0.04039
2710837,1012,3.509
2710837,1090,6.615
2710837,1010,4.455
2710837,1007,0.7438
2710837,1051,84.94
2710837,1091,18.63
2710837,1013,0.0
2710837,1095,0.04518
2710837,1093,0.0
2710837,1002,0.0925
2710837,1162,1.824
2710837,1092,186.3
2710838,2048,359.99995
2710838,2047,369.828
2710838,1005,76.1545
2710838,1003,8.5625
2710838,1090,125.5
2710838,1051,10.51
2710838,1089,1.198
2710838,1176,4.788
2710838,1002,1.37
2710838,1004,3.44
2710838,1087,9.224
2710838,1092,245.1
2710838,1101,2.629
2710838,1007,1.333
2710838,1098,0.269
2710838,1165,0.3388
2710838,1095,2.563
2710838,1079,4.198
2710838,1093,0.4375
2710838,1175,0.1368
2710838,1091,313.9
2710838,1167,6.676
2710838,1009,70.81
2710839,2048,364.50325
2710839,2047,402.787
2710839,1005,68.69525
2710839,1003,11.16875
2710839,1009,32.74
2710839,1091,517.1
2710839,1092,851.5
2710839,1051,7.424
2710839,1176,108.9
2710839,1002,1.787
2710839,1007,3.453
2710839,1089,14.21
2710839,1079,34.95
2710839,1167,24.65
2710839,1098,0.8408
2710839,1004,9.259
2710839,1101,3.806
2710839,1093,2.915
2710839,1095,4.4
2710839,1087,61.66
2710839,1090,273.5
2710839,1175,0.4084
2710839,1165,0.5563
2710840,2048,349.558015
2710840,2047,364.018
2710840,1005,73.5065
2710840,1003,10.2125
2710840,1002,1.634
2710840,1175,0.1331
2710840,1087,7.894
2710840,1009,69.67
2710840,1176,9.013
2710840,1093,0.0
2710840,1079,3.299
2710840,1091,245.8
2710840,1101,1.178
2710840,1098,0.2138
2710840,1092,273.9
2710840,1167,2.853
2710840,1089,2.225
2710840,1095,1.318
2710840,1007,1.173
2710840,1051,11.87
2710840,1090,107.0
2710840,1004,3.238
2710840,1165,0.3938
2710841,2048,338.38971
2710841,2047,369.873
2710841,1005,74.872
2710841,1003,10.25
2710841,1087,7.45
2710841,1101,1.178
2710841,1007,1.163
2710841,1176,8.963
2710841,1079,3.916
2710841,1175,0.1444
2710841,1089,2.036
2710841,1092,273.9
2710841,1090,108.9
2710841,1004,3.265
2710841,1167,2.646
2710841,1009,70.71
2710841,1093,0.0
2710841,1095,1.276
2710841,1098,0.2084
2710841,1051,10.45
2710841,1165,0.4163
2710841,1091,243.4
2710841,1002,1.64
2710842,2048,340.98918
2710842,2047,372.591
2710842,1005,73.57375
2710842,1003,10.08125
2710842,1167,6.095
2710842,1098,0.2995
2710842,1079,8.274
2710842,1087,14.93
2710842,1101,1.545
2710842,1004,4.219
2710842,1051,10.62
2710842,1007,1.506
2710842,1090,136.0
2710842,1176,26.08
2710842,1089,3.895
2710842,1175,0.1906
2710842,1091,294.1
2710842,1165,0.45
2710842,1002,1.613
2710842,1009,65.58
2710842,1093,0.3288
2710842,1092,367.1
2710842,1095,1.769
2710843,1071,7.0
2710843,1063,19.16633
2710843,2048,117.29613
2710843,2047,130.3432
2710843,1005,29.191425
2710843,1003,1.166875
2710843,1002,0.1867
2710843,1004,0.99
2710843,1079,1.792
2710843,1091,28.92
2710843,1162,19.08
2710843,1014,0.05333
2710843,1093,0.0
2710843,1007,0.9417
2710843,1090,31.73
2710843,1166,0.1017
2710843,1009,7.438
2710843,1087,3.9
2710843,1012,9.565
2710843,1051,67.71
2710843,1010,0.0
2710843,1175,0.1958
2710843,1013,0.0
2710843,1101,0.2111
2710843,1098,0.1028
2710843,1089,0.3148
2710843,1092,408.2
2710843,1095,0.1492
2710843,1011,9.548
2727566,1090,18.55
2727566,1007,0.8888
2727566,1091,152.5
2727566,1051,75.29
2727566,1002,2.937
2727566,1092,244.1
2727566,1101,0.00655
2727566,1095,1.7
2727566,1004,5.94
2727566,1093,90.98
2727566,1098,0.04426
2727566,1087,8.285
2727566,1089,0.6658
2727566,1253,94.55
2727566,1003,18.35625
2727566,1005,-0.47505
2727566,2047,124.9848
2727566,2048,130.121544
2727567,1051,68.87
2727567,1098,0.03935
2727567,1007,0.8463
2727567,1087,5.726
2727567,1004,13.35
2727567,1089,0.5861
2727567,1095,1.2
2727567,1002,2.737
2727567,1091,153.6
2727567,1253,95.5
2727567,1090,18.51
2727567,1101,0.0032
2727567,1093,63.55
2727567,1092,246.0
2727567,1003,17.10625
2727567,1005,-0.17255
2727567,2047,187.8848
2727567,2048,192.792919
2727568,1002,2.945
2727568,1091,132.8
2727568,1007,0.7525
2727568,1098,0.01053
2727568,1087,13.55
2727568,1095,1.179
2727568,1090,16.53
2727568,1004,10.64
2727568,1092,194.0
2727568,1051,70.66
2727568,1101,0.003188
2727568,1089,0.5111
2727568,1253,98.88
2727568,1093,84.14
2727568,1003,18.40625
2727568,1005,-0.45875
2727568,2047,167.55
2727568,2048,172.792125
2727569,1051,73.2
2727569,1253,75.38
2727569,1098,0.00415
2727569,1004,4.777
2727569,1095,0.6245
2727569,1007,1.045
2727569,1090,25.4
2727569,1091,203.6
2727569,1093,48.07
2727569,1087,6.898
2727569,1101,0.002067
2727569,1089,0.3535
2727569,1092,332.5
2727569,1002,3.425
2727569,1003,21.40625
2727569,1005,-0.42825
2727569,2047,126.905
2727569,2048,132.8359
2727570,1253,75.02
2727570,1007,0.8583
2727570,1093,53.45
2727570,1095,3.13
2727570,1098,0.08482
2727570,1004,18.64
2727570,1101,0.004283
2727570,1087,6.575
2727570,1092,272.1
2727570,1002,2.794
2727570,1090,17.48
2727570,1091,155.8
2727570,1089,1.643
2727570,1051,63.29
2727570,1003,17.4625
2727570,1005,-0.2508
2727570,2047,236.6068
2727570,2048,241.727079
2727571,1091,165.6
2727571,1095,3.763
2727571,1089,2.168
2727571,1002,3.181
2727571,1004,8.88
2727571,1087,6.827
2727571,1101,0.002067
2727571,1007,0.9483
2727571,1090,18.47
2727571,1098,0.07822
2727571,1051,70.44
2727571,1092,301.1
2727571,1253,64.52
2727571,1093,55.7
2727571,1003,19.88125
2727571,1005,-0.14955
2727571,2047,158.8468
2727571,2048,164.411779
2727572,1089,1.608
2727572,1007,0.9638
2727572,1253,57.6
2727572,1093,43.09
2727572,1002,3.412
2727572,1090,19.5
2727572,1004,11.54
2727572,1087,5.043
2727572,1098,0.04304
2727572,1091,171.4
2727572,1051,65.95
2727572,1101,0.001563
2727572,1095,3.284
2727572,1092,323.0
2727572,1003,21.325
2727572,1005,0.2212
2727572,2047,190.0448
2727572,2048,196.004594
2727573,1004,6.456
2727573,1087,4.089
2727573,1092,344.7
2727573,1002,3.375
2727573,1095,3.225
2727573,1089,2.53
2727573,1101,0.004775
2727573,1090,21.98
2727573,1007,1.06
2727573,1253,64.41
2727573,1051,71.21
2727573,1093,44.85
2727573,1098,0.1046
2727573,1091,189.7
2727573,1003,21.09375
2727573,1005,0.18025
2727573,2047,143.2
2727573,2048,149.001
2727574,1098,0.07023
2727574,1092,349.4
2727574,1091,193.1
2727574,1089,2.224
2727574,1090,22.08
2727574,1093,42.85
2727574,1095,3.453
2727574,1002,3.516
2727574,1253,60.13
2727574,1087,3.701
2727574,1051,71.01
2727574,1101,0.001563
2727574,1004,5.708
2727574,1007,1.089
2727574,1003,21.975
2727574,1005,0.218
2727574,2047,140.144
2727574,2048,146.16307
2727575,1093,39.3
2727575,1051,71.18
2727575,1090,23.44
2727575,1004,5.475
2727575,1098,0.0335
2727575,1253,57.3
2727575,1007,1.095
2727575,1002,3.65
2727575,1095,1.325
2727575,1091,202.3
2727575,1092,366.5
2727575,1101,0.001575
2727575,1087,4.124
2727575,1089,0.4213
2727575,1003,22.8125
2727575,1005,-0.5625
2727575,2047,138.275
2727575,2048,144.617
2727576,1090,12.18
2727576,1007,0.655
2727576,1101,0.002083
2727576,1002,2.432
2727576,1089,0.3817
2727576,1092,207.9
2727576,1253,66.62
2727576,1087,4.205
2727576,1095,1.067
2727576,1093,49.7
2727576,1004,35.83
2727576,1091,113.9
2727576,1098,0.0331
2727576,1051,49.02
2727576,1003,15.2
2727576,1005,-0.705
2727576,2047,380.45
2727576,2048,385.36225
2727577,1079,3.3
2727577,1063,14.12714
2727577,1003,1.151875
2727577,1091,23.4
2727577,1177,116.1
2727577,1093,0.3514
2727577,1095,0.08486
2727577,1010,9.126
2727577,1162,27.6
2727577,1089,0.07471
2727577,1013,0.03571
2727577,1092,220.9
2727577,1051,76.25
2727577,1090,10.61
2727577,1014,0.08143
2727577,1002,0.1843
2727577,1012,2.2
2727577,1098,0.1051
2727577,1087,9.91
2727577,1007,0.4836
2727577,1101,0.04947
2727577,1009,1.56
2727577,1011,2.684
2727578,1079,2.3
2727578,1063,4.1353
2727578,1003,0.854375
2727578,1087,16.36
2727578,1095,0.1387
2727578,1092,472.1
2727578,1012,0.9788
2727578,1014,0.03125
2727578,1162,10.07
2727578,1090,12.8
2727578,1002,0.1367
2727578,1098,0.06246
2727578,1011,1.079
2727578,1007,0.9802
2727578,1177,30.98
2727578,1013,0.03125
2727578,1101,0.04898
2727578,1093,0.3125
2727578,1051,90.57
2727578,1091,22.3
2727578,1010,2.015
2727578,1089,0.06325
2727579,1079,1.4
2727579,1063,4.0085
2727579,1003,0.791875
2727579,1092,266.9
2727579,1175,0.1038
2727579,1091,16.97
2727579,1093,0.3125
2727579,1162,5.554
2727579,1176,1.6
2727579,1095,0.1049
2727579,1011,1.465
2727579,1012,1.281
2727579,1087,16.55
2727579,1013,0.03125
2727579,1090,13.34
2727579,1007,0.5881
2727579,1051,92.78
2727579,1002,0.1267
2727579,1089,0.03125
2727579,1014,0.03125
2727579,1101,0.09109
2727579,1177,12.7
2727579,1010,1.2
2727579,1098,0.05836
2727580,1079,2.9
2727580,1063,6.0133
2727580,1003,0.8875
2727580,1002,0.142
2727580,1175,0.1988
2727580,1092,266.6
2727580,1010,0.3888
2727580,1089,0.1373
2727580,1176,1.613
2727580,1013,0.03125
2727580,1098,0.0241
2727580,1014,0.03125
2727580,1095,0.2111
2727580,1011,3.303
2727580,1007,0.6325
2727580,1051,88.63
2727580,1090,15.44
2727580,1093,4.591
2727580,1012,2.259
2727580,1091,38.91
2727580,1087,42.0
2727580,1101,0.0783
2727581,1079,5.3
2727581,1063,6.52125
2727581,1093,1.548
2727581,1089,0.2079
2727581,1011,3.061
2727581,1007,0.4244
2727581,1087,15.45
2727581,1002,0.2442
2727581,1092,167.4
2727581,1095,0.1889
2727581,1090,20.58
2727581,1162,15.4
2727581,1101,0.8846
2727581,1091,20.16
2727581,1012,3.334
2727581,1098,0.1453
2727581,1013,0.06375
2727581,1014,0.03125
2727581,1051,86.45
2727581,1010,0.03125
2727581,1003,1.52625
2727582,1079,1.7
2727582,1063,2.8678
2727582,1003,1.064375
2727582,1090,13.51
2727582,1092,239.1
2727582,1012,1.066
2727582,1091,24.19
2727582,1002,0.1703
2727582,1089,0.245
2727582,1098,0.05204
2727582,1007,0.5044
2727582,1176,2.9
2727582,1095,0.1594
2727582,1014,0.03125
2727582,1177,16.39
2727582,1093,0.3113
2727582,1087,7.141
2727582,1051,92.64
2727582,1010,0.1563
2727582,1162,2.181
2727582,1101,0.1204
2727582,1013,0.03125
2727582,1011,1.583
2727583,1079,1.2
2727583,1063,2.76675
2727583,1003,1.06375
2727583,1010,0.03125
2727583,1089,0.2554
2727583,1095,0.2526
2727583,1051,94.24
2727583,1098,0.02378
2727583,1090,11.26
2727583,1175,0.08563
2727583,1011,1.45
2727583,1176,2.725
2727583,1092,234.6
2727583,1007,0.5563
2727583,1013,0.03125
2727583,1093,12.65
2727583,1014,0.03125
2727583,1091,34.38
2727583,1012,1.223
2727583,1101,0.2007
2727583,1087,35.05
2727583,1002,0.1702
2727584,1079,3.0
2727584,1063,3.1485
2727584,1003,1.4675
2727584,1012,1.362
2727584,1007,0.8188
2727584,1092,319.0
2727584,1098,0.05698
2727584,1010,0.66
2727584,1011,1.064
2727584,1090,15.68
2727584,1087,51.41
2727584,1051,87.43
2727584,1095,0.293
2727584,1101,0.1238
2727584,1002,0.2348
2727584,1013,0.03125
2727584,1176,2.938
2727584,1175,0.2083
2727584,1089,0.761
2727584,1093,17.66
2727584,1091,34.56
2727584,1014,0.03125
2727585,1079,2.3
2727585,1063,2.618
2727585,1095,0.2484
2727585,1091,27.86
2727585,1012,1.333
2727585,1014,0.03125
2727585,1013,0.03125
2727585,1090,18.94
2727585,1092,232.0
2727585,1089,1.044
2727585,1051,91.67
2727585,1011,0.985
2727585,1093,9.948
2727585,1002,0.107
2727585,1010,0.2375
2727585,1087,59.44
2727585,1098,0.03499
2727585,1101,0.2713
2727585,1007,0.6269
2727585,1176,0.95
2727585,1003,0.66875
2727586,1079,2.2
2727586,1063,4.351
2727586,1003,1.3775
2727586,1090,15.1
2727586,1091,54.63
2727586,1092,251.5
2727586,1101,0.1458
2727586,1095,0.2816
2727586,1007,0.6319
2727586,1176,1.363
2727586,1002,0.2204
2727586,1087,26.06
2727586,1014,0.03125
2727586,1175,0.1769
2727586,1013,0.03125
2727586,1012,1.875
2727586,1010,1.911
2727586,1051,83.47
2727586,1089,0.3323
2727586,1011,0.5025
2727586,1093,3.636
2727586,1098,0.08025
2727587,1063,14.8125
2727587,1003,0.422625
2727587,1013,0.03125
2727587,1014,0.03125
2727587,1177,5.293
2727587,1087,16.23
2727587,1098,0.02165
2727587,1010,0.49
2727587,1089,0.444
2727587,1007,0.461
2727587,1162,0.0
2727587,1175,0.08113
2727587,1012,4.11
2727587,1101,0.1248
2727587,1092,215.6
2727587,1002,0.06762
2727587,1093,10.29
2727587,1095,0.1225
2727587,1011,10.15
2727587,1051,81.31
2727587,1090,15.21
2727587,1091,19.05
2727588,1063,13.27675
2727588,1003,0.0
2727588,1087,11.03
2727588,1092,165.6
2727588,1098,0.01005
2727588,1162,0.0
2727588,1101,0.05166
2727588,1089,0.03088
2727588,1095,0.08176
2727588,1051,84.08
2727588,1007,0.4013
2727588,1093,4.038
2727588,1010,0.03125
2727588,1011,6.755
2727588,1012,6.428
2727588,1090,6.863
2727588,1177,5.871
2727588,1014,0.03125
2727588,1013,0.03125
2727588,1002,0.0
2727588,1091,8.944
2727589,1063,10.87075
2727589,1003,0.1465625
2727589,1098,0.01383
2727589,1011,6.969
2727589,1087,16.2
2727589,1010,0.03125
2727589,1090,12.12
2727589,1093,1.363
2727589,1013,0.03125
2727589,1101,0.08879
2727589,1012,3.808
2727589,1162,0.0
2727589,1095,0.03283
2727589,1002,0.02345
2727589,1089,0.2034
2727589,1051,85.7
2727589,1007,0.4225
2727589,1091,16.1
2727589,1177,4.674
2727589,1092,169.8
2727589,1014,0.03125
2747652,1098,0.2352
2747652,1095,2.539
2747652,1089,2.688
2747652,1004,9.853
2747652,1051,44.43
2747652,1092,297.8
2747652,1178,12.65
2747652,1087,239.8
2747652,1091,225.7
2747652,1093,5403.0
2747652,1002,4.31
2747652,1103,48.15
2747652,1007,16.37
2747652,1101,0.1377
2747652,1090,227.6
2747652,1003,26.9375
2747652,1005,2.4095
2747652,2047,206.065
2747653,2047,26.367
2747653,1005,4.658825
2747653,1003,1.609375
2747653,1101,0.8167
2747653,1013,0.0
2747653,1007,1.708
2747653,1091,26.75
2747653,1012,0.1975
2747653,1004,0.1438
2747653,1176,1.238
2747653,1002,0.2575
2747653,1177,151.8
2747653,1166,0.142
2747653,1089,3.163
2747653,1014,0.0
2747653,1098,0.0763
2747653,1175,0.1148
2747653,1092,368.7
2747653,1095,0.3154
2747653,1079,2.578
2747653,1010,0.0
2747653,1093,280.5
2747653,1011,0.6925
2747653,1087,72.8
2747653,1063,0.89
2747653,1090,74.36
2747653,1051,91.88
2747653,1162,8.583
2747654,1103,22.29
2747654,1095,0.2687
2747654,1178,0.586
2747654,1007,1.53
2747654,1004,0.216
2747654,1092,192.3
2747654,1091,278.8
2747654,1090,17.88
2747654,1051,83.53
2747654,1101,0.0
2747654,1002,2.272
2747654,1089,0.0
2747654,1093,353.9
2747654,1098,0.00861
2747654,1087,9.013
2747654,1003,14.2
2747654,1005,0.524
2747654,2047,60.84
2747655,2047,26.8924
2747655,1005,5.486225
2747655,1003,0.921875
2747655,1011,1.589
2747655,1013,0.0
2747655,1176,1.938
2747655,1087,41.3
2747655,1089,0.0
2747655,1162,14.7
2747655,1177,37.02
2747655,1079,2.046
2747655,1010,0.2606
2747655,1012,1.346
2747655,1095,0.1413
2747655,1014,0.0
2747655,1091,33.38
2747655,1051,92.59
2747655,1093,49.03
2747655,1090,14.98
2747655,1007,0.8619
2747655,1004,0.14
2747655,1098,0.07339
2747655,1101,0.1241
2747655,1002,0.1475
2747655,1063,3.196
2747655,1092,332.4
2747656,1002,3.05
2747656,1091,216.8
2747656,1093,108.3
2747656,1007,1.366
2747656,1098,0.0
2747656,1051,79.04
2747656,1103,53.68
2747656,1087,4.103
2747656,1090,23.06
2747656,1178,0.5817
2747656,1092,430.2
2747656,1004,0.5917
2747656,1101,0.0
2747656,1095,0.3272
2747656,1089,0.0
2747656,1003,19.0625
2747656,1005,-0.0602
2747656,2047,81.3345
2747657,1007,2.064
2747657,1101,0.06356
2747657,1089,0.1728
2747657,1090,39.04
2747657,1178,0.995
2747657,1004,0.3667
2747657,1103,63.13
2747657,1087,71.64
2747657,1095,1.536
2747657,1051,83.69
2747657,1093,508.8
2747657,1091,174.7
2747657,1092,212.6
2747657,1002,2.079
2747657,1098,0.2427
2747657,1003,12.99375
2747657,1005,0.88555
2747657,2047,58.8175
2747658,1095,0.2963
2747658,1093,51.93
2747658,1004,0.3767
2747658,1007,1.243
2747658,1051,78.3
2747658,1178,1.343
2747658,1089,0.05167
2747658,1092,407.9
2747658,1090,28.02
2747658,1098,0.02911
2747658,1087,6.003
2747658,1101,0.0
2747658,1002,3.167
2747658,1103,50.16
2747658,1091,223.8
2747658,1003,19.79375
2747658,1005,0.28655
2747658,2047,83.7115
2747659,2047,87.0745
2747659,1005,19.292275
2747659,1003,1.265625
2747659,1010,9.997
2747659,1101,0.239
2747659,1013,0.0
2747659,1092,492.6
2747659,1177,83.42
2747659,1091,62.54
2747659,1176,4.294
2747659,1095,0.328
2747659,1162,11.85
2747659,1093,0.4913
2747659,1011,0.3431
2747659,1089,0.5053
2747659,1063,10.52
2747659,1090,22.0
2747659,1002,0.2025
2747659,1014,0.0
2747659,1051,77.75
2747659,1012,0.1838
2747659,1079,5.351
2747659,1098,0.1161
2747659,1007,1.154
2747659,1087,44.16
2747659,1004,0.5381
2747660,2047,23.9398
2747660,1005,4.966175
2747660,1003,0.723125
2747660,1091,21.83
2747660,1063,2.711
2747660,1089,0.1622
2747660,1092,177.4
2747660,1095,0.1304
2747660,1090,10.19
2747660,1093,0.0
2747660,1101,0.1127
2747660,1011,1.476
2747660,1002,0.1157
2747660,1175,0.2873
2747660,1013,0.0
2747660,1014,0.0
2747660,1004,0.1314
2747660,1176,1.164
2747660,1098,0.06128
2747660,1012,1.235
2747660,1162,112.1
2747660,1177,31.82
2747660,1007,0.3793
2747660,1087,9.816
2747660,1051,93.8
2747660,1010,0.0
2747660,1079,1.79
2747661,2047,24.1264
2747661,1005,5.075675
2747661,1003,0.621125
2747661,1177,27.43
2747661,1090,8.946
2747661,1007,0.3544
2747661,1175,0.2671
2747661,1098,0.05054
2747661,1095,0.09438
2747661,1093,0.0
2747661,1089,0.03763
2747661,1079,1.725
2747661,1176,1.2
2747661,1010,0.0
2747661,1002,0.09938
2747661,1004,0.1488
2747661,1162,89.94
2747661,1014,0.0
2747661,1091,19.07
2747661,1092,166.9
2747661,1012,1.574
2747661,1087,10.1
2747661,1011,1.129
2747661,1063,2.703
2747661,1051,93.8
2747661,1101,0.07738
2747661,1013,0.0
2747662,2047,27.9906
2747662,1005,5.143175
2747662,1003,1.425625
2747662,1063,2.681
2747662,1091,22.41
2747662,1011,1.575
2747662,1093,0.0
2747662,1101,0.1484
2747662,1051,92.83
2747662,1162,128.4
2747662,1175,0.309
2747662,1079,2.07
2747662,1087,8.366
2747662,1176,1.363
2747662,1010,0.0
2747662,1095,0.1284
2747662,1090,10.73
2747662,1167,0.645
2747662,1013,0.0
2747662,1177,26.05
2747662,1014,0.0
2747662,1089,0.1171
2747662,1007,0.4106
2747662,1012,1.106
2747662,1002,0.2281
2747662,1092,191.6
2747662,1004,0.1906
2747662,1098,0.06432
2747663,2047,29.233
2747663,1005,6.136275
2747663,1003,0.855625
2747663,1090,12.68
2747663,1101,0.1288
2747663,1011,1.331
2747663,1087,12.86
2747663,1013,0.0
2747663,1014,0.0
2747663,1093,0.0
2747663,1098,0.06077
2747663,1092,224.5
2747663,1051,92.38
2747663,1095,0.138
2747663,1010,0.0
2747663,1176,2.063
2747663,1012,1.194
2747663,1089,0.05725
2747663,1079,2.521
2747663,1177,28.23
2747663,1004,0.1406
2747663,1162,94.61
2747663,1063,2.524
2747663,1175,0.3904
2747663,1002,0.1369
2747663,1091,24.25
2747663,1007,0.4875
2747664,2047,26.3679
2747664,1005,4.96125
2747664,1003,1.30875
2747664,1089,0.4006
2747664,1063,2.246
2747664,1007,0.7669
2747664,1011,1.002
2747664,1013,0.0
2747664,1002,0.2094
2747664,1010,0.1063
2747664,1014,0.0
2747664,1093,8.076
2747664,1051,92.82
2747664,1090,12.95
2747664,1012,1.138
2747664,1079,2.114
2747664,1004,0.1431
2747664,1101,0.3009
2747664,1095,0.1999
2747664,1091,35.47
2747664,1092,334.6
2747664,1176,2.031
2747664,1162,6.181
2747664,1177,116.6
2747664,1098,0.05856
2747664,1087,30.91
2747665,2047,19.60045
2747665,1005,4.05682
2747665,1003,0.65625
2747665,1087,21.51
2747665,1092,197.8
2747665,1101,0.07019
2747665,1093,51.16
2747665,1004,0.08313
2747665,1098,0.001663
2747665,1011,1.562
2747665,1176,0.8625
2747665,1007,0.5238
2747665,1095,0.1039
2747665,1014,0.0
2747665,1002,0.105
2747665,1090,8.944
2747665,1089,0.0
2747665,1177,63.2
2747665,1091,17.91
2747665,1162,17.76
2747665,1010,0.0
2747665,1063,2.644
2747665,1051,94.68
2747665,1013,0.0
2747665,1079,1.314
2747665,1012,1.082
2747666,1004,0.4192
2747666,1090,46.44
2747666,1087,14.03
2747666,1092,292.0
2747666,1101,0.0031
2747666,1089,0.1717
2747666,1007,1.48
2747666,1002,2.622
2747666,1051,79.43
2747666,1093,252.4
2747666,1095,1.025
2747666,1091,229.1
2747666,1098,0.0
2747666,1178,0.67
2747666,1103,28.37
2747666,1003,16.3875
2747666,1005,2.2833
2747666,2047,78.456
2747667,1007,1.488
2747667,1098,0.004117
2747667,1093,313.0
2747667,1089,0.2133
2747667,1178,1.285
2747667,1002,2.162
2747667,1051,82.54
2747667,1092,244.9
2747667,1095,1.002
2747667,1091,214.0
2747667,1004,0.4933
2747667,1087,10.54
2747667,1101,0.00555
2747667,1103,15.74
2747667,1090,30.63
2747667,1003,13.5125
2747667,1005,1.9662
2747667,2047,66.3545
2747668,1093,109.4
2747668,1087,6.822
2747668,1095,0.2949
2747668,1089,0.0
2747668,1101,0.0
2747668,1098,0.0
2747668,1090,16.64
2747668,1091,151.7
2747668,1002,2.388
2747668,1007,0.9058
2747668,1051,67.46
2747668,1103,69.37
2747668,1092,236.4
2747668,1178,0.5883
2747668,1004,16.57
2747668,1003,14.925
2747668,1005,0.1392
2747668,2047,209.3868
2747669,1091,199.0
2747669,1004,0.5692
2747669,1098,0.01944
2747669,1051,77.16
2747669,1095,0.3645
2747669,1101,0.0
2747669,1092,348.8
2747669,1090,27.46
2747669,1002,3.306
2747669,1089,0.201
2747669,1178,1.571
2747669,1103,71.43
2747669,1093,93.06
2747669,1087,13.91
2747669,1007,1.167
2747669,1003,20.6625
2747669,1005,0.4413
2747669,2047,89.538
2747670,1093,728.5
2747670,1098,0.6088
2747670,1101,0.02053
2747670,1090,58.37
2747670,1004,0.2942
2747670,1087,97.8
2747670,1051,80.34
2747670,1091,162.0
2747670,1103,60.03
2747670,1095,3.369
2747670,1007,2.722
2747670,1092,192.9
2747670,1178,2.22
2747670,1002,2.486
2747670,1089,0.2756
2747670,1003,15.5375
2747670,1005,1.1063
2747670,2047,69.223
2747671,1091,63.76
2747671,1002,1.409
2747671,1092,9.483
2747671,1087,10.56
2747671,1095,0.5268
2747671,1007,0.8008
2747671,1051,88.91
2747671,1103,20.9
2747671,1004,0.5508
2747671,1090,10.52
2747671,1178,1.125
2747671,1093,271.9
2747671,1089,0.0
2747671,1098,0.07701
2747671,1101,0.005008
2747671,1003,8.80625
2747671,1005,0.93215
2747671,2047,43.9108
2747672,1090,26.68
2747672,1087,3.623
2747672,1004,8.123
2747672,1002,3.078
2747672,1178,0.87
2747672,1051,70.91
2747672,1093,56.87
2747672,1091,234.9
2747672,1098,0.02042
2747672,1089,0.09617
2747672,1095,0.5407
2747672,1007,1.28
2747672,1092,414.1
2747672,1101,0.0
2747672,1103,60.69
2747672,1003,19.2375
2747672,1005,0.4495
2747672,2047,151.855
2747673,1007,1.517
2747673,1004,0.3875
2747673,1178,1.374
2747673,1002,3.952
2747673,1090,35.48
2747673,1098,0.03021
2747673,1091,270.8
2747673,1051,73.5
2747673,1093,94.37
2747673,1101,0.0
2747673,1089,0.5914
2747673,1092,420.2
2747673,1103,76.52
2747673,1087,3.193
2747673,1095,0.3524
2747673,1003,24.7
2747673,1005,-0.1045
2747673,2047,101.8695
2747674,2047,33.9816
2747674,1005,7.274975
2747674,1003,0.953125
2747674,1162,26.78
2747674,1051,91.02
2747674,1004,0.1188
2747674,1087,32.7
2747674,1012,2.094
2747674,1014,0.0
2747674,1063,5.091
2747674,1007,0.6331
2747674,1011,2.734
2747674,1002,0.1525
2747674,1092,262.1
2747674,1079,1.915
2747674,1177,60.24
2747674,1095,0.1561
2747674,1176,0.9563
2747674,1175,0.1185
2747674,1091,31.3
2747674,1098,0.022
2747674,1089,0.0
2747674,1093,12.8
2747674,1013,0.0
2747674,1090,10.39
2747674,1101,0.06835
2747674,1010,0.2625
2747675,1003,0.87125
2747675,1087,7.861
2747675,1011,1.474
2747675,1093,0.0
2747675,1002,0.1394
2747675,1095,0.1023
2747675,1051,90.91
2747675,1014,0.0
2747675,1010,2.477
2747675,1012,3.246
2747675,1089,0.02131
2747675,1177,11.93
2747675,1013,0.0
2747675,1063,7.197
2747675,1098,0.04581
2747675,1007,0.265
2747675,1162,6.458
2747675,1092,117.3
2747675,1090,11.45
2747675,1101,0.06791
2747675,1091,17.08
2747676,2047,19.419
2747676,1005,4.166
2747676,1003,0.53125
2747676,1101,0.07054
2747676,1013,0.0
2747676,1162,7.094
2747676,1177,29.68
2747676,1014,0.0
2747676,1087,16.93
2747676,1090,9.673
2747676,1098,0.00735
2747676,1011,0.7556
2747676,1051,94.66
2747676,1175,0.02888
2747676,1165,0.0325
2747676,1093,3.763
2747676,1091,20.73
2747676,1167,0.1688
2747676,1010,0.0
2747676,1092,272.5
2747676,1063,2.218
2747676,1095,0.121
2747676,1002,0.085
2747676,1012,1.463
2747676,1079,1.535
2747676,1089,0.0
2747676,1166,0.07188
2747676,1007,0.5723
2747676,1004,0.07
2758975,1063,0.6351
2758975,1051,94.58
2758975,1089,0.0
2758975,1166,0.1425
2758975,1165,0.02463
2758975,1095,0.1767
2758975,1010,0.0
2758975,1162,6.931
2758975,1167,0.2256
2758975,1079,1.428
2758975,1093,0.0
2758975,1092,265.3
2758975,1012,0.3088
2758975,1175,0.04488
2758975,1013,0.0
2758975,1091,24.93
2758975,1098,0.02733
2758975,1087,32.93
2758975,1014,0.0
2758975,1007,0.5
2758975,1101,0.102
2758975,1090,12.7
2758975,1011,0.3263
2758976,1063,69.256
2758976,1012,29.08
2758976,1095,0.06075
2758976,1091,8.063
2758976,1092,64.24
2758976,1090,4.496
2758976,1089,0.1468
2758976,1011,32.7
2758976,1010,7.476
2758976,1014,0.0
2758976,1166,0.09
2758976,1165,0.01018
2758976,1162,0.0
2758976,1079,4.36
2758976,1101,0.1764
2758976,1013,0.0
2758976,1007,0.1429
2758976,1087,9.065
2758976,1175,0.01175
2758976,1051,14.87
2758976,1098,0.03528
2758976,1093,4.66
2758976,1167,0.09701
2758977,1063,7.983
2758977,1095,0.0292
2758977,1007,0.3063
2758977,1013,0.0
2758977,1175,0.06013
2758977,1089,0.0
2758977,1079,0.6525
2758977,1014,0.0
2758977,1162,38.0
2758977,1012,2.275
2758977,1165,0.06245
2758977,1092,155.9
2758977,1093,0.0
2758977,1167,0.2569
2758977,1091,20.11
2758977,1011,2.1
2758977,1010,3.608
2758977,1090,9.58
2758977,1098,0.02604
2758977,1166,0.1
2758977,1087,21.36
2758977,1051,87.1
2758977,1101,0.01638
2758978,1063,31.38
2758978,1165,0.03859
2758978,1012,12.32
2758978,1014,0.0
2758978,1175,0.2883
2758978,1095,0.4205
2758978,1011,19.06
2758978,1166,0.1538
2758978,1092,787.9
2758978,1101,0.2831
2758978,1007,1.793
2758978,1167,1.989
2758978,1091,72.26
2758978,1093,0.85
2758978,1079,6.251
2758978,1162,0.0
2758978,1087,44.05
2758978,1013,0.0
2758978,1010,0.0
2758978,1089,0.7474
2758978,1051,31.44
2758978,1098,0.2736
2758978,1090,43.54
2758979,1063,68.68
2758979,1175,0.1074
2758979,1095,0.1626
2758979,1014,0.0
2758979,1051,15.03
2758979,1007,1.99
2758979,1092,869.4
2758979,1093,13.26
2758979,1013,0.0
2758979,1167,0.679
2758979,1091,104.2
2758979,1101,0.3143
2758979,1087,59.01
2758979,1165,0.02875
2758979,1089,2.251
2758979,1090,34.1
2758979,1012,36.45
2758979,1010,0.0
2758979,1098,0.3284
2758979,1079,3.006
2758979,1162,2.608
2758979,1166,0.1288
2758979,1011,32.23
2758980,1063,66.04
2758980,1162,0.0
2758980,1089,1.844
2758980,1014,0.0
2758980,1095,0.176
2758980,1165,0.06445
2758980,1012,35.46
2758980,1013,0.0
2758980,1079,3.679
2758980,1007,2.066
2758980,1091,115.8
2758980,1087,51.49
2758980,1092,936.0
2758980,1010,0.0
2758980,1167,0.6529
2758980,1011,30.58
2758980,1051,15.65
2758980,1101,0.2669
2758980,1090,35.54
2758980,1166,0.1038
2758980,1098,0.3273
2758980,1175,0.2336
2758980,1093,13.17
2758981,2018,0.5891
2758981,2016,3.4845
2758981,1063,2.098
2758981,1276,0.0
2758981,2021,0.001125
2758981,1323,0.00375
2758981,1311,0.0015
2758981,1257,0.005
2758981,2008,0.0
2758981,1293,4.073
2758981,1281,0.0
2758981,2013,0.0
2758981,2019,0.0
2758981,1267,0.021
2758981,1304,0.00325
2758981,1095,1.405
2758981,1010,1.248
2758981,1301,0.01138
2758981,1090,72.75
2758981,1274,0.0
2758981,1162,11.36
2758981,2006,0.0025
2758981,1334,0.0
2758981,1166,0.1875
2758981,1265,0.8229
2758981,1270,0.5886
2758981,1414,0.0
2758981,1411,0.0
2758981,1263,0.000375
2758981,2025,0.0
2758981,1406,0.0
2758981,1271,0.0
2758981,2023,0.0
2758981,1305,0.0
2758981,1092,519.5
2758981,1079,6.233
2758981,1089,2.33
2758981,2017,0.00275
2758981,1014,0.85
2758981,1275,0.006
2758981,1087,72.91
2758981,1091,196.1
2758981,2007,0.0
2758981,1269,3.483
2758981,2014,0.00125
2758981,1299,0.002625
2758981,1165,0.2009
2758981,1303,0.0
2758981,1277,0.02013
2758981,1268,2.188
2758981,2003,0.0
2758981,1051,67.23
2758981,1101,1.174
2758981,1262,0.001
2758981,1007,1.51
2758981,1175,0.1384
2758981,2024,0.0
2758981,1405,0.0
2758981,2005,0.0
2758981,1266,0.2531
2758981,1264,0.00675
2758981,1093,15.17
2758981,1260,0.0
2758981,1177,185.3
2758981,1258,1.151
2758981,1013,0.0
2758981,1167,0.9003
2758981,1335,0.0
2758981,1300,0.006125
2758981,1292,2.219
2758981,1273,0.02413
2758981,1098,0.408
2758981,2004,0.0
2758981,2015,0.0
2758981,1261,0.0
2758981,1333,0.0
2758981,1312,0.0
2758981,2026,0.00125
2758981,1321,0.0005
2758981,1259,0.00125
2758981,1011,0.0
2758981,1012,0.0
2758982,1063,8.8024
2758982,1406,0.0
2758982,1271,0.0
2758982,1014,0.0
2758982,1268,0.2074
2758982,1260,0.0
2758982,1405,0.0
2758982,1263,0.0
2758982,1275,0.008571
2758982,1262,0.0
2758982,1273,0.002786
2758982,1267,0.001286
2758982,1011,0.8064
2758982,1276,0.0
2758982,1269,0.1979
2758982,1010,7.081
2758982,1013,0.0
2758982,1277,0.005143
2758982,1007,1.578
2758982,2005,0.0
2758982,1257,0.0
2758982,1292,0.2236
2758982,1299,0.002643
2758982,2013,0.0
2758982,2008,0.0
2758982,1312,0.0
2758982,1258,0.2164
2758982,1281,0.0
2758982,2014,0.003714
2758982,1335,0.0
2758982,1293,0.3793
2758982,1323,0.0001429
2758982,2003,0.0
2758982,2007,0.0
2758982,2023,0.0008571
2758982,1303,0.0
2758982,2026,0.0
2758982,1301,0.003143
2758982,1414,0.0
2758982,1305,0.0
2758982,2025,0.0
2758982,1166,0.09357
2758982,1051,69.02
2758982,2024,0.0
2758982,1321,0.0
2758982,1333,0.0
2758982,1300,0.001143
2758982,1311,0.0
2758982,1180,24.59
2758982,2017,0.0
2758982,1304,0.0
2758982,1175,0.05607
2758982,2006,0.0
2758982,1411,0.0
2758982,1177,48.02
2758982,2004,0.0
2758982,2019,0.0
2758982,1079,3.547
2758982,1334,0.0
2758982,2015,0.0
2758982,2021,0.0
2758982,1012,0.915
2758982,1270,0.1812
2758982,1274,0.0
2758982,1266,0.04343
2758982,1264,0.006143
2758982,1265,0.1551
2758982,1259,0.0025
2758982,1261,0.0
2758983,1063,8.186
2758983,2008,0.0
2758983,1266,0.01417
2758983,1293,0.3467
2758983,1166,0.09917
2758983,1275,0.0003333
2758983,1333,0.0
2758983,1292,0.1
2758983,1013,0.0
2758983,2017,0.0
2758983,1258,0.12
2758983,1321,0.0
2758983,2026,0.0
2758983,1010,5.734
2758983,1177,58.99
2758983,1300,0.0001667
2758983,2019,0.0
2758983,1323,0.0
2758983,1411,0.0
2758983,2015,0.0
2758983,1267,0.001333
2758983,2013,0.0
2758983,1265,0.093
2758983,1301,0.002167
2758983,1260,0.0
2758983,1014,0.0
2758983,2024,0.0
2758983,1304,0.0
2758983,2003,0.0
2758983,1269,0.1675
2758983,1334,0.0
2758983,1273,0.003333
2758983,1270,0.1763
2758983,1277,0.002167
2758983,2023,0.0
2758983,2014,0.002167
2758983,1079,4.233
2758983,1414,0.0
2758983,1263,0.0
2758983,2007,0.0
2758983,1406,0.0
2758983,1011,1.153
2758983,2006,0.0
2758983,1405,0.0
2758983,1312,0.0
2758983,1007,1.56
2758983,1051,69.67
2758983,1311,0.0
2758983,2004,0.0
2758983,2025,0.0
2758983,1175,0.05483
2758983,1281,0.0
2758983,1257,0.0
2758983,1268,0.09483
2758983,1259,0.0025
2758983,1299,0.0015
2758983,1303,0.0
2758983,1264,0.0006667
2758983,2021,0.0
2758983,1261,0.0
2758983,1335,0.0
2758983,1271,0.0001667
2758983,1276,0.0
2758983,1305,0.0
2758983,1274,0.0
2758983,2005,0.0
2758983,1262,0.001
2758983,1012,1.299
2758983,1180,24.78
2758984,1268,0.5497
2758984,1264,0.02033
2758984,1012,0.0
2758984,1275,0.02567
2758984,2025,0.0
2758984,1260,0.0
2758984,1265,0.393
2758984,1007,1.449
2758984,1273,0.003
2758984,1011,0.0
2758984,1010,0.5367
2758984,1270,0.1525
2758984,2026,0.005667
2758984,1261,0.0
2758984,1263,0.0005
2758984,1274,0.0
2758984,1258,0.6417
2758984,1271,0.003
2758984,1293,0.4667
2758984,1292,0.5867
2758984,2008,0.0
2758984,2021,0.0
2758984,1299,0.003
2758984,2015,0.0
2758984,2003,0.0
2758984,1411,0.0
2758984,2007,0.0
2758984,1051,79.11
2758984,2005,0.0
2758984,1301,0.003
2758984,1177,38.2
2758984,2017,0.0
2758984,1321,0.0
2758984,1180,28.78
2758984,2019,0.0
2758984,1079,3.868
2758984,1312,0.0
2758984,1333,0.0
2758984,2014,0.0
2758984,2013,0.0
2758984,1414,0.0
2758984,2006,0.0
2758984,1305,0.0
2758984,1166,0.1117
2758984,1311,0.0
2758984,1334,0.0
2758984,1303,0.0
2758984,1335,0.0
2758984,1257,0.005
2758984,2024,0.0
2758984,2023,0.0
2758984,1300,0.0055
2758984,1323,0.003167
2758984,2004,0.0
2758984,1281,0.0
2758984,1304,0.006
2758984,1175,0.07233
2758984,1262,0.0
2758984,1266,0.2042
2758984,1269,0.3048
2758984,1277,0.009167
2758984,1259,0.003667
2758984,1014,0.0
2758984,1267,0.004833
2758984,1276,0.0
2758984,1406,0.0
2758984,1405,0.0
2758984,1013,0.0
2758985,1333,0.0
2758985,1166,0.1107
2758985,1405,0.0
2758985,1303,0.0
2758985,2007,0.0
2758985,1271,0.0
2758985,1263,0.0
2758985,1321,0.0
2758985,1260,0.0
2758985,1165,0.03
2758985,1010,0.624
2758985,1270,0.2158
2758985,2006,0.0
2758985,1334,0.0
2758985,1091,94.25
2758985,1406,0.0
2758985,2015,0.0
2758985,1175,0.0845
2758985,1281,0.0
2758985,1266,0.0398
2758985,1180,32.68
2758985,1300,0.0022
2758985,1268,0.3324
2758985,1259,0.003
2758985,1265,0.1616
2758985,2017,0.0002
2758985,1262,0.0
2758985,1101,0.356
2758985,1258,0.224
2758985,1293,0.736
2758985,1267,0.0044
2758985,1012,0.0
2758985,1304,0.0
2758985,1276,0.0
2758985,1167,0.53
2758985,2025,0.0
2758985,1273,0.004
2758985,1299,0.0022
2758985,2005,0.0
2758985,2026,0.0
2758985,1079,3.91
2758985,1301,0.0038
2758985,1095,0.6095
2758985,2019,0.0
2758985,2008,0.0
2758985,1274,0.0
2758985,1335,0.0
2758985,2024,0.0
2758985,2014,0.0
2758985,1051,77.53
2758985,2023,0.0
2758985,1090,35.3
2758985,1411,0.0
2758985,1093,281.0
2758985,1011,0.0
2758985,1312,0.0
2758985,1087,31.0
2758985,1014,0.0
2758985,1292,0.34
2758985,1013,0.0
2758985,1007,1.581
2758985,1261,0.0
2758985,2013,0.0
2758985,1176,2.6
2758985,2003,0.0
2758985,1275,0.0022
2758985,1092,337.0
2758985,1305,0.0
2758985,1323,0.0
2758985,1277,0.0058
2758985,1177,34.84
2758985,1098,0.179
2758985,1414,0.0
2758985,1089,1.535
2758985,1257,0.0
2758985,2004,0.0
2758985,2021,0.0
2758985,1269,0.5216
2758985,1264,0.0024
2758985,1311,0.0
2758986,2020,0.004875
2758986,2018,4.844063
2758986,2016,36.77544
2758986,1317,0.01325
2758986,1267,0.2274
2758986,1175,0.0
2758986,1257,0.2125
2758986,2008,0.0
2758986,1262,0.0004375
2758986,2006,0.02594
2758986,1334,0.0
2758986,1271,0.03356
2758986,1270,4.843
2758986,2025,0.009625
2758986,1281,0.0
2758986,1299,0.01219
2758986,2015,0.003375
2758986,2021,0.01406
2758986,1259,0.0035
2758986,1311,0.03544
2758986,1335,0.0
2758986,1312,0.004188
2758986,1411,0.00175
2758986,2024,0.001563
2758986,1261,0.0
2758986,2007,0.0
2758986,1303,0.0
2758986,1263,0.001938
2758986,1305,0.0
2758986,1268,16.13
2758986,1007,1.362
2758986,2019,0.0
2758986,2023,0.0
2758986,1323,0.03944
2758986,2017,0.1794
2758986,1276,0.0
2758986,1414,0.0
2758986,1166,0.1088
2758986,1300,0.06981
2758986,2026,0.02506
2758986,1273,0.2212
2758986,1258,11.3
2758986,1269,36.74
2758986,1321,0.001063
2758986,2014,0.009875
2758986,1333,0.0
2758986,1275,0.09581
2758986,1180,47.49
2758986,1293,41.67
2758986,1274,0.0008125
2758986,2013,0.0
2758986,1406,0.004125
2758986,1405,0.00075
2758986,2005,0.0
2758986,1292,16.77
2758986,2003,0.0
2758986,1264,0.05269
2758986,1260,0.0
2758986,1266,3.184
2758986,1301,0.07781
2758986,1304,0.03025
2758986,1265,7.421
2758986,1277,0.4868
2758986,1051,16.63
2758986,2004,0.0
2758987,2018,1.81088
2758987,2016,11.57163
2758987,1329,0.0148175
2758987,1317,0.005313
2758987,1333,0.0
2758987,1264,0.0315
2758987,1277,0.233
2758987,1293,13.39
2758987,2014,0.004438
2758987,1275,0.03169
2758987,2008,0.0
2758987,1258,3.616
2758987,1270,1.799
2758987,1007,2.584
2758987,1323,0.01669
2758987,2025,0.0
2758987,1274,0.001188
2758987,1276,0.0
2758987,1334,0.000625
2758987,1175,0.03413
2758987,1271,0.000125
2758987,2004,0.0
2758987,1300,0.02338
2758987,1405,0.000375
2758987,1262,0.004375
2758987,1305,0.0
2758987,1261,0.001438
2758987,2017,0.05875
2758987,1267,0.09831
2758987,2026,0.01025
2758987,1304,0.01388
2758987,1260,0.0025
2758987,2021,0.005
2758987,1266,0.993
2758987,1312,0.005813
2758987,2005,0.0
2758987,1051,58.86
2758987,1263,0.0055
2758987,1303,0.0003125
2758987,1292,8.511
2758987,1299,0.00725
2758987,1414,0.0
2758987,1268,8.217
2758987,1281,0.00025
2758987,1257,0.07188
2758987,1259,0.006313
2758987,1166,0.09625
2758987,2019,0.0
2758987,1311,0.01163
2758987,1273,0.07831
2758987,2015,0.000875
2758987,1335,0.0
2758987,1321,0.01188
2758987,2006,0.008563
2758987,2013,0.000375
2758987,2023,0.0
2758987,1406,0.0
2758987,1411,0.0
2758987,1301,0.02919
2758987,2024,6.25e-05
2758987,2003,0.0
2758987,1269,11.56
2758987,2007,0.0
2758987,1265,2.326
2758988,2020,0.0020625
2758988,2018,3.06425
2758988,2016,22.844
2758988,1329,0.027565
2758988,1411,0.0
2758988,1273,0.1364
2758988,2017,0.1431
2758988,1312,0.002875
2758988,2003,0.0
2758988,2013,0.001625
2758988,2008,0.000125
2758988,2021,0.009563
2758988,2024,0.0
2758988,1334,0.0
2758988,1414,0.0
2758988,1175,0.01275
2758988,1269,22.82
2758988,1305,0.0
2758988,1262,0.009688
2758988,1321,0.00025
2758988,1261,0.008188
2758988,1270,3.064
2758988,1260,0.005125
2758988,1166,0.1163
2758988,2014,0.007563
2758988,1007,2.409
2758988,1277,0.3658
2758988,1293,25.93
2758988,1274,0.0025
2758988,1051,43.99
2758988,2004,0.0
2758988,2005,0.0
2758988,1275,0.05763
2758988,1323,0.02644
2758988,1301,0.04738
2758988,1406,0.001375
2758988,2019,0.0
2758988,1333,0.0
2758988,1303,0.00075
2758988,2026,0.01738
2758988,1259,0.009438
2758988,1299,0.0115
2758988,2023,0.0
2758988,1257,0.1719
2758988,1281,0.00025
2758988,1405,0.0006875
2758988,1292,11.01
2758988,1258,7.059
2758988,1266,1.957
2758988,1265,4.599
2758988,1267,0.145
2758988,1300,0.04456
2758988,2006,0.01631
2758988,1276,0.0
2758988,1271,0.01069
2758988,1304,0.02494
2758988,2007,0.0
2758988,1263,0.009688
2758988,1335,0.0
2758988,2015,0.0
2758988,2025,0.003375
2758988,1264,0.05963
2758988,1311,0.024
2758988,1268,10.54
2758989,2016,10.49075
2758989,1317,0.0495
2758989,2019,0.0
2758989,1166,0.155
2758989,1014,0.0
2758989,1175,0.1346
2758989,1406,0.0
2758989,1269,10.49
2758989,1258,9.979
2758989,1292,28.01
2758989,2004,0.0
2758989,1007,2.848
2758989,1261,0.0
2758989,2017,0.01225
2758989,2026,0.007375
2758989,1333,0.0
2758989,1275,0.03019
2758989,1011,0.0
2758989,2006,0.01131
2758989,1266,2.284
2758989,2023,0.001125
2758989,1305,0.0
2758989,1323,0.03144
2758989,2015,0.0015
2758989,1293,10.53
2758989,1259,0.002875
2758989,1271,0.0
2758989,2003,0.0
2758989,2021,0.004125
2758989,1267,0.7382
2758989,2024,0.0
2758989,1311,0.00075
2758989,2005,0.0
2758989,1257,0.0375
2758989,1303,0.0
2758989,1260,0.0
2758989,1299,0.006375
2758989,1334,0.0
2758989,1051,1.045
2758989,1277,0.64
2758989,1321,0.0
2758989,1268,27.26
2758989,1177,118.0
2758989,1304,0.02513
2758989,1312,0.001438
2758989,1265,4.488
2758989,1263,0.004375
2758989,1414,0.0
2758989,1335,0.0
2758989,1013,0.0
2758989,1273,1.712
2758989,1405,0.0
2758989,1281,0.0
2758989,2025,0.0
2758989,2013,0.0
2758989,1300,0.04831
2758989,1012,0.0
2758989,1079,5.178
2758989,1276,0.0
2758989,1180,95.53
2758989,1411,0.0
2758989,2008,0.0
2758989,1270,0.02919
2758989,1274,0.0
2758989,1262,0.0004375
2758989,2007,0.0
2758989,1301,0.6613
2758989,1264,0.02213
2758989,2014,0.048
2758989,1010,10.66
2758990,2020,0.0104329
2758990,2018,0.034574
2758990,2016,0.27096
2758990,1329,0.208551
2758990,1317,0.001
2758990,1063,54.082
2758990,1321,0.002714
2758990,1166,0.47
2758990,1011,0.0
2758990,2008,0.005429
2758990,1274,0.06
2758990,2021,0.0
2758990,1405,0.0001429
2758990,2005,0.0
2758990,1406,0.01029
2758990,2013,0.001071
2758990,1105,59.96
2758990,1258,4.816
2758990,1301,0.003
2758990,1261,0.08843
2758990,1266,0.8659
2758990,1007,1.527
2758990,2024,0.004857
2758990,1312,0.0001429
2758990,1275,0.116
2758990,1265,2.188
2758990,1277,0.01107
2758990,1305,0.0
2758990,2006,0.0015
2758990,1311,0.03786
2758990,1267,0.01036
2758990,1333,0.0
2758990,1010,44.85
2758990,2019,0.0008571
2758990,1335,0.0
2758990,1013,9.232
2758990,1263,0.2395
2758990,1268,1.692
2758990,1051,24.82
2758990,1281,0.01379
2758990,1259,0.1792
2758990,1271,0.01193
2758990,2015,0.0001429
2758990,1269,0.2331
2758990,2007,0.0
2758990,1262,0.2078
2758990,1414,0.0
2758990,1300,0.04571
2758990,1276,0.000156
2758990,2026,0.001643
2758990,1273,0.005071
2758990,2025,0.0
2758990,1260,0.1457
2758990,1175,0.03886
2758990,1334,0.0005714
2758990,1257,0.2586
2758990,1292,1.899
2758990,1304,0.1704
2758990,1014,0.0
2758990,1293,0.3014
2758990,1303,0.02329
2758990,2003,0.0
2758990,1264,0.7567
2758990,2023,0.001857
2758990,1323,0.01286
2758990,1012,0.0
2758990,1299,0.07979
2758990,2004,0.0
2758990,1411,0.001929
2758990,2014,0.0008571
2758990,1270,0.03186
2758990,2017,0.04757
2758991,2020,0.0186667
2758991,2018,0.0480033
2758991,2016,0.60697
2758991,1329,0.95596
2758991,1281,0.02533
2758991,1414,0.0
2758991,1299,0.098
2758991,1259,0.001333
2758991,1323,0.1743
2758991,1257,1.07
2758991,1014,0.0
2758991,1312,0.001333
2758991,1305,0.0
2758991,1166,0.2
2758991,1292,9.703
2758991,1178,1.22
2758991,1274,0.1833
2758991,1267,0.01833
2758991,2014,0.01933
2758991,1263,0.01233
2758991,2026,0.003667
2758991,1335,0.0
2758991,2024,0.009667
2758991,1277,0.069
2758991,2017,0.113
2758991,1260,0.0
2758991,2021,0.0
2758991,1405,0.0006667
2758991,1013,0.0
2758991,2006,0.006333
2758991,1269,0.5083
2758991,1333,0.0
2758991,1007,3.153
2758991,2008,0.0003333
2758991,2004,0.0
2758991,1334,0.001
2758991,1273,0.002
2758991,1406,0.018
2758991,2013,0.0
2758991,1012,0.0
2758991,2019,0.0006667
2758991,1301,0.001333
2758991,2003,0.0
2758991,1411,0.008333
2758991,1270,0.04767
2758991,1258,9.21
2758991,1293,0.6267
2758991,1261,0.0003333
2758991,1304,0.8653
2758991,1265,5.206
2758991,1271,0.027
2758991,1311,0.09867
2758991,2005,0.0
2758991,1266,2.954
2758991,1011,1.39
2758991,1051,58.56
2758991,2023,0.0
2758991,1175,0.132
2758991,1276,0.0003333
2758991,1264,0.6593
2758991,1303,0.06533
2758991,1321,0.0003333
2758991,1268,8.404
2758991,1300,0.2397
2758991,2025,0.0
2758991,1275,0.8523
2758991,1010,0.0
2758991,2007,0.0
2758991,1262,0.009667
2758991,1105,11.78
2758991,2015,0.0
2758992,2020,0.04
2758992,2018,0.17658
2758992,2016,3.19842
2758992,1329,0.1307
2758992,1317,0.026
2758992,1063,1.89847
2758992,1012,0.0
2758992,1335,0.0
2758992,1334,0.0015
2758992,1304,0.1227
2758992,1011,1.391
2758992,1271,0.08583
2758992,1268,8.226
2758992,2014,0.0255
2758992,2007,0.0
2758992,1178,0.2333
2758992,1258,7.398
2758992,1269,3.175
2758992,1259,0.002333
2758992,1051,58.91
2758992,1299,0.01842
2758992,1414,0.0
2758992,2008,0.0001667
2758992,1273,0.004417
2758992,1264,0.2478
2758992,1257,0.1508
2758992,2013,0.0
2758992,2005,0.0
2758992,1321,0.01608
2758992,1267,0.02925
2758992,1007,3.651
2758992,1275,0.7038
2758992,1263,0.01367
2758992,2004,0.0
2758992,2019,0.0
2758992,1406,0.027
2758992,1262,0.01117
2758992,2023,0.001167
2758992,2024,0.01258
2758992,1014,0.4258
2758992,1305,0.0
2758992,1276,0.0
2758992,1311,0.02342
2758992,1010,0.08167
2758992,1265,4.902
2758992,1301,0.0008333
2758992,1270,0.1605
2758992,1292,9.162
2758992,1405,0.013
2758992,1260,0.0
2758992,2017,0.01783
2758992,1312,0.001833
2758992,1105,16.06
2758992,1175,0.1181
2758992,1013,0.0
2758992,1274,0.02375
2758992,1300,0.05883
2758992,1261,0.0008333
2758992,1166,0.2033
2758992,2026,0.08467
2758992,1281,0.0015
2758992,2006,0.001917
2758992,1266,2.107
2758992,2003,0.0
2758992,1323,0.04608
2758992,1277,0.1346
2758992,1333,0.0
2758992,1303,0.0065
2758992,2021,0.0
2758992,1293,3.609
2758992,1411,0.02708
2758992,2025,0.004667
2758992,2015,0.0005
2758993,1087,288.4
2758993,1101,0.519
2758993,1177,156.9
2758993,1007,2.078
2758993,1051,35.61
2758993,1091,86.67
2758993,1095,0.7693
2758993,1167,6.032
2758993,1166,0.2992
2758993,1089,4.065
2758993,1165,0.4775
2758993,1090,22.37
2758993,1092,115.2
2758993,1098,0.1238
2758993,1176,2.483
2758993,1093,419.7
2758994,1167,5.168
2758994,1089,2.781
2758994,1091,197.6
2758994,1087,132.3
2758994,1165,0.2786
2758994,1092,203.4
2758994,1093,408.2
2758994,1090,72.94
2758994,1051,37.02
2758994,1177,58.24
2758994,1176,4.857
2758994,1095,1.725
2758994,1007,2.083
2758994,1166,0.1552
2758994,1101,1.844
2758994,1098,0.2539
2758995,1166,0.1573
2758995,1087,106.5
2758995,1051,36.4
2758995,1167,4.087
2758995,1090,67.34
2758995,1176,4.8
2758995,1101,1.504
2758995,1098,0.2517
2758995,1093,400.5
2758995,1089,2.413
2758995,1091,185.9
2758995,1095,1.53
2758995,1092,197.7
2758995,1007,1.939
2758995,1165,0.26
2758995,1177,64.45
2758996,1101,0.4835
2758996,1177,127.9
2758996,1093,730.5
2758996,1165,0.4179
2758996,1098,0.1033
2758996,1051,31.79
2758996,1092,135.6
2758996,1089,3.429
2758996,1090,19.85
2758996,1166,0.2286
2758996,1167,5.319
2758996,1095,0.4969
2758996,1091,226.7
2758996,1176,1.357
2758996,1007,2.671
2758996,1087,137.7
2758997,1087,35.16
2758997,1098,0.0919
2758997,1167,1.091
2758997,1165,0.1
2758997,1051,48.42
2758997,1089,0.7912
2758997,1101,0.2177
2758997,1177,71.92
2758997,1090,45.19
2758997,1095,0.9344
2758997,1092,168.2
2758997,1093,34.91
2758997,1176,3.45
2758997,1091,148.5
2758997,1007,0.763
2758997,1166,0.111
2758998,1166,0.4096
2758998,1165,0.8657
2758998,1090,56.74
2758998,1176,3.536
2758998,1051,8.63
2758998,1087,18.27
2758998,1089,3.887
2758998,1167,11.59
2758998,1095,1.493
2758998,1092,237.4
2758998,1091,190.4
2758998,1093,2.406
2758998,1101,1.054
2758998,1098,0.3099
2758998,1007,0.9107
2758998,1177,229.6
2759000,1167,12.63
2759000,1095,2.95
2759000,1093,4.583
2759000,1101,2.737
2759000,1091,353.0
2759000,1176,6.7
2759000,1098,0.4587
2759000,1166,0.29
2759000,1090,120.1
2759000,1087,28.3
2759000,1089,4.523
2759000,1051,7.558
2759000,1007,1.701
2759000,1092,426.7
2759000,1177,124.0
2759000,1165,0.5967
2759001,2020,0.0050837
2759001,2018,0.080333
2759001,2016,1.239167
2759001,1329,0.0222534
2759001,1063,0.9866
2759001,1274,0.004667
2759001,1276,0.0
2759001,1267,0.003417
2759001,1264,0.02917
2759001,2006,0.0003333
2759001,2015,0.0
2759001,2005,0.0
2759001,1266,0.2589
2759001,1275,0.1057
2759001,1012,0.0
2759001,1312,0.0
2759001,2014,0.0003333
2759001,1014,0.0
2759001,1268,1.18
2759001,1011,0.5533
2759001,1406,0.004917
2759001,1311,0.002167
2759001,1257,0.025
2759001,1414,0.0
2759001,1260,0.0
2759001,1281,0.0001667
2759001,2019,0.0
2759001,2017,0.003333
2759001,1178,0.5558
2759001,1262,0.0005
2759001,1292,1.31
2759001,1166,0.18
2759001,1265,0.7063
2759001,1269,1.237
2759001,1300,0.009167
2759001,2025,0.003917
2759001,1273,0.0005
2759001,2021,0.0005
2759001,1335,0.0
2759001,2004,0.0
2759001,1323,0.007583
2759001,1405,0.0001667
2759001,1333,0.0
2759001,2024,0.006083
2759001,1304,0.02117
2759001,2007,0.0
2759001,1261,0.0001667
2759001,1175,0.203
2759001,1305,0.0
2759001,1013,0.0
2759001,2013,0.0
2759001,1301,0.0003333
2759001,1010,0.4333
2759001,1321,0.003083
2759001,1263,0.003417
2759001,1270,0.07725
2759001,1277,0.01308
2759001,1007,3.431
2759001,2008,0.0
2759001,1271,0.057
2759001,1299,0.006417
2759001,1180,27.63
2759001,1258,1.019
2759001,2023,0.0003333
2759001,1303,0.0009167
2759001,2003,0.0
2759001,1334,0.0
2759001,1259,0.0009167
2759001,1051,74.34
2759001,1411,0.01067
2759001,1293,1.408
2759001,2026,0.0075
2759002,2020,0.010572
2759002,2018,0.022353
2759002,2016,0.516243
2759002,1329,0.0088569
2759002,2014,0.0001429
2759002,1010,0.0
2759002,1273,0.0001429
2759002,1312,0.0
2759002,2004,0.0
2759002,1305,0.0
2759002,1263,0.003571
2759002,1303,0.0001429
2759002,1271,0.05264
2759002,1333,0.0
2759002,1259,0.002214
2759002,1335,0.0
2759002,1293,0.6336
2759002,1267,0.005929
2759002,1257,0.01143
2759002,1311,0.003643
2759002,1405,0.002143
2759002,2024,0.004429
2759002,1262,0.004571
2759002,1178,0.2321
2759002,1334,0.0
2759002,1277,0.02964
2759002,1414,0.0
2759002,1260,0.0
2759002,1406,0.008429
2759002,2006,0.0
2759002,1274,0.0005714
2759002,1166,0.2543
2759002,2005,0.0
2759002,1007,3.658
2759002,1266,0.4556
2759002,1270,0.02021
2759002,1281,0.0
2759002,1321,0.002143
2759002,1299,0.003286
2759002,1301,0.0
2759002,2013,0.0
2759002,2025,0.001143
2759002,1265,0.9238
2759002,2019,0.0
2759002,1276,0.0
2759002,1275,0.1093
2759002,1411,0.009714
2759002,1014,0.0
2759002,1012,0.0
2759002,2021,0.0
2759002,2026,0.01936
2759002,1258,1.462
2759002,1013,0.0
2759002,2008,0.0
2759002,1011,1.321
2759002,1300,0.009714
2759002,2003,0.0
2759002,1264,0.05257
2759002,1292,1.895
2759002,2015,0.0
2759002,2023,0.0002143
2759002,2007,0.0
2759002,2017,0.001143
2759002,1261,0.0001429
2759002,1175,0.219
2759002,1304,0.008714
2759002,1180,48.83
2759002,1268,1.741
2759002,1051,73.2
2759002,1323,0.01514
2759002,1269,0.5126
2759003,2018,0.01575
2759003,2016,0.17247
2759003,1329,0.1293
2759003,1300,0.04117
2759003,1271,0.03367
2759003,1334,0.0
2759003,1333,0.0
2759003,1266,0.5764
2759003,1011,0.1717
2759003,1405,0.0
2759003,1312,0.0
2759003,2025,0.0005
2759003,1260,0.0
2759003,1261,0.0
2759003,1335,0.0
2759003,1411,0.0035
2759003,1270,0.0155
2759003,1012,0.0
2759003,1180,44.03
2759003,1293,0.235
2759003,2003,0.0
2759003,2005,0.0
2759003,1276,0.0
2759003,1013,0.0
2759003,1175,0.2302
2759003,1257,0.1425
2759003,1014,0.0
2759003,1262,0.002083
2759003,1311,0.01867
2759003,1264,0.1147
2759003,2024,0.01042
2759003,1265,1.022
2759003,1323,0.03492
2759003,2023,0.004833
2759003,1258,1.787
2759003,1178,1.543
2759003,2019,0.0
2759003,2006,0.0003333
2759003,1301,0.0003333
2759003,1051,73.23
2759003,2013,0.0
2759003,1299,0.0185
2759003,1273,0.001833
2759003,1010,0.0
2759003,1414,0.0
2759003,2014,0.0
2759003,1007,3.233
2759003,2015,0.0
2759003,1305,0.0
2759003,1292,1.873
2759003,1321,0.00025
2759003,2026,0.001167
2759003,1406,0.011
2759003,2004,0.0
2759003,1263,0.002667
2759003,1268,1.633
2759003,1275,0.1636
2759003,2017,0.01417
2759003,1269,0.1538
2759003,1166,0.2942
2759003,1267,0.003917
2759003,2007,0.0
2759003,1274,0.03033
2759003,2008,0.0
2759003,1303,0.013
2759003,2021,0.0
2759003,1281,0.0055
2759003,1259,0.00275
2759003,1277,0.01083
2759003,1304,0.1108
2759004,2018,0.022003
2759004,2016,0.4085
2759004,1329,0.0045003
2759004,1063,1.14
2759004,1259,0.001508
2759004,1263,0.0008333
2759004,1269,0.408
2759004,1012,0.0
2759004,2023,0.0003333
2759004,1264,0.01208
2759004,1271,0.04283
2759004,2019,0.0
2759004,2004,0.0
2759004,1261,0.00025
2759004,1334,0.0
2759004,2025,0.0035
2759004,1014,0.0
2759004,1273,0.001083
2759004,1010,0.1417
2759004,2015,0.0
2759004,1268,0.7973
2759004,1178,0.1183
2759004,1303,0.0003333
2759004,1051,74.53
2759004,1281,0.0
2759004,1312,0.0
2759004,1311,0.0005
2759004,1299,0.003
2759004,1293,0.5075
2759004,1411,0.01092
2759004,1300,0.002417
2759004,1175,0.2388
2759004,1304,0.004167
2759004,1166,0.2133
2759004,1305,0.0
2759004,1323,0.005
2759004,1180,35.28
2759004,1333,0.0
2759004,1414,0.0
2759004,1292,0.9242
2759004,1301,0.0
2759004,1321,0.003333
2759004,1007,3.471
2759004,1277,0.008083
2759004,1406,0.00925
2759004,2003,0.0
2759004,2017,0.001167
2759004,1013,0.0
2759004,1266,0.1592
2759004,1276,0.0
2759004,1265,0.5214
2759004,2007,0.0
2759004,1258,0.7033
2759004,1011,0.9983
2759004,2006,0.0
2759004,1260,0.0
2759004,2021,0.0
2759004,1405,0.0
2759004,1257,0.005833
2759004,1270,0.01867
2759004,2005,0.0
2759004,2026,0.005083
2759004,1274,0.002667
2759004,1335,0.0
2759004,1275,0.1098
2759004,2024,0.004417
2759004,2014,0.0
2759004,1262,0.0003333
2759004,2013,0.0
2759004,2008,0.0
2759004,1267,0.001167
2759005,2020,0.05608
2759005,2018,0.182733
2759005,2016,3.55733
2759005,1329,0.445167
2759005,1317,0.0305
2759005,1014,0.0
2759005,1303,0.02425
2759005,1292,14.99
2759005,1166,0.3592
2759005,1301,0.0015
2759005,2015,0.00125
2759005,2004,0.0
2759005,1268,13.64
2759005,1261,0.002333
2759005,2017,0.053
2759005,2014,0.02925
2759005,2003,0.0
2759005,1271,0.1124
2759005,1269,3.496
2759005,1265,7.844
2759005,1304,0.4125
2759005,1013,0.0
2759005,1305,0.0
2759005,1405,0.02183
2759005,1334,0.002167
2759005,2021,0.0
2759005,1262,0.02533
2759005,2006,0.005
2759005,1259,0.001667
2759005,2019,0.0
2759005,1012,0.0
2759005,2024,0.0185
2759005,2023,0.0009167
2759005,1414,0.0005
2759005,1267,0.05342
2759005,1273,0.004
2759005,1178,0.4042
2759005,1276,0.0
2759005,1293,4.058
2759005,1300,0.1724
2759005,2007,0.0
2759005,1281,0.008417
2759005,1266,4.201
2759005,2025,0.005
2759005,1335,0.0
2759005,1406,0.03375
2759005,2026,0.1443
2759005,2005,0.0
2759005,1263,0.02717
2759005,1051,35.43
2759005,1010,0.0
2759005,1260,0.0
2759005,1011,1.081
2759005,1411,0.03658
2759005,2008,0.0001667
2759005,1175,0.2174
2759005,1258,12.98
2759005,2013,0.0
2759005,1270,0.1759
2759005,1323,0.1354
2759005,1180,65.37
2759005,1274,0.06967
2759005,1264,0.5894
2759005,1311,0.06133
2759005,1257,0.4975
2759005,1007,5.046
2759005,1299,0.05
2759005,1275,0.8709
2759005,1321,0.006833
2759005,1312,0.0025
2759005,1277,0.2403
2759005,1333,0.0
2759006,2020,0.06169
2759006,2018,0.2196
2759006,2016,4.09519
2759006,1329,0.75148
2759006,1317,0.01663
2759006,1274,0.1076
2759006,1273,0.004813
2759006,1414,0.0005
2759006,1276,0.000625
2759006,1334,0.002438
2759006,1051,30.3
2759006,1260,0.00025
2759006,1268,16.36
2759006,1333,0.0
2759006,1335,0.0
2759006,1178,0.4931
2759006,1166,0.3369
2759006,1013,0.0
2759006,1267,0.06119
2759006,1263,0.03375
2759006,1301,0.002688
2759006,1011,0.2913
2759006,1300,0.2363
2759006,1175,0.2253
2759006,1411,0.04006
2759006,1277,0.2639
2759006,1262,0.02975
2759006,1269,4.0
2759006,1270,0.2121
2759006,1014,0.0
2759006,1258,15.84
2759006,1180,65.54
2759006,1305,0.0
2759006,2003,0.0
2759006,1275,1.079
2759006,1304,0.6991
2759006,2023,0.000875
2759006,2017,0.08369
2759006,1261,0.003063
2759006,1012,0.0
2759006,1265,9.496
2759006,1010,0.0
2759006,1311,0.09519
2759006,2007,0.0
2759006,2005,0.0
2759006,1271,0.119
2759006,1264,0.7862
2759006,1405,0.02375
2759006,1303,0.03863
2759006,2014,0.01588
2759006,2019,0.000125
2759006,1292,18.01
2759006,2026,0.1565
2759006,1007,5.187
2759006,2024,0.02075
2759006,1293,4.628
2759006,2004,0.0
2759006,1321,0.0075
2759006,1266,5.096
2759006,2025,0.005375
2759006,2008,0.00075
2759006,2013,0.0
2759006,1406,0.03744
2759006,1281,0.01375
2759006,2015,0.00075
2759006,2006,0.007875
2759006,1323,0.1722
2759006,2021,0.00025
2759006,1257,0.8338
2759006,1312,0.00125
2759006,1299,0.07531
2759006,1259,0.002
2768188,2022,0.009886
2768188,1315,0.13474
2768188,1106,2.61
2768188,2047,78.4785
2768188,1110,0.0
2768188,1106,2.61
2768188,1005,0.0565
2768188,1266,0.03822
2768188,2026,0.002684
2768188,1013,0.0
2768188,1009,0.0
2768188,1268,0.07474
2768188,1274,0.0001763
2768188,1219,0.6057
2768188,1211,0.5131
2768188,1107,0.0
2768188,1279,0.002713
2768188,1213,1.044
2768188,1270,0.004363
2768188,1210,0.1383
2768188,2068,0.2332
2768188,1272,0.2374
2768188,1170,0.25
2768188,1261,0.0
2768188,1405,0.0003701
2768188,1217,0.4961
2768188,1406,0.0
2768188,1223,1.471
2768188,1014,0.0
2768188,1091,223.2
2768188,1278,0.1678
2768188,1101,0.003125
2768188,1177,9.573
2768188,1215,0.4206
2768188,1165,0.08626
2768188,1112,0.0
2768188,1087,40.36
2768188,1276,0.0118
2768188,1166,0.1035
2768188,1004,0.9925
2768188,1222,0.8258
2768188,1265,0.1705
2768188,1333,0.0
2768188,1301,0.0
2768188,1253,59.95
2768188,1300,0.0006056
2768188,1221,0.2457
2768188,1225,0.7047
2768188,1051,80.4
2768188,1100,185.5
2768188,1007,1.221
2768188,1407,0.0033
2768188,1332,0.0
2768188,1299,0.00142
2768188,1321,0.0
2768188,1224,2.097
2768188,1114,0.0
2768188,1003,17.33
2768188,1090,22.82
2768188,1011,0.0
2768188,1323,0.0
2768188,1267,0.0
2768188,1258,0.2374
2768188,1408,0.006586
2768188,1212,0.564
2768188,1012,0.0
2768188,1334,0.0
2768188,1312,0.002588
2768188,1079,0.0
2768188,1275,0.03183
2768188,1103,27.0
2768188,1220,0.8042
2768188,1098,0.09744
2768188,1105,2.613
2768188,1292,0.1477
2768188,1262,0.0
2768188,1263,0.0
2768188,1293,0.4577
2768188,1269,0.005875
2768188,1413,0.06
2768188,1216,0.1562
2768188,1226,0.4557
2768188,1092,353.0
2768188,1273,0.0
2768188,1277,0.01919
2768188,1264,0.02505
2768188,1111,0.0
2768188,1093,114.8
2768188,1257,0.008173
2768188,1167,1.48
2768188,1175,0.1213
2768188,1089,0.2402
2768188,1095,0.4313
2768188,1178,1.759
2768188,1218,0.4611
2768188,1010,0.0
2768188,1335,0.0
2768188,1214,1.27
2768188,1280,0.01079
2768188,1227,0.5725
