accession,has_pdb
A0A087X1C5,False
A0A096LP01,False
A0A0B4J2F0,False
A0A0C5B5G6,False
A0A0K2S4Q6,False
A0A0U1RRE5,False
A0A1B0GTW7,False
A0A2R8Y7D0,True
A0A8I5KQE6,False
A0AV02,False
A0AV96,True
A0AVF1,False
A0AVI4,False
A0AVK6,True
A0AVT1,True
A0FGR8,True
A0FGR9,False
A0JLT2,True
A0JNW5,False
A0JP26,False
A0MZ66,False
A0PJK1,False
A0PJY2,False
A0PK00,True
A0PK05,False
A0PK11,False
A1A4S6,True
A1A4Y4,False
A1A519,False
A1A5B4,False
A1A5C7,False
A1E959,False
A1KXE4,False
A1KZ92,False
A1L0T0,False
A1L167,False
A1L190,True
A1L390,False
A1L3X0,True
A1L4H1,False
A1L4K1,False
A1X283,False
A1XBS5,True
A1Z1Q3,True
A2A288,False
A2A2Y4,False
A2IDD5,False
A2PYH4,False
A2RRP1,False
A2RTX5,False
A2RU14,False
A2RU30,False
A2RU49,False
A2RUB1,False
A2RUB6,False
A2RUC4,True
A2RUH7,False
A2VDJ0,False
A2VEC9,False
A3KMH1,False
A3KN83,False
A4D0S4,False
A4D126,True
A4D161,False
A4D1B5,False
A4D1E9,True
A4D1P6,True
A4D1S5,False
A4D1T9,False
A4D256,False
A4D2B0,True
A4D2B8,False
A4D2P6,False
A4GXA9,True
A4UGR9,True
A5A3E0,False
A5D8T8,False
A5D8V6,False
A5D8V7,True
A5D8W1,False
A5LHX3,False
A5PKW4,False
A5PLL7,False
A5PLN9,False
A5X5Y0,False
A5YKK6,True
A5YM72,False
A6BM72,False
A6H8Y1,True
A6H8Z2,False
A6NC98,False
A6NCS4,False
A6ND01,True
A6ND36,False
A6NDB9,False
A6NDG6,False
A6NDV4,False
A6NED2,True
A6NEM1,False
A6NER3,False
A6NFA1,False
A6NFQ2,False
A6NFX1,False
A6NFY7,False
A6NGG8,True
A6NGQ2,True
A6NGU5,False
A6NHL2,False
A6NHQ2,False
A6NHR9,True
A6NHX0,False
A6NI15,False
A6NI61,False
A6NI73,True
A6NIH7,True
A6NIM6,False
A6NIX2,False
A6NJ78,True
A6NK06,True
A6NK58,False
A6NK89,False
A6NKB5,False
A6NKF2,False
A6NMB9,False
A6NMY6,False
A6NMZ7,False
A6NNB3,False
A6NNM8,False
A6NNN8,False
A6NNY8,False
A6NNZ2,False
A6PVC2,False
A6PVI3,False
A6QL63,False
A7E2V4,False
A7E2Y1,False
A7KAX9,True
A7MCY6,False
A7MD48,False
A8CG34,False
A8K0Z3,False
A8K2U0,True
A8K4G0,False
A8K7I4,True
A8K830,True
A8K8P3,True
A8K8V0,False
A8MPY1,False
A8MQ03,False
A8MQ27,False
A8MT69,True
A8MTA8,True
A8MTJ3,True
A8MTJ6,False
A8MTQ0,False
A8MTZ0,True
A8MUP2,False
A8MV65,False
A8MVW5,False
A8MW92,True
A8MW95,True
A8MW99,False
A8MXD5,False
A8MXV4,False
A8MYU2,True
A8MZ59,False
A8TX70,False
A9QM74,False
A9UHW6,False
A9YTQ3,True
B0I1T2,False
B0L3A2,False
B0YJ81,False
B1AK53,False
B1AL88,True
B2RPK0,False
B2RTY4,False
B2RUY7,False
B2RUZ4,False
B2RXF5,False
B2RXH2,True
B3KU38,False
B6A8C7,False
B7U540,False
B7ZAQ6,False
B7ZBB8,False
C0HME6,False
C4AMC7,False
C9JE40,False
C9JLW8,False
C9JR72,False
C9JRZ8,False
D3W0D1,True
D6RGH6,True
E0CX11,False
E9PQX1,False
F5H094,False
G2XKQ0,True
H0YL14,False
H3BS89,False
H3BV60,False
K7EJ46,False
K9M1U5,True
L0R8F8,True
M0R2J8,False
M5A8F1,True
O00115,False
O00116,False
O00124,False
O00139,True
O00141,True
O00142,False
O00144,False
O00148,True
O00151,True
O00154,True
O00155,False
O00159,True
O00160,False
O00161,True
O00165,False
O00167,True
O00168,True
O00170,True
O00175,True
O00178,True
O00180,True
O00182,True
O00186,False
O00187,True
O00189,True
O00192,False
O00194,True
O00198,True
O00203,True
O00204,True
O00206,True
O00212,True
O00213,True
O00214,True
O00217,True
O00219,False
O00220,True
O00221,False
O00222,True
O00230,True
O00231,True
O00232,True
O00233,False
O00237,False
O00238,True
O00241,True
O00244,True
O00253,True
O00254,False
O00255,True
O00257,True
O00258,True
O00264,True
O00267,True
O00268,True
O00270,False
O00273,True
O00287,True
O00291,True
O00292,False
O00294,True
O00299,True
O00300,True
O00303,True
O00305,True
O00308,True
O00311,True
O00322,False
O00327,True
O00329,True
O00330,True
O00337,False
O00338,True
O00339,False
O00341,False
O00358,False
O00370,True
O00391,True
O00399,True
O00400,True
O00401,True
O00408,True
O00409,True
O00410,True
O00411,True
O00418,True
O00421,False
O00422,True
O00423,True
O00425,True
O00429,True
O00442,False
O00443,True
O00444,True
O00445,True
O00451,True
O00453,False
O00459,True
O00461,False
O00462,False
O00463,True
O00468,True
O00469,False
O00470,True
O00471,False
O00472,True
O00476,False
O00478,True
O00481,True
O00482,True
O00483,True
O00487,True
O00488,True
O00499,True
O00501,False
O00505,False
O00506,True
O00507,False
O00512,True
O00519,False
O00522,True
O00526,False
O00533,False
O00541,True
O00548,True
O00555,True
O00559,False
O00560,True
O00562,True
O00566,True
O00567,True
O00571,True
O00574,False
O00584,True
O00585,True
O00587,False
O00590,True
O00591,True
O00592,False
O00602,True
O00622,True
O00623,False
O00624,False
O00625,True
O00626,False
O00628,False
O00629,True
O00631,True
O00635,False
O00712,True
O00716,False
O00743,False
O00744,False
O00746,True
O00748,False
O00750,False
O00754,False
O00755,True
O00757,True
O00762,True
O00763,True
O00764,True
O00767,True
O14490,True
O14492,True
O14493,True
O14494,True
O14495,False
O14497,True
O14503,False
O14508,True
O14511,False
O14512,False
O14513,False
O14514,False
O14519,True
O14520,True
O14521,True
O14522,True
O14523,True
O14524,False
O14525,False
O14526,True
O14529,True
O14530,False
O14531,True
O14543,False
O14544,True
O14548,False
O14556,True
O14558,True
O14559,False
O14561,True
O14569,False
O14576,False
O14578,False
O14579,True
O14593,True
O14594,False
O14595,True
O14607,True
O14610,False
O14613,False
O14617,True
O14618,True
O14625,True
O14626,False
O14627,False
O14628,False
O14633,False
O14638,True
O14639,False
O14640,True
O14641,True
O14645,True
O14646,True
O14647,False
O14649,True
O14653,True
O14654,False
O14656,True
O14657,False
O14662,True
O14669,True
O14672,True
O14678,True
O14681,False
O14682,False
O14684,True
O14686,True
O14713,True
O14717,True
O14727,True
O14730,True
O14732,True
O14733,True
O14734,False
O14735,False
O14737,True
O14744,True
O14745,True
O14746,True
O14756,False
O14757,True
O14763,True
O14764,True
O14770,True
O14771,False
O14772,False
O14773,True
O14775,True
O14776,True
O14777,True
O14782,True
O14786,True
O14787,False
O14788,True
O14791,True
O14792,True
O14793,True
O14795,False
O14796,True
O14798,False
O14802,True
O14804,False
O14807,True
O14810,True
O14813,False
O14815,True
O14817,False
O14818,True
O14827,False
O14828,False
O14829,False
O14830,False
O14832,True
O14836,True
O14842,True
O14843,True
O14862,True
O14863,True
O14867,True
O14874,True
O14879,True
O14880,False
O14893,True
O14894,False
O14896,False
O14901,False
O14904,False
O14905,False
O14907,True
O14908,False
O14910,False
O14917,True
O14920,True
O14924,True
O14925,False
O14926,False
O14929,True
O14931,True
O14933,True
O14936,True
O14939,True
O14944,True
O14948,False
O14949,True
O14950,False
O14958,True
O14960,True
O14964,True
O14965,True
O14966,True
O14967,False
O14972,True
O14974,True
O14975,False
O14976,True
O14977,True
O14978,False
O14979,True
O14980,True
O14981,False
O14983,False
O14986,False
O14994,True
O15013,False
O15014,True
O15015,False
O15018,False
O15020,True
O15021,True
O15027,False
O15031,True
O15033,True
O15040,False
O15041,False
O15042,False
O15047,True
O15049,False
O15054,True
O15055,True
O15056,True
O15060,False
O15061,True
O15062,True
O15066,True
O15067,False
O15068,False
O15072,False
O15075,True
O15078,False
O15079,False
O15083,False
O15084,False
O15085,True
O15091,True
O15105,True
O15111,True
O15116,False
O15117,True
O15118,True
O15119,True
O15120,False
O15121,False
O15123,True
O15126,False
O15127,False
O15130,True
O15131,True
O15143,True
O15144,True
O15145,True
O15146,True
O15151,True
O15155,True
O15156,False
O15160,True
O15162,True
O15164,True
O15165,False
O15169,True
O15173,False
O15178,True
O15182,False
O15194,True
O15195,False
O15197,True
O15198,True
O15204,False
O15205,True
O15209,False
O15211,True
O15212,True
O15213,True
O15217,True
O15218,False
O15226,True
O15228,False
O15229,True
O15230,True
O15231,False
O15232,False
O15234,True
O15239,True
O15240,True
O15243,False
O15244,True
O15245,True
O15247,True
O15254,False
O15258,False
O15259,True
O15260,False
O15263,True
O15264,True
O15265,True
O15266,False
O15269,True
O15270,True
O15273,True
O15287,True
O15294,True
O15296,True
O15297,True
O15303,False
O15304,False
O15305,True
O15315,True
O15318,True
O15327,False
O15342,True
O15344,True
O15347,True
O15350,True
O15353,True
O15354,False
O15355,False
O15357,True
O15360,True
O15370,False
O15371,True
O15372,True
O15374,False
O15379,True
O15381,True
O15382,True
O15389,True
O15391,False
O15392,True
O15393,True
O15394,True
O15397,False
O15399,True
O15400,False
O15405,False
O15409,True
O15417,True
O15427,False
O15431,True
O15432,False
O15438,True
O15439,True
O15440,True
O15444,False
O15446,True
O15455,True
O15457,False
O15460,True
O15466,False
O15467,True
O15479,False
O15481,False
O15484,True
O15488,True
O15492,True
O15496,True
O15498,True
O15499,False
O15503,True
O15504,True
O15511,True
O15514,True
O15516,True
O15519,True
O15520,True
O15522,False
O15523,False
O15524,False
O15525,True
O15527,True
O15528,False
O15529,False
O15530,True
O15533,True
O15534,False
O15535,False
O15537,True
O15540,True
O15541,True
O15547,False
O15550,True
O15551,False
O15552,True
O15553,True
O15554,True
O42043,False
O43143,True
O43147,False
O43148,True
O43149,False
O43150,False
O43151,True
O43155,False
O43156,True
O43157,True
O43159,True
O43164,False
O43166,False
O43167,False
O43169,True
O43172,True
O43173,True
O43174,False
O43175,True
O43181,True
O43182,False
O43184,False
O43186,True
O43187,True
O43189,True
O43193,True
O43194,False
O43196,False
O43236,True
O43237,True
O43240,True
O43242,True
O43248,False
O43251,True
O43252,True
O43255,True
O43257,True
O43264,True
O43272,False
O43278,True
O43280,False
O43281,False
O43283,False
O43286,False
O43290,True
O43291,True
O43292,True
O43293,True
O43294,False
O43295,False
O43296,False
O43298,True
O43299,False
O43300,True
O43303,False
O43306,False
O43307,True
O43309,False
O43310,False
O43312,True
O43313,False
O43314,True
O43315,False
O43316,False
O43318,True
O43320,False
O43323,True
O43324,True
O43353,True
O43364,False
O43365,False
O43374,False
O43379,False
O43390,True
O43395,True
O43396,True
O43399,False
O43402,True
O43405,True
O43422,False
O43424,True
O43426,True
O43427,False
O43432,True
O43435,True
O43439,False
O43447,True
O43448,False
O43451,True
O43462,False
O43463,True
O43464,True
O43474,True
O43482,True
O43488,True
O43490,False
O43491,False
O43493,True
O43497,True
O43502,True
O43504,True
O43505,False
O43506,False
O43508,True
O43511,False
O43513,True
O43516,True
O43520,True
O43521,True
O43524,True
O43525,True
O43526,True
O43529,False
O43541,False
O43542,True
O43543,True
O43548,False
O43556,False
O43557,True
O43559,True
O43561,False
O43566,True
O43567,True
O43570,True
O43572,True
O43581,True
O43583,True
O43586,True
O43592,False
O43593,False
O43597,True
O43598,True
O43602,True
O43603,True
O43609,False
O43610,False
O43612,True
O43613,True
O43614,True
O43615,True
O43617,True
O43623,False
O43633,True
O43639,True
O43653,True
O43660,True
O43663,True
O43665,True
O43670,False
O43674,True
O43676,True
O43678,True
O43679,False
O43680,False
O43681,True
O43683,True
O43684,False
O43687,False
O43688,False
O43699,False
O43704,True
O43707,True
O43708,True
O43709,True
O43711,False
O43715,True
O43716,False
O43719,True
O43731,False
O43734,True
O43739,True
O43741,True
O43745,True
O43747,True
O43749,False
O43752,True
O43759,True
O43760,False
O43761,False
O43765,True
O43766,True
O43768,False
O43772,False
O43776,True
O43781,True
O43790,False
O43791,True
O43795,False
O43805,False
O43808,False
O43809,True
O43813,True
O43815,False
O43818,True
O43819,True
O43820,False
O43822,True
O43823,False
O43825,False
O43826,True
O43827,False
O43829,False
O43837,True
O43847,False
O43852,False
O43854,True
O43861,False
O43865,True
O43866,True
O43868,False
O43889,False
O43895,False
O43896,True
O43897,True
O43900,False
O43903,False
O43909,True
O43913,True
O43914,True
O43915,True
O43916,False
O43918,True
O43920,True
O43921,True
O43924,True
O43927,True
O43929,True
O43933,False
O60216,True
O60218,True
O60220,False
O60229,True
O60231,True
O60232,True
O60235,True
O60237,False
O60238,False
O60239,True
O60240,False
O60241,True
O60242,True
O60243,False
O60244,True
O60245,True
O60248,False
O60256,True
O60258,False
O60259,True
O60260,True
O60264,True
O60266,False
O60269,False
O60271,True
O60281,True
O60282,False
O60284,True
O60285,False
O60291,False
O60292,False
O60293,False
O60294,False
O60296,False
O60303,False
O60304,False
O60306,True
O60307,True
O60308,True
O60312,False
O60313,True
O60315,True
O60318,True
O60331,True
O60333,True
O60336,False
O60337,False
O60341,True
O60343,True
O60346,False
O60353,True
O60356,False
O60359,False
O60381,True
O60383,False
O60391,False
O60393,False
O60423,False
O60427,False
O60437,True
O60443,True
O60447,False
O60449,True
O60462,True
O60469,True
O60476,False
O60477,False
O60478,False
O60479,True
O60481,True
O60486,True
O60487,False
O60488,False
O60493,True
O60494,True
O60496,True
O60499,True
O60500,True
O60502,True
O60503,True
O60504,True
O60506,True
O60507,True
O60508,True
O60512,False
O60513,False
O60516,False
O60519,False
O60524,True
O60543,True
O60547,True
O60548,False
O60551,True
O60563,True
O60565,True
O60566,True
O60568,True
O60573,True
O60583,True
O60602,True
O60603,True
O60609,True
O60610,True
O60613,False
O60635,False
O60636,False
O60641,False
O60645,False
O60656,False
O60658,True
O60662,False
O60663,False
O60664,False
O60667,True
O60669,True
O60671,True
O60673,True
O60674,True
O60675,False
O60678,True
O60682,False
O60683,False
O60684,True
O60687,False
O60701,True
O60704,True
O60706,False
O60711,True
O60716,True
O60721,False
O60725,False
O60729,True
O60733,False
O60741,True
O60749,False
O60755,False
O60759,True
O60760,True
O60762,False
O60763,True
O60779,True
O60783,True
O60784,True
O60806,False
O60812,False
O60814,True
O60825,True
O60826,True
O60828,True
O60829,True
O60830,False
O60831,False
O60832,True
O60840,False
O60841,True
O60844,True
O60858,False
O60861,True
O60869,True
O60870,True
O60879,False
O60880,True
O60882,True
O60883,False
O60884,True
O60885,True
O60888,True
O60890,False
O60894,True
O60895,True
O60896,True
O60902,False
O60906,True
O60907,True
O60909,False
O60911,True
O60921,True
O60925,True
O60927,True
O60928,False
O60930,True
O60931,True
O60934,True
O60936,True
O60938,False
O60939,True
O60941,False
O60942,True
O75015,True
O75019,False
O75022,True
O75023,False
O75027,True
O75030,True
O75031,True
O75037,False
O75038,False
O75044,True
O75051,True
O75052,False
O75054,False
O75056,False
O75061,False
O75063,False
O75069,False
O75072,False
O75074,False
O75077,False
O75078,False
O75081,True
O75083,True
O75084,True
O75093,False
O75094,False
O75095,False
O75096,True
O75106,False
O75110,True
O75112,True
O75113,True
O75116,True
O75121,False
O75122,True
O75127,False
O75128,True
O75129,True
O75131,False
O75132,False
O75140,True
O75143,True
O75144,True
O75145,False
O75146,True
O75147,True
O75150,True
O75151,True
O75152,False
O75154,True
O75155,True
O75159,False
O75161,False
O75164,True
O75165,False
O75167,False
O75170,False
O75173,True
O75175,True
O75177,False
O75179,False
O75182,True
O75185,False
O75190,True
O75191,True
O75192,False
O75197,False
O75204,False
O75208,True
O75223,True
O75251,True
O75293,False
O75298,False
O75306,True
O75309,False
O75311,True
O75312,False
O75317,True
O75319,True
O75323,False
O75324,True
O75326,True
O75330,False
O75334,True
O75339,False
O75340,True
O75342,False
O75343,False
O75344,True
O75347,True
O75348,True
O75351,True
O75352,False
O75354,False
O75355,False
O75356,False
O75360,False
O75362,True
O75364,False
O75365,True
O75366,True
O75367,True
O75368,True
O75369,True
O75376,True
O75379,False
O75380,True
O75381,True
O75382,True
O75385,True
O75386,True
O75387,False
O75390,True
O75396,True
O75398,True
O75400,True
O75409,False
O75410,False
O75414,False
O75417,True
O75419,True
O75420,True
O75425,False
O75426,False
O75427,False
O75431,False
O75436,True
O75438,True
O75439,False
O75443,False
O75444,False
O75445,False
O75446,True
O75448,True
O75449,True
O75452,False
O75460,True
O75461,False
O75462,True
O75469,True
O75473,True
O75475,True
O75477,True
O75478,True
O75486,True
O75487,False
O75489,True
O75494,False
O75496,True
O75503,True
O75506,True
O75508,False
O75509,True
O75521,True
O75525,True
O75528,False
O75529,True
O75530,True
O75531,True
O75533,True
O75534,True
O75553,False
O75554,True
O75556,False
O75558,False
O75563,True
O75564,False
O75569,True
O75570,True
O75575,True
O75578,False
O75581,True
O75582,True
O75586,True
O75592,True
O75593,True
O75594,True
O75600,False
O75602,False
O75603,False
O75604,True
O75607,False
O75608,True
O75610,False
O75616,True
O75618,False
O75626,True
O75628,True
O75629,True
O75631,False
O75636,True
O75638,False
O75643,True
O75648,False
O75663,True
O75665,False
O75674,True
O75676,False
O75677,False
O75679,False
O75688,True
O75689,True
O75691,True
O75694,True
O75695,True
O75712,False
O75716,True
O75717,True
O75718,True
O75746,True
O75747,True
O75751,True
O75752,False
O75762,True
O75771,True
O75781,False
O75783,False
O75787,True
O75791,True
O75792,True
O75794,True
O75795,True
O75800,True
O75807,True
O75808,False
O75815,True
O75817,True
O75818,True
O75821,True
O75822,True
O75828,True
O75829,False
O75832,True
O75838,True
O75840,False
O75841,False
O75843,True
O75844,True
O75845,False
O75864,False
O75865,True
O75871,False
O75874,True
O75879,False
O75880,True
O75881,False
O75882,False
O75884,True
O75886,True
O75888,True
O75891,True
O75896,False
O75897,True
O75899,True
O75900,False
O75907,True
O75908,True
O75909,True
O75911,False
O75912,False
O75914,True
O75915,False
O75916,False
O75920,True
O75923,True
O75925,True
O75928,True
O75934,True
O75935,True
O75936,True
O75937,True
O75940,True
O75943,True
O75947,True
O75951,False
O75952,False
O75955,True
O75956,True
O75962,True
O75964,True
O75969,False
O75970,True
O75971,True
O75976,True
O76003,True
O76011,False
O76013,False
O76014,False
O76015,False
O76021,True
O76024,False
O76027,False
O76031,True
O76036,True
O76039,True
O76041,True
O76050,False
O76054,True
O76061,True
O76062,False
O76064,True
O76070,False
O76071,True
O76074,True
O76075,True
O76076,False
O76081,False
O76082,True
O76083,True
O76090,True
O76093,True
O76094,True
O76095,True
O76096,True
O77932,False
O94759,True
O94760,True
O94761,True
O94762,True
O94763,False
O94766,True
O94768,True
O94769,False
O94776,False
O94777,False
O94778,False
O94779,True
O94782,True
O94788,True
O94804,True
O94805,False
O94806,True
O94808,False
O94810,False
O94811,True
O94812,False
O94813,True
O94817,True
O94818,False
O94822,True
O94823,False
O94826,True
O94827,False
O94829,True
O94830,False
O94832,False
O94842,True
O94844,False
O94850,False
O94851,True
O94855,True
O94856,True
O94864,True
O94868,True
O94874,True
O94875,True
O94876,False
O94880,False
O94885,True
O94886,True
O94887,False
O94888,True
O94889,False
O94892,False
O94898,False
O94900,False
O94901,True
O94905,True
O94906,True
O94907,True
O94910,False
O94911,False
O94913,True
O94915,False
O94916,True
O94919,False
O94921,False
O94923,True
O94925,True
O94927,True
O94929,True
O94933,False
O94941,False
O94953,True
O94955,False
O94956,False
O94964,False
O94966,True
O94972,True
O94973,False
O94979,True
O94983,False
O94985,False
O94986,True
O94989,False
O94991,False
O94992,True
O94993,True
O95045,True
O95047,False
O95049,True
O95050,True
O95057,True
O95059,True
O95067,False
O95069,True
O95070,False
O95071,True
O95072,False
O95073,False
O95104,True
O95125,False
O95136,True
O95139,True
O95140,True
O95147,True
O95149,True
O95150,True
O95153,False
O95154,True
O95155,True
O95159,False
O95163,True
O95166,True
O95167,True
O95169,True
O95171,False
O95180,True
O95182,True
O95183,False
O95185,False
O95190,False
O95196,False
O95197,True
O95198,True
O95201,False
O95202,True
O95206,True
O95208,False
O95210,True
O95214,False
O95218,True
O95219,False
O95229,True
O95231,False
O95232,False
O95235,True
O95236,False
O95237,False
O95238,True
O95239,True
O95243,True
O95248,False
O95249,False
O95251,True
O95255,True
O95256,True
O95257,True
O95258,False
O95259,True
O95260,True
O95263,False
O95264,False
O95267,True
O95271,True
O95273,True
O95274,True
O95278,True
O95279,False
O95292,True
O95294,False
O95295,False
O95297,True
O95298,True
O95299,True
O95302,False
O95319,True
O95340,True
O95342,True
O95343,False
O95347,True
O95352,False
O95359,False
O95361,True
O95363,True
O95365,True
O95372,True
O95373,False
O95376,True
O95377,False
O95379,False
O95382,False
O95388,False
O95389,False
O95390,True
O95391,True
O95393,True
O95394,False
O95395,False
O95396,True
O95398,True
O95399,True
O95400,True
O95402,True
O95405,True
O95406,False
O95407,True
O95409,False
O95415,False
O95416,False
O95425,True
O95427,False
O95428,False
O95429,True
O95433,True
O95436,False
O95445,True
O95447,False
O95450,False
O95452,False
O95453,True
O95455,False
O95456,True
O95460,False
O95461,True
O95466,True
O95467,False
O95470,True
O95471,False
O95475,False
O95476,True
O95477,True
O95479,True
O95484,True
O95486,True
O95487,True
O95490,True
O95497,True
O95498,False
O95500,False
O95503,True
O95528,False
O95544,True
O95551,True
O95562,False
O95563,True
O95568,True
O95571,True
O95573,False
O95600,False
O95602,True
O95613,False
O95619,True
O95622,True
O95628,True
O95630,True
O95631,True
O95633,True
O95639,True
O95644,True
O95670,False
O95671,True
O95672,False
O95674,False
O95677,False
O95678,False
O95684,True
O95696,True
O95704,True
O95707,True
O95711,True
O95714,True
O95715,True
O95716,True
O95718,True
O95721,True
O95727,True
O95741,False
O95747,True
O95749,True
O95750,True
O95751,False
O95754,False
O95755,False
O95758,False
O95760,True
O95772,False
O95777,True
O95782,False
O95785,True
O95786,True
O95789,False
O95793,True
O95801,True
O95803,False
O95807,False
O95810,False
O95813,False
O95816,False
O95817,False
O95819,True
O95822,True
O95825,True
O95831,True
O95832,False
O95833,True
O95834,True
O95835,True
O95837,False
O95843,True
O95847,False
O95848,True
O95858,True
O95859,False
O95861,True
O95863,True
O95864,False
O95865,False
O95866,True
O95867,False
O95868,True
O95870,False
O95872,False
O95876,True
O95881,True
O95886,False
O95897,False
O95900,False
O95905,False
O95907,False
O95922,False
O95925,False
O95926,True
O95931,True
O95932,False
O95935,False
O95936,False
O95944,True
O95947,False
O95948,True
O95954,False
O95965,False
O95967,True
O95968,False
O95970,True
O95971,True
O95972,False
O95977,True
O95980,True
O95983,True
O95985,True
O95988,False
O95989,True
O95990,False
O95992,False
O95994,True
O95995,True
O95996,False
O95997,True
O95998,True
O95999,True
O96000,True
O96004,False
O96005,False
O96006,True
O96007,True
O96008,True
O96009,False
O96011,False
O96013,True
O96014,False
O96015,False
O96017,True
O96018,True
O96019,True
O96020,True
O96024,False
O96028,True
O96033,True
O97980,False
P00156,True
P00167,True
P00325,True
P00326,True
P00338,True
P00352,True
P00367,True
P00374,True
P00387,True
P00390,True
P00395,True
P00403,True
P00414,True
P00439,True
P00441,True
P00450,True
P00451,True
P00480,True
P00488,True
P00491,True
P00492,True
P00505,True
P00519,True
P00533,True
P00540,False
P00558,True
P00568,True
P00709,True
P00734,True
P00736,True
P00738,True
P00739,False
P00740,True
P00742,True
P00746,True
P00747,True
P00748,True
P00749,True
P00750,True
P00751,True
P00797,True
P00813,True
P00846,True
P00915,True
P00918,True
P00966,True
P00973,True
P00995,True
P01008,True
P01009,True
P01011,True
P01019,True
P01023,True
P01024,True
P01031,True
P01033,True
P01034,True
P01036,False
P01037,False
P01040,True
P01042,True
P01100,True
P01106,True
P01111,True
P01112,True
P01116,True
P01127,True
P01130,True
P01133,True
P01135,True
P01137,True
P01138,True
P01148,True
P01160,True
P01178,True
P01185,True
P01189,True
P01210,True
P01213,True
P01215,True
P01222,True
P01225,True
P01229,False
P01236,True
P01241,True
P01242,False
P01258,True
P01266,True
P01270,True
P01275,True
P01282,True
P01286,True
P01298,True
P01303,True
P01308,True
P01344,True
P01350,True
P01374,True
P01375,True
P01563,True
P01567,False
P01568,False
P01570,False
P01571,False
P01574,True
P01579,True
P01583,True
P01584,True
P01588,True
P01589,True
P01591,True
P01593,True
P01594,True
P01597,True
P01602,False
P01615,False
P01619,True
P01699,False
P01700,True
P01701,False
P01704,True
P01705,False
P01706,False
P01709,True
P01721,True
P01730,True
P01732,True
P01742,False
P01764,True
P01768,False
P01772,True
P01780,True
P01814,False
P01817,False
P01825,True
P01833,True
P01834,True
P01848,True
P01850,True
P01854,True
P01857,True
P01859,True
P01860,True
P01861,True
P01871,True
P01876,True
P01877,True
P01880,True
P01889,True
P01893,False
P01903,True
P01906,False
P01909,True
P01911,True
P01920,True
P02008,True
P02042,True
P02100,True
P02144,True
P02452,True
P02458,True
P02461,True
P02462,True
P02489,True
P02511,True
P02533,True
P02538,True
P02545,True
P02549,True
P02585,True
P02647,True
P02649,True
P02652,False
P02654,True
P02655,True
P02656,True
P02671,True
P02675,True
P02679,True
P02686,True
P02689,True
P02708,True
P02724,True
P02730,True
P02741,True
P02743,True
P02745,True
P02746,True
P02747,True
P02748,True
P02749,True
P02750,True
P02751,True
P02753,True
P02760,True
P02763,True
P02765,False
P02766,True
P02768,True
P02771,True
P02774,True
P02775,True
P02776,True
P02778,True
P02786,True
P02787,True
P02788,True
P02790,False
P02792,True
P02794,True
P02795,True
P02808,False
P02810,False
P02812,False
P02814,False
P02818,True
P03372,True
P03886,True
P03891,True
P03897,True
P03901,True
P03905,True
P03915,True
P03923,True
P03928,True
P03950,True
P03951,True
P03952,True
P03956,True
P03971,True
P03973,True
P03999,True
P04000,True
P04001,True
P04003,True
P04004,True
P04035,True
P04040,True
P04049,True
P04053,True
P04054,True
P04062,True
P04066,True
P04070,True
P04075,True
P04080,True
P04083,True
P04085,True
P04090,True
P04114,True
P04118,False
P04141,True
P04150,True
P04155,True
P04156,True
P04179,True
P04180,True
P04181,True
P04183,True
P04196,False
P04198,True
P04201,True
P04216,False
P04217,False
P04233,True
P04234,True
P04259,False
P04264,True
P04271,True
P04275,True
P04278,True
P04279,True
P04280,False
P04350,False
P04406,True
P04424,True
P04439,True
P04440,True
P04553,False
P04554,False
P04626,True
P04628,False
P04629,True
P04632,True
P04637,True
P04731,False
P04732,False
P04733,False
P04746,True
P04792,True
P04798,True
P04818,True
P04839,True
P04843,True
P04844,True
P04899,True
P04908,True
P04920,True
P04921,True
P05000,True
P05014,False
P05019,True
P05023,True
P05026,True
P05060,False
P05062,True
P05067,True
P05089,True
P05090,True
P05091,True
P05093,True
P05106,True
P05107,True
P05108,True
P05109,True
P05111,False
P05112,True
P05113,True
P05114,False
P05120,True
P05121,True
P05129,True
P05141,False
P05154,True
P05155,True
P05156,True
P05160,True
P05161,True
P05162,True
P05164,True
P05165,True
P05166,True
P05177,True
P05181,True
P05186,True
P05187,True
P05198,True
P05204,False
P05230,True
P05231,True
P05305,True
P05362,True
P05386,True
P05387,True
P05388,True
P05408,False
P05412,True
P05413,True
P05423,True
P05451,True
P05452,True
P05455,True
P05496,True
P05538,False
P05543,True
P05546,True
P05549,True
P05556,True
P05771,True
P05783,False
P05787,True
P05813,False
P05814,False
P05937,True
P05976,False
P05981,True
P05997,False
P06028,True
P06126,True
P06127,True
P06132,True
P06133,False
P06213,True
P06239,True
P06241,True
P06276,True
P06280,True
P06307,True
P06312,True
P06340,True
P06396,True
P06400,True
P06401,True
P06454,True
P06493,True
P06576,True
P06681,True
P06702,True
P06703,True
P06727,True
P06729,True
P06730,True
P06731,True
P06732,True
P06733,True
P06734,True
P06737,True
P06744,True
P06746,True
P06748,True
P06753,True
P06756,True
P06850,True
P06858,True
P06865,True
P06870,True
P06881,True
P06899,True
P07093,True
P07098,True
P07099,False
P07101,True
P07108,True
P07148,True
P07195,True
P07196,False
P07197,False
P07199,True
P07202,False
P07203,True
P07204,True
P07205,False
P07225,True
P07237,True
P07288,True
P07305,True
P07306,True
P07307,True
P07315,True
P07320,True
P07327,True
P07332,True
P07333,True
P07339,True
P07355,True
P07357,True
P07358,True
P07359,True
P07360,True
P07384,True
P07437,True
P07438,False
P07451,True
P07476,False
P07477,True
P07478,True
P07492,True
P07498,False
P07510,False
P07550,True
P07585,False
P07602,True
P07686,True
P07711,True
P07737,True
P07738,True
P07741,True
P07766,True
P07814,True
P07858,True
P07864,True
P07900,True
P07902,True
P07910,True
P07911,True
P07919,True
P07942,True
P07947,True
P07948,True
P07949,True
P07951,False
P07954,True
P07988,True
P07992,True
P07996,True
P07998,True
P08034,True
P08047,True
P08048,True
P08069,True
P08100,True
P08118,True
P08123,True
P08133,True
P08134,True
P08138,True
P08151,True
P08172,True
P08173,True
P08174,True
P08183,True
P08185,True
P08195,True
P08217,False
P08218,False
P08235,True
P08236,True
P08237,True
P08238,True
P08240,True
P08243,True
P08246,True
P08247,False
P08253,True
P08254,True
P08263,True
P08294,True
P08311,True
P08319,True
P08397,True
P08473,True
P08476,True
P08493,True
P08514,True
P08519,True
P08559,True
P08567,True
P08571,True
P08572,True
P08574,True
P08575,True
P08579,True
P08581,True
P08582,True
P08588,True
P08590,True
P08603,True
P08620,True
P08621,True
P08631,True
P08637,True
P08648,True
P08651,True
P08670,True
P08684,True
P08686,True
P08697,False
P08700,True
P08708,True
P08709,True
P08727,True
P08729,True
P08754,True
P08758,True
P08779,False
P08833,True
P08842,True
P08861,False
P08865,True
P08887,True
P08908,True
P08910,False
P08912,True
P08913,True
P08922,True
P08949,True
P08962,True
P08F94,False
P09012,True
P09016,False
P09017,False
P09038,True
P09067,False
P09086,True
P09104,True
P09110,True
P09132,True
P09172,True
P09210,True
P09211,True
P09228,False
P09234,True
P09237,True
P09238,True
P09326,True
P09327,True
P09341,True
P09382,True
P09417,True
P09429,True
P09430,False
P09455,True
P09466,True
P09467,True
P09471,True
P09486,True
P09488,True
P09493,True
P09496,True
P09497,False
P09525,True
P09529,True
P09543,True
P09544,False
P09564,False
P09601,True
P09603,True
P09619,True
P09622,True
P09629,False
P09651,True
P09661,True
P09668,True
P09669,True
P09681,True
P09683,True
P09693,True
P09758,True
P09769,True
P09848,False
P09871,True
P09874,True
P09884,True
P09912,False
P09913,True
P09914,True
P09917,True
P09919,True
P09923,False
P09936,True
P09958,True
P09960,True
P09972,True
P0C024,True
P0C0E4,False
P0C0L4,True
P0C0L5,True
P0C0P6,False
P0C0S5,True
P0C0S8,True
P0C1S8,True
P0C1Z6,False
P0C264,False
P0C2W1,False
P0C5Y9,False
P0C5Z0,True
P0C6T2,True
P0C7P0,True
P0C7P3,True
P0C7T5,False
P0C7U0,False
P0C7W6,False
P0C7X2,False
P0C869,False
P0C870,True
P0CAP1,True
P0CAP2,True
P0CB47,False
P0CG04,True
P0CG08,False
P0CG20,False
P0CG30,True
P0CG37,False
P0CG47,True
P0CG48,True
P0CW18,False
P0DI81,False
P0DI82,False
P0DI83,False
P0DJD3,True
P0DJD7,True
P0DJD8,False
P0DJD9,False
P0DJI8,True
P0DJI9,False
P0DJJ0,False
P0DMC3,True
P0DME0,False
P0DML2,True
P0DML3,False
P0DMM9,True
P0DMN0,False
P0DMS8,True
P0DMS9,False
P0DMV8,True
P0DMV9,True
P0DMW2,False
P0DN84,True
P0DN86,True
P0DOX5,True
P0DOY2,True
P0DOY3,True
P0DP23,True
P0DP24,True
P0DP25,True
P0DP42,False
P0DP57,True
P0DP58,True
P0DP91,False
P0DPB3,False
P0DPB6,True
P0DPD6,False
P0DPD7,True
P0DPD8,False
P0DPH7,False
P0DPH8,False
P0DPK2,True
P0DPK3,False
P0DPK4,False
P0DPK5,True
P0DSE1,True
P0DSE2,True
P0DTE4,False
P0DTE5,False
P0DTE7,False
P0DTE8,False
P0DTU3,True
P0DTU4,True
P0DUB6,True
P10070,False
P10071,True
P10073,False
P10074,True
P10082,True
P10092,False
P10109,True
P10114,True
P10124,False
P10144,True
P10145,True
P10147,True
P10153,True
P10155,False
P10163,False
P10176,True
P10242,False
P10243,False
P10244,True
P10253,True
P10265,False
P10275,True
P10276,True
P10301,True
P10321,True
P10323,False
P10398,True
P10412,True
P10415,True
P10451,True
P10515,True
P10523,False
P10586,True
P10588,True
P10589,True
P10599,True
P10600,True
P10606,True
P10619,True
P10620,False
P10632,True
P10635,True
P10636,True
P10643,True
P10644,True
P10645,True
P10646,True
P10696,False
P10720,True
P10721,True
P10745,False
P10746,True
P10747,True
P10767,False
P10768,True
P10809,True
P10826,True
P10827,True
P10828,True
P10909,True
P10911,False
P10912,True
P10914,False
P10915,False
P10916,True
P10966,False
P10997,True
P11021,True
P11047,True
P11049,False
P11055,False
P11086,True
P11117,False
P11137,False
P11142,True
P11150,False
P11161,False
P11166,True
P11168,False
P11169,True
P11171,True
P11172,True
P11177,True
P11182,True
P11215,True
P11216,True
P11217,True
P11226,True
P11229,True
P11230,True
P11233,True
P11234,True
P11245,True
P11274,True
P11277,True
P11279,True
P11308,True
P11309,True
P11310,True
P11362,True
P11387,True
P11388,True
P11413,True
P11441,True
P11464,False
P11473,True
P11474,True
P11487,False
P11488,True
P11498,True
P11509,True
P11511,True
P11532,True
P11586,True
P11597,True
P11678,True
P11684,True
P11686,True
P11712,True
P11717,True
P11766,True
P11801,False
P11802,True
P11831,True
P11836,True
P11908,True
P11912,True
P11926,True
P11940,True
P12004,True
P12018,True
P12034,False
P12035,False
P12036,False
P12074,True
P12081,True
P12104,True
P12107,False
P12109,True
P12110,True
P12111,True
P12235,False
P12236,False
P12259,True
P12268,True
P12270,True
P12271,True
P12272,True
P12273,True
P12277,True
P12314,True
P12318,True
P12319,True
P12429,True
P12524,False
P12532,True
P12544,True
P12643,True
P12644,False
P12645,True
P12694,True
P12724,True
P12755,True
P12757,True
P12814,True
P12821,True
P12829,False
P12830,True
P12838,True
P12882,False
P12883,True
P12931,True
P12955,True
P12956,True
P12980,False
P13010,True
P13051,True
P13056,False
P13073,True
P13164,False
P13196,False
P13224,True
P13232,True
P13236,True
P13284,False
P13349,True
P13378,False
P13385,False
P13473,True
P13489,True
P13497,True
P13498,True
P13500,True
P13501,True
P13521,False
P13533,False
P13535,False
P13569,True
P13584,False
P13591,True
P13598,True
P13611,False
P13612,True
P13631,True
P13637,True
P13639,True
P13640,False
P13645,True
P13646,False
P13647,True
P13667,True
P13671,True
P13674,True
P13682,False
P13686,True
P13688,True
P13693,True
P13716,True
P13725,True
P13726,True
P13727,True
P13747,True
P13762,False
P13765,True
P13796,True
P13797,True
P13798,False
P13804,True
P13805,False
P13807,True
P13861,True
P13866,True
P13928,True
P13929,True
P13942,False
P13945,True
P13984,True
P13987,True
P13994,False
P13995,True
P14060,False
P14061,True
P14091,True
P14136,True
P14138,True
P14151,True
P14174,True
P14207,True
P14209,True
P14210,True
P14222,False
P14314,True
P14316,True
P14317,False
P14324,True
P14373,False
P14384,True
P14406,True
P14410,True
P14415,False
P14416,True
P14543,False
P14550,True
P14555,True
P14598,True
P14616,True
P14618,True
P14621,False
P14625,True
P14635,True
P14649,True
P14651,False
P14652,False
P14653,True
P14672,True
P14678,True
P14679,True
P14735,True
P14770,True
P14778,True
P14780,True
P14784,True
P14854,True
P14859,True
P14866,True
P14867,True
P14868,True
P14902,True
P14920,True
P14921,True
P14923,True
P14927,True
P15018,True
P15036,True
P15056,True
P15085,True
P15086,True
P15090,True
P15104,True
P15121,True
P15144,True
P15151,True
P15153,True
P15169,True
P15170,True
P15172,False
P15173,False
P15248,True
P15259,False
P15260,True
P15289,True
P15291,True
P15309,True
P15311,True
P15313,False
P15328,True
P15336,True
P15374,True
P15382,True
P15391,True
P15407,False
P15408,False
P15428,True
P15498,True
P15502,False
P15509,True
P15514,True
P15515,False
P15516,False
P15529,True
P15531,True
P15538,True
P15559,True
P15586,False
P15622,False
P15692,True
P15735,True
P15812,True
P15813,True
P15814,True
P15822,True
P15848,True
P15863,False
P15880,True
P15882,True
P15884,True
P15907,True
P15918,False
P15923,True
P15924,True
P15927,True
P15941,True
P15954,True
P15976,True
P16035,True
P16050,False
P16066,True
P16070,True
P16083,True
P16104,True
P16109,True
P16112,True
P16118,True
P16144,True
P16150,False
P16152,True
P16157,True
P16219,True
P16220,True
P16233,True
P16234,True
P16260,False
P16278,True
P16284,True
P16298,True
P16333,True
P16383,False
P16389,False
P16401,True
P16402,True
P16403,True
P16410,True
P16422,True
P16435,True
P16442,True
P16444,True
P16452,True
P16455,True
P16471,True
P16473,True
P16499,False
P16519,False
P16520,False
P16581,True
P16591,True
P16615,True
P16619,False
P16662,True
P16671,True
P16860,True
P16870,False
P16871,True
P16885,True
P16930,False
P16949,False
P16989,False
P17010,False
P17014,False
P17020,False
P17021,False
P17022,False
P17023,False
P17024,False
P17027,False
P17028,True
P17036,False
P17040,False
P17041,True
P17050,True
P17066,True
P17081,True
P17096,True
P17152,False
P17174,True
P17181,True
P17213,True
P17252,True
P17275,False
P17301,True
P17302,True
P17342,True
P17405,True
P17480,True
P17481,False
P17482,False
P17483,False
P17509,False
P17516,True
P17535,True
P17540,True
P17542,True
P17544,False
P17568,True
P17600,False
P17612,True
P17643,True
P17655,True
P17658,False
P17661,False
P17676,True
P17677,False
P17693,True
P17706,True
P17707,True
P17735,True
P17752,True
P17787,True
P17812,True
P17813,True
P17844,True
P17858,True
P17861,True
P17900,True
P17927,True
P17931,True
P17936,True
P17947,True
P17948,True
P17980,True
P17987,True
P18031,True
P18054,True
P18065,True
P18074,True
P18075,True
P18077,True
P18084,True
P18085,True
P18089,True
P18124,True
P18146,True
P18206,True
P18283,True
P18405,False
P18428,False
P18433,True
P18440,True
P18505,True
P18507,True
P18509,True
P18510,True
P18545,True
P18564,True
P18577,True
P18583,True
P18615,True
P18621,True
P18627,True
P18669,True
P18754,True
P18825,True
P18827,True
P18846,False
P18847,False
P18848,True
P18850,False
P18858,True
P18859,True
P18887,True
P19012,False
P19013,False
P19021,False
P19022,False
P19075,False
P19086,True
P19087,True
P19099,True
P19105,False
P19113,True
P19174,True
P19224,False
P19235,True
P19237,False
P19256,True
P19320,True
P19338,True
P19367,True
P19387,True
P19388,True
P19397,True
P19404,True
P19419,True
P19429,True
P19438,True
P19440,True
P19447,True
P19474,True
P19484,True
P19525,True
P19526,False
P19532,True
P19544,True
P19622,False
P19623,True
P19634,True
P19652,True
P19784,True
P19793,True
P19801,True
P19823,False
P19827,True
P19835,True
P19838,True
P19875,True
P19876,True
P19878,True
P19883,True
P19957,True
P19971,True
P20020,True
P20023,True
P20036,True
P20042,True
P20061,True
P20062,True
P20073,True
P20132,True
P20138,True
P20142,True
P20151,True
P20155,True
P20160,True
P20226,True
P20231,True
P20248,True
P20264,False
P20265,True
P20273,True
P20290,True
P20292,True
P20309,True
P20333,True
P20336,False
P20337,True
P20338,True
P20339,True
P20340,True
P20366,True
P20382,True
P20393,True
P20396,False
P20472,True
P20585,True
P20591,True
P20592,True
P20594,False
P20618,True
P20645,True
P20648,False
P20671,True
P20674,True
P20700,True
P20701,True
P20702,True
P20711,True
P20718,True
P20719,False
P20742,False
P20749,True
P20774,False
P20783,True
P20794,False
P20800,False
P20807,True
P20809,True
P20810,False
P20813,True
P20815,True
P20823,True
P20827,True
P20839,True
P20848,False
P20849,True
P20851,False
P20853,False
P20908,True
P20916,False
P20929,True
P20930,True
P20933,True
P20936,True
P20941,False
P20963,True
P21108,False
P21127,True
P21128,True
P21145,False
P21217,False
P21246,True
P21266,True
P21281,True
P21283,True
P21291,False
P21333,True
P21359,True
P21397,True
P21399,True
P21439,True
P21452,True
P21453,True
P21462,True
P21549,True
P21554,True
P21579,True
P21580,True
P21583,True
P21589,True
P21673,True
P21675,True
P21695,True
P21709,True
P21728,True
P21730,True
P21731,True
P21741,True
P21754,False
P21757,True
P21781,False
P21796,True
P21802,True
P21810,False
P21815,False
P21817,True
P21854,False
P21860,True
P21912,True
P21917,True
P21918,True
P21926,True
P21941,False
P21953,True
P21964,True
P21980,True
P22001,True
P22003,False
P22004,True
P22033,True
P22059,True
P22061,True
P22079,False
P22083,False
P22087,True
P22102,True
P22105,True
P22223,True
P22234,True
P22301,True
P22303,True
P22304,True
P22307,True
P22309,False
P22310,False
P22314,True
P22352,True
P22362,True
P22392,True
P22413,True
P22415,True
P22455,True
P22459,False
P22460,False
P22466,True
P22492,False
P22528,False
P22557,True
P22570,False
P22607,True
P22612,False
P22626,True
P22670,True
P22674,False
P22680,True
P22681,True
P22692,True
P22694,False
P22695,True
P22732,False
P22735,True
P22736,True
P22748,True
P22749,True
P22760,False
P22792,False
P22794,False
P22830,True
P22888,True
P22891,True
P22894,True
P22897,True
P22914,True
P23025,True
P23083,True
P23109,False
P23141,True
P23142,False
P23193,True
P23219,True
P23229,True
P23246,True
P23258,True
P23276,False
P23280,True
P23284,True
P23297,True
P23327,False
P23352,True
P23368,True
P23378,True
P23381,True
P23396,True
P23409,False
P23415,True
P23416,True
P23434,True
P23435,True
P23443,True
P23458,True
P23467,True
P23468,True
P23469,True
P23470,True
P23471,True
P23490,False
P23497,True
P23508,True
P23510,True
P23511,True
P23515,False
P23526,True
P23527,True
P23528,True
P23560,True
P23582,True
P23588,True
P23610,True
P23634,True
P23677,True
P23743,True
P23759,False
P23760,True
P23763,False
P23769,True
P23771,True
P23786,False
P23919,True
P23921,True
P23942,True
P23945,True
P23946,True
P23975,True
P24001,False
P24043,True
P24046,True
P24071,True
P24158,True
P24278,False
P24298,False
P24310,False
P24311,True
P24347,False
P24385,True
P24386,False
P24387,False
P24390,False
P24394,True
P24462,True
P24468,True
P24522,True
P24530,True
P24534,True
P24539,True
P24557,False
P24588,True
P24592,True
P24593,True
P24666,True
P24723,True
P24752,True
P24821,True
P24844,False
P24855,True
P24863,True
P24864,True
P24903,False
P24928,True
P24941,True
P25021,True
P25024,True
P25025,True
P25054,True
P25063,False
P25067,False
P25089,False
P25090,True
P25092,True
P25098,True
P25100,False
P25101,True
P25103,True
P25105,True
P25106,True
P25116,True
P25189,True
P25205,True
P25208,True
P25311,True
P25325,True
P25391,False
P25398,True
P25440,True
P25445,True
P25490,True
P25685,True
P25686,True
P25705,True
P25713,True
P25774,True
P25786,True
P25787,True
P25788,True
P25789,True
P25791,True
P25800,False
P25815,True
P25874,True
P25929,True
P25940,False
P25942,True
P25963,True
P26006,False
P26010,True
P26012,True
P26022,True
P26038,True
P26045,True
P26196,True
P26232,True
P26358,True
P26367,True
P26368,True
P26371,False
P26373,True
P26374,False
P26378,True
P26436,False
P26439,False
P26440,True
P26441,True
P26447,True
P26572,False
P26583,False
P26599,True
P26639,True
P26640,False
P26641,True
P26651,True
P26678,True
P26715,True
P26717,True
P26718,True
P26842,True
P26885,True
P26927,True
P26951,True
P26992,True
P26998,True
P27037,True
P27105,True
P27144,True
P27169,True
P27216,True
P27338,True
P27348,True
P27352,True
P27361,True
P27448,True
P27449,True
P27469,False
P27482,True
P27487,True
P27539,False
P27540,True
P27544,False
P27635,True
P27658,False
P27694,True
P27695,True
P27701,True
P27707,True
P27708,True
P27797,True
P27815,True
P27816,False
P27824,False
P27918,True
P27930,True
P27986,True
P27987,False
P28039,True
P28062,True
P28065,True
P28066,True
P28067,True
P28068,True
P28069,True
P28070,True
P28072,True
P28074,True
P28161,True
P28221,True
P28222,True
P28223,True
P28288,True
P28289,True
P28290,False
P28300,False
P28324,True
P28325,True
P28328,False
P28329,True
P28330,True
P28331,True
P28332,False
P28335,True
P28336,True
P28340,True
P28347,True
P28356,False
P28358,False
P28360,False
P28370,False
P28472,True
P28476,False
P28482,True
P28562,True
P28566,True
P28676,True
P28698,True
P28702,True
P28715,True
P28749,True
P28799,True
P28827,True
P28838,False
P28845,True
P28906,False
P28907,True
P28908,True
P29016,True
P29017,True
P29033,True
P29034,True
P29074,True
P29083,True
P29084,True
P29120,True
P29122,False
P29144,False
P29218,True
P29274,True
P29275,True
P29279,False
P29317,True
P29320,True
P29322,True
P29323,True
P29350,True
P29353,True
P29371,True
P29372,True
P29373,True
P29374,True
P29375,True
P29376,True
P29400,True
P29401,True
P29459,True
P29460,True
P29466,True
P29474,True
P29475,True
P29508,True
P29536,True
P29558,True
P29590,True
P29597,True
P29622,True
P29692,True
P29728,True
P29803,False
P29965,True
P29966,False
P29972,True
P29973,True
P29992,True
P30038,True
P30039,False
P30040,True
P30041,True
P30043,True
P30044,True
P30046,True
P30047,True
P30048,True
P30049,True
P30050,True
P30084,True
P30085,True
P30086,True
P30101,True
P30153,True
P30154,True
P30203,True
P30260,True
P30273,True
P30279,True
P30281,True
P30291,True
P30301,False
P30304,True
P30305,True
P30307,True
P30405,True
P30411,True
P30414,True
P30419,True
P30511,True
P30518,True
P30519,True
P30520,True
P30530,True
P30531,True
P30532,False
P30533,True
P30536,False
P30542,True
P30550,True
P30556,True
P30559,True
P30566,True
P30613,True
P30622,True
P30626,True
P30679,False
P30711,True
P30740,True
P30793,True
P30825,False
P30837,True
P30838,True
P30872,True
P30874,True
P30876,True
P30926,True
P30939,True
P30968,True
P30988,True
P30989,True
P30990,True
P31025,True
P31040,True
P31146,False
P31150,False
P31151,True
P31152,False
P31153,True
P31213,True
P31249,False
P31260,False
P31268,False
P31269,False
P31270,False
P31271,True
P31273,False
P31274,True
P31276,False
P31314,False
P31321,True
P31323,False
P31327,True
P31350,True
P31358,True
P31371,True
P31391,True
P31415,True
P31431,True
P31483,True
P31512,False
P31513,False
P31629,False
P31639,True
P31641,True
P31644,True
P31645,True
P31689,True
P31749,True
P31751,True
P31785,True
P31930,True
P31937,True
P31939,True
P31941,True
P31942,False
P31943,True
P31944,False
P31946,True
P31947,True
P31948,True
P31949,True
P31994,True
P31995,True
P31997,True
P32004,True
P32019,True
P32119,True
P32121,True
P32189,False
P32238,True
P32239,True
P32241,True
P32242,False
P32243,False
P32245,True
P32246,True
P32247,True
P32248,True
P32249,True
P32297,True
P32298,True
P32302,False
P32320,True
P32321,True
P32322,True
P32418,True
P32455,True
P32456,True
P32519,True
P32745,True
P32754,True
P32780,True
P32856,False
P32881,True
P32926,True
P32927,True
P32929,True
P32942,True
P32969,True
P32970,True
P32971,False
P33032,True
P33076,False
P33121,False
P33151,False
P33176,True
P33240,True
P33241,True
P33260,True
P33261,True
P33316,True
P33402,False
P33527,True
P33681,True
P33763,True
P33764,True
P33778,True
P33897,True
P33908,False
P33947,False
P33981,True
P33991,True
P33992,True
P33993,True
P34059,True
P34096,True
P34130,True
P34741,True
P34810,False
P34896,True
P34897,True
P34903,True
P34910,False
P34913,True
P34925,True
P34931,True
P34932,False
P34947,True
P34949,False
P34969,True
P34972,True
P34981,True
P34982,False
P34995,True
P34998,True
P35030,True
P35052,True
P35070,True
P35080,True
P35125,False
P35212,False
P35218,False
P35219,True
P35221,True
P35222,True
P35225,True
P35226,True
P35227,False
P35228,True
P35232,True
P35236,True
P35237,False
P35240,True
P35241,True
P35243,True
P35244,True
P35247,True
P35249,True
P35250,True
P35251,True
P35268,True
P35269,True
P35270,True
P35318,True
P35321,False
P35326,False
P35346,True
P35348,True
P35354,True
P35367,True
P35368,False
P35372,True
P35398,True
P35408,True
P35414,True
P35442,True
P35443,False
P35452,False
P35453,False
P35462,True
P35475,True
P35498,True
P35499,True
P35503,False
P35504,False
P35520,True
P35523,True
P35527,False
P35548,False
P35555,True
P35556,False
P35557,True
P35558,True
P35568,True
P35573,True
P35575,True
P35579,True
P35580,True
P35590,True
P35606,True
P35609,True
P35610,True
P35611,False
P35612,False
P35613,True
P35625,True
P35626,False
P35637,True
P35638,False
P35658,True
P35659,True
P35663,False
P35670,True
P35680,True
P35711,False
P35712,False
P35713,False
P35716,True
P35749,True
P35754,True
P35789,True
P35790,True
P35813,True
P35858,True
P35869,True
P35900,False
P35908,False
P35913,False
P35914,True
P35916,True
P35968,True
P35998,True
P36021,True
P36222,True
P36268,False
P36269,False
P36382,False
P36383,True
P36402,False
P36404,True
P36405,False
P36406,True
P36507,True
P36508,False
P36537,True
P36542,True
P36543,True
P36544,True
P36551,True
P36575,False
P36578,True
P36639,True
P36776,True
P36871,True
P36873,True
P36888,True
P36894,True
P36896,True
P36897,True
P36941,True
P36952,True
P36954,True
P36955,True
P36956,True
P36957,True
P36959,True
P36969,True
P36980,True
P37023,True
P37058,False
P37059,False
P37088,True
P37108,True
P37173,True
P37198,True
P37231,True
P37235,True
P37268,True
P37275,True
P37287,False
P37288,True
P37802,True
P37837,True
P37840,True
P38117,True
P38159,True
P38398,True
P38405,True
P38432,False
P38435,True
P38484,True
P38567,True
P38570,True
P38571,True
P38606,True
P38646,True
P38919,True
P38935,True
P38936,True
P39019,True
P39023,True
P39059,True
P39060,True
P39086,True
P39210,False
P39656,True
P39687,True
P39748,True
P39877,False
P39880,False
P39900,True
P39905,True
P40121,True
P40123,False
P40126,True
P40145,False
P40189,True
P40197,False
P40198,True
P40199,True
P40200,True
P40205,False
P40222,False
P40225,True
P40227,True
P40238,True
P40259,True
P40261,True
P40305,False
P40306,True
P40337,True
P40394,True
P40424,True
P40425,False
P40426,False
P40429,True
P40616,True
P40617,False
P40692,True
P40763,True
P40818,True
P40855,True
P40879,True
P40925,True
P40926,True
P40933,True
P40937,True
P40938,True
P40939,True
P40967,True
P41002,True
P41091,True
P41134,False
P41143,True
P41145,True
P41146,True
P41159,True
P41161,True
P41162,False
P41180,True
P41181,True
P41182,True
P41208,True
P41212,True
P41214,True
P41217,False
P41218,True
P41219,False
P41220,True
P41221,False
P41222,True
P41223,True
P41225,False
P41226,True
P41227,True
P41229,True
P41231,True
P41235,True
P41236,False
P41238,True
P41240,True
P41247,False
P41250,True
P41252,False
P41271,True
P41273,True
P41279,True
P41439,False
P41440,True
P41567,True
P41586,True
P41587,True
P41594,True
P41595,True
P41597,True
P41732,False
P41743,True
P41968,True
P41970,False
P42025,False
P42081,True
P42126,True
P42127,True
P42166,True
P42167,False
P42224,True
P42226,True
P42229,True
P42261,True
P42262,True
P42263,False
P42285,True
P42330,True
P42331,True
P42336,True
P42338,False
P42345,True
P42356,True
P42357,False
P42566,True
P42568,True
P42574,True
P42575,True
P42658,True
P42677,True
P42679,True
P42680,True
P42681,True
P42684,True
P42685,False
P42694,False
P42695,True
P42701,True
P42702,True
P42704,True
P42765,True
P42766,True
P42768,True
P42771,True
P42772,False
P42773,True
P42785,True
P42830,True
P42857,False
P42858,True
P42892,True
P42898,True
P43003,True
P43004,True
P43005,True
P43007,True
P43026,True
P43034,True
P43080,False
P43088,True
P43115,True
P43119,True
P43121,True
P43146,True
P43155,True
P43166,True
P43220,True
P43234,False
P43235,True
P43243,False
P43246,True
P43250,True
P43251,False
P43268,True
P43304,False
P43307,True
P43308,True
P43320,True
P43351,True
P43353,False
P43354,True
P43355,True
P43356,False
P43357,True
P43358,True
P43360,False
P43361,True
P43364,True
P43365,False
P43378,True
P43403,True
P43405,True
P43487,True
P43489,True
P43490,True
P43626,True
P43627,True
P43628,True
P43629,True
P43630,False
P43631,True
P43632,True
P43652,True
P43657,True
P43681,True
P43686,True
P43694,True
P43699,False
P43897,True
P45378,False
P45379,True
P45381,True
P45452,True
P45844,True
P45877,True
P45880,True
P45954,True
P45973,True
P45974,True
P45983,True
P45984,True
P45985,True
P46013,True
P46019,False
P46020,True
P46059,True
P46060,True
P46063,True
P46087,True
P46089,True
P46091,True
P46092,False
P46093,True
P46094,True
P46095,True
P46098,True
P46100,True
P46108,True
P46109,True
P46199,True
P46379,True
P46439,False
P46459,True
P46527,True
P46531,True
P46597,True
P46663,True
P46695,False
P46721,False
P46734,False
P46736,True
P46776,True
P46777,True
P46778,True
P46779,True
P46781,True
P46782,True
P46783,True
P46821,False
P46926,True
P46934,True
P46937,True
P46939,True
P46940,True
P46952,True
P46976,True
P46977,True
P47211,True
P47224,True
P47710,False
P47712,True
P47736,True
P47755,False
P47756,True
P47775,True
P47804,False
P47813,True
P47869,True
P47870,True
P47871,True
P47872,True
P47895,True
P47897,True
P47898,True
P47900,True
P47901,False
P47902,True
P47914,True
P47928,False
P47929,True
P47974,True
P47985,True
P47989,True
P47992,True
P48023,True
P48029,True
P48039,True
P48047,True
P48048,False
P48050,True
P48051,False
P48052,True
P48058,False
P48059,True
P48061,True
P48065,False
P48066,True
P48067,True
P48145,False
P48146,False
P48147,True
P48163,True
P48165,False
P48167,True
P48169,True
P48200,True
P48201,False
P48230,False
P48304,False
P48307,True
P48357,True
P48378,False
P48380,False
P48382,True
P48426,True
P48431,True
P48436,True
P48443,True
P48444,False
P48448,False
P48449,True
P48454,True
P48506,False
P48507,False
P48509,False
P48539,True
P48544,False
P48546,True
P48547,True
P48549,False
P48551,True
P48552,True
P48553,False
P48556,True
P48594,False
P48595,False
P48634,False
P48637,True
P48643,True
P48645,True
P48651,True
P48664,False
P48668,False
P48681,False
P48723,False
P48728,True
P48729,True
P48730,True
P48735,True
P48736,True
P48739,False
P48740,True
P48742,False
P48745,False
P48751,True
P48764,True
P48775,True
P48788,True
P48960,True
P48995,True
P49005,True
P49006,False
P49019,True
P49023,True
P49069,True
P49116,True
P49137,True
P49146,True
P49184,False
P49189,True
P49190,True
P49207,True
P49221,False
P49238,True
P49247,False
P49257,True
P49279,True
P49281,True
P49286,True
P49321,True
P49326,False
P49327,True
P49335,False
P49336,True
P49354,True
P49356,True
P49366,True
P49368,True
P49407,True
P49411,True
P49418,True
P49419,True
P49427,True
P49447,False
P49448,True
P49450,True
P49454,False
P49458,True
P49459,True
P49585,False
P49588,True
P49589,False
P49590,False
P49591,True
P49593,False
P49619,False
P49638,True
P49639,False
P49641,False
P49642,True
P49643,True
P49662,True
P49674,True
P49675,True
P49682,True
P49683,True
P49685,True
P49703,False
P49711,True
P49715,True
P49716,False
P49720,True
P49721,True
P49736,True
P49746,False
P49747,True
P49748,True
P49753,True
P49754,False
P49755,False
P49756,True
P49757,True
P49758,True
P49759,True
P49760,True
P49761,True
P49763,True
P49765,True
P49767,True
P49768,True
P49770,True
P49771,True
P49773,True
P49788,False
P49789,True
P49790,True
P49792,True
P49795,True
P49796,True
P49798,False
P49802,True
P49810,True
P49815,True
P49821,True
P49840,True
P49841,True
P49842,True
P49848,True
P49862,True
P49863,True
P49888,True
P49895,False
P49901,False
P49902,True
P49903,True
P49908,False
P49910,False
P49913,True
P49914,True
P49915,True
P49916,True
P49917,True
P49918,False
P49959,True
P49961,False
P50052,True
P50053,True
P50120,True
P50135,True
P50148,True
P50150,False
P50151,False
P50213,True
P50219,False
P50221,False
P50222,False
P50225,True
P50226,True
P50238,False
P50281,True
P50336,True
P50391,True
P50395,False
P50402,True
P50406,True
P50416,True
P50440,True
P50443,True
P50452,False
P50453,True
P50454,False
P50458,False
P50461,True
P50479,True
P50502,False
P50539,False
P50542,True
P50548,True
P50549,True
P50552,True
P50553,False
P50570,True
P50579,True
P50583,True
P50591,True
P50607,True
P50613,True
P50616,True
P50747,False
P50748,True
P50749,False
P50750,True
P50851,True
P50876,True
P50895,True
P50897,True
P50914,True
P50990,True
P50991,True
P50993,False
P50995,True
P51003,True
P51114,True
P51116,True
P51124,True
P51148,True
P51149,True
P51151,True
P51153,False
P51157,True
P51159,True
P51160,True
P51161,True
P51164,False
P51168,True
P51170,True
P51172,True
P51178,False
P51397,False
P51398,True
P51449,True
P51451,False
P51452,True
P51460,True
P51511,False
P51512,True
P51513,True
P51530,True
P51531,True
P51532,True
P51553,True
P51570,True
P51571,True
P51572,True
P51575,True
P51580,True
P51582,True
P51587,True
P51589,False
P51606,False
P51608,True
P51610,True
P51617,True
P51636,False
P51648,True
P51649,True
P51654,True
P51659,True
P51665,True
P51668,True
P51671,True
P51674,False
P51677,True
P51679,False
P51681,True
P51684,True
P51685,True
P51686,True
P51687,True
P51688,True
P51690,False
P51692,True
P51693,True
P51784,True
P51787,True
P51788,True
P51790,True
P51793,False
P51795,True
P51797,True
P51798,True
P51800,True
P51801,False
P51805,False
P51808,False
P51809,True
P51810,False
P51811,False
P51812,True
P51813,True
P51814,False
P51816,False
P51817,False
P51825,True
P51826,False
P51828,False
P51841,False
P51843,True
P51854,False
P51857,True
P51858,True
P51864,False
P51878,False
P51884,False
P51888,False
P51911,True
P51946,True
P51948,True
P51955,True
P51956,False
P51957,False
P51959,False
P51965,True
P51970,True
P51991,False
P51993,False
P52179,True
P52198,False
P52209,True
P52272,True
P52292,True
P52294,True
P52298,True
P52306,True
P52333,True
P52429,False
P52434,True
P52435,True
P52564,True
P52565,True
P52566,True
P52569,False
P52594,True
P52597,True
P52630,True
P52655,True
P52657,True
P52701,True
P52732,True
P52735,True
P52736,False
P52738,False
P52739,False
P52742,False
P52744,False
P52747,False
P52756,True
P52757,True
P52758,True
P52788,True
P52789,True
P52790,True
P52797,False
P52798,False
P52799,True
P52803,True
P52815,True
P52823,False
P52824,False
P52848,True
P52849,False
P52888,True
P52895,True
P52907,True
P52926,False
P52945,True
P52948,True
P52952,True
P52954,False
P52961,False
P53004,True
P53007,False
P53041,True
P53350,True
P53355,True
P53365,True
P53367,False
P53370,True
P53384,False
P53396,True
P53420,True
P53539,True
P53567,False
P53582,True
P53597,True
P53602,True
P53609,False
P53611,True
P53618,False
P53621,True
P53634,True
P53667,True
P53671,True
P53672,False
P53673,True
P53674,True
P53675,False
P53677,False
P53680,True
P53701,False
P53708,False
P53778,True
P53779,True
P53794,False
P53801,False
P53803,True
P53804,False
P53805,True
P53814,True
P53816,True
P53985,True
P53990,True
P53992,True
P53999,True
P54098,True
P54105,True
P54108,False
P54132,True
P54136,True
P54198,True
P54219,True
P54252,True
P54253,True
P54257,False
P54259,False
P54274,True
P54277,True
P54278,True
P54284,True
P54289,True
P54296,False
P54315,True
P54317,True
P54368,True
P54577,True
P54578,True
P54619,True
P54646,True
P54652,True
P54687,True
P54707,False
P54709,True
P54710,True
P54725,True
P54727,True
P54750,False
P54753,True
P54756,True
P54760,True
P54762,True
P54764,True
P54802,True
P54803,False
P54819,True
P54821,False
P54826,True
P54829,True
P54840,False
P54845,False
P54849,False
P54851,False
P54852,False
P54855,True
P54868,True
P54886,True
P54920,False
P54922,True
P55000,True
P55001,False
P55008,True
P55010,True
P55011,True
P55017,True
P55036,True
P55039,False
P55040,True
P55042,True
P55055,True
P55056,False
P55058,False
P55060,False
P55061,False
P55064,True
P55072,True
P55073,False
P55075,True
P55081,True
P55083,True
P55084,True
P55085,True
P55087,True
P55089,True
P55107,False
P55145,True
P55157,True
P55160,False
P55196,True
P55197,True
P55198,False
P55199,True
P55201,True
P55209,True
P55210,True
P55211,True
P55212,True
P55259,True
P55263,True
P55265,True
P55268,False
P55273,True
P55283,False
P55285,True
P55286,False
P55287,False
P55289,False
P55290,True
P55291,False
P55316,True
P55317,True
P55318,True
P55327,False
P55344,True
P55345,True
P55347,True
P55735,True
P55769,True
P55771,False
P55773,True
P55774,True
P55786,True
P55789,True
P55795,True
P55809,True
P55851,False
P55854,True
P55884,True
P55895,True
P55899,True
P55916,False
P55957,True
P56134,True
P56159,True
P56177,False
P56178,True
P56180,False
P56181,True
P56182,True
P56192,True
P56199,True
P56202,False
P56211,True
P56270,False
P56279,True
P56282,True
P56373,True
P56377,False
P56378,True
P56381,True
P56385,True
P56470,True
P56524,True
P56537,True
P56539,False
P56545,True
P56556,True
P56557,False
P56559,False
P56589,True
P56597,True
P56645,False
P56693,False
P56696,True
P56703,True
P56704,True
P56705,False
P56706,False
P56715,False
P56730,False
P56746,False
P56747,False
P56748,False
P56750,False
P56817,True
P56851,False
P56856,False
P56880,False
P56915,True
P56937,False
P56945,True
P56962,True
P56975,False
P57052,True
P57053,False
P57054,False
P57055,False
P57057,False
P57059,False
P57071,False
P57073,False
P57075,True
P57076,False
P57078,False
P57081,True
P57082,False
P57086,False
P57087,False
P57088,False
P57103,False
P57105,True
P57678,False
P57679,False
P57682,False
P57721,False
P57727,False
P57729,True
P57735,True
P57737,True
P57738,False
P57739,True
P57740,True
P57764,True
P57768,True
P57771,True
P57772,True
P57789,True
P57796,False
P58004,True
P58005,False
P58012,True
P58107,False
P58215,False
P58304,False
P58335,True
P58340,True
P58397,False
P58400,True
P58401,True
P58418,False
P58499,False
P58546,True
P58549,False
P58743,True
P58753,True
P58876,False
P59044,True
P59046,True
P59047,True
P59103,False
P59190,False
P59510,False
P59542,False
P59665,True
P59666,True
P59768,True
P59773,False
P59780,False
P59817,False
P59901,False
P59910,True
P59923,False
P59942,False
P59990,False
P59991,False
P59998,True
P60002,True
P60006,True
P60008,False
P60014,False
P60022,True
P60033,True
P60059,True
P60174,True
P60201,True
P60228,True
P60321,False
P60323,False
P60328,False
P60329,False
P60368,False
P60370,False
P60371,False
P60372,False
P60409,False
P60410,False
P60411,False
P60412,False
P60468,True
P60484,True
P60507,False
P60508,True
P60510,False
P60520,True
P60568,True
P60602,False
P60604,True
P60660,False
P60709,True
P60763,True
P60842,True
P60852,False
P60866,True
P60880,True
P60891,True
P60896,True
P60900,True
P60903,True
P60953,True
P60981,False
P61006,True
P61009,True
P61011,True
P61018,True
P61019,True
P61020,True
P61024,True
P61026,True
P61073,True
P61077,True
P61081,True
P61086,True
P61088,True
P61106,True
P61158,True
P61160,True
P61163,True
P61165,True
P61201,True
P61204,True
P61218,True
P61221,True
P61224,True
P61225,True
P61244,True
P61247,True
P61254,True
P61266,False
P61278,True
P61289,True
P61296,False
P61313,True
P61326,True
P61328,True
P61353,True
P61371,False
P61421,True
P61457,False
P61513,True
P61586,True
P61587,True
P61599,True
P61601,False
P61604,True
P61619,True
P61626,True
P61647,False
P61758,True
P61764,True
P61769,True
P61803,True
P61812,True
P61916,True
P61923,True
P61925,True
P61927,True
P61952,False
P61956,True
P61960,True
P61962,False
P61964,True
P61966,True
P61968,True
P61970,True
P61978,True
P61981,True
P62068,True
P62070,True
P62072,True
P62079,False
P62081,True
P62136,True
P62140,False
P62166,True
P62191,True
P62195,True
P62241,True
P62244,True
P62249,True
P62253,True
P62256,True
P62258,True
P62263,True
P62266,True
P62269,True
P62273,True
P62277,True
P62280,True
P62304,True
P62306,True
P62308,True
P62310,True
P62312,True
P62314,True
P62316,True
P62318,True
P62324,False
P62328,True
P62330,True
P62333,True
P62341,False
P62380,False
P62424,True
P62487,True
P62491,True
P62495,True
P62508,True
P62633,False
P62699,True
P62701,True
P62714,False
P62736,False
P62745,True
P62750,True
P62753,True
P62760,False
P62805,True
P62807,True
P62820,True
P62826,True
P62829,True
P62834,True
P62837,True
P62841,True
P62847,True
P62851,True
P62854,True
P62857,True
P62861,True
P62873,True
P62875,True
P62877,True
P62879,True
P62888,True
P62891,True
P62899,True
P62906,True
P62910,True
P62913,True
P62917,True
P62937,True
P62942,True
P62945,True
P62952,False
P62955,False
P62979,True
P62987,True
P62993,True
P62995,True
P63000,True
P63010,True
P63027,True
P63092,True
P63096,True
P63098,True
P63104,True
P63128,True
P63146,True
P63151,True
P63162,True
P63165,True
P63167,True
P63172,True
P63173,True
P63208,True
P63211,True
P63215,False
P63218,False
P63220,True
P63241,True
P63244,True
P63252,True
P63261,True
P63267,True
P63272,True
P63279,True
P63316,True
P67775,True
P67809,True
P67812,True
P67870,True
P67936,False
P68032,True
P68036,True
P68104,True
P68106,True
P68133,True
P68363,True
P68366,False
P68371,True
P68400,True
P68402,True
P68431,True
P68543,False
P68871,True
P69849,False
P69891,True
P69892,True
P69905,True
P78310,True
P78312,False
P78314,True
P78316,True
P78317,True
P78318,True
P78324,True
P78325,True
P78329,False
P78330,True
P78332,False
P78333,False
P78334,False
P78337,False
P78344,True
P78345,True
P78346,True
P78347,True
P78348,True
P78352,True
P78356,True
P78357,False
P78358,True
P78362,True
P78363,True
P78364,True
P78367,False
P78368,True
P78369,False
P78371,True
P78380,True
P78381,False
P78382,False
P78383,True
P78385,False
P78386,False
P78395,False
P78396,False
P78406,True
P78410,True
P78411,False
P78412,False
P78413,False
P78415,False
P78417,True
P78423,True
P78424,False
P78426,False
P78504,True
P78508,False
P78509,True
P78524,False
P78527,True
P78536,True
P78537,False
P78539,False
P78540,True
P78543,True
P78545,True
P78549,True
P78552,True
P78556,True
P78559,False
P78560,True
P78562,False
P78563,True
P79483,True
P79522,False
P80075,True
P80098,True
P80108,False
P80162,True
P80188,True
P80192,True
P80217,False
P80294,False
P80297,False
P80303,False
P80365,False
P80370,True
P80404,False
P80511,True
P80723,False
P80748,False
P81133,False
P81172,True
P81274,True
P81408,False
P81534,True
P81605,True
P82094,False
P82251,True
P82279,True
P82650,True
P82930,True
P82932,True
P82979,True
P82987,False
P83105,False
P83110,True
P83111,True
P83369,True
P83436,False
P83731,True
P83876,True
P83881,True
P83916,True
P84022,True
P84074,True
P84077,True
P84085,True
P84090,True
P84095,True
P84098,True
P84103,True
P84243,True
P84550,False
P84996,False
P85037,True
P85298,False
P85299,False
P86397,True
P86452,False
P86479,False
P86480,False
P98066,True
P98073,True
P98077,False
P98082,True
P98088,True
P98095,False
P98153,False
P98155,True
P98160,True
P98161,True
P98164,True
P98168,False
P98170,True
P98171,True
P98172,True
P98173,False
P98174,False
P98175,True
P98177,True
P98179,True
P98182,False
P98187,False
P98194,True
P98196,False
P98198,False
P99999,True
Q00005,False
Q00013,True
Q00056,False
Q00059,True
Q00169,True
Q00266,True
Q00325,False
Q00341,True
Q00403,True
Q00444,False
Q00526,True
Q00532,True
Q00534,True
Q00535,True
Q00536,True
Q00537,False
Q00577,True
Q00587,False
Q00597,True
Q00604,True
Q00610,True
Q00613,True
Q00653,True
Q00688,True
Q00722,True
Q00765,False
Q00796,True
Q00839,False
Q00872,True
Q00887,False
Q00889,False
Q00973,True
Q00975,True
Q00978,False
Q00987,True
Q00994,False
Q00G26,False
Q00LT1,False
Q01064,True
Q01081,True
Q01082,True
Q01085,True
Q01094,True
Q01101,True
Q01105,True
Q01113,True
Q01118,True
Q01130,True
Q01151,True
Q01167,True
Q01196,True
Q01201,True
Q01344,True
Q01362,True
Q01415,True
Q01432,False
Q01433,True
Q01449,False
Q01453,False
Q01459,False
Q01469,True
Q01484,True
Q01518,True
Q01523,True
Q01524,True
Q01534,False
Q01538,True
Q01543,True
Q01546,False
Q01581,True
Q01628,False
Q01629,False
Q01638,True
Q01650,True
Q01658,True
Q01664,False
Q01668,True
Q01718,True
Q01726,True
Q01740,False
Q01780,True
Q01804,False
Q01813,True
Q01814,False
Q01826,True
Q01831,True
Q01844,True
Q01850,False
Q01851,False
Q01860,True
Q01892,False
Q01954,False
Q01955,True
Q01959,True
Q01968,True
Q01970,True
Q01973,True
Q01974,True
Q02040,False
Q02078,True
Q02080,True
Q02083,True
Q02086,False
Q02094,True
Q02108,True
Q02127,True
Q02153,True
Q02156,True
Q02161,False
Q02218,True
Q02221,False
Q02223,True
Q02224,True
Q02241,True
Q02246,True
Q02252,True
Q02297,True
Q02318,False
Q02363,True
Q02383,False
Q02388,False
Q02410,True
Q02413,False
Q02446,False
Q02447,False
Q02487,True
Q02505,False
Q02535,True
Q02539,True
Q02543,True
Q02548,True
Q02556,False
Q02575,False
Q02577,False
Q02641,True
Q02643,True
Q02742,False
Q02747,True
Q02750,True
Q02763,True
Q02779,True
Q02790,True
Q02809,False
Q02817,True
Q02818,True
Q02833,False
Q02846,False
Q02878,True
Q02880,True
Q02928,False
Q02930,False
Q02952,False
Q02962,False
Q02978,False
Q02985,False
Q03001,True
Q03013,True
Q03014,True
Q03052,False
Q03060,False
Q03111,True
Q03112,True
Q03113,True
Q03135,True
Q03154,True
Q03164,True
Q03167,True
Q03181,True
Q03188,True
Q03252,True
Q03393,True
Q03395,True
Q03403,False
Q03405,True
Q03426,True
Q03431,True
Q03468,True
Q03518,True
Q03519,True
Q03591,True
Q03692,True
Q03721,True
Q03923,False
Q03933,True
Q03989,False
Q04118,False
Q04206,True
Q04323,False
Q04446,True
Q04609,True
Q04637,True
Q04656,True
Q04671,False
Q04695,False
Q04721,True
Q04724,True
Q04725,False
Q04726,False
Q04727,False
Q04741,False
Q04743,False
Q04756,True
Q04759,True
Q04760,True
Q04771,True
Q04828,True
Q04837,True
Q04844,True
Q04864,False
Q04900,False
Q04912,True
Q04917,True
Q04941,False
Q05066,True
Q05084,False
Q05086,True
Q05193,True
Q05195,True
Q05209,True
Q05215,False
Q05315,True
Q05329,True
Q05397,True
Q05469,True
Q05481,False
Q05513,False
Q05516,True
Q05519,False
Q05586,True
Q05639,True
Q05655,True
Q05682,False
Q05707,False
Q05823,True
Q05901,True
Q05923,True
Q05925,False
Q05932,False
Q05940,True
Q05996,True
Q05BQ5,True
Q05D32,False
Q05D60,False
Q06033,False
Q06055,False
Q06124,True
Q06136,False
Q06141,True
Q06187,True
Q06190,True
Q06203,False
Q06210,True
Q06265,True
Q06278,True
Q06323,True
Q06330,True
Q06413,False
Q06416,False
Q06418,True
Q06432,False
Q06455,True
Q06481,True
Q06495,False
Q06520,True
Q06546,False
Q06547,False
Q06587,False
Q06609,True
Q06643,True
Q06710,True
Q06730,False
Q06787,True
Q06828,True
Q06830,True
Q06889,False
Q06945,False
Q07001,True
Q07002,False
Q07011,True
Q07020,True
Q07021,True
Q07065,False
Q07075,True
Q07092,False
Q07108,True
Q07157,True
Q07283,False
Q07325,False
Q07326,False
Q07343,True
Q07352,True
Q07444,False
Q07617,True
Q07627,False
Q07654,True
Q07666,True
Q07687,False
Q07699,True
Q07812,True
Q07817,True
Q07820,True
Q07837,True
Q07864,True
Q07866,True
Q07869,True
Q07889,True
Q07890,True
Q07912,True
Q07954,True
Q07955,True
Q07960,True
Q07973,False
Q08043,True
Q08050,True
Q08116,True
Q08117,False
Q08170,False
Q08174,True
Q08188,True
Q08209,True
Q08211,True
Q08257,True
Q08289,True
Q08334,True
Q08345,True
Q08357,False
Q08378,False
Q08379,True
Q08380,True
Q08397,False
Q08426,False
Q08431,False
Q08462,False
Q08477,False
Q08493,True
Q08495,True
Q08499,True
Q08554,True
Q08623,True
Q08629,False
Q08648,False
Q08708,True
Q08722,True
Q08752,False
Q08828,False
Q08830,True
Q08881,True
Q08945,True
Q08999,True
Q08AD1,False
Q08AE8,True
Q08AG5,False
Q08AG7,True
Q08AH1,False
Q08AH3,True
Q08AM6,True
Q08ET2,False
Q08J23,False
Q09013,True
Q09019,False
Q09028,True
Q09161,True
Q09327,False
Q09328,True
Q09428,True
Q09470,False
Q09472,True
Q09666,True
Q09FC8,False
Q0D2H9,False
Q0D2I5,True
Q0D2K0,False
Q0D2K3,False
Q0GE19,False
Q0IIM8,False
Q0JRZ9,True
Q0P5N6,False
Q0PNE2,False
Q0VAK6,False
Q0VAM2,False
Q0VAQ4,False
Q0VD83,False
Q0VD86,False
Q0VDD7,True
Q0VDD8,False
Q0VDF9,False
Q0VF96,False
Q0VG06,True
Q0VG99,False
Q0VGL1,True
Q0WX57,False
Q0ZGT2,False
Q10469,True
Q10471,True
Q10472,False
Q10567,True
Q10570,True
Q10571,False
Q10586,False
Q10587,True
Q10588,True
Q10589,True
Q10713,False
Q10981,False
Q11128,False
Q11130,False
Q11201,False
Q11203,False
Q11206,False
Q12756,True
Q12765,False
Q12767,True
Q12768,False
Q12769,True
Q12770,True
Q12772,True
Q12774,False
Q12778,True
Q12788,True
Q12789,True
Q12791,True
Q12792,True
Q12794,True
Q12797,True
Q12798,False
Q12800,False
Q12802,True
Q12805,False
Q12809,True
Q12815,False
Q12816,False
Q12824,True
Q12829,False
Q12830,True
Q12834,True
Q12836,False
Q12837,False
Q12840,True
Q12841,False
Q12846,False
Q12849,True
Q12851,False
Q12852,True
Q12857,True
Q12860,True
Q12864,True
Q12866,True
Q12870,False
Q12872,True
Q12873,False
Q12874,True
Q12879,True
Q12882,False
Q12884,True
Q12887,False
Q12888,True
Q12889,False
Q12891,False
Q12893,False
Q12894,False
Q12899,False
Q12901,False
Q12904,True
Q12905,False
Q12906,True
Q12907,False
Q12908,False
Q12912,True
Q12913,True
Q12918,True
Q12923,True
Q12926,False
Q12929,True
Q12931,True
Q12933,True
Q12934,False
Q12946,False
Q12947,False
Q12948,False
Q12950,False
Q12951,False
Q12952,False
Q12955,True
Q12959,True
Q12962,True
Q12965,False
Q12967,True
Q12968,True
Q12972,True
Q12974,True
Q12979,False
Q12980,True
Q12981,False
Q12982,False
Q12983,True
Q12986,False
Q12996,True
Q13002,True
Q13003,False
Q13007,True
Q13009,True
Q13011,True
Q13015,False
Q13017,True
Q13018,True
Q13021,False
Q13023,False
Q13029,True
Q13033,True
Q13042,True
Q13043,True
Q13045,False
Q13049,True
Q13057,False
Q13061,False
Q13064,False
Q13075,True
Q13077,True
Q13084,True
Q13085,True
Q13087,False
Q13093,True
Q13094,True
Q13098,True
Q13099,False
Q13105,True
Q13107,True
Q13111,True
Q13112,True
Q13113,True
Q13114,True
Q13115,True
Q13117,False
Q13118,True
Q13123,True
Q13126,True
Q13127,True
Q13129,False
Q13131,True
Q13133,True
Q13136,True
Q13137,True
Q13144,True
Q13145,False
Q13148,True
Q13151,False
Q13153,True
Q13155,True
Q13156,False
Q13158,True
Q13162,True
Q13163,True
Q13164,True
Q13177,True
Q13183,True
Q13185,True
Q13188,True
Q13190,True
Q13191,True
Q13200,True
Q13201,False
Q13202,True
Q13206,True
Q13207,False
Q13214,False
Q13216,True
Q13217,True
Q13219,True
Q13224,True
Q13227,True
Q13228,False
Q13231,True
Q13232,True
Q13233,True
Q13237,True
Q13239,True
Q13241,True
Q13242,False
Q13243,False
Q13247,True
Q13253,True
Q13255,True
Q13257,True
Q13258,True
Q13261,True
Q13263,True
Q13268,False
Q13275,False
Q13277,False
Q13283,True
Q13285,True
Q13286,False
Q13287,False
Q13291,True
Q13303,True
Q13308,True
Q13309,True
Q13310,False
Q13315,True
Q13316,False
Q13319,False
Q13322,True
Q13323,False
Q13324,True
Q13325,True
Q13326,False
Q13330,True
Q13332,True
Q13336,True
Q13342,True
Q13347,True
Q13349,False
Q13351,True
Q13352,True
Q13356,True
Q13360,False
Q13361,False
Q13362,True
Q13363,True
Q13367,False
Q13368,False
Q13370,True
Q13371,True
Q13387,True
Q13393,True
Q13394,True
Q13395,True
Q13398,False
Q13402,True
Q13404,True
Q13405,True
Q13409,True
Q13410,False
Q13415,True
Q13416,True
Q13418,True
Q13421,True
Q13422,True
Q13423,True
Q13424,False
Q13425,True
Q13426,True
Q13427,True
Q13428,False
Q13432,True
Q13433,False
Q13435,True
Q13438,True
Q13439,True
Q13443,False
Q13444,False
Q13445,True
Q13449,False
Q13451,True
Q13454,True
Q13459,True
Q13461,False
Q13464,True
Q13467,True
Q13469,True
Q13470,True
Q13472,True
Q13477,True
Q13478,True
Q13480,True
Q13485,True
Q13487,False
Q13488,False
Q13489,True
Q13490,True
Q13491,False
Q13492,False
Q13495,False
Q13496,False
Q13501,True
Q13503,True
Q13505,False
Q13507,True
Q13508,False
Q13509,True
Q13510,True
Q13515,False
Q13516,False
Q13519,True
Q13520,False
Q13522,False
Q13523,True
Q13526,True
Q13530,True
Q13535,True
Q13541,True
Q13542,True
Q13546,True
Q13547,True
Q13554,True
Q13555,True
Q13557,True
Q13561,True
Q13562,False
Q13563,True
Q13564,True
Q13568,True
Q13569,True
Q13571,False
Q13572,True
Q13573,True
Q13574,True
Q13576,True
Q13585,False
Q13586,True
Q13588,False
Q13591,True
Q13595,False
Q13596,True
Q13601,True
Q13608,False
Q13609,True
Q13610,False
Q13613,True
Q13614,True
Q13615,False
Q13616,True
Q13617,True
Q13618,True
Q13619,True
Q13620,True
Q13621,False
Q13625,True
Q13627,True
Q13630,True
Q13634,False
Q13635,True
Q13636,True
Q13637,True
Q13639,True
Q13641,True
Q13642,True
Q13643,True
Q13651,True
Q13671,False
Q13683,False
Q13685,False
Q13686,True
Q13698,True
Q13702,False
Q13705,True
Q13724,False
Q13733,True
Q13740,True
Q13751,False
Q13753,False
Q13761,True
Q13765,True
Q13769,True
Q13772,True
Q13790,False
Q13794,True
Q13795,False
Q13796,True
Q13797,False
Q13813,True
Q13822,True
Q13823,True
Q13825,True
Q13829,False
Q13835,True
Q13838,True
Q13867,True
Q13868,True
Q13873,True
Q13875,False
Q13882,True
Q13884,True
Q13885,True
Q13886,False
Q13887,True
Q13888,True
Q13889,True
Q13895,True
Q13901,False
Q13905,True
Q13907,True
Q13936,True
Q13939,False
Q13946,True
Q13948,True
Q13950,True
Q13951,True
Q13952,True
Q13956,False
Q13972,False
Q13976,True
Q14002,True
Q14003,False
Q14004,True
Q14005,True
Q14008,True
Q14011,True
Q14012,True
Q14019,True
Q14028,True
Q14031,False
Q14032,False
Q14050,True
Q14055,True
Q14061,True
Q14088,False
Q14103,True
Q14106,False
Q14108,True
Q14112,False
Q14114,True
Q14116,True
Q14117,True
Q14118,True
Q14119,False
Q14123,False
Q14126,True
Q14129,False
Q14134,True
Q14135,True
Q14137,True
Q14139,True
Q14140,False
Q14141,True
Q14142,True
Q14145,True
Q14147,False
Q14149,True
Q14151,False
Q14152,True
Q14153,False
Q14154,True
Q14155,True
Q14156,True
Q14157,False
Q14159,False
Q14160,True
Q14161,False
Q14162,True
Q14164,False
Q14165,True
Q14166,False
Q14168,True
Q14181,True
Q14183,True
Q14184,False
Q14185,True
Q14186,True
Q14188,True
Q14190,False
Q14191,True
Q14192,True
Q14194,True
Q14195,True
Q14197,True
Q14202,False
Q14203,True
Q14204,True
Q14207,False
Q14209,True
Q14210,False
Q14213,True
Q14232,True
Q14240,True
Q14241,True
Q14242,True
Q14244,True
Q14246,False
Q14247,True
Q14249,False
Q14254,True
Q14257,False
Q14258,True
Q14264,False
Q14289,True
Q14296,False
Q14314,False
Q14315,True
Q14318,True
Q14320,True
Q14324,True
Q14331,True
Q14332,True
Q14344,True
Q14353,True
Q14376,True
Q14392,True
Q14393,True
Q14397,True
Q14406,False
Q14410,False
Q14416,True
Q14432,True
Q14435,False
Q14442,False
Q14444,True
Q14449,True
Q14451,True
Q14457,True
Q14469,True
Q14493,True
Q14494,False
Q14498,True
Q14500,False
Q14508,False
Q14511,True
Q14512,False
Q14515,True
Q14517,False
Q14520,False
Q14524,True
Q14525,False
Q14526,False
Q14527,True
Q14532,False
Q14533,False
Q14534,True
Q14541,True
Q14542,False
Q14554,True
Q14558,True
Q14562,True
Q14563,False
Q14565,True
Q14566,True
Q14568,False
Q14571,False
Q14573,True
Q14574,False
Q14584,False
Q14585,False
Q14587,True
Q14592,False
Q14596,True
Q14623,True
Q14624,True
Q14626,True
Q14627,True
Q14642,False
Q14643,False
Q14644,False
Q14651,False
Q14653,True
Q14654,True
Q14656,False
Q14657,True
Q14667,False
Q14669,True
Q14671,True
Q14674,True
Q14676,True
Q14677,True
Q14678,True
Q14679,True
Q14680,True
Q14683,True
Q14684,True
Q14686,False
Q14687,False
Q14689,False
Q14690,True
Q14691,True
Q14692,True
Q14693,False
Q14694,True
Q14696,False
Q14697,True
Q14699,False
Q14703,True
Q14714,False
Q14721,True
Q14722,False
Q14728,True
Q14738,True
Q14739,True
Q14746,False
Q14749,True
Q14764,True
Q14765,False
Q14766,True
Q14767,False
Q14773,False
Q14774,False
Q14781,True
Q14789,False
Q14790,True
Q147X3,True
Q14802,False
Q14807,True
Q14814,True
Q14831,True
Q14832,True
Q14833,True
Q14839,True
Q14847,True
Q14849,True
Q14863,True
Q14865,True
Q14872,False
Q14894,True
Q14896,True
Q14914,True
Q14916,False
Q14919,True
Q14929,False
Q14934,True
Q14938,True
Q14940,False
Q14943,False
Q14953,False
Q14954,False
Q14956,False
Q14957,True
Q14964,False
Q14966,True
Q14973,True
Q14974,True
Q14978,False
Q14980,True
Q14982,True
Q14990,False
Q14993,False
Q14994,True
Q14995,True
Q14997,True
Q14999,True
Q149M9,False
Q149N8,True
Q14BN4,True
Q14C86,False
Q14CB8,False
Q14CM0,True
Q14CN2,False
Q14CN4,False
Q14CS0,True
Q14CW9,True
Q14CX7,True
Q14CZ0,False
Q14CZ7,False
Q14CZ8,True
Q14D04,False
Q14D33,False
Q15003,True
Q15004,True
Q15005,True
Q15006,True
Q15007,True
Q15008,True
Q15011,True
Q15012,False
Q15013,True
Q15014,False
Q15018,True
Q15019,True
Q15020,True
Q15021,False
Q15022,True
Q15024,True
Q15025,True
Q15027,True
Q15029,True
Q15031,False
Q15034,False
Q15036,True
Q15038,False
Q15040,False
Q15041,False
Q15042,True
Q15043,False
Q15046,True
Q15047,True
Q15049,False
Q15050,True
Q15051,False
Q15052,True
Q15054,True
Q15056,False
Q15057,True
Q15058,False
Q15059,True
Q15061,True
Q15063,True
Q15067,False
Q15070,True
Q15072,False
Q15075,True
Q15077,False
Q15078,True
Q15080,True
Q15084,True
Q15102,False
Q15109,True
Q15111,False
Q15113,True
Q15116,True
Q15118,True
Q15119,True
Q15120,True
Q15121,True
Q15124,True
Q15125,True
Q15126,True
Q15131,False
Q15139,False
Q15147,False
Q15149,True
Q15154,True
Q15155,False
Q15165,False
Q15166,False
Q15170,False
Q15172,True
Q15173,False
Q15181,True
Q15185,True
Q15208,True
Q15223,True
Q15233,True
Q15256,True
Q15257,True
Q15262,True
Q15269,True
Q15274,True
Q15276,True
Q15283,False
Q15286,True
Q15287,True
Q15291,True
Q15293,False
Q15303,True
Q15306,True
Q15311,True
Q15319,False
Q15323,False
Q15326,True
Q15327,False
Q15329,True
Q15334,True
Q15345,False
Q15349,False
Q15361,False
Q15363,True
Q15365,True
Q15366,True
Q15369,True
Q15370,True
Q15375,True
Q15382,True
Q15386,True
Q15388,True
Q15389,True
Q15392,False
Q15393,True
Q15397,True
Q15398,True
Q15399,True
Q15406,False
Q15413,True
Q15415,False
Q15417,False
Q15418,True
Q15424,False
Q15427,True
Q15428,True
Q15431,True
Q15435,True
Q15436,True
Q15437,False
Q15438,True
Q15459,True
Q15464,False
Q15465,True
Q15466,True
Q15468,True
Q15475,True
Q15477,True
Q15485,True
Q15493,True
Q15506,True
Q15517,False
Q15526,False
Q15528,True
Q15532,True
Q15542,True
Q15543,True
Q15544,True
Q15545,True
Q15546,False
Q15554,True
Q15555,False
Q15560,True
Q15561,True
Q15562,True
Q15569,False
Q15572,False
Q15573,False
Q15582,True
Q15583,True
Q15596,True
Q15599,True
Q155Q3,True
Q15617,False
Q15628,True
Q15629,False
Q15631,True
Q15633,True
Q15637,True
Q15642,True
Q15643,False
Q15645,True
Q15646,True
Q15648,True
Q15649,True
Q15650,True
Q15652,True
Q15653,True
Q15654,True
Q15661,True
Q15669,False
Q15672,True
Q15678,True
Q15691,True
Q15696,False
Q15697,True
Q15699,False
Q15700,True
Q15714,False
Q15717,True
Q15722,True
Q15723,False
Q15726,True
Q15735,False
Q15738,True
Q15742,False
Q15743,True
Q15744,True
Q15746,True
Q15750,True
Q15751,True
Q15758,True
Q15759,True
Q15761,False
Q15762,True
Q15768,True
Q15771,True
Q15772,True
Q15776,False
Q15777,False
Q15782,True
Q15784,False
Q15785,False
Q15788,True
Q15796,True
Q15797,True
Q15800,False
Q15811,True
Q15813,True
Q15814,True
Q15818,True
Q15819,True
Q15822,True
Q15825,True
Q15828,True
Q15831,True
Q15833,True
Q15834,False
Q15835,True
Q15836,False
Q15842,False
Q15843,True
Q15848,True
Q15849,True
Q15853,True
Q15858,True
Q15878,True
Q15884,False
Q15904,True
Q15906,True
Q15907,True
Q15910,True
Q15911,True
Q15915,False
Q15916,False
Q15928,False
Q15935,False
Q15937,False
Q15942,False
Q15973,False
Q16082,True
Q16099,False
Q16134,False
Q16143,False
Q16181,True
Q16186,True
Q16204,False
Q16206,False
Q16222,True
Q16236,True
Q16254,True
Q16270,True
Q16280,True
Q16281,True
Q16288,True
Q16322,False
Q16342,False
Q16348,True
Q16352,False
Q16363,False
Q16384,True
Q16385,True
Q16394,True
Q16401,False
Q16445,False
Q16478,False
Q16512,True
Q16513,True
Q16514,True
Q16515,True
Q16518,False
Q16520,False
Q16526,False
Q16527,False
Q16531,True
Q16533,True
Q16534,False
Q16537,True
Q16539,True
Q16540,True
Q16543,True
Q16548,True
Q16549,False
Q16552,True
Q16553,False
Q16555,True
Q16558,False
Q16560,True
Q16563,False
Q16566,True
Q16568,True
Q16570,True
Q16572,True
Q16576,True
Q16581,True
Q16584,True
Q16585,False
Q16586,False
Q16587,False
Q16594,True
Q16595,True
Q16600,False
Q16602,True
Q16610,False
Q16611,True
Q16612,False
Q16613,True
Q16617,False
Q16619,False
Q16620,True
Q16621,True
Q16623,False
Q16625,True
Q16627,True
Q16629,True
Q16630,True
Q16633,True
Q16635,False
Q16637,True
Q16643,True
Q16644,True
Q16647,True
Q16649,True
Q16650,False
Q16651,True
Q16653,False
Q16654,True
Q16655,True
Q16656,True
Q16658,True
Q16659,True
Q16661,True
Q16663,True
Q16665,True
Q16666,True
Q16667,True
Q16670,False
Q16671,True
Q16674,True
Q16676,False
Q16678,True
Q16690,True
Q16695,True
Q16696,True
Q16698,True
Q16706,False
Q16718,True
Q16719,True
Q16720,False
Q16739,False
Q16740,True
Q16760,True
Q16762,True
Q16763,True
Q16769,True
Q16772,True
Q16773,True
Q16774,True
Q16775,True
Q16777,True
Q16778,True
Q16787,False
Q16790,True
Q16795,True
Q16798,True
Q16799,False
Q16816,True
Q16819,True
Q16820,True
Q16821,True
Q16822,False
Q16825,True
Q16827,True
Q16828,True
Q16829,True
Q16831,True
Q16832,True
Q16836,True
Q16842,False
Q16849,True
Q16850,True
Q16851,True
Q16853,True
Q16854,True
Q16864,True
Q16873,True
Q16875,True
Q16877,False
Q16878,True
Q16880,False
Q16881,True
Q16890,False
Q16891,False
Q17R31,True
Q17R60,False
Q17R89,False
Q17R98,True
Q17RB8,False
Q17RD7,False
Q17RS7,True
Q17RW2,False
Q17RY0,True
Q18PE1,False
Q19AV6,False
Q19T08,False
Q1EHB4,False
Q1HG43,True
Q1HG44,False
Q1L5Z9,False
Q1MSJ5,False
Q1MX18,True
Q1RMZ1,False
Q1W6H9,False
Q24JP5,False
Q24JQ0,False
Q27J81,True
Q29980,True
Q29983,True
Q29RF7,False
Q2HXU8,False
Q2I0M4,True
Q2I0M5,False
Q2KHM9,False
Q2KHN1,False
Q2KHR2,True
Q2KHT3,False
Q2KHT4,False
Q2LD37,False
Q2M1K9,True
Q2M1P5,True
Q2M1V0,False
Q2M1Z3,False
Q2M2E3,False
Q2M2I5,False
Q2M2I8,True
Q2M2Z5,False
Q2M385,True
Q2M389,False
Q2M3C6,False
Q2M3C7,False
Q2M3G0,False
Q2M3M2,False
Q2M3R5,False
Q2M3T9,False
Q2M3X9,False
Q2MKA7,True
Q2MV58,False
Q2NKJ3,True
Q2NKQ1,False
Q2NKX8,True
Q2NL67,False
Q2PPJ7,True
Q2Q1W2,True
Q2QGD7,False
Q2T9J0,False
Q2TAA5,False
Q2TAC2,False
Q2TAC6,False
Q2TAK8,True
Q2TAL6,False
Q2TAL8,True
Q2TAY7,True
Q2TAZ0,True
Q2TB10,False
Q2TB18,False
Q2TB90,False
Q2TBA0,True
Q2TBE0,True
Q2UY09,False
Q2V2M9,False
Q2VIQ3,False
Q2VPA4,False
Q2VPB7,True
Q2VPK5,False
Q2VWA4,False
Q2WEN9,False
Q2WGJ6,False
Q2WGJ9,False
Q2Y0W8,True
Q2YD98,True
Q30154,True
Q30201,True
Q30KQ6,False
Q32M45,False
Q32M88,False
Q32MK0,False
Q32MQ0,True
Q32MZ4,True
Q32NB8,False
Q32NC0,False
Q32P28,True
Q32P41,False
Q32P44,False
Q330K2,False
Q33E94,False
Q38SD2,True
Q3B726,True
Q3B7T1,False
Q3B820,False
Q3I5F7,False
Q3KNS1,False
Q3KNS6,False
Q3KNT9,True
Q3KNV8,False
Q3KNW5,False
Q3KP22,True
Q3KP44,False
Q3KP66,False
Q3KQV3,False
Q3KR16,False
Q3KR37,False
Q3KRA9,True
Q3KRB8,False
Q3L8U1,False
Q3LHN2,False
Q3LI59,False
Q3LI64,False
Q3LI66,False
Q3LI67,False
Q3LI70,False
Q3LI72,False
Q3LI76,False
Q3LIE5,False
Q3LXA3,False
Q3MHD2,False
Q3MII6,False
Q3MIR4,True
Q3MIT2,True
Q3MJ16,False
Q3MJ62,False
Q3MUY2,False
Q3SX64,False
Q3SXM5,False
Q3SXP7,False
Q3SXY7,False
Q3SXY8,False
Q3SY00,False
Q3SY46,False
Q3SY56,False
Q3SY69,False
Q3SY77,False
Q3SY84,False
Q3SYB3,False
Q3SYC2,False
Q3SYF9,False
Q3SYG4,True
Q3T8J9,False
Q3T906,True
Q3V5L5,False
Q3V6T2,True
Q3YBM2,False
Q3YBR2,True
Q3YEC7,False
Q3ZAQ7,False
Q3ZCM7,False
Q3ZCQ8,False
Q401N2,True
Q460N3,True
Q460N5,True
Q494R4,False
Q494U1,False
Q494V2,True
Q495A1,True
Q495C1,False
Q495M3,False
Q495M9,True
Q495T6,False
Q495W5,False
Q496A3,False
Q496F6,False
Q496J9,True
Q496M5,False
Q49A17,False
Q49A26,True
Q49A88,False
Q49AJ0,False
Q49AM1,False
Q49AN0,False
Q49B96,False
Q49MG5,False
Q49MI3,False
Q4AC94,False
Q4ADV7,False
Q4AE62,False
Q4FZB7,True
Q4G0J3,True
Q4G0M1,False
Q4G0N4,True
Q4G0N8,True
Q4G0P3,True
Q4G0S4,False
Q4G0U5,False
Q4G0W2,True
Q4G0X4,False
Q4G0X9,True
Q4G163,False
Q4G176,False
Q4J6C6,True
Q4JDL3,False
Q4KMG0,True
Q4KMG9,False
Q4KMP7,False
Q4KMQ1,True
Q4KMQ2,False
Q4KWH8,False
Q4L180,False
Q4LDE5,False
Q4LDG9,True
Q4LDR2,False
Q4LE39,True
Q4U2R8,True
Q4V328,False
Q4V9L6,False
Q4VC05,True
Q4VC12,False
Q4VC44,True
Q4VCS5,True
Q4VNC1,False
Q4VXU2,False
Q4ZG55,False
Q4ZHG4,False
Q4ZJI4,False
Q502W6,False
Q504Q3,True
Q504T8,True
Q504Y0,False
Q504Y2,False
Q52LG2,False
Q52LJ0,False
Q52LW3,False
Q53EL6,True
Q53EL9,False
Q53EP0,False
Q53ET0,True
Q53EU6,False
Q53EV4,False
Q53EZ4,True
Q53F19,True
Q53F39,False
Q53FA7,True
Q53FD0,False
Q53FP2,True
Q53FT3,True
Q53FV1,False
Q53FZ2,False
Q53G59,True
Q53GD3,False
Q53GG5,False
Q53GI3,False
Q53GL0,True
Q53GL7,True
Q53GQ0,False
Q53GS7,True
Q53GS9,True
Q53GT1,True
Q53H12,True
Q53H47,True
Q53H54,False
Q53H76,False
Q53H80,True
Q53H82,True
Q53H96,False
Q53HC0,False
Q53HC5,True
Q53HC9,False
Q53HI1,False
Q53HL2,True
Q53HV7,False
Q53QV2,False
Q53QZ3,True
Q53R12,False
Q53R41,False
Q53RT3,False
Q53S33,True
Q53T94,False
Q53TN4,True
Q53TQ3,False
Q53TS8,False
Q562E7,False
Q562F6,False
Q567U6,True
Q569H4,False
Q569K4,False
Q56A73,True
Q56NI9,False
Q56P03,False
Q56P42,False
Q56UN5,False
Q56VL3,False
Q587J8,False
Q58A45,True
Q58DX5,False
Q58EX2,True
Q58EX7,False
Q58F21,True
Q58FF7,False
Q58HT5,False
Q58WW2,True
Q59EK9,False
Q59H18,True
Q5BJD5,False
Q5BJF2,False
Q5BJF6,False
Q5BJH2,False
Q5BJH7,False
Q5BKX5,False
Q5BKX6,True
Q5BKX8,False
Q5BKZ1,False
Q5BN46,True
Q5BVD1,False
Q5C9Z4,False
Q5CZC0,False
Q5D0E6,False
Q5D1E8,True
Q5D862,False
Q5DID0,False
Q5DX21,False
Q5EB52,False
Q5EBL4,True
Q5EBL8,False
Q5EBM0,False
Q5EE01,True
Q5EG05,False
Q5F1R6,False
Q5FBB7,True
Q5FVE4,False
Q5FWF4,True
Q5FWF5,True
Q5FYB1,False
Q5GFL6,False
Q5GH72,False
Q5GH76,True
Q5GLZ8,False
Q5H8A4,False
Q5H8C1,False
Q5H9F3,True
Q5H9I0,False
Q5H9J7,False
Q5H9L4,False
Q5H9R7,False
Q5H9S7,False
Q5HYA8,True
Q5HYI8,False
Q5HYJ3,False
Q5HYK3,False
Q5HYK7,False
Q5HYN5,False
Q5HYW2,False
Q5I7T1,False
Q5IJ48,True
Q5J8M3,True
Q5J8X5,False
Q5JPB2,True
Q5JPE7,True
Q5JPH6,False
Q5JPI9,False
Q5JQC9,False
Q5JR59,False
Q5JR98,False
Q5JRA6,True
Q5JRX3,True
Q5JS13,True
Q5JSH3,False
Q5JSL3,False
Q5JSP0,True
Q5JST6,True
Q5JSZ5,False
Q5JT25,False
Q5JTC6,True
Q5JTD0,False
Q5JTH9,True
Q5JTJ3,True
Q5JTV8,True
Q5JTW2,False
Q5JTY5,False
Q5JTZ9,True
Q5JU85,True
Q5JUK2,False
Q5JUK3,True
Q5JVF3,True
Q5JVL4,True
Q5JVS0,False
Q5JW98,True
Q5JWF2,True
Q5JX71,False
Q5JXC2,False
Q5JY77,False
Q5JZY3,False
Q5K4E3,False
Q5K4L6,False
Q5K651,True
Q5KSL6,False
Q5KU26,True
Q5M775,False
Q5M7Z0,False
Q5M8T2,False
Q5M9N0,False
Q5MIZ7,False
Q5MJ10,False
Q5MJ70,True
Q5MNZ6,True
Q5MNZ9,False
Q5MY95,False
Q5NDL2,False
Q5NUL3,True
Q5PRF9,False
Q5PSV4,False
Q5QGS0,False
Q5QGT7,False
Q5QGZ9,True
Q5QJE6,True
Q5QJU3,False
Q5QNW6,True
Q5QP82,False
Q5R372,True
Q5R3F8,False
Q5R3K3,True
Q5RHP9,False
Q5RI15,False
Q5RKV6,True
Q5RL73,True
Q5S007,True
Q5SGD2,False
Q5SNT2,False
Q5SQ64,False
Q5SQI0,True
Q5SQN1,False
Q5SQQ9,False
Q5SR56,False
Q5SRE5,True
Q5SRE7,True
Q5SRR4,False
Q5SSG8,False
Q5SSJ5,True
Q5SSQ6,False
Q5ST30,False
Q5SVS4,False
Q5SW24,False
Q5SW79,True
Q5SW96,True
Q5SWA1,True
Q5SXH7,False
Q5SXM2,True
Q5SXM8,False
Q5SY16,True
Q5SY80,False
Q5SYB0,True
Q5SYC1,False
Q5SZK8,False
Q5SZL2,False
Q5SZQ8,True
Q5T011,True
Q5T0F9,False
Q5T0J7,False
Q5T0N1,False
Q5T0N5,False
Q5T0T0,True
Q5T0W9,True
Q5T124,False
Q5T160,False
Q5T197,False
Q5T1B0,False
Q5T1C6,True
Q5T1H1,False
Q5T1M5,False
Q5T1R4,False
Q5T1V6,True
Q5T200,True
Q5T230,False
Q5T280,True
Q5T2D2,False
Q5T2D3,True
Q5T2R2,False
Q5T2S8,True
Q5T2T1,True
Q5T2W1,True
Q5T3F8,True
Q5T3J3,False
Q5T3U5,False
Q5T440,True
Q5T442,False
Q5T447,False
Q5T481,False
Q5T4B2,False
Q5T4D3,False
Q5T4F4,True
Q5T4F7,False
Q5T4S7,True
Q5T4T6,False
Q5T4W7,True
Q5T5A4,True
Q5T5A8,False
Q5T5B0,False
Q5T5C0,False
Q5T5P2,False
Q5T5U3,True
Q5T5X7,True
Q5T5Y3,True
Q5T601,True
Q5T619,False
Q5T655,True
Q5T686,False
Q5T6F0,True
Q5T6F2,False
Q5T6S3,True
Q5T6V5,True
Q5T6X5,False
Q5T700,False
Q5T749,False
Q5T751,False
Q5T752,False
Q5T753,False
Q5T754,False
Q5T7B8,False
Q5T7M4,False
Q5T7N3,False
Q5T7P2,False
Q5T7P3,False
Q5T7P8,False
Q5T7V8,False
Q5T7W0,False
Q5T7W7,False
Q5T848,True
Q5T890,True
Q5T8A7,False
Q5T8D3,True
Q5T8I9,True
Q5T8P6,False
Q5T9A4,False
Q5T9C2,False
Q5T9G4,False
Q5T9L3,True
Q5TA31,True
Q5TA45,True
Q5TA50,True
Q5TA76,False
Q5TA77,False
Q5TA78,False
Q5TA79,False
Q5TA81,False
Q5TA82,False
Q5TA89,False
Q5TAB7,False
Q5TAP6,False
Q5TAQ9,True
Q5TAT6,False
Q5TAX3,True
Q5TB30,True
Q5TB80,False
Q5TBA9,False
Q5TBB1,True
Q5TC82,True
Q5TCH4,False
Q5TCM9,False
Q5TCQ9,True
Q5TCS8,False
Q5TCX8,True
Q5TCY1,True
Q5TCZ1,True
Q5TD94,True
Q5TD97,True
Q5TDH0,True
Q5TEC6,True
Q5TEJ8,False
Q5TEU4,False
Q5TGU0,False
Q5TGY3,False
Q5TGZ0,False
Q5THJ4,False
Q5THR3,True
Q5TIA1,False
Q5TID7,False
Q5TKA1,True
Q5TZA2,True
Q5TZF3,False
Q5U5Q3,True
Q5U5X0,False
Q5U5Z8,False
Q5U651,True
Q5UCC4,True
Q5UE93,False
Q5UIP0,True
Q5VIR6,False
Q5VSL9,True
Q5VST6,False
Q5VST9,True
Q5VSY0,False
Q5VT06,True
Q5VT25,False
Q5VT52,True
Q5VT66,True
Q5VT99,False
Q5VTB9,False
Q5VTD9,False
Q5VTE6,True
Q5VTJ3,False
Q5VTR2,True
Q5VTT2,True
Q5VTT5,False
Q5VTY9,True
Q5VU43,False
Q5VU57,False
Q5VUA4,False
Q5VUB5,False
Q5VUG0,True
Q5VUM1,True
Q5VV41,True
Q5VV42,False
Q5VV43,True
Q5VV63,False
Q5VV67,False
Q5VVJ2,True
Q5VVQ6,True
Q5VVX9,True
Q5VVY1,True
Q5VW32,True
Q5VW36,False
Q5VW38,False
Q5VWC8,False
Q5VWG9,True
Q5VWJ9,False
Q5VWK5,True
Q5VWN6,False
Q5VWP2,True
Q5VWP3,False
Q5VWQ0,False
Q5VWQ8,False
Q5VWT5,False
Q5VWX1,False
Q5VWZ2,True
Q5VX71,False
Q5VXI9,False
Q5VXU9,False
Q5VY09,True
Q5VY43,False
Q5VY80,True
Q5VYJ5,False
Q5VYK3,False
Q5VYS8,True
Q5VYX0,True
Q5VYY2,False
Q5VZ89,True
Q5VZE5,True
Q5VZF2,True
Q5VZK9,True
Q5VZL5,False
Q5VZM2,False
Q5VZV1,True
Q5VZY2,False
Q5W041,False
Q5W0B1,False
Q5W0Q7,True
Q5W0Z9,True
Q5W111,True
Q5W5X9,False
Q5XG87,False
Q5XKE5,False
Q5XKL5,False
Q5XKP0,False
Q5XKR4,False
Q5XLA6,False
Q5XPI4,True
Q5XUX0,True
Q5XXA6,False
Q5ZPR3,False
Q60I27,False
Q63HK5,True
Q63HN8,True
Q63HQ0,False
Q63HQ2,True
Q63HR2,True
Q63ZY3,True
Q63ZY6,False
Q641Q2,True
Q643R3,False
Q64LD2,False
Q658P3,True
Q659A1,False
Q659C4,False
Q66GS9,True
Q66K64,True
Q66K74,False
Q66K79,False
Q66K80,False
Q66K89,False
Q66PJ3,False
Q674R7,True
Q674X7,False
Q676U5,True
Q67FW5,False
Q684P5,False
Q685J3,False
Q687X5,True
Q68CJ6,False
Q68CJ9,False
Q68CK6,False
Q68CP4,True
Q68CP9,True
Q68CQ1,False
Q68CQ4,False
Q68CQ7,False
Q68CZ1,True
Q68CZ2,True
Q68CZ6,True
Q68D06,False
Q68D10,True
Q68D42,False
Q68D85,True
Q68D86,False
Q68D91,False
Q68DA7,False
Q68DC2,True
Q68DD2,False
Q68DE3,False
Q68DK2,True
Q68DK7,True
Q68DQ2,False
Q68DV7,True
Q68DX3,False
Q68E01,True
Q68EA5,False
Q68EM7,False
Q68EN5,True
Q68G74,False
Q68G75,False
Q68J44,True
Q69383,False
Q69384,True
Q693B1,False
Q695T7,True
Q69YG0,False
Q69YH5,True
Q69YI7,False
Q69YN4,True
Q69YQ0,False
Q6A162,False
Q6A163,False
Q6AI14,False
Q6AI39,False
Q6AWC2,False
Q6AZY7,False
Q6AZZ1,False
Q6B0I6,True
Q6B8I1,True
Q6BAA4,False
Q6BCY4,False
Q6BDI9,True
Q6BDS2,False
Q6DD88,True
Q6DHV7,True
Q6DJT9,False
Q6DKI2,False
Q6DKI7,True
Q6DKJ4,False
Q6DKK2,False
Q6DN03,False
Q6DN12,True
Q6DN14,False
Q6DN72,False
Q6DN90,True
Q6DRA6,False
Q6DT37,False
Q6E0U4,True
Q6E213,False
Q6ECI4,False
Q6EEV6,False
Q6EIG7,True
Q6EMB2,False
Q6EMK4,False
Q6F5E8,False
Q6FHJ7,False
Q6FI13,True
Q6FI81,True
Q6FIF0,False
Q6GMR7,False
Q6GMV2,False
Q6GPH4,True
Q6GPH6,False
Q6GQQ9,True
Q6GTS8,False
Q6GTX8,True
Q6GYQ0,False
Q6H3X3,False
Q6H8Q1,True
Q6HA08,True
Q6I9Y2,True
Q6IA17,False
Q6IA69,True
Q6IA86,True
Q6IAA8,True
Q6IB77,False
Q6IBS0,True
Q6IBW4,True
Q6IC98,False
Q6ICB0,True
Q6ICB4,False
Q6ICG8,False
Q6ICL3,True
Q6ICL7,False
Q6IE81,True
Q6IEG0,True
Q6IMI6,True
Q6IMN6,True
Q6IN84,False
Q6IN85,True
Q6IPM2,False
Q6IPU0,True
Q6IQ16,False
Q6IQ19,False
Q6IQ20,True
Q6IQ22,True
Q6IQ23,True
Q6IQ26,False
Q6IQ49,True
Q6IQ55,True
Q6IS24,False
Q6ISB3,True
Q6ISU1,True
Q6IWH7,False
Q6J4K2,False
Q6J9G0,False
Q6JBY9,False
Q6JQN1,False
Q6K0P9,False
Q6KB66,False
Q6KC79,True
Q6KCM7,False
Q6KF10,False
Q6L8G4,False
Q6L8G8,False
Q6L8G9,False
Q6L8H1,False
Q6L8H2,False
Q6L8H4,False
Q6L8Q7,True
Q6L9W6,False
Q6MZM0,False
Q6MZP7,True
Q6MZQ0,False
Q6N021,True
Q6N022,True
Q6N043,False
Q6N069,False
Q6N075,False
Q6NS38,True
Q6NSI4,True
Q6NSJ0,True
Q6NSJ5,False
Q6NSW7,False
Q6NT16,True
Q6NT55,False
Q6NT76,True
Q6NTE8,False
Q6NTF7,True
Q6NTF9,False
Q6NUI2,False
Q6NUI6,False
Q6NUJ2,False
Q6NUJ5,True
Q6NUK1,True
Q6NUN0,False
Q6NUN9,False
Q6NUP7,False
Q6NUQ1,False
Q6NUS6,False
Q6NUS8,False
Q6NUT2,False
Q6NUT3,False
Q6NVH7,False
Q6NVU6,False
Q6NVY1,True
Q6NW34,False
Q6NW40,True
Q6NWY9,False
Q6NX45,False
Q6NXG1,True
Q6NXR0,False
Q6NXS1,False
Q6NXT2,True
Q6NXT4,False
Q6NXT6,False
Q6NYC1,True
Q6NYC8,False
Q6NZ36,True
Q6NZ67,True
Q6NZI2,True
Q6NZY4,True
Q6NZY7,False
Q6P050,False
Q6P087,False
Q6P0N0,True
Q6P0Q8,True
Q6P158,False
Q6P179,True
Q6P1A2,False
Q6P1J6,False
Q6P1J9,True
Q6P1K1,False
Q6P1K2,True
Q6P1L5,False
Q6P1L6,False
Q6P1M0,False
Q6P1M3,True
Q6P1N0,False
Q6P1N9,True
Q6P1Q0,False
Q6P1Q9,False
Q6P1R4,False
Q6P1S2,False
Q6P1W5,False
Q6P1X5,True
Q6P2C8,True
Q6P2D0,False
Q6P2D8,False
Q6P2E9,False
Q6P2H3,True
Q6P2H8,False
Q6P2M8,False
Q6P2P2,True
Q6P2Q9,True
Q6P3S1,True
Q6P3W2,True
Q6P3W7,False
Q6P461,False
Q6P4A8,False
Q6P4F1,False
Q6P4F2,True
Q6P4F7,True
Q6P4H8,False
Q6P4I2,True
Q6P4Q7,True
Q6P4R8,True
Q6P531,False
Q6P587,True
Q6P589,True
Q6P597,False
Q6P5Q4,True
Q6P5S7,True
Q6P5W5,False
Q6P5X5,False
Q6P5Z2,False
Q6P6C2,True
Q6P988,True
Q6P9A2,False
Q6P9B6,True
Q6P9B9,True
Q6P9F0,False
Q6P9F5,False
Q6P9F7,False
Q6P9G9,False
Q6P9H4,False
Q6PCB0,False
Q6PCB6,False
Q6PCB7,False
Q6PCB8,True
Q6PCD5,True
Q6PCE3,False
Q6PCT2,True
Q6PD62,True
Q6PD74,True
Q6PEW1,False
Q6PEX3,False
Q6PEY1,False
Q6PEY2,False
Q6PF05,False
Q6PF06,False
Q6PF18,True
Q6PFW1,False
Q6PGN9,False
Q6PGP7,True
Q6PGQ7,False
Q6PH85,True
Q6PHR2,True
Q6PHW0,True
Q6PI25,True
Q6PI26,True
Q6PI48,True
Q6PI77,False
Q6PI78,False
Q6PI98,True
Q6PID8,True
Q6PIF2,True
Q6PIF6,True
Q6PIJ6,False
Q6PIL6,False
Q6PIU1,False
Q6PIU2,False
Q6PIV2,False
Q6PIW4,True
Q6PIY7,False
Q6PIZ9,False
Q6PJ21,True
Q6PJ61,False
Q6PJ69,True
Q6PJF5,True
Q6PJG2,True
Q6PJG6,True
Q6PJG9,False
Q6PJI9,True
Q6PJP8,True
Q6PJT7,False
Q6PJW8,False
Q6PKC3,False
Q6PKG0,True
Q6PKX4,False
Q6PL18,True
Q6PL24,False
Q6PL45,False
Q6PML9,True
Q6PRD1,True
Q6PRD7,True
Q6PUV4,False
Q6PXP3,True
Q6Q0C0,True
Q6Q0C1,False
Q6Q4G3,False
Q6Q759,False
Q6Q788,False
Q6QHC5,False
Q6QHF9,False
Q6QHK4,False
Q6QN14,False
Q6QNK2,True
Q6QNY0,False
Q6QNY1,False
Q6R327,True
Q6R6M4,False
Q6RFH5,True
Q6RFH8,False
Q6RI45,False
Q6RVD6,False
Q6RW13,False
Q6S5L8,False
Q6S8J3,False
Q6S9Z5,False
Q6SA08,False
Q6SJ93,False
Q6SPF0,True
Q6STE5,False
Q6SZW1,True
Q6T4R5,False
Q6TCH4,False
Q6TCH7,False
Q6TFL4,False
Q6TGC4,True
Q6U736,False
Q6U7Q0,False
Q6U841,False
Q6UB28,True
Q6UB35,False
Q6UB98,False
Q6UB99,False
Q6ULP2,False
Q6UN15,True
Q6UUV7,False
Q6UUV9,True
Q6UVJ0,True
Q6UVK1,True
Q6UVM3,False
Q6UVW9,True
Q6UVY6,False
Q6UW15,False
Q6UW56,False
Q6UW60,False
Q6UW63,True
Q6UW68,False
Q6UW78,False
Q6UW88,True
Q6UWB1,True
Q6UWB4,False
Q6UWE0,False
Q6UWF3,False
Q6UWI2,False
Q6UWJ1,False
Q6UWK7,True
Q6UWL6,False
Q6UWN5,False
Q6UWP2,True
Q6UWP7,False
Q6UWR7,False
Q6UWU4,False
Q6UWV6,True
Q6UWW8,False
Q6UWY0,False
Q6UWY2,True
Q6UWZ7,True
Q6UX01,False
Q6UX04,True
Q6UX06,False
Q6UX15,False
Q6UX27,False
Q6UX34,False
Q6UX39,False
Q6UX40,False
Q6UX41,False
Q6UX46,True
Q6UX53,False
Q6UX65,False
Q6UX71,False
Q6UX98,False
Q6UXB2,False
Q6UXB4,False
Q6UXB8,False
Q6UXD5,False
Q6UXF1,False
Q6UXG2,False
Q6UXG3,False
Q6UXG8,False
Q6UXH0,False
Q6UXH1,False
Q6UXH8,False
Q6UXI9,False
Q6UXK2,False
Q6UXL0,True
Q6UXN8,True
Q6UXN9,False
Q6UXS9,False
Q6UXT8,True
Q6UXV0,True
Q6UXV4,False
Q6UXX9,True
Q6UXY1,False
Q6UXZ0,True
Q6UXZ3,False
Q6UXZ4,False
Q6UY09,False
Q6UY14,False
Q6V0I7,True
Q6V0L0,False
Q6V1P9,False
Q6V1X1,True
Q6VAB6,True
Q6VB84,False
Q6VEQ5,False
Q6VMQ6,True
Q6VN20,False
Q6VVB1,False
Q6VVX0,True
Q6VY07,False
Q6W0C5,True
Q6W2J9,True
Q6W4X9,False
Q6W5P4,False
Q6WCQ1,False
Q6WKZ4,True
Q6WN34,False
Q6WRI0,False
Q6X4U4,False
Q6X4W1,False
Q6XD76,False
Q6XE24,False
Q6XPS3,False
Q6XQN6,True
Q6XR72,True
Q6XUX3,False
Q6XYQ8,False
Q6XZB0,False
Q6XZF7,True
Q6Y1H2,False
Q6Y288,False
Q6Y7W6,True
Q6YBV0,False
Q6YHK3,True
Q6YHU6,True
Q6YN16,True
Q6YP21,False
Q6ZMB0,False
Q6ZMC9,True
Q6ZMG9,True
Q6ZMH5,True
Q6ZMI0,True
Q6ZMI3,True
Q6ZMJ2,True
Q6ZMJ4,True
Q6ZMM2,False
Q6ZMN7,False
Q6ZMP0,False
Q6ZMQ8,False
Q6ZMR5,True
Q6ZMS7,False
Q6ZMT1,True
Q6ZMT4,True
Q6ZMU5,True
Q6ZMY3,False
Q6ZMZ0,False
Q6ZMZ3,True
Q6ZN04,True
Q6ZN16,True
Q6ZN17,True
Q6ZN18,True
Q6ZN30,False
Q6ZN44,True
Q6ZN54,False
Q6ZN55,False
Q6ZN57,False
Q6ZN66,False
Q6ZNA4,True
Q6ZNB7,False
Q6ZNC8,False
Q6ZNE5,True
Q6ZNE9,False
Q6ZNG0,False
Q6ZNH5,False
Q6ZNJ1,False
Q6ZNK6,False
Q6ZNL6,True
Q6ZNX1,True
Q6ZP29,False
Q6ZP80,False
Q6ZP82,False
Q6ZPD8,False
Q6ZPD9,False
Q6ZQN7,False
Q6ZQR2,True
Q6ZQW0,False
Q6ZQX7,False
Q6ZQY3,False
Q6ZR08,False
Q6ZR37,False
Q6ZRF8,False
Q6ZRI0,False
Q6ZRI6,False
Q6ZRI8,False
Q6ZRP7,False
Q6ZRQ5,False
Q6ZRS2,True
Q6ZRV2,False
Q6ZRY4,True
Q6ZS10,False
Q6ZS17,False
Q6ZSA7,False
Q6ZSB9,False
Q6ZSG1,True
Q6ZSJ9,False
Q6ZSM3,False
Q6ZSS7,True
Q6ZSY5,False
Q6ZSZ5,False
Q6ZSZ6,False
Q6ZT12,False
Q6ZT21,False
Q6ZT62,False
Q6ZT89,False
Q6ZT98,True
Q6ZTN6,True
Q6ZTQ3,False
Q6ZTQ4,True
Q6ZTR5,False
Q6ZTU2,False
Q6ZU15,True
Q6ZU35,False
Q6ZU52,False
Q6ZU64,False
Q6ZU80,False
Q6ZUI0,False
Q6ZUJ8,True
Q6ZUM4,True
Q6ZUT1,False
Q6ZUT3,False
Q6ZUX7,False
Q6ZV29,False
Q6ZV65,False
Q6ZV73,True
Q6ZVD7,False
Q6ZVD8,False
Q6ZVE7,False
Q6ZVK8,True
Q6ZVM7,False
Q6ZVN8,True
Q6ZVT0,False
Q6ZW31,False
Q6ZW49,True
Q6ZW61,False
Q6ZW76,True
Q6ZWH5,False
Q6ZWJ1,True
Q6ZWK4,False
Q6ZWL3,False
Q6ZWT7,False
Q6ZXV5,False
Q6ZYL4,True
Q701N4,False
Q702N8,False
Q709C8,False
Q709F0,True
Q70CQ1,True
Q70CQ2,True
Q70CQ3,True
Q70CQ4,False
Q70E73,True
Q70EK8,False
Q70EK9,False
Q70EL1,True
Q70EL2,False
Q70EL3,False
Q70EL4,False
Q70HW3,False
Q70IA6,False
Q70IA8,False
Q70J99,True
Q70JA7,True
Q70SY1,False
Q70UQ0,False
Q70YC4,False
Q70YC5,False
Q70Z35,True
Q70Z44,False
Q70Z53,False
Q711Q0,False
Q712K3,True
Q719H9,True
Q71DI3,True
Q71F23,True
Q71F56,False
Q71H61,False
Q71RC2,True
Q71RG4,False
Q71RS6,False
Q71SY5,True
Q71U36,True
Q71UI9,True
Q71UM5,False
Q75N03,False
Q75N90,False
Q75QN2,True
Q75T13,False
Q75V66,False
Q75WM6,False
Q765P7,False
Q76EJ3,False
Q76FK4,False
Q76I76,True
Q76L83,True
Q76LX8,True
Q76MJ5,True
Q76N32,False
Q76N89,True
Q76NI1,False
Q7KYR7,True
Q7KZ85,True
Q7KZF4,True
Q7KZI7,True
Q7KZN9,False
Q7L014,True
Q7L099,False
Q7L0J3,True
Q7L0Q8,True
Q7L0X0,False
Q7L0Y3,True
Q7L190,False
Q7L1I2,True
Q7L1Q6,False
Q7L1S5,False
Q7L1T6,True
Q7L1V2,False
Q7L1W4,True
Q7L266,True
Q7L273,True
Q7L2E3,True
Q7L2H7,True
Q7L2J0,True
Q7L2K0,False
Q7L2R6,False
Q7L2Z9,True
Q7L3B6,False
Q7L3V2,False
Q7L4E1,False
Q7L4I2,False
Q7L4P6,False
Q7L513,True
Q7L523,True
Q7L576,True
Q7L590,False
Q7L591,False
Q7L592,False
Q7L5A3,False
Q7L5A8,False
Q7L5D6,True
Q7L5L3,False
Q7L5N1,True
Q7L5N7,False
Q7L5Y1,True
Q7L5Y6,True
Q7L5Y9,True
Q7L622,False
Q7L775,False
Q7L7L0,True
Q7L7V1,False
Q7L7X3,False
Q7L804,True
Q7L8A9,True
Q7L8J4,False
Q7L8L6,False
Q7L8S5,False
Q7L9L4,False
Q7LBC6,True
Q7LBE3,True
Q7LBR1,True
Q7LC44,True
Q7LDG7,True
Q7LFL8,True
Q7LFX5,False
Q7LG56,True
Q7LGA3,False
Q7LGC8,False
Q7RTM1,False
Q7RTN6,True
Q7RTP0,False
Q7RTP6,True
Q7RTR0,True
Q7RTR2,False
Q7RTS1,False
Q7RTS3,False
Q7RTS5,False
Q7RTS7,False
Q7RTS9,False
Q7RTT9,False
Q7RTU1,False
Q7RTU3,False
Q7RTU4,False
Q7RTU7,False
Q7RTV0,True
Q7RTW8,False
Q7RTX0,True
Q7RTX1,False
Q7RTX7,False
Q7RTY0,False
Q7RTY1,False
Q7RTY8,False
Q7RTZ1,False
Q7Z2D5,False
Q7Z2E3,True
Q7Z2G1,True
Q7Z2H8,False
Q7Z2K6,False
Q7Z2T5,False
Q7Z2W4,True
Q7Z2W7,True
Q7Z2X4,False
Q7Z2Y5,False
Q7Z2Z1,False
Q7Z2Z2,True
Q7Z333,False
Q7Z353,True
Q7Z392,False
Q7Z3B1,True
Q7Z3B3,True
Q7Z3B4,True
Q7Z3C6,True
Q7Z3D4,False
Q7Z3D6,False
Q7Z3E1,False
Q7Z3E5,False
Q7Z3F1,True
Q7Z3G6,False
Q7Z3H0,False
Q7Z3H4,False
Q7Z3I7,False
Q7Z3J2,True
Q7Z3K3,True
Q7Z3K6,False
Q7Z3Q1,False
Q7Z3S7,False
Q7Z3S9,False
Q7Z3T8,True
Q7Z3U7,False
Q7Z3V4,False
Q7Z3Y7,False
Q7Z3Y8,False
Q7Z3Y9,False
Q7Z3Z0,False
Q7Z3Z2,True
Q7Z3Z4,False
Q7Z401,False
Q7Z403,False
Q7Z406,True
Q7Z407,False
Q7Z408,False
Q7Z410,False
Q7Z412,False
Q7Z417,False
Q7Z418,False
Q7Z419,False
Q7Z429,False
Q7Z434,True
Q7Z442,False
Q7Z443,False
Q7Z449,False
Q7Z460,True
Q7Z465,False
Q7Z478,True
Q7Z494,True
Q7Z4F1,False
Q7Z4G1,True
Q7Z4G4,False
Q7Z4H3,True
Q7Z4H4,True
Q7Z4H7,True
Q7Z4H8,False
Q7Z4I7,True
Q7Z4K8,False
Q7Z4L5,True
Q7Z4N2,False
Q7Z4N8,False
Q7Z4Q2,False
Q7Z4S6,True
Q7Z4T8,False
Q7Z4T9,True
Q7Z4V0,False
Q7Z4V5,True
Q7Z4W1,True
Q7Z4W3,False
Q7Z569,False
Q7Z570,False
Q7Z589,True
Q7Z591,False
Q7Z5A7,False
Q7Z5B4,False
Q7Z5G4,True
Q7Z5H3,False
Q7Z5J1,False
Q7Z5J4,False
Q7Z5K2,True
Q7Z5L2,False
Q7Z5L7,False
Q7Z5L9,True
Q7Z5N4,False
Q7Z5P4,True
Q7Z5P9,False
Q7Z5Q1,False
Q7Z5Q5,True
Q7Z5R6,True
Q7Z5V6,False
Q7Z5W3,True
Q7Z5Y6,False
Q7Z602,False
Q7Z614,False
Q7Z624,True
Q7Z628,True
Q7Z695,False
Q7Z698,True
Q7Z699,True
Q7Z6A9,True
Q7Z6B0,True
Q7Z6B7,False
Q7Z6E9,True
Q7Z6G3,False
Q7Z6G8,True
Q7Z6I5,False
Q7Z6I6,False
Q7Z6J0,True
Q7Z6J2,True
Q7Z6J4,False
Q7Z6J6,False
Q7Z6J8,False
Q7Z6J9,True
Q7Z6K1,False
Q7Z6K5,True
Q7Z6L0,False
Q7Z6L1,True
Q7Z6M1,False
Q7Z6M3,False
Q7Z6M4,True
Q7Z6P3,False
Q7Z6R9,False
Q7Z6V5,True
Q7Z6Z7,True
Q7Z739,True
Q7Z745,False
Q7Z769,False
Q7Z794,False
Q7Z7A1,False
Q7Z7A3,False
Q7Z7A4,False
Q7Z7B0,False
Q7Z7B1,False
Q7Z7C7,False
Q7Z7C8,True
Q7Z7D3,True
Q7Z7E8,True
Q7Z7F0,True
Q7Z7G0,False
Q7Z7G1,False
Q7Z7G2,False
Q7Z7G8,False
Q7Z7H3,False
Q7Z7H5,False
Q7Z7H8,True
Q7Z7K6,False
Q7Z7L1,True
Q7Z7L7,True
Q7Z7M0,False
Q7Z7M8,False
Q7Z7M9,False
Q7Z7N9,False
Q86SE5,False
Q86SE8,True
Q86SE9,True
Q86SF2,True
Q86SG2,False
Q86SG3,False
Q86SG6,False
Q86SJ2,False
Q86SJ6,False
Q86SK9,False
Q86SM8,False
Q86SQ0,True
Q86SQ3,False
Q86SQ4,False
Q86SQ6,False
Q86SQ7,False
Q86SQ9,True
Q86SR1,True
Q86SS6,False
Q86SU0,False
Q86SX3,False
Q86SX6,True
Q86SZ2,True
Q86T03,True
Q86T13,False
Q86T24,True
Q86T26,False
Q86T65,False
Q86T82,True
Q86T90,False
Q86T96,False
Q86TB3,False
Q86TB9,True
Q86TC9,False
Q86TG1,False
Q86TG7,True
Q86TH1,False
Q86TI0,True
Q86TI2,True
Q86TJ2,False
Q86TL0,False
Q86TL2,False
Q86TM6,True
Q86TP1,False
Q86TS9,True
Q86TU7,True
Q86TV6,True
Q86TW2,False
Q86TX2,False
Q86TY3,False
Q86U06,True
Q86U10,False
Q86U28,False
Q86U42,True
Q86U44,True
Q86U70,True
Q86U86,True
Q86U90,False
Q86UA6,False
Q86UB2,False
Q86UC2,True
Q86UD0,False
Q86UD3,False
Q86UD4,False
Q86UD5,True
Q86UE4,True
Q86UE6,False
Q86UE8,True
Q86UF1,False
Q86UG4,False
Q86UK0,False
Q86UK5,False
Q86UK7,False
Q86UL3,False
Q86UL8,True
Q86UN2,False
Q86UN3,False
Q86UN6,False
Q86UP0,False
Q86UP2,False
Q86UP3,False
Q86UQ0,False
Q86UQ4,False
Q86UQ8,False
Q86UR1,True
Q86UR5,True
Q86US8,True
Q86UT5,True
Q86UT6,True
Q86UT8,True
Q86UU0,True
Q86UU5,False
Q86UU9,True
Q86UV5,False
Q86UV6,False
Q86UW1,True
Q86UW2,True
Q86UW6,True
Q86UW7,False
Q86UW9,True
Q86UX2,False
Q86UX6,False
Q86UX7,True
Q86UY5,True
Q86UY6,True
Q86V15,False
Q86V20,True
Q86V24,True
Q86V25,True
Q86V40,False
Q86V42,False
Q86V48,False
Q86V81,True
Q86V86,False
Q86V97,True
Q86VB7,True
Q86VD7,False
Q86VD9,False
Q86VE0,False
Q86VE9,False
Q86VF2,False
Q86VF5,False
Q86VF7,False
Q86VH2,False
Q86VH5,False
Q86VI3,True
Q86VI4,False
Q86VK4,True
Q86VL8,False
Q86VM9,False
Q86VN1,True
Q86VP1,True
Q86VP3,False
Q86VP6,True
Q86VQ0,False
Q86VQ3,False
Q86VQ6,True
Q86VR2,False
Q86VS8,True
Q86VV4,False
Q86VV8,False
Q86VW0,False
Q86VW1,False
Q86VW2,True
Q86VX2,True
Q86VX9,True
Q86VY4,False
Q86VZ1,True
Q86VZ5,False
Q86VZ6,False
Q86W10,False
Q86W11,False
Q86W24,True
Q86W26,True
Q86W28,False
Q86W42,True
Q86W47,True
Q86W50,True
Q86W54,False
Q86W56,True
Q86W74,False
Q86W92,False
Q86WA6,True
Q86WA8,False
Q86WA9,False
Q86WB0,False
Q86WB7,False
Q86WC4,True
Q86WD7,False
Q86WG3,False
Q86WG5,False
Q86WH2,False
Q86WI1,False
Q86WI3,False
Q86WJ1,True
Q86WK6,False
Q86WN1,False
Q86WP2,False
Q86WQ0,False
Q86WR0,True
Q86WS4,False
Q86WS5,False
Q86WT6,True
Q86WU2,False
Q86WV1,True
Q86WV5,True
Q86WV6,True
Q86WX3,True
Q86X02,False
Q86X24,True
Q86X29,False
Q86X45,False
Q86X51,False
Q86X52,False
Q86X55,True
Q86X67,False
Q86X76,False
Q86X83,True
Q86X95,True
Q86XA0,False
Q86XE0,True
Q86XE3,True
Q86XE5,True
Q86XF0,False
Q86XF7,False
Q86XI2,True
Q86XJ0,False
Q86XJ1,False
Q86XK2,True
Q86XK3,False
Q86XK7,False
Q86XL3,False
Q86XM0,False
Q86XN8,True
Q86XP0,True
Q86XP1,False
Q86XP3,True
Q86XQ3,False
Q86XR7,True
Q86XR8,True
Q86XS8,False
Q86XT2,False
Q86XT4,False
Q86XX4,False
Q86Y01,True
Q86Y07,True
Q86Y13,False
Q86Y25,False
Q86Y26,True
Q86Y33,False
Q86Y34,True
Q86Y37,False
Q86Y38,True
Q86Y39,True
Q86Y46,False
Q86Y56,False
Q86Y78,True
Q86Y82,True
Q86Y91,False
Q86Y97,True
Q86YA3,False
Q86YB8,False
Q86YC2,True
Q86YC3,True
Q86YD1,False
Q86YD3,False
Q86YD5,True
Q86YD7,False
Q86YF9,False
Q86YH6,False
Q86YI8,True
Q86YJ5,False
Q86YJ7,False
Q86YL7,True
Q86YM7,False
Q86YN6,True
Q86YP4,True
Q86YR5,False
Q86YR7,False
Q86YS3,False
Q86YS6,True
Q86YS7,False
Q86YT5,True
Q86YT6,True
Q86YT9,False
Q86YV0,False
Q86YV5,True
Q86YV9,False
Q86YW0,False
Q86YW5,True
Q86YW7,False
Q86YW9,False
Q86YZ3,False
Q86Z02,False
Q86Z14,True
Q86Z20,False
Q86Z23,False
Q8HWS3,False
Q8IU54,True
Q8IU57,True
Q8IU60,True
Q8IU68,False
Q8IU80,True
Q8IU81,False
Q8IU85,True
Q8IU89,False
Q8IU99,True
Q8IUA7,False
Q8IUB9,False
Q8IUC1,False
Q8IUC2,False
Q8IUC3,False
Q8IUC4,True
Q8IUC6,True
Q8IUC8,False
Q8IUD2,False
Q8IUD6,True
Q8IUE6,False
Q8IUF8,True
Q8IUG1,False
Q8IUG5,False
Q8IUH3,True
Q8IUH4,False
Q8IUH5,True
Q8IUH8,False
Q8IUI8,False
Q8IUK5,False
Q8IUM7,False
Q8IUN9,True
Q8IUQ0,False
Q8IUQ4,True
Q8IUR5,False
Q8IUR6,False
Q8IUR7,True
Q8IUW3,False
Q8IUW5,False
Q8IUX1,False
Q8IUX4,True
Q8IUX7,False
Q8IUX8,False
Q8IUY3,False
Q8IUZ5,False
Q8IV04,False
Q8IV08,True
Q8IV16,True
Q8IV20,False
Q8IV31,False
Q8IV36,False
Q8IV45,False
Q8IV48,True
Q8IV53,False
Q8IV61,False
Q8IV63,True
Q8IV76,False
Q8IV77,True
Q8IVB4,False
Q8IVD9,True
Q8IVE3,False
Q8IVF2,True
Q8IVF4,False
Q8IVF5,False
Q8IVF7,False
Q8IVG5,False
Q8IVG9,True
Q8IVH2,True
Q8IVH4,True
Q8IVH8,True
Q8IVI9,True
Q8IVJ1,False
Q8IVL0,False
Q8IVL1,True
Q8IVL5,False
Q8IVL6,False
Q8IVL8,True
Q8IVM0,True
Q8IVM8,False
Q8IVP5,True
Q8IVP9,False
Q8IVQ6,False
Q8IVS2,True
Q8IVS8,False
Q8IVT2,False
Q8IVT5,True
Q8IVU3,True
Q8IVV7,True
Q8IVW4,True
Q8IVW6,False
Q8IVW8,True
Q8IW00,False
Q8IW19,True
Q8IW35,False
Q8IW40,False
Q8IW41,False
Q8IW45,False
Q8IW52,False
Q8IW70,False
Q8IW75,True
Q8IWA0,True
Q8IWA4,True
Q8IWA5,False
Q8IWB1,False
Q8IWB6,True
Q8IWB7,False
Q8IWC1,False
Q8IWD4,False
Q8IWE2,False
Q8IWE4,True
Q8IWE5,True
Q8IWF2,False
Q8IWG1,True
Q8IWI9,False
Q8IWJ2,True
Q8IWK6,False
Q8IWL1,False
Q8IWL2,False
Q8IWL3,True
Q8IWL8,False
Q8IWN7,False
Q8IWQ3,False
Q8IWR1,False
Q8IWS0,True
Q8IWT0,True
Q8IWT1,True
Q8IWT3,True
Q8IWT6,True
Q8IWU2,False
Q8IWU4,True
Q8IWU5,False
Q8IWU6,False
Q8IWU9,True
Q8IWV1,False
Q8IWV2,False
Q8IWV7,True
Q8IWV8,True
Q8IWW6,False
Q8IWW8,False
Q8IWX5,False
Q8IWX7,False
Q8IWX8,False
Q8IWY4,False
Q8IWY8,False
Q8IWY9,True
Q8IWZ3,False
Q8IWZ4,False
Q8IWZ5,False
Q8IWZ6,False
Q8IWZ8,True
Q8IX01,True
Q8IX03,True
Q8IX04,True
Q8IX05,True
Q8IX07,True
Q8IX12,False
Q8IX15,True
Q8IX19,False
Q8IX21,True
Q8IX30,False
Q8IX90,True
Q8IXA5,False
Q8IXB1,False
Q8IXB3,False
Q8IXF0,False
Q8IXH6,True
Q8IXH7,True
Q8IXH8,False
Q8IXI1,True
Q8IXI2,True
Q8IXJ6,True
Q8IXJ9,True
Q8IXK0,False
Q8IXK2,True
Q8IXL6,True
Q8IXL7,True
Q8IXM2,False
Q8IXM3,True
Q8IXM6,False
Q8IXN7,False
Q8IXP5,True
Q8IXQ5,True
Q8IXQ6,True
Q8IXQ9,False
Q8IXS2,True
Q8IXU6,False
Q8IXV7,False
Q8IXW0,False
Q8IXW5,True
Q8IXZ2,False
Q8IY17,False
Q8IY18,False
Q8IY21,False
Q8IY22,False
Q8IY26,False
Q8IY31,False
Q8IY33,False
Q8IY34,True
Q8IY37,True
Q8IY47,True
Q8IY49,False
Q8IY50,False
Q8IY57,True
Q8IY63,False
Q8IY81,True
Q8IY82,True
Q8IY84,False
Q8IY92,True
Q8IY95,False
Q8IYA6,False
Q8IYA8,False
Q8IYB1,True
Q8IYB3,True
Q8IYB4,False
Q8IYB5,True
Q8IYB7,True
Q8IYB8,True
Q8IYD1,True
Q8IYD8,True
Q8IYE0,False
Q8IYE1,False
Q8IYF1,False
Q8IYF3,False
Q8IYG6,False
Q8IYH5,True
Q8IYI0,False
Q8IYI6,False
Q8IYI8,False
Q8IYJ0,False
Q8IYJ1,False
Q8IYJ2,False
Q8IYJ3,False
Q8IYK4,False
Q8IYL9,True
Q8IYM1,True
Q8IYM2,True
Q8IYM9,False
Q8IYP9,False
Q8IYR0,False
Q8IYR2,False
Q8IYR6,False
Q8IYS1,True
Q8IYS5,True
Q8IYT2,False
Q8IYT3,False
Q8IYT4,False
Q8IYT8,True
Q8IYU2,True
Q8IYU8,True
Q8IYV9,True
Q8IYW5,True
Q8IYX1,False
Q8IYX3,False
Q8IYX4,True
Q8IYX7,False
Q8IYX8,False
Q8IYY4,False
Q8IZ07,False
Q8IZ08,False
Q8IZ20,False
Q8IZ21,False
Q8IZ41,True
Q8IZ52,True
Q8IZ69,True
Q8IZ73,False
Q8IZ96,False
Q8IZA0,True
Q8IZA3,False
Q8IZC4,False
Q8IZC6,False
Q8IZC7,False
Q8IZD2,True
Q8IZD4,False
Q8IZD6,False
Q8IZD9,False
Q8IZE3,False
Q8IZF0,True
Q8IZF2,False
Q8IZF3,False
Q8IZF4,True
Q8IZF5,False
Q8IZF6,True
Q8IZF7,False
Q8IZH2,True
Q8IZI9,True
Q8IZJ0,False
Q8IZJ1,False
Q8IZJ3,False
Q8IZK6,True
Q8IZL2,False
Q8IZL8,True
Q8IZL9,False
Q8IZN3,False
Q8IZP0,True
Q8IZP1,False
Q8IZP9,False
Q8IZQ1,True
Q8IZQ8,False
Q8IZR5,False
Q8IZS8,False
Q8IZT6,False
Q8IZT8,True
Q8IZU0,False
Q8IZU1,False
Q8IZU3,True
Q8IZU9,True
Q8IZV5,False
Q8IZW8,False
Q8IZX4,True
Q8IZY2,True
Q8J025,False
Q8N0S2,False
Q8N0U8,False
Q8N0V3,True
Q8N0V5,False
Q8N0W3,False
Q8N0W4,True
Q8N0X2,False
Q8N0X4,True
Q8N0X7,True
Q8N0Y2,False
Q8N0Z3,False
Q8N0Z6,True
Q8N100,False
Q8N103,False
Q8N104,True
Q8N108,False
Q8N114,False
Q8N119,False
Q8N122,True
Q8N126,True
Q8N128,False
Q8N130,False
Q8N131,False
Q8N136,True
Q8N137,False
Q8N138,True
Q8N139,False
Q8N140,False
Q8N142,False
Q8N143,False
Q8N144,False
Q8N145,False
Q8N149,True
Q8N157,True
Q8N158,True
Q8N159,True
Q8N163,True
Q8N165,False
Q8N183,False
Q8N187,False
Q8N196,False
Q8N1A0,False
Q8N1B3,False
Q8N1B4,False
Q8N1C3,False
Q8N1E6,False
Q8N1F7,True
Q8N1F8,False
Q8N1G0,False
Q8N1G1,False
Q8N1G2,True
Q8N1H7,False
Q8N1I0,False
Q8N1K5,False
Q8N1L9,False
Q8N1M1,False
Q8N1N2,False
Q8N1N4,False
Q8N1Q1,True
Q8N1Q8,True
Q8N1T3,True
Q8N1V2,True
Q8N1W1,True
Q8N201,True
Q8N205,True
Q8N257,True
Q8N264,False
Q8N271,False
Q8N2A8,True
Q8N2C7,True
Q8N2E6,False
Q8N2F6,False
Q8N2G4,True
Q8N2G8,False
Q8N2H4,False
Q8N2H9,False
Q8N2I9,True
Q8N2K0,False
Q8N2K1,True
Q8N2M4,False
Q8N2M8,False
Q8N2N9,False
Q8N2Q7,True
Q8N2R0,False
Q8N2S1,False
Q8N2U9,False
Q8N2W9,False
Q8N2Y8,True
Q8N2Z9,True
Q8N300,True
Q8N302,False
Q8N307,False
Q8N335,True
Q8N339,False
Q8N344,False
Q8N350,False
Q8N357,False
Q8N370,False
Q8N371,True
Q8N386,False
Q8N387,False
Q8N392,False
Q8N393,False
Q8N394,False
Q8N3A8,False
Q8N3C0,True
Q8N3C7,True
Q8N3D4,False
Q8N3E9,False
Q8N3F0,False
Q8N3F8,True
Q8N3G9,False
Q8N3I7,True
Q8N3J2,False
Q8N3J3,False
Q8N3J5,True
Q8N3J6,False
Q8N3K9,False
Q8N3L3,False
Q8N3P4,False
Q8N3R9,True
Q8N3T1,False
Q8N3U4,True
Q8N3V7,False
Q8N3Y1,True
Q8N3Y3,False
Q8N3Y7,False
Q8N3Z6,False
Q8N413,False
Q8N414,False
Q8N423,True
Q8N427,False
Q8N428,False
Q8N441,False
Q8N443,True
Q8N448,True
Q8N465,True
Q8N474,False
Q8N488,True
Q8N490,False
Q8N4A0,True
Q8N4B1,True
Q8N4C6,False
Q8N4C7,False
Q8N4C8,False
Q8N4E7,True
Q8N4F0,False
Q8N4F4,False
Q8N4G2,False
Q8N4H5,True
Q8N4J0,True
Q8N4L1,False
Q8N4L2,False
Q8N4L8,False
Q8N4M1,False
Q8N4N3,False
Q8N4N8,False
Q8N4P3,True
Q8N4Q1,True
Q8N4S7,False
Q8N4S9,True
Q8N4T0,False
Q8N4T8,True
Q8N4U5,False
Q8N4V1,True
Q8N4W9,False
Q8N4X5,True
Q8N4Y2,False
Q8N511,False
Q8N539,True
Q8N543,True
Q8N554,False
Q8N556,False
Q8N565,False
Q8N568,False
Q8N573,False
Q8N594,False
Q8N5A5,True
Q8N5B7,False
Q8N5C1,True
Q8N5C6,False
Q8N5C8,False
Q8N5D0,True
Q8N5D6,False
Q8N5F7,True
Q8N5G0,False
Q8N5G2,False
Q8N5H7,True
Q8N5I2,False
Q8N5I4,False
Q8N5J2,True
Q8N5K1,True
Q8N5M1,False
Q8N5M9,True
Q8N5P1,False
Q8N5S9,True
Q8N5U6,False
Q8N5V2,False
Q8N5Y2,True
Q8N5Y8,True
Q8N5Z0,True
Q8N5Z5,True
Q8N608,True
Q8N609,False
Q8N612,True
Q8N635,False
Q8N653,True
Q8N661,False
Q8N668,True
Q8N680,False
Q8N682,False
Q8N684,True
Q8N693,False
Q8N695,True
Q8N697,True
Q8N6C5,False
Q8N6C8,True
Q8N6D2,False
Q8N6F1,False
Q8N6F7,False
Q8N6F8,False
Q8N6G5,False
Q8N6G6,False
Q8N6H7,True
Q8N6I1,False
Q8N6I4,False
Q8N6K0,False
Q8N6K7,False
Q8N6L0,True
Q8N6L1,True
Q8N6M0,False
Q8N6M3,False
Q8N6M6,False
Q8N6P7,True
Q8N6Q3,False
Q8N6R0,True
Q8N6R1,False
Q8N6S4,False
Q8N6T0,False
Q8N6T3,True
Q8N6T7,True
Q8N6U8,True
Q8N6W0,True
Q8N6Y0,False
Q8N715,False
Q8N720,True
Q8N726,False
Q8N729,False
Q8N743,False
Q8N752,False
Q8N766,True
Q8N7B6,False
Q8N7C0,False
Q8N7C3,False
Q8N7E2,False
Q8N7H5,True
Q8N7J2,False
Q8N7U6,True
Q8N7U7,False
Q8N7W2,False
Q8N7X0,False
Q8N7X4,False
Q8N807,True
Q8N841,False
Q8N865,False
Q8N884,True
Q8N895,False
Q8N8B7,False
Q8N8E2,False
Q8N8E3,False
Q8N8N0,False
Q8N8N7,True
Q8N8Q1,False
Q8N8Q3,True
Q8N8Q8,False
Q8N8R3,False
Q8N8S7,True
Q8N8U9,False
Q8N8V2,False
Q8N8V4,False
Q8N8W4,False
Q8N8X9,False
Q8N8Y2,False
Q8N907,False
Q8N912,False
Q8N960,True
Q8N966,False
Q8N983,True
Q8N987,False
Q8N999,False
Q8N9A8,True
Q8N9B5,False
Q8N9E0,False
Q8N9F0,False
Q8N9F7,False
Q8N9H9,False
Q8N9I0,True
Q8N9I5,False
Q8N9I9,False
Q8N9L9,True
Q8N9M5,False
Q8N9N2,True
Q8N9N5,True
Q8N9N8,True
Q8N9Q2,False
Q8N9R8,False
Q8N9V6,False
Q8N9W5,False
Q8N9W6,False
Q8NA29,True
Q8NA31,True
Q8NA42,False
Q8NA54,True
Q8NA56,True
Q8NA58,False
Q8NA61,False
Q8NA72,False
Q8NA77,False
Q8NA82,False
Q8NAC3,True
Q8NAG6,False
Q8NAM6,False
Q8NAN2,False
Q8NAP3,True
Q8NAP8,False
Q8NAT1,True
Q8NAU1,True
Q8NAV1,True
Q8NAX2,False
Q8NB12,False
Q8NB14,True
Q8NB15,False
Q8NB16,True
Q8NB25,False
Q8NB37,True
Q8NB49,True
Q8NB59,False
Q8NB66,False
Q8NB78,True
Q8NB90,True
Q8NB91,True
Q8NBA8,False
Q8NBB4,False
Q8NBD8,False
Q8NBF1,False
Q8NBF2,True
Q8NBI2,False
Q8NBI5,False
Q8NBI6,False
Q8NBJ4,True
Q8NBJ5,True
Q8NBJ7,True
Q8NBJ9,True
Q8NBK3,True
Q8NBL1,True
Q8NBL3,False
Q8NBM4,False
Q8NBM8,False
Q8NBN3,True
Q8NBN7,False
Q8NBP7,True
Q8NBQ5,True
Q8NBQ7,True
Q8NBR6,True
Q8NBS3,True
Q8NBS9,True
Q8NBT0,False
Q8NBT2,True
Q8NBU5,True
Q8NBV8,False
Q8NBW4,True
Q8NBZ0,False
Q8NBZ7,True
Q8NC01,False
Q8NC06,True
Q8NC24,False
Q8NC26,False
Q8NC42,False
Q8NC51,True
Q8NC56,False
Q8NC60,True
Q8NC67,False
Q8NC69,False
Q8NCA5,False
Q8NCB2,False
Q8NCC3,True
Q8NCC5,False
Q8NCD3,True
Q8NCE0,True
Q8NCE2,False
Q8NCF5,True
Q8NCG5,False
Q8NCG7,False
Q8NCH0,False
Q8NCK7,False
Q8NCL4,False
Q8NCM2,True
Q8NCM8,True
Q8NCN2,False
Q8NCN4,True
Q8NCP5,False
Q8NCR0,False
Q8NCR6,False
Q8NCS7,False
Q8NCT1,False
Q8NCU1,False
Q8NCU7,False
Q8NCU8,False
Q8NCW0,False
Q8NCW5,False
Q8NCW6,False
Q8ND04,True
Q8ND23,False
Q8ND25,True
Q8ND30,True
Q8ND56,True
Q8ND76,False
Q8ND83,False
Q8ND90,False
Q8NDA8,False
Q8NDB2,False
Q8NDC0,False
Q8NDC4,False
Q8NDD1,True
Q8NDF8,False
Q8NDG6,False
Q8NDH3,False
Q8NDH6,False
Q8NDI1,True
Q8NDL9,True
Q8NDM7,True
Q8NDN9,False
Q8NDP4,False
Q8NDQ6,False
Q8NDT2,False
Q8NDV1,False
Q8NDV3,False
Q8NDV7,True
Q8NDW8,False
Q8NDX1,False
Q8NDX2,False
Q8NDX5,True
Q8NDZ2,True
Q8NDZ4,False
Q8NE01,True
Q8NE09,False
Q8NE31,False
Q8NE35,True
Q8NE62,False
Q8NE63,False
Q8NE71,True
Q8NE79,False
Q8NE86,True
Q8NEA6,False
Q8NEA9,False
Q8NEB5,False
Q8NEB9,True
Q8NEC5,False
Q8NEE6,False
Q8NEG0,False
Q8NEH6,True
Q8NEJ0,True
Q8NEJ9,True
Q8NEK8,False
Q8NEL9,False
Q8NEM0,True
Q8NEM7,True
Q8NEM8,False
Q8NEN9,True
Q8NEP3,False
Q8NEQ6,False
Q8NER1,True
Q8NER5,False
Q8NES3,False
Q8NET5,False
Q8NET6,False
Q8NET8,True
Q8NEU8,True
Q8NEV1,False
Q8NEV4,True
Q8NEV8,False
Q8NEV9,True
Q8NEW0,True
Q8NEX9,False
Q8NEY1,False
Q8NEY4,False
Q8NEY8,True
Q8NEZ2,True
Q8NEZ3,True
Q8NEZ4,True
Q8NEZ5,True
Q8NF37,False
Q8NF50,False
Q8NF64,False
Q8NF91,True
Q8NF99,False
Q8NFA0,False
Q8NFA2,True
Q8NFB2,False
Q8NFC6,False
Q8NFD2,False
Q8NFD5,True
Q8NFF2,False
Q8NFF5,True
Q8NFG4,True
Q8NFH3,True
Q8NFH4,True
Q8NFH5,True
Q8NFH8,True
Q8NFJ5,False
Q8NFJ6,False
Q8NFJ9,True
Q8NFL0,False
Q8NFM4,False
Q8NFM7,False
Q8NFN8,True
Q8NFP4,True
Q8NFP7,True
Q8NFP9,True
Q8NFQ8,True
Q8NFR3,False
Q8NFR9,False
Q8NFT2,True
Q8NFT6,False
Q8NFT8,False
Q8NFU0,False
Q8NFU1,True
Q8NFU3,True
Q8NFU5,True
Q8NFU7,True
Q8NFV4,False
Q8NFW1,False
Q8NFW5,False
Q8NFW8,False
Q8NFW9,False
Q8NFX7,False
Q8NFY4,False
Q8NFY9,False
Q8NFZ0,True
Q8NFZ3,False
Q8NFZ4,True
Q8NFZ5,True
Q8NFZ8,False
Q8NG06,True
Q8NG08,True
Q8NG11,False
Q8NG27,True
Q8NG31,True
Q8NG50,False
Q8NG66,False
Q8NG98,False
Q8NGC4,False
Q8NGI8,False
Q8NHC4,False
Q8NHE4,False
Q8NHG7,False
Q8NHG8,False
Q8NHH1,True
Q8NHH9,False
Q8NHJ6,True
Q8NHK3,False
Q8NHL6,True
Q8NHM5,True
Q8NHP1,False
Q8NHP6,True
Q8NHP8,False
Q8NHQ1,False
Q8NHQ9,False
Q8NHS0,True
Q8NHS1,False
Q8NHS2,False
Q8NHS3,False
Q8NHS9,False
Q8NHU2,True
Q8NHU3,False
Q8NHU6,True
Q8NHV1,True
Q8NHV4,True
Q8NHV9,False
Q8NHW3,True
Q8NHW4,False
Q8NHX9,True
Q8NHY0,False
Q8NHY2,True
Q8NHY3,False
Q8NHZ7,False
Q8NHZ8,True
Q8NI08,True
Q8NI17,True
Q8NI22,True
Q8NI27,True
Q8NI35,True
Q8NI36,True
Q8NI37,False
Q8NI38,False
Q8NI51,False
Q8NI60,True
Q8NI77,True
Q8TA86,False
Q8TAA9,True
Q8TAB3,True
Q8TAB5,False
Q8TAC2,True
Q8TAC9,False
Q8TAD2,False
Q8TAD4,False
Q8TAD8,True
Q8TAE7,False
Q8TAE8,True
Q8TAF3,True
Q8TAF8,False
Q8TAG5,False
Q8TAG9,False
Q8TAI7,True
Q8TAK5,False
Q8TAK6,False
Q8TAM1,False
Q8TAM2,False
Q8TAM6,False
Q8TAP4,False
Q8TAP6,False
Q8TAP8,False
Q8TAP9,False
Q8TAQ2,True
Q8TAS1,False
Q8TAT2,False
Q8TAT5,True
Q8TAT6,True
Q8TAU3,False
Q8TAV3,False
Q8TAX0,False
Q8TAX7,False
Q8TAX9,True
Q8TAY7,False
Q8TAZ6,False
Q8TB24,True
Q8TB36,True
Q8TB37,False
Q8TB40,False
Q8TB45,True
Q8TB61,False
Q8TB68,False
Q8TB72,True
Q8TB73,False
Q8TB92,False
Q8TBA6,False
Q8TBB0,False
Q8TBB1,True
Q8TBB6,False
Q8TBC3,True
Q8TBC4,True
Q8TBC5,False
Q8TBE0,False
Q8TBE1,False
Q8TBE3,False
Q8TBE7,False
Q8TBE9,True
Q8TBF2,False
Q8TBG4,True
Q8TBG9,False
Q8TBJ4,False
Q8TBK2,True
Q8TBK6,False
Q8TBM7,False
Q8TBM8,False
Q8TBN0,True
Q8TBP5,False
Q8TBX8,True
Q8TBY0,False
Q8TBY8,False
Q8TBY9,True
Q8TBZ2,False
Q8TBZ3,True
Q8TBZ6,True
Q8TBZ8,False
Q8TC05,False
Q8TC07,False
Q8TC12,False
Q8TC20,False
Q8TC26,False
Q8TC27,False
Q8TC29,True
Q8TC36,False
Q8TC41,False
Q8TC44,False
Q8TC57,False
Q8TC59,True
Q8TC71,False
Q8TC76,False
Q8TC84,False
Q8TC92,False
Q8TC94,False
Q8TCB7,True
Q8TCC7,False
Q8TCD1,False
Q8TCD5,True
Q8TCE6,True
Q8TCE9,True
Q8TCF1,True
Q8TCG1,True
Q8TCG2,True
Q8TCG5,True
Q8TCI5,False
Q8TCJ0,False
Q8TCJ2,True
Q8TCQ1,False
Q8TCS8,True
Q8TCT0,False
Q8TCT1,False
Q8TCT6,False
Q8TCT7,False
Q8TCT8,True
Q8TCT9,False
Q8TCU3,True
Q8TCU4,False
Q8TCU5,True
Q8TCU6,True
Q8TCX1,True
Q8TCX5,False
Q8TCY5,True
Q8TCY9,False
Q8TCZ2,False
Q8TD06,True
Q8TD07,False
Q8TD08,False
Q8TD10,False
Q8TD16,True
Q8TD17,False
Q8TD19,True
Q8TD20,False
Q8TD22,False
Q8TD23,False
Q8TD26,True
Q8TD30,True
Q8TD31,False
Q8TD43,True
Q8TD46,True
Q8TD57,True
Q8TD84,True
Q8TD91,False
Q8TDB4,False
Q8TDB6,True
Q8TDB8,False
Q8TDC0,False
Q8TDC3,False
Q8TDD1,True
Q8TDD2,False
Q8TDD5,True
Q8TDE3,False
Q8TDF5,False
Q8TDF6,True
Q8TDG2,False
Q8TDG4,False
Q8TDH9,False
Q8TDI0,True
Q8TDI7,False
Q8TDI8,True
Q8TDJ6,False
Q8TDL5,False
Q8TDM5,False
Q8TDM6,True
Q8TDN1,False
Q8TDN2,False
Q8TDN4,False
Q8TDN7,False
Q8TDP1,True
Q8TDQ0,True
Q8TDQ1,True
Q8TDQ7,False
Q8TDR0,True
Q8TDR2,False
Q8TDR4,False
Q8TDS4,True
Q8TDS5,False
Q8TDS7,True
Q8TDT2,False
Q8TDU6,True
Q8TDV0,False
Q8TDW0,True
Q8TDW5,False
Q8TDW7,False
Q8TDX5,True
Q8TDX6,False
Q8TDX7,True
Q8TDX9,False
Q8TDY2,True
Q8TDY4,True
Q8TDZ2,True
Q8TE02,False
Q8TE04,True
Q8TE12,True
Q8TE23,True
Q8TE49,True
Q8TE54,True
Q8TE56,False
Q8TE57,False
Q8TE58,False
Q8TE59,False
Q8TE60,False
Q8TE67,True
Q8TE68,True
Q8TE73,True
Q8TE76,True
Q8TE77,False
Q8TE85,False
Q8TE99,False
Q8TEA1,True
Q8TEA7,False
Q8TEA8,True
Q8TEB1,False
Q8TEB7,True
Q8TEB9,True
Q8TEC5,False
Q8TED0,True
Q8TED1,True
Q8TED4,True
Q8TED9,False
Q8TEH3,True
Q8TEJ3,False
Q8TEK3,True
Q8TEL6,False
Q8TEM1,True
Q8TEP8,True
Q8TEQ6,True
Q8TEQ8,False
Q8TER0,False
Q8TER5,False
Q8TES7,False
Q8TEU7,True
Q8TEU8,False
Q8TEV9,True
Q8TEW0,True
Q8TEW6,False
Q8TEW8,False
Q8TEX9,True
Q8TEY5,False
Q8TEY7,True
Q8TEZ7,False
Q8TF01,False
Q8TF05,False
Q8TF09,True
Q8TF17,False
Q8TF30,True
Q8TF40,True
Q8TF42,True
Q8TF46,True
Q8TF47,False
Q8TF50,False
Q8TF62,False
Q8TF63,False
Q8TF65,True
Q8TF66,False
Q8TF71,True
Q8TF72,True
Q8TF74,False
Q8TF76,True
Q8WTP8,False
Q8WTQ1,True
Q8WTQ7,False
Q8WTR2,True
Q8WTR4,False
Q8WTR7,True
Q8WTS1,False
Q8WTS6,True
Q8WTT0,True
Q8WTT2,True
Q8WTU0,True
Q8WTV0,False
Q8WTV1,False
Q8WTW3,False
Q8WTW4,True
Q8WTX7,True
Q8WTX9,False
Q8WU03,False
Q8WU08,True
Q8WU10,True
Q8WU17,False
Q8WU20,True
Q8WU39,True
Q8WU58,False
Q8WU66,False
Q8WU67,False
Q8WU68,False
Q8WU79,True
Q8WU90,False
Q8WUA4,True
Q8WUA7,True
Q8WUA8,False
Q8WUB8,True
Q8WUD1,True
Q8WUD6,True
Q8WUE5,False
Q8WUF5,True
Q8WUF8,False
Q8WUG5,False
Q8WUH2,False
Q8WUI4,True
Q8WUJ0,True
Q8WUJ3,False
Q8WUK0,False
Q8WUM0,True
Q8WUM4,True
Q8WUM9,False
Q8WUP2,True
Q8WUQ7,True
Q8WUU4,False
Q8WUU5,True
Q8WUU8,False
Q8WUW1,True
Q8WUX1,False
Q8WUX9,False
Q8WUY3,False
Q8WV16,True
Q8WV19,False
Q8WV22,True
Q8WV24,False
Q8WV28,True
Q8WV41,True
Q8WV44,True
Q8WV74,False
Q8WV92,True
Q8WV93,False
Q8WV99,True
Q8WVB3,False
Q8WVB6,True
Q8WVC0,True
Q8WVD3,False
Q8WVD5,True
Q8WVE7,False
Q8WVF1,False
Q8WVJ2,False
Q8WVJ9,False
Q8WVK7,True
Q8WVM0,True
Q8WVM7,True
Q8WVM8,False
Q8WVN6,False
Q8WVN8,True
Q8WVP5,False
Q8WVP7,False
Q8WVQ1,True
Q8WVR3,False
Q8WVS4,True
Q8WVT3,False
Q8WVV4,True
Q8WVV5,True
Q8WVV9,True
Q8WVX3,False
Q8WVX9,False
Q8WVY7,True
Q8WVZ1,False
Q8WVZ7,False
Q8WVZ9,False
Q8WW01,True
Q8WW12,False
Q8WW22,False
Q8WW24,True
Q8WW34,False
Q8WW35,True
Q8WW38,False
Q8WW43,True
Q8WWA0,True
Q8WWB3,False
Q8WWB5,False
Q8WWB7,False
Q8WWC4,False
Q8WWF3,False
Q8WWF5,False
Q8WWG9,False
Q8WWH4,False
Q8WWH5,True
Q8WWI1,True
Q8WWI5,True
Q8WWK9,False
Q8WWL2,True
Q8WWL7,False
Q8WWM7,False
Q8WWM9,True
Q8WWN8,True
Q8WWN9,True
Q8WWP7,True
Q8WWQ0,True
Q8WWQ2,False
Q8WWQ8,True
Q8WWR8,False
Q8WWT9,True
Q8WWU5,False
Q8WWV3,True
Q8WWV6,False
Q8WWW0,True
Q8WWW8,False
Q8WWX8,False
Q8WWX9,False
Q8WWY3,True
Q8WWY6,False
Q8WWY8,False
Q8WWZ1,True
Q8WWZ3,False
Q8WWZ4,False
Q8WWZ7,False
Q8WWZ8,False
Q8WX92,True
Q8WX93,True
Q8WX94,True
Q8WXA3,False
Q8WXA8,False
Q8WXA9,False
Q8WXB1,True
Q8WXC3,True
Q8WXC6,False
Q8WXD0,True
Q8WXD2,False
Q8WXD5,True
Q8WXE1,True
Q8WXE9,True
Q8WXF0,False
Q8WXF1,True
Q8WXF3,True
Q8WXF7,True
Q8WXF8,False
Q8WXG1,False
Q8WXG6,False
Q8WXG8,True
Q8WXG9,False
Q8WXH0,True
Q8WXH2,False
Q8WXH4,True
Q8WXH5,True
Q8WXH6,False
Q8WXI2,True
Q8WXI3,False
Q8WXI4,True
Q8WXI7,True
Q8WXI8,True
Q8WXI9,False
Q8WXK1,False
Q8WXK3,False
Q8WXK4,False
Q8WXR4,False
Q8WXS3,False
Q8WXS5,False
Q8WXS8,False
Q8WXU2,False
Q8WXW3,False
Q8WXX0,True
Q8WXX5,True
Q8WXX7,False
Q8WY07,False
Q8WY21,False
Q8WY36,False
Q8WY41,True
Q8WY54,False
Q8WY64,True
Q8WY91,True
Q8WY98,False
Q8WYA0,False
Q8WYA1,True
Q8WYA6,True
Q8WYB5,True
Q8WYH8,True
Q8WYJ6,True
Q8WYK0,True
Q8WYK2,False
Q8WYL5,False
Q8WYN0,True
Q8WYP3,False
Q8WYP5,True
Q8WYQ3,True
Q8WYQ5,True
Q8WYR1,False
Q8WYR4,True
Q8WZ04,False
Q8WZ19,True
Q8WZ42,True
Q8WZ55,False
Q8WZ59,False
Q8WZ60,False
Q8WZ73,True
Q8WZ74,False
Q8WZ75,False
Q8WZ82,False
Q8WZA1,True
Q8WZA2,False
Q8WZA9,True
Q92185,False
Q92186,False
Q92187,True
Q92466,True
Q92478,False
Q92481,True
Q92482,False
Q92484,True
Q92485,False
Q92496,False
Q92499,True
Q92502,False
Q92503,False
Q92504,True
Q92506,True
Q92508,True
Q92519,True
Q92520,True
Q92521,False
Q92522,True
Q92523,False
Q92526,False
Q92529,False
Q92530,True
Q92535,False
Q92536,True
Q92537,False
Q92538,False
Q92539,False
Q92540,True
Q92541,True
Q92542,True
Q92543,False
Q92544,False
Q92545,False
Q92546,False
Q92547,True
Q92551,False
Q92552,True
Q92556,True
Q92558,True
Q92560,True
Q92561,False
Q92562,True
Q92563,False
Q92564,True
Q92565,True
Q92567,False
Q92569,False
Q92570,True
Q92572,True
Q92574,True
Q92575,True
Q92581,False
Q92583,True
Q92585,True
Q92597,True
Q92598,True
Q92599,True
Q92600,True
Q92604,False
Q92608,True
Q92609,True
Q92611,False
Q92613,False
Q92614,False
Q92615,True
Q92616,False
Q92618,False
Q92619,True
Q92620,True
Q92621,True
Q92622,True
Q92624,True
Q92625,True
Q92626,False
Q92629,False
Q92630,True
Q92633,True
Q92636,False
Q92637,False
Q92643,True
Q92667,False
Q92673,True
Q92674,True
Q92681,False
Q92685,False
Q92686,False
Q92688,True
Q92692,True
Q92696,False
Q92698,False
Q92729,True
Q92730,True
Q92731,True
Q92733,False
Q92734,True
Q92736,True
Q92737,False
Q92738,True
Q92743,True
Q92747,True
Q92748,False
Q92750,False
Q92752,True
Q92753,False
Q92754,False
Q92759,True
Q92764,False
Q92765,False
Q92766,False
Q92769,True
Q92772,True
Q92777,False
Q92781,False
Q92782,False
Q92783,True
Q92784,True
Q92785,True
Q92786,True
Q92791,False
Q92793,True
Q92794,True
Q92796,True
Q92797,True
Q92800,True
Q92802,False
Q92804,True
Q92805,False
Q92806,True
Q92813,False
Q92817,True
Q92819,False
Q92820,True
Q92823,True
Q92824,False
Q92826,True
Q92830,True
Q92831,True
Q92832,True
Q92833,True
Q92834,True
Q92835,True
Q92837,True
Q92838,True
Q92839,False
Q92841,True
Q92843,True
Q92844,True
Q92845,False
Q92847,True
Q92851,False
Q92854,True
Q92858,False
Q92859,True
Q92870,False
Q92871,True
Q92874,False
Q92876,True
Q92878,True
Q92879,True
Q92882,True
Q92886,False
Q92887,True
Q92888,True
Q92889,True
Q92890,True
Q92896,False
Q92900,True
Q92901,False
Q92902,True
Q92903,False
Q92904,False
Q92905,True
Q92908,False
Q92911,False
Q92913,True
Q92915,False
Q92917,True
Q92918,True
Q92922,True
Q92925,False
Q92928,False
Q92930,False
Q92932,True
Q92934,True
Q92935,False
Q92945,True
Q92947,True
Q92949,False
Q92952,False
Q92953,False
Q92954,False
Q92956,True
Q92959,True
Q92963,True
Q92966,True
Q92968,True
Q92973,True
Q92974,True
Q92979,True
Q92982,True
Q92985,True
Q92988,False
Q92989,True
Q92990,True
Q92993,True
Q92994,False
Q92995,True
Q92997,True
Q93008,True
Q93009,True
Q93015,True
Q93033,False
Q93034,True
Q93038,True
Q93045,False
Q93050,True
Q93052,False
Q93062,True
Q93063,True
Q93070,False
Q93074,True
Q93077,True
Q93079,True
Q93084,False
Q93086,False
Q93088,True
Q93091,True
Q93096,True
Q93097,False
Q93098,False
Q93099,True
Q93100,True
Q95460,True
Q969D9,True
Q969E2,False
Q969E3,True
Q969E8,False
Q969F0,False
Q969F1,True
Q969F2,False
Q969F8,True
Q969F9,False
Q969G2,True
Q969G3,True
Q969G5,False
Q969G6,True
Q969G9,False
Q969H0,True
Q969H4,True
Q969H6,True
Q969H8,True
Q969I6,False
Q969J2,False
Q969J3,False
Q969J5,True
Q969K3,False
Q969K4,False
Q969K7,False
Q969L2,False
Q969L4,True
Q969M3,False
Q969M7,True
Q969N2,True
Q969N4,False
Q969P0,False
Q969P5,False
Q969P6,False
Q969Q1,True
Q969Q5,False
Q969Q6,False
Q969R2,False
Q969R5,True
Q969R8,True
Q969S0,False
Q969S2,False
Q969S3,True
Q969S6,False
Q969S8,False
Q969S9,True
Q969T4,False
Q969T7,True
Q969T9,False
Q969U6,False
Q969U7,True
Q969V1,True
Q969V3,True
Q969V4,True
Q969V5,True
Q969V6,True
Q969W0,True
Q969W1,False
Q969W9,False
Q969X0,True
Q969X1,False
Q969X2,False
Q969X5,False
Q969X6,True
Q969Y2,False
Q969Z0,True
Q969Z3,False
Q969Z4,False
Q96A08,True
Q96A09,False
Q96A11,False
Q96A25,False
Q96A26,False
Q96A29,False
Q96A32,False
Q96A33,True
Q96A37,False
Q96A44,True
Q96A49,True
Q96A54,True
Q96A56,False
Q96A57,False
Q96A58,True
Q96A59,False
Q96A61,False
Q96A65,True
Q96A70,False
Q96A72,True
Q96A83,True
Q96AA3,False
Q96AA8,False
Q96AB6,True
Q96AC1,True
Q96AD5,False
Q96AE4,True
Q96AE7,False
Q96AG3,True
Q96AG4,False
Q96AH0,False
Q96AH8,False
Q96AJ1,False
Q96AJ9,False
Q96AK3,False
Q96AN5,False
Q96AP0,True
Q96AP4,True
Q96AP7,False
Q96AQ6,False
Q96AQ7,False
Q96AQ8,False
Q96AT9,True
Q96AV8,False
Q96AW1,False
Q96AX1,True
Q96AX2,False
Q96AX9,False
Q96AY2,True
Q96AY3,False
Q96AY4,False
Q96AZ1,True
Q96AZ6,True
Q96B01,True
Q96B02,True
Q96B18,False
Q96B21,False
Q96B23,False
Q96B26,True
Q96B36,True
Q96B42,False
Q96B49,True
Q96B67,True
Q96B77,False
Q96B86,True
Q96B96,False
Q96B97,True
Q96BA8,False
Q96BD0,False
Q96BD5,True
Q96BD6,True
Q96BD8,True
Q96BF3,False
Q96BF6,False
Q96BH1,True
Q96BI1,False
Q96BI3,True
Q96BJ3,False
Q96BK5,False
Q96BM1,False
Q96BM9,True
Q96BN2,True
Q96BN8,True
Q96BP2,True
Q96BP3,True
Q96BR1,True
Q96BR5,True
Q96BR6,False
Q96BR9,False
Q96BS2,False
Q96BT3,True
Q96BT7,True
Q96BV0,False
Q96BW1,False
Q96BW5,False
Q96BW9,False
Q96BY2,True
Q96BY6,True
Q96BY7,False
Q96BY9,True
Q96BZ4,True
Q96BZ8,False
Q96BZ9,True
Q96C00,True
Q96C01,False
Q96C03,True
Q96C10,True
Q96C11,False
Q96C12,False
Q96C19,True
Q96C23,True
Q96C24,True
Q96C28,False
Q96C36,True
Q96C45,True
Q96C55,True
Q96C74,True
Q96C86,True
Q96C92,False
Q96CA5,True
Q96CB8,False
Q96CB9,True
Q96CC6,False
Q96CD2,True
Q96CE8,False
Q96CF2,True
Q96CG3,True
Q96CJ1,False
Q96CK0,False
Q96CM3,True
Q96CM4,False
Q96CM8,False
Q96CN4,False
Q96CN5,False
Q96CN9,False
Q96CP6,False
Q96CP7,False
Q96CQ1,False
Q96CS2,True
Q96CS3,True
Q96CS7,True
Q96CT7,True
Q96CU9,False
Q96CV9,True
Q96CW1,True
Q96CW5,True
Q96CW9,True
Q96CX3,False
Q96D03,False
Q96D05,False
Q96D09,False
Q96D15,False
Q96D21,False
Q96D31,True
Q96D42,True
Q96D46,True
Q96D53,False
Q96D59,False
Q96D71,False
Q96D96,True
Q96D98,False
Q96DA0,True
Q96DA2,True
Q96DA6,False
Q96DB2,False
Q96DB5,False
Q96DB9,True
Q96DC9,True
Q96DE0,True
Q96DE5,True
Q96DF8,True
Q96DG6,False
Q96DH6,True
Q96DI7,True
Q96DM3,True
Q96DN0,True
Q96DN2,False
Q96DN5,False
Q96DN6,False
Q96DP5,False
Q96DR4,True
Q96DR5,False
Q96DR7,True
Q96DR8,False
Q96DT5,False
Q96DT6,False
Q96DT7,True
Q96DU3,True
Q96DU7,True
Q96DV4,True
Q96DW6,False
Q96DX5,True
Q96DX7,False
Q96DX8,False
Q96DZ1,True
Q96DZ5,True
Q96DZ7,False
Q96DZ9,False
Q96E09,True
Q96E11,True
Q96E14,True
Q96E17,True
Q96E22,True
Q96E29,True
Q96E35,False
Q96E40,True
Q96E52,False
Q96E93,True
Q96EA4,True
Q96EB1,False
Q96EB6,True
Q96EC8,False
Q96ED9,False
Q96EE3,True
Q96EF0,True
Q96EF6,False
Q96EG1,False
Q96EG3,False
Q96EH3,True
Q96EH8,False
Q96EK4,True
Q96EK5,True
Q96EK6,True
Q96EK7,False
Q96EL1,True
Q96EL3,True
Q96EM0,True
Q96EN8,False
Q96EP0,True
Q96EP1,True
Q96EP5,True
Q96EP9,False
Q96EQ0,False
Q96EQ8,True
Q96ER9,False
Q96ES7,True
Q96EU6,False
Q96EU7,False
Q96EV2,False
Q96EV8,False
Q96EW2,False
Q96EX2,False
Q96EX3,True
Q96EY1,True
Q96EY4,True
Q96EY5,True
Q96EY7,True
Q96EY8,True
Q96EY9,False
Q96EZ8,False
Q96F07,False
Q96F10,True
Q96F15,True
Q96F24,True
Q96F25,False
Q96F44,True
Q96F45,False
Q96F46,True
Q96F81,True
Q96F85,False
Q96F86,True
Q96FA3,True
Q96FC9,False
Q96FE5,True
Q96FE7,False
Q96FF9,False
Q96FG2,False
Q96FH0,False
Q96FI4,True
Q96FJ0,True
Q96FJ2,True
Q96FL8,True
Q96FL9,False
Q96FM1,False
Q96FN4,False
Q96FN5,False
Q96FQ6,True
Q96FS4,False
Q96FT7,False
Q96FT9,True
Q96FV3,False
Q96FV9,True
Q96FW1,True
Q96FX2,True
Q96FX7,True
Q96FX8,False
Q96FZ2,True
Q96FZ5,False
Q96FZ7,True
Q96G01,False
Q96G03,False
Q96G04,True
Q96G21,True
Q96G23,False
Q96G25,True
Q96G28,False
Q96G30,False
Q96G42,False
Q96G46,False
Q96G61,False
Q96G74,True
Q96G75,False
Q96G79,False
Q96G91,False
Q96G97,True
Q96GA3,True
Q96GA7,True
Q96GC6,False
Q96GC9,False
Q96GD0,True
Q96GD3,True
Q96GD4,True
Q96GE4,False
Q96GE6,False
Q96GF1,False
Q96GG9,True
Q96GJ1,False
Q96GL9,False
Q96GM1,False
Q96GM5,True
Q96GM8,True
Q96GN5,True
Q96GP6,False
Q96GQ5,False
Q96GQ7,False
Q96GR2,False
Q96GR4,False
Q96GS4,False
Q96GS6,False
Q96GV9,False
Q96GW7,False
Q96GW9,False
Q96GX1,False
Q96GX5,True
Q96GX9,True
Q96GY3,True
Q96GZ6,False
Q96H15,True
Q96H20,True
Q96H22,True
Q96H55,False
Q96H72,False
Q96H86,False
Q96H96,False
Q96HA1,True
Q96HA7,True
Q96HA8,True
Q96HA9,False
Q96HB5,False
Q96HC4,True
Q96HD1,False
Q96HD9,False
Q96HE7,True
Q96HE8,False
Q96HF1,False
Q96HH6,False
Q96HH9,False
Q96HI0,True
Q96HJ3,False
Q96HJ5,False
Q96HN2,True
Q96HP0,False
Q96HP8,False
Q96HR3,True
Q96HR8,True
Q96HR9,False
Q96HS1,True
Q96HT8,False
Q96HU1,False
Q96HU8,True
Q96HW7,True
Q96HY6,True
Q96HY7,True
Q96HZ4,False
Q96I13,False
Q96I15,True
Q96I23,False
Q96I24,False
Q96I25,True
Q96I27,False
Q96I34,False
Q96I36,False
Q96I51,True
Q96I59,False
Q96I76,False
Q96I99,True
Q96IF1,False
Q96II8,False
Q96IJ6,True
Q96IK1,False
Q96IK5,False
Q96IL0,False
Q96IP4,True
Q96IQ9,False
Q96IR7,False
Q96IS3,False
Q96IT1,False
Q96IU2,False
Q96IU4,True
Q96IV0,True
Q96IV6,False
Q96IW7,False
Q96IX5,False
Q96IY1,True
Q96IY4,True
Q96IZ0,True
Q96IZ2,False
Q96IZ5,True
Q96IZ6,False
Q96IZ7,False
Q96J01,True
Q96J02,True
Q96J42,False
Q96J65,False
Q96J66,False
Q96J84,False
Q96J87,True
Q96J92,True
Q96J94,True
Q96JA1,True
Q96JA3,True
Q96JB1,False
Q96JB2,False
Q96JB3,True
Q96JB5,True
Q96JB6,False
Q96JB8,False
Q96JC1,True
Q96JC9,True
Q96JD6,False
Q96JE7,False
Q96JE9,False
Q96JF0,False
Q96JG6,False
Q96JG8,False
Q96JG9,False
Q96JH7,True
Q96JH8,True
Q96JI7,True
Q96JJ3,True
Q96JJ6,False
Q96JJ7,False
Q96JK2,True
Q96JK9,False
Q96JL9,False
Q96JM2,True
Q96JM3,True
Q96JM7,True
Q96JN0,True
Q96JN2,False
Q96JN8,True
Q96JP0,True
Q96JP2,True
Q96JP5,True
Q96JP9,False
Q96JQ0,True
Q96JQ5,False
Q96JS3,False
Q96JW4,False
Q96JX3,False
Q96JY0,True
Q96JY6,True
Q96JZ2,True
Q96K12,False
Q96K19,False
Q96K21,False
Q96K30,True
Q96K58,False
Q96K76,False
Q96K78,False
Q96K80,False
Q96K83,False
Q96KA5,False
Q96KB5,True
Q96KC8,True
Q96KG7,False
Q96KG9,False
Q96KJ9,False
Q96KK3,False
Q96KK4,False
Q96KK5,True
Q96KM6,True
Q96KN2,True
Q96KN3,False
Q96KN4,False
Q96KN7,True
Q96KN8,False
Q96KN9,True
Q96KP1,False
Q96KP4,True
Q96KP6,False
Q96KQ4,True
Q96KQ7,True
Q96KR6,False
Q96KR7,False
Q96KS0,True
Q96KV7,False
Q96L08,False
Q96L12,False
Q96L21,True
Q96L33,False
Q96L34,True
Q96L42,False
Q96L46,False
Q96L50,True
Q96L58,True
Q96L73,True
Q96L91,True
Q96L92,True
Q96L93,True
Q96L96,False
Q96LA5,False
Q96LA6,False
Q96LA8,True
Q96LA9,True
Q96LB1,True
Q96LB2,True
Q96LB3,False
Q96LB4,False
Q96LB8,True
Q96LB9,True
Q96LC7,False
Q96LC9,True
Q96LD1,False
Q96LD4,False
Q96LD8,True
Q96LI5,True
Q96LI6,False
Q96LJ7,True
Q96LJ8,False
Q96LK0,False
Q96LL4,False
Q96LL9,True
Q96LM5,False
Q96LM6,False
Q96LR2,False
Q96LR5,True
Q96LR9,False
Q96LT4,True
Q96LT7,True
Q96LT9,True
Q96LW4,True
Q96LW7,True
Q96LX7,False
Q96LX8,False
Q96LZ3,False
Q96LZ7,False
Q96M02,False
Q96M11,False
Q96M27,False
Q96M29,False
Q96M32,False
Q96M61,False
Q96M63,True
Q96M86,False
Q96M91,True
Q96M94,False
Q96M96,False
Q96M98,True
Q96MA6,False
Q96MC2,True
Q96MD2,True
Q96MF2,True
Q96MF7,True
Q96MG2,False
Q96MG7,True
Q96MG8,True
Q96MH2,False
Q96MH6,False
Q96MI9,False
Q96MK3,True
Q96MM3,False
Q96MM7,False
Q96MN2,True
Q96MN9,False
Q96MP8,False
Q96MR6,True
Q96MS0,True
Q96MT3,False
Q96MT7,True
Q96MT8,True
Q96MU7,True
Q96MU8,True
Q96MV1,False
Q96MV8,False
Q96MW5,False
Q96MX0,False
Q96MX3,False
Q96MY7,False
Q96N11,True
Q96N16,False
Q96N19,False
Q96N21,True
Q96N23,False
Q96N58,False
Q96N64,False
Q96N66,True
Q96N67,True
Q96N76,False
Q96N77,False
Q96N87,False
Q96N95,False
Q96N96,False
Q96NA2,True
Q96NB1,False
Q96NB2,False
Q96NB3,False
Q96NC0,True
Q96NE9,False
Q96NG3,True
Q96NG5,False
Q96NH3,False
Q96NI6,True
Q96NL3,False
Q96NL6,False
Q96NL8,False
Q96NM4,False
Q96NN9,True
Q96NR3,False
Q96NR8,False
Q96NT0,False
Q96NT3,False
Q96NT5,False
Q96NU1,False
Q96NU7,False
Q96NW4,True
Q96NW7,True
Q96NX5,True
Q96NY7,False
Q96NY8,True
Q96NY9,True
Q96NZ1,False
Q96NZ8,True
Q96NZ9,False
Q96P09,True
Q96P11,True
Q96P15,False
Q96P16,True
Q96P20,True
Q96P26,False
Q96P31,False
Q96P44,False
Q96P47,True
Q96P48,True
Q96P53,False
Q96P56,False
Q96P63,False
Q96P65,True
Q96P66,True
Q96P68,True
Q96P70,True
Q96P71,False
Q96PB1,False
Q96PB7,False
Q96PC2,False
Q96PC3,True
Q96PC5,False
Q96PD2,False
Q96PD4,True
Q96PD5,False
Q96PD6,False
Q96PD7,False
Q96PE1,False
Q96PE2,False
Q96PE3,False
Q96PE7,True
Q96PF1,False
Q96PF2,False
Q96PG8,False
Q96PH1,True
Q96PH6,False
Q96PJ5,False
Q96PK6,True
Q96PL5,False
Q96PM5,True
Q96PM9,False
Q96PN6,True
Q96PN7,False
Q96PN8,False
Q96PP8,True
Q96PP9,False
Q96PQ0,True
Q96PQ1,False
Q96PQ6,False
Q96PQ7,False
Q96PR1,False
Q96PS8,True
Q96PU4,True
Q96PU5,True
Q96PU8,True
Q96PV0,False
Q96PV4,False
Q96PV6,True
Q96PV7,False
Q96PX1,False
Q96PX8,True
Q96PX9,False
Q96PY5,True
Q96PY6,True
Q96PZ0,True
Q96PZ2,True
Q96PZ7,True
Q96Q04,True
Q96Q05,False
Q96Q06,False
Q96Q11,True
Q96Q15,True
Q96Q27,False
Q96Q35,False
Q96Q40,False
Q96Q42,False
Q96Q45,False
Q96Q77,True
Q96Q80,False
Q96Q83,True
Q96Q89,False
Q96Q91,False
Q96QA5,False
Q96QB1,True
Q96QC0,True
Q96QD8,False
Q96QD9,False
Q96QE2,False
Q96QE3,True
Q96QE5,True
Q96QF0,True
Q96QF7,False
Q96QG7,False
Q96QH2,False
Q96QI5,False
Q96QK1,True
Q96QP1,True
Q96QR8,False
Q96QS3,False
Q96QS6,False
Q96QT4,False
Q96QT6,True
Q96QU1,True
Q96QU8,False
Q96QV1,True
Q96QV6,True
Q96QZ7,True
Q96R06,False
Q96RD6,True
Q96RD7,True
Q96RD9,True
Q96RE7,True
Q96RE9,False
Q96RF0,False
Q96RG2,True
Q96RI0,True
Q96RI1,True
Q96RI8,False
Q96RI9,False
Q96RJ0,True
Q96RJ3,True
Q96RJ6,False
Q96RK0,True
Q96RK4,True
Q96RL1,True
Q96RL6,False
Q96RL7,False
Q96RN1,False
Q96RN5,True
Q96RP3,True
Q96RP7,False
Q96RP8,False
Q96RP9,True
Q96RQ1,False
Q96RQ3,True
Q96RQ9,False
Q96RR1,True
Q96RR4,True
Q96RS0,True
Q96RS6,False
Q96RT1,True
Q96RT7,True
Q96RT8,True
Q96RU2,True
Q96RU3,True
Q96RU7,False
Q96RU8,True
Q96RW7,False
Q96RY5,False
Q96RY7,True
Q96S06,False
Q96S15,True
Q96S16,False
Q96S21,False
Q96S37,True
Q96S38,False
Q96S42,True
Q96S44,True
Q96S52,True
Q96S53,False
Q96S55,True
Q96S59,True
Q96S65,False
Q96S66,False
Q96S82,True
Q96S94,False
Q96S97,False
Q96S99,False
Q96SA4,False
Q96SB3,False
Q96SB4,True
Q96SB8,False
Q96SD1,True
Q96SF7,False
Q96SI1,True
Q96SI9,True
Q96SJ8,False
Q96SL1,False
Q96SL4,True
Q96SN7,False
Q96SN8,True
Q96SQ5,False
Q96SQ7,False
Q96SQ9,False
Q96ST2,True
Q96ST3,False
Q96ST8,False
Q96SU4,False
Q96SW2,True
Q96SY0,True
Q96SZ4,True
Q96SZ5,True
Q96SZ6,False
Q96T17,False
Q96T21,True
Q96T23,False
Q96T37,True
Q96T49,False
Q96T51,True
Q96T52,False
Q96T53,False
Q96T54,False
Q96T55,False
Q96T58,True
Q96T60,True
Q96T66,True
Q96T68,True
Q96T76,False
Q96T83,False
Q96T88,True
Q96T91,False
Q96TA1,True
Q96TA2,False
Q96TC7,True
Q99062,True
Q99075,True
Q99081,True
Q99102,False
Q99217,False
Q99250,True
Q99259,True
Q99417,True
Q99418,True
Q99424,False
Q99426,False
Q99435,True
Q99436,True
Q99437,True
Q99439,True
Q99442,True
Q99447,True
Q99453,True
Q99456,False
Q99459,True
Q99460,True
Q99466,True
Q99467,True
Q99469,True
Q99471,True
Q99487,False
Q99489,True
Q99490,True
Q99496,True
Q99497,True
Q99500,True
Q99501,False
Q99502,False
Q99504,True
Q99518,False
Q99519,False
Q99523,True
Q99527,True
Q99536,True
Q99538,True
Q99541,False
Q99542,False
Q99543,True
Q99547,True
Q99549,True
Q99550,False
Q99551,True
Q99558,True
Q99567,True
Q99569,False
Q99570,True
Q99571,True
Q99572,True
Q99574,True
Q99575,True
Q99576,False
Q99578,False
Q99581,True
Q99583,False
Q99584,True
Q99590,False
Q99592,True
Q99593,True
Q99594,True
Q99595,False
Q99598,True
Q99607,False
Q99608,False
Q99611,False
Q99612,False
Q99613,True
Q99614,False
Q99615,False
Q99616,True
Q99619,True
Q99622,False
Q99623,True
Q99624,False
Q99626,True
Q99627,True
Q99633,True
Q99638,True
Q99640,True
Q99643,True
Q99645,False
Q99650,False
Q99653,True
Q99661,True
Q99665,True
Q99674,False
Q99675,True
Q99677,False
Q99678,True
Q99683,True
Q99684,False
Q99685,True
Q99687,False
Q99689,False
Q99697,True
Q99698,False
Q99700,True
Q99704,True
Q99705,True
Q99706,True
Q99707,True
Q99708,True
Q99712,False
Q99714,True
Q99715,False
Q99717,True
Q99719,True
Q99720,True
Q99726,True
Q99728,True
Q99729,True
Q99731,True
Q99732,False
Q99733,False
Q99735,True
Q99741,True
Q99743,False
Q99747,False
Q99748,True
Q99750,False
Q99755,False
Q99757,True
Q99758,True
Q99759,True
Q99766,False
Q99767,False
Q99784,True
Q99788,True
Q99795,False
Q99797,False
Q99798,False
Q99801,True
Q99807,True
Q99808,True
Q99814,True
Q99816,True
Q99828,True
Q99829,False
Q99832,True
Q99835,True
Q99836,True
Q99848,True
Q99853,False
Q99856,True
Q99871,True
Q99873,True
Q99877,True
Q99878,True
Q99879,True
Q99880,False
Q99884,False
Q99895,True
Q99909,False
Q99928,False
Q99929,False
Q99932,True
Q99933,True
Q99935,False
Q99941,False
Q99942,False
Q99943,False
Q99944,False
Q99946,False
Q99952,True
Q99956,True
Q99958,True
Q99959,True
Q99961,False
Q99962,True
Q99963,True
Q99965,False
Q99966,False
Q99967,True
Q99969,True
Q99972,True
Q99973,False
Q99983,True
Q99985,False
Q99986,True
Q99988,True
Q99990,False
Q99996,False
Q99999,False
Q9BPU6,True
Q9BPU9,False
Q9BPV8,False
Q9BPW5,False
Q9BPW8,False
Q9BPW9,False
Q9BPX1,True
Q9BPX3,True
Q9BPX6,True
Q9BPY8,False
Q9BPZ3,True
Q9BPZ7,True
Q9BQ04,True
Q9BQ15,True
Q9BQ16,False
Q9BQ24,True
Q9BQ31,False
Q9BQ39,True
Q9BQ50,True
Q9BQ51,True
Q9BQ52,True
Q9BQ61,False
Q9BQ65,True
Q9BQ66,False
Q9BQ67,False
Q9BQ69,True
Q9BQ70,False
Q9BQ83,False
Q9BQ87,False
Q9BQ89,False
Q9BQ90,True
Q9BQ95,True
Q9BQA1,True
Q9BQA5,False
Q9BQA9,True
Q9BQB4,True
Q9BQB6,True
Q9BQC3,False
Q9BQD3,False
Q9BQD7,False
Q9BQE3,False
Q9BQE4,True
Q9BQE5,True
Q9BQE9,False
Q9BQF6,True
Q9BQG0,False
Q9BQG1,False
Q9BQG2,True
Q9BQI0,True
Q9BQI3,False
Q9BQI5,True
Q9BQI6,True
Q9BQJ4,False
Q9BQK8,False
Q9BQL6,False
Q9BQP7,True
Q9BQQ3,True
Q9BQS2,False
Q9BQS7,False
Q9BQS8,True
Q9BQT8,False
Q9BQT9,False
Q9BQW3,False
Q9BQY4,False
Q9BR01,True
Q9BR39,True
Q9BR61,True
Q9BR76,True
Q9BR84,False
Q9BRA0,True
Q9BRA2,True
Q9BRB3,False
Q9BRC7,False
Q9BRD0,True
Q9BRF8,False
Q9BRG1,True
Q9BRG2,False
Q9BRI3,False
Q9BRJ2,True
Q9BRJ7,True
Q9BRJ9,False
Q9BRK0,False
Q9BRK3,True
Q9BRK4,False
Q9BRK5,False
Q9BRL6,True
Q9BRL7,False
Q9BRN9,False
Q9BRP0,False
Q9BRP8,False
Q9BRQ3,True
Q9BRQ5,False
Q9BRQ6,False
Q9BRQ8,True
Q9BRR0,False
Q9BRR3,False
Q9BRR6,False
Q9BRR9,True
Q9BRS2,True
Q9BRS8,True
Q9BRT2,False
Q9BRT3,True
Q9BRT8,False
Q9BRT9,True
Q9BRU9,False
Q9BRV3,False
Q9BRV8,True
Q9BRX2,True
Q9BRX5,True
Q9BRX8,False
Q9BRX9,False
Q9BRZ2,True
Q9BS16,True
Q9BS18,True
Q9BS26,True
Q9BS31,False
Q9BS34,False
Q9BS40,True
Q9BS86,False
Q9BS91,False
Q9BSA4,True
Q9BSA9,True
Q9BSB4,True
Q9BSD3,True
Q9BSD7,True
Q9BSE2,False
Q9BSE4,True
Q9BSE5,False
Q9BSF0,True
Q9BSF4,True
Q9BSG1,False
Q9BSH4,False
Q9BSI4,True
Q9BSJ2,True
Q9BSJ5,False
Q9BSJ6,False
Q9BSJ8,False
Q9BSK1,False
Q9BSK2,False
Q9BSK4,False
Q9BSL1,True
Q9BSM1,True
Q9BSQ5,True
Q9BSR8,False
Q9BST9,False
Q9BSU1,False
Q9BSU3,False
Q9BSV6,True
Q9BSW2,True
Q9BSW7,True
Q9BSY9,False
Q9BT04,True
Q9BT09,False
Q9BT17,True
Q9BT22,False
Q9BT23,True
Q9BT25,True
Q9BT30,True
Q9BT40,False
Q9BT43,True
Q9BT49,False
Q9BT56,True
Q9BT67,False
Q9BT78,True
Q9BT81,False
Q9BT88,False
Q9BT92,False
Q9BTA0,False
Q9BTA9,False
Q9BTC0,True
Q9BTC8,False
Q9BTD3,False
Q9BTD8,True
Q9BTE3,True
Q9BTE6,False
Q9BTE7,False
Q9BTF0,False
Q9BTK6,False
Q9BTL3,True
Q9BTL4,False
Q9BTM9,False
Q9BTN0,False
Q9BTP6,True
Q9BTP7,True
Q9BTT0,True
Q9BTT4,True
Q9BTU6,True
Q9BTV4,False
Q9BTV5,False
Q9BTW9,True
Q9BTX1,True
Q9BTX3,False
Q9BTY2,False
Q9BTZ2,True
Q9BU02,True
Q9BU19,True
Q9BU20,False
Q9BU40,False
Q9BU61,False
Q9BU64,True
Q9BU76,False
Q9BU79,False
Q9BU89,True
Q9BUA3,True
Q9BUB4,False
Q9BUB5,True
Q9BUB7,False
Q9BUD6,True
Q9BUE0,True
Q9BUE6,False
Q9BUF5,False
Q9BUF7,True
Q9BUH6,True
Q9BUH8,False
Q9BUI4,True
Q9BUJ2,True
Q9BUK6,False
Q9BUL5,True
Q9BUL8,True
Q9BUL9,True
Q9BUM1,False
Q9BUN5,False
Q9BUN8,True
Q9BUP0,False
Q9BUP3,True
Q9BUQ8,True
Q9BUR4,True
Q9BUR5,False
Q9BUT1,True
Q9BUU2,False
Q9BUV0,False
Q9BUV8,False
Q9BUW7,False
Q9BUX1,False
Q9BUY5,False
Q9BUZ4,True
Q9BV10,False
Q9BV20,True
Q9BV23,True
Q9BV29,False
Q9BV35,False
Q9BV36,False
Q9BV38,True
Q9BV40,True
Q9BV44,False
Q9BV47,True
Q9BV57,True
Q9BV68,True
Q9BV73,True
Q9BV79,True
Q9BV81,True
Q9BV86,True
Q9BV90,True
Q9BV94,False
Q9BVA0,False
Q9BVA1,True
Q9BVA6,True
Q9BVC3,False
Q9BVC4,True
Q9BVC5,False
Q9BVC6,False
Q9BVG3,False
Q9BVG8,True
Q9BVG9,True
Q9BVH7,False
Q9BVI0,True
Q9BVI4,True
Q9BVJ6,True
Q9BVJ7,True
Q9BVK2,False
Q9BVK6,True
Q9BVK8,True
Q9BVL2,True
Q9BVL4,False
Q9BVM4,True
Q9BVN2,True
Q9BVP2,True
Q9BVQ7,True
Q9BVS4,True
Q9BVS5,True
Q9BVT8,False
Q9BVV2,False
Q9BVV6,False
Q9BVV7,False
Q9BVW5,True
Q9BVX2,False
Q9BW04,False
Q9BW11,False
Q9BW19,True
Q9BW27,True
Q9BW60,False
Q9BW61,True
Q9BW62,True
Q9BW66,True
Q9BW71,False
Q9BW83,False
Q9BW85,True
Q9BW91,True
Q9BW92,False
Q9BWC9,False
Q9BWD1,True
Q9BWE0,False
Q9BWF2,True
Q9BWF3,True
Q9BWG6,True
Q9BWH2,False
Q9BWH6,False
Q9BWJ5,True
Q9BWK5,True
Q9BWL3,False
Q9BWM7,False
Q9BWN1,False
Q9BWP8,True
Q9BWQ6,False
Q9BWQ8,False
Q9BWS9,True
Q9BWT1,True
Q9BWT3,True
Q9BWT7,False
Q9BWU1,False
Q9BWV1,True
Q9BWV3,True
Q9BWV7,False
Q9BWW4,False
Q9BWW7,False
Q9BWW8,False
Q9BWX1,False
Q9BWX5,False
Q9BX10,False
Q9BX40,False
Q9BX46,False
Q9BX59,True
Q9BX63,True
Q9BX66,True
Q9BX67,False
Q9BX68,True
Q9BX70,True
Q9BX74,False
Q9BX79,False
Q9BX82,False
Q9BX84,False
Q9BX95,False
Q9BX97,False
Q9BXA5,True
Q9BXA6,False
Q9BXA7,False
Q9BXA9,True
Q9BXB1,True
Q9BXB4,True
Q9BXB5,False
Q9BXB7,False
Q9BXC0,True
Q9BXC1,True
Q9BXC9,False
Q9BXD5,True
Q9BXF3,True
Q9BXF6,False
Q9BXF9,True
Q9BXH1,True
Q9BXI2,False
Q9BXI3,False
Q9BXI6,False
Q9BXI9,False
Q9BXJ0,True
Q9BXJ1,False
Q9BXJ3,False
Q9BXJ4,False
Q9BXJ5,False
Q9BXJ7,True
Q9BXJ8,True
Q9BXJ9,True
Q9BXK5,False
Q9BXL6,False
Q9BXL7,True
Q9BXL8,False
Q9BXM0,True
Q9BXM7,True
Q9BXN1,False
Q9BXN2,False
Q9BXP2,False
Q9BXP5,True
Q9BXP8,True
Q9BXR0,True
Q9BXR3,False
Q9BXR5,True
Q9BXR6,False
Q9BXS0,False
Q9BXS1,True
Q9BXS4,False
Q9BXS5,False
Q9BXS6,False
Q9BXS9,True
Q9BXT4,True
Q9BXT5,False
Q9BXT6,False
Q9BXT8,True
Q9BXU0,True
Q9BXU1,False
Q9BXU7,False
Q9BXU9,False
Q9BXV9,True
Q9BXW4,True
Q9BXW6,True
Q9BXW9,True
Q9BXX0,False
Q9BXY4,False
Q9BXY8,False
Q9BY07,False
Q9BY08,False
Q9BY10,False
Q9BY11,True
Q9BY12,True
Q9BY14,True
Q9BY15,False
Q9BY27,False
Q9BY32,True
Q9BY41,True
Q9BY42,False
Q9BY43,True
Q9BY44,True
Q9BY49,True
Q9BY50,True
Q9BY64,False
Q9BY66,True
Q9BY67,True
Q9BY76,True
Q9BY77,False
Q9BY78,False
Q9BY79,False
Q9BY84,True
Q9BYB0,True
Q9BYB4,False
Q9BYC5,True
Q9BYC8,True
Q9BYD5,False
Q9BYE0,False
Q9BYE2,True
Q9BYE3,False
Q9BYE7,True
Q9BYE9,True
Q9BYF1,True
Q9BYG0,False
Q9BYG3,True
Q9BYG4,False
Q9BYG5,False
Q9BYG8,False
Q9BYH1,True
Q9BYH8,True
Q9BYI3,True
Q9BYJ1,True
Q9BYJ4,True
Q9BYJ9,True
Q9BYK8,False
Q9BYM8,True
Q9BYN0,True
Q9BYN7,False
Q9BYP7,True
Q9BYP8,False
Q9BYP9,False
Q9BYQ0,False
Q9BYQ2,False
Q9BYQ3,False
Q9BYQ4,False
Q9BYQ5,False
Q9BYQ6,False
Q9BYQ7,False
Q9BYR0,False
Q9BYR2,False
Q9BYR3,False
Q9BYR4,False
Q9BYR5,False
Q9BYR6,False
Q9BYR7,False
Q9BYR8,False
Q9BYR9,False
Q9BYS1,False
Q9BYT1,False
Q9BYT3,True
Q9BYT8,True
Q9BYT9,False
Q9BYU1,False
Q9BYV1,False
Q9BYV2,True
Q9BYV6,False
Q9BYV7,False
Q9BYV8,False
Q9BYV9,True
Q9BYW1,False
Q9BYW2,True
Q9BYW3,False
Q9BYX2,True
Q9BYX4,True
Q9BYX7,False
Q9BYZ2,False
Q9BYZ6,False
Q9BYZ8,True
Q9BZ11,True
Q9BZ23,True
Q9BZ29,True
Q9BZ67,False
Q9BZ71,True
Q9BZ72,False
Q9BZ95,True
Q9BZA7,False
Q9BZA8,False
Q9BZB8,True
Q9BZC1,True
Q9BZC7,False
Q9BZD2,False
Q9BZD4,True
Q9BZD6,False
Q9BZE0,False
Q9BZE2,True
Q9BZE4,True
Q9BZE9,True
Q9BZF1,True
Q9BZF2,False
Q9BZF3,False
Q9BZF9,False
Q9BZG1,False
Q9BZG2,False
Q9BZG8,False
Q9BZH6,True
Q9BZI7,True
Q9BZJ0,True
Q9BZJ3,False
Q9BZJ4,False
Q9BZJ7,False
Q9BZJ8,True
Q9BZK7,True
Q9BZL1,True
Q9BZL3,False
Q9BZL4,False
Q9BZL6,True
Q9BZM1,False
Q9BZM2,False
Q9BZM3,False
Q9BZM4,True
Q9BZM5,True
Q9BZM6,False
Q9BZP6,True
Q9BZQ2,False
Q9BZQ4,False
Q9BZQ6,False
Q9BZQ8,False
Q9BZR6,True
Q9BZR8,False
Q9BZR9,False
Q9BZS1,True
Q9BZV1,True
Q9BZV2,True
Q9BZV3,False
Q9BZW2,True
Q9BZW4,False
Q9BZW7,False
Q9BZW8,False
Q9BZX2,True
Q9BZX4,False
Q9BZY9,True
Q9BZZ2,False
Q9BZZ5,True
Q9C000,True
Q9C004,True
Q9C005,True
Q9C019,True
Q9C026,True
Q9C029,True
Q9C030,False
Q9C035,True
Q9C037,False
Q9C040,True
Q9C056,False
Q9C086,True
Q9C091,False
Q9C093,False
Q9C098,False
Q9C0A0,True
Q9C0A1,False
Q9C0A6,False
Q9C0B0,False
Q9C0B1,True
Q9C0B2,False
Q9C0B5,False
Q9C0C2,False
Q9C0C4,True
Q9C0C6,False
Q9C0C7,True
Q9C0C9,True
Q9C0D0,True
Q9C0D2,False
Q9C0D3,True
Q9C0D5,False
Q9C0D6,False
Q9C0D9,False
Q9C0E2,False
Q9C0E4,True
Q9C0E8,False
Q9C0F0,False
Q9C0F1,True
Q9C0F3,False
Q9C0G0,False
Q9C0G6,True
Q9C0H2,True
Q9C0H9,False
Q9C0I1,False
Q9C0I4,False
Q9C0J1,False
Q9C0J8,True
Q9C0J9,False
Q9C0K0,False
Q9C0K1,False
Q9C0K7,False
Q9GZL7,True
Q9GZM5,False
Q9GZM7,False
Q9GZM8,True
Q9GZN0,True
Q9GZN1,True
Q9GZN2,False
Q9GZN4,False
Q9GZN7,True
Q9GZP0,False
Q9GZP9,False
Q9GZQ3,True
Q9GZQ4,True
Q9GZQ6,True
Q9GZQ8,True
Q9GZR1,False
Q9GZR2,False
Q9GZR5,False
Q9GZR7,False
Q9GZS0,True
Q9GZS1,True
Q9GZS3,True
Q9GZS9,False
Q9GZT3,True
Q9GZT4,True
Q9GZT5,False
Q9GZT8,False
Q9GZT9,True
Q9GZU1,True
Q9GZU2,True
Q9GZU5,False
Q9GZU7,True
Q9GZU8,True
Q9GZV1,False
Q9GZV3,True
Q9GZV4,False
Q9GZV5,True
Q9GZV7,False
Q9GZV8,False
Q9GZV9,True
Q9GZW8,False
Q9GZX3,False
Q9GZX5,False
Q9GZX6,True
Q9GZX7,True
Q9GZX9,True
Q9GZY0,False
Q9GZY6,True
Q9GZY8,False
Q9GZZ1,True
Q9GZZ6,False
Q9GZZ7,False
Q9GZZ8,False
Q9GZZ9,True
Q9H000,False
Q9H008,True
Q9H013,False
Q9H015,False
Q9H019,False
Q9H040,True
Q9H061,False
Q9H063,True
Q9H069,True
Q9H074,True
Q9H078,True
Q9H079,False
Q9H081,True
Q9H082,True
Q9H089,True
Q9H093,False
Q9H095,True
Q9H0A0,True
Q9H0A6,False
Q9H0A8,True
Q9H0A9,False
Q9H0B3,False
Q9H0B6,True
Q9H0B8,False
Q9H0C1,True
Q9H0C2,False
Q9H0C5,False
Q9H0C8,False
Q9H0D2,False
Q9H0D6,False
Q9H0E2,True
Q9H0E3,False
Q9H0E7,False
Q9H0E9,False
Q9H0F5,True
Q9H0F6,True
Q9H0F7,True
Q9H0G5,False
Q9H0H0,True
Q9H0H3,False
Q9H0H5,True
Q9H0I2,False
Q9H0I3,True
Q9H0J4,False
Q9H0J9,True
Q9H0K1,False
Q9H0K6,False
Q9H0L4,False
Q9H0M0,True
Q9H0M4,True
Q9H0N0,False
Q9H0N5,True
Q9H0P0,True
Q9H0Q3,True
Q9H0R1,False
Q9H0R3,False
Q9H0R5,False
Q9H0R6,False
Q9H0R8,True
Q9H0S4,True
Q9H0T7,False
Q9H0U3,True
Q9H0U4,True
Q9H0U6,True
Q9H0V9,False
Q9H0W5,True
Q9H0W8,True
Q9H0W9,True
Q9H0X6,False
Q9H0X9,False
Q9H0Y0,False
Q9H0Z9,True
Q9H112,False
Q9H115,False
Q9H116,False
Q9H147,True
Q9H156,False
Q9H159,False
Q9H160,False
Q9H161,True
Q9H165,True
Q9H169,True
Q9H171,True
Q9H172,False
Q9H173,True
Q9H175,False
Q9H190,False
Q9H195,False
Q9H1A3,True
Q9H1A4,True
Q9H1B4,False
Q9H1B5,False
Q9H1B7,True
Q9H1C4,True
Q9H1D0,True
Q9H1D9,True
Q9H1E1,True
Q9H1E3,False
Q9H1H9,False
Q9H1I8,True
Q9H1J1,True
Q9H1J5,True
Q9H1J7,False
Q9H1K0,True
Q9H1K1,True
Q9H1K4,False
Q9H1M4,False
Q9H1N7,False
Q9H1P3,True
Q9H1P6,False
Q9H1R2,True
Q9H1R3,True
Q9H1U9,False
Q9H1V8,False
Q9H1X1,True
Q9H1Y0,True
Q9H1Y3,False
Q9H201,False
Q9H204,True
Q9H211,True
Q9H221,True
Q9H222,True
Q9H223,False
Q9H227,True
Q9H228,True
Q9H237,True
Q9H239,False
Q9H244,True
Q9H251,True
Q9H252,False
Q9H254,False
Q9H255,True
Q9H257,True
Q9H267,False
Q9H269,True
Q9H270,False
Q9H293,True
Q9H295,False
Q9H299,True
Q9H2A2,False
Q9H2A7,False
Q9H2A9,False
Q9H2B2,True
Q9H2B4,False
Q9H2C0,True
Q9H2C1,False
Q9H2C2,False
Q9H2D1,False
Q9H2D6,False
Q9H2E6,True
Q9H2F3,False
Q9H2F5,True
Q9H2G2,True
Q9H2G4,False
Q9H2G9,False
Q9H2H0,True
Q9H2H8,True
Q9H2H9,False
Q9H2J4,True
Q9H2J7,False
Q9H2K0,True
Q9H2K2,True
Q9H2K8,True
Q9H2L4,False
Q9H2L5,False
Q9H2M3,False
Q9H2M9,True
Q9H2P0,False
Q9H2P9,False
Q9H2R5,False
Q9H2S1,True
Q9H2S5,False
Q9H2S6,False
Q9H2S9,True
Q9H2U1,True
Q9H2U2,False
Q9H2U9,False
Q9H2V7,True
Q9H2W1,False
Q9H2W2,False
Q9H2X0,False
Q9H2X3,True
Q9H2X6,True
Q9H2X9,True
Q9H2Y7,False
Q9H300,False
Q9H305,False
Q9H306,False
Q9H307,False
Q9H310,False
Q9H313,True
Q9H320,False
Q9H324,False
Q9H329,False
Q9H334,True
Q9H361,True
Q9H3D4,True
Q9H3F6,True
Q9H3H1,False
Q9H3H3,True
Q9H3H5,True
Q9H3J6,True
Q9H3K2,False
Q9H3K6,False
Q9H3L0,True
Q9H3M0,False
Q9H3M7,True
Q9H3M9,True
Q9H3N1,True
Q9H3N8,True
Q9H3P2,True
Q9H3P7,True
Q9H3Q1,False
Q9H3Q3,False
Q9H3R0,True
Q9H3R1,False
Q9H3R2,False
Q9H3R5,True
Q9H3S1,False
Q9H3S3,False
Q9H3S4,True
Q9H3S5,False
Q9H3S7,True
Q9H3T2,False
Q9H3T3,False
Q9H3U1,True
Q9H3U5,False
Q9H3U7,False
Q9H3Y6,False
Q9H3Z4,True
Q9H400,False
Q9H410,True
Q9H422,True
Q9H427,False
Q9H444,True
Q9H461,True
Q9H467,False
Q9H469,False
Q9H477,True
Q9H479,True
Q9H488,True
Q9H490,True
Q9H492,True
Q9H497,False
Q9H4A3,True
Q9H4A5,False
Q9H4A6,True
Q9H4A9,False
Q9H4B0,False
Q9H4B4,True
Q9H4B6,True
Q9H4B7,False
Q9H4D0,False
Q9H4D5,False
Q9H4E5,False
Q9H4E7,False
Q9H4F1,False
Q9H4F8,False
Q9H4G0,False
Q9H4G4,True
Q9H4H8,True
Q9H4I2,True
Q9H4I3,False
Q9H4I9,True
Q9H4K7,True
Q9H4L4,True
Q9H4L5,True
Q9H4L7,True
Q9H4M3,True
Q9H4M7,True
Q9H4M9,True
Q9H4P4,True
Q9H4Q3,False
Q9H4Q4,True
Q9H4T2,True
Q9H4W6,True
Q9H4X1,False
Q9H4Y5,True
Q9H4Z2,False
Q9H4Z3,True
Q9H503,False
Q9H511,False
Q9H553,False
Q9H582,False
Q9H583,True
Q9H596,False
Q9H598,False
Q9H5F2,True
Q9H5H4,False
Q9H5I1,True
Q9H5I5,False
Q9H5J4,False
Q9H5J8,False
Q9H5K3,False
Q9H5N1,False
Q9H5P4,True
Q9H5Q4,True
Q9H5U6,True
Q9H5V7,False
Q9H5V8,False
Q9H5V9,True
Q9H5X1,True
Q9H5Y7,False
Q9H5Z1,False
Q9H5Z6,False
Q9H611,True
Q9H633,True
Q9H649,False
Q9H668,True
Q9H672,True
Q9H694,True
Q9H6B4,False
Q9H6B9,False
Q9H6D3,True
Q9H6D7,True
Q9H6E4,True
Q9H6E5,True
Q9H6F5,True
Q9H6H4,False
Q9H6I2,True
Q9H6J7,False
Q9H6K1,True
Q9H6L2,False
Q9H6L4,True
Q9H6L5,True
Q9H6P5,True
Q9H6Q3,True
Q9H6Q4,False
Q9H6R0,False
Q9H6R3,False
Q9H6R4,True
Q9H6R6,False
Q9H6R7,False
Q9H6S0,True
Q9H6S1,True
Q9H6S3,True
Q9H6T0,False
Q9H6T3,True
Q9H6U6,False
Q9H6U8,False
Q9H6V9,False
Q9H6W3,True
Q9H6X2,True
Q9H6Y7,False
Q9H6Z4,True
Q9H6Z9,False
Q9H706,True
Q9H707,False
Q9H714,False
Q9H741,True
Q9H765,True
Q9H772,False
Q9H773,True
Q9H777,True
Q9H788,False
Q9H790,True
Q9H792,True
Q9H799,False
Q9H7B2,True
Q9H7B4,True
Q9H7C4,False
Q9H7D0,True
Q9H7D7,True
Q9H7E2,True
Q9H7E9,False
Q9H7F0,False
Q9H7H0,True
Q9H7L9,False
Q9H7M9,True
Q9H7N4,False
Q9H7P6,True
Q9H7P9,False
Q9H7S9,False
Q9H7T9,False
Q9H7V2,False
Q9H7X0,True
Q9H7X3,False
Q9H7Z3,True
Q9H7Z6,True
Q9H7Z7,False
Q9H808,True
Q9H813,True
Q9H814,True
Q9H816,True
Q9H825,False
Q9H832,True
Q9H840,True
Q9H845,True
Q9H867,True
Q9H869,False
Q9H871,True
Q9H875,True
Q9H892,False
Q9H8E8,False
Q9H8H0,True
Q9H8H2,False
Q9H8H3,False
Q9H8K7,False
Q9H8L6,False
Q9H8M2,True
Q9H8M5,True
Q9H8M7,True
Q9H8M9,False
Q9H8N7,False
Q9H8P0,False
Q9H8S9,True
Q9H8T0,True
Q9H8V3,True
Q9H8W4,False
Q9H8W5,True
Q9H8X2,False
Q9H8X9,False
Q9H8Y5,False
Q9H8Y8,True
Q9H900,True
Q9H902,False
Q9H903,True
Q9H910,False
Q9H936,False
Q9H944,True
Q9H974,True
Q9H977,False
Q9H981,True
Q9H987,False
Q9H992,False
Q9H993,True
Q9H999,True
Q9H9A5,True
Q9H9A7,True
Q9H9B1,True
Q9H9B4,False
Q9H9C1,False
Q9H9D4,False
Q9H9E1,True
Q9H9E3,True
Q9H9F9,True
Q9H9G7,True
Q9H9H4,True
Q9H9J2,True
Q9H9J4,False
Q9H9K5,False
Q9H9L4,True
Q9H9L7,False
Q9H9P2,False
Q9H9P5,False
Q9H9P8,False
Q9H9Q2,True
Q9H9Q4,True
Q9H9S0,True
Q9H9S5,True
Q9H9T3,True
Q9H9V4,False
Q9H9V9,False
Q9H9Y6,True
Q9H9Z2,True
Q9HA38,False
Q9HA47,True
Q9HA65,False
Q9HA72,True
Q9HA77,False
Q9HA82,False
Q9HAB3,True
Q9HAB8,True
Q9HAC7,True
Q9HAC8,False
Q9HAD4,True
Q9HAE3,True
Q9HAF1,False
Q9HAI6,True
Q9HAJ7,True
Q9HAK2,False
Q9HAN9,True
Q9HAP2,False
Q9HAP6,True
Q9HAQ2,True
Q9HAR2,True
Q9HAS0,False
Q9HAS3,True
Q9HAT0,False
Q9HAT2,False
Q9HAT8,True
Q9HAU0,True
Q9HAU4,True
Q9HAU5,True
Q9HAU8,False
Q9HAV0,False
Q9HAV4,True
Q9HAV5,False
Q9HAV7,True
Q9HAW0,True
Q9HAW4,True
Q9HAW7,False
Q9HAW8,False
Q9HAW9,False
Q9HAY6,False
Q9HAZ1,True
Q9HAZ2,True
Q9HB03,False
Q9HB07,False
Q9HB14,True
Q9HB15,False
Q9HB19,False
Q9HB20,True
Q9HB21,True
Q9HB29,True
Q9HB55,False
Q9HB58,False
Q9HB63,False
Q9HB65,False
Q9HB71,True
Q9HB75,True
Q9HB89,True
Q9HB90,True
Q9HB96,True
Q9HBA0,True
Q9HBA9,False
Q9HBB8,True
Q9HBD1,True
Q9HBE1,True
Q9HBE4,True
Q9HBE5,True
Q9HBF4,False
Q9HBG4,True
Q9HBG6,True
Q9HBG7,False
Q9HBH0,False
Q9HBH1,True
Q9HBH5,False
Q9HBH7,False
Q9HBH9,True
Q9HBI0,False
Q9HBI1,True
Q9HBI6,False
Q9HBJ7,False
Q9HBJ8,False
Q9HBK9,True
Q9HBL0,False
Q9HBL8,True
Q9HBM0,False
Q9HBM1,True
Q9HBM6,True
Q9HBT6,False
Q9HBT8,False
Q9HBU6,False
Q9HBU9,False
Q9HBV2,False
Q9HBW0,True
Q9HBW1,True
Q9HBW9,True
Q9HBX8,False
Q9HBX9,True
Q9HBY0,False
Q9HBY8,False
Q9HBZ2,False
Q9HC07,False
Q9HC10,False
Q9HC16,True
Q9HC21,False
Q9HC23,False
Q9HC24,False
Q9HC29,False
Q9HC35,True
Q9HC36,True
Q9HC52,True
Q9HC58,False
Q9HC62,True
Q9HC73,True
Q9HC77,True
Q9HC78,True
Q9HC84,True
Q9HC96,False
Q9HC97,True
Q9HC98,False
Q9HCB6,True
Q9HCC0,True
Q9HCC8,False
Q9HCC9,True
Q9HCD5,True
Q9HCD6,False
Q9HCE0,True
Q9HCE1,False
Q9HCE5,True
Q9HCE6,False
Q9HCE7,True
Q9HCE9,False
Q9HCF6,True
Q9HCG7,False
Q9HCG8,True
Q9HCH0,False
Q9HCH3,False
Q9HCH5,True
Q9HCI5,False
Q9HCI7,True
Q9HCJ0,True
Q9HCJ1,False
Q9HCJ2,True
Q9HCK0,False
Q9HCK4,True
Q9HCK5,True
Q9HCK8,True
Q9HCL2,True
Q9HCM1,False
Q9HCM2,True
Q9HCM3,False
Q9HCM4,False
Q9HCM9,True
Q9HCN3,False
Q9HCN4,False
Q9HCN6,True
Q9HCP0,True
Q9HCP6,False
Q9HCQ5,False
Q9HCQ7,False
Q9HCR9,False
Q9HCS2,False
Q9HCS4,False
Q9HCS7,True
Q9HCU0,False
Q9HCU4,False
Q9HCU5,True
Q9HCU8,True
Q9HCU9,True
Q9HCX3,False
Q9HCX4,False
Q9HCY8,True
Q9HD15,True
Q9HD20,True
Q9HD23,True
Q9HD26,True
Q9HD34,True
Q9HD36,True
Q9HD40,True
Q9HD42,True
Q9HD43,True
Q9HD47,True
Q9HD67,True
Q9HD89,False
Q9HD90,False
Q9HDB5,False
Q9HDC5,True
Q9HDC9,False
Q9HDD0,False
Q9N2K0,False
Q9NNW5,False
Q9NNW7,False
Q9NNX1,False
Q9NNX6,True
Q9NP08,False
Q9NP31,False
Q9NP50,False
Q9NP55,True
Q9NP56,False
Q9NP58,True
Q9NP59,True
Q9NP60,True
Q9NP61,True
Q9NP62,False
Q9NP64,True
Q9NP66,False
Q9NP70,False
Q9NP71,True
Q9NP72,True
Q9NP73,False
Q9NP74,False
Q9NP77,True
Q9NP78,False
Q9NP79,True
Q9NP80,False
Q9NP81,True
Q9NP84,True
Q9NP85,False
Q9NP86,False
Q9NP87,True
Q9NP90,True
Q9NP91,True
Q9NP94,False
Q9NP95,True
Q9NP97,True
Q9NP98,True
Q9NP99,True
Q9NPA0,True
Q9NPA1,False
Q9NPA2,False
Q9NPA8,True
Q9NPB0,False
Q9NPB1,True
Q9NPB3,False
Q9NPB6,True
Q9NPB9,False
Q9NPC1,False
Q9NPC2,True
Q9NPC3,True
Q9NPC4,False
Q9NPC6,False
Q9NPC7,True
Q9NPC8,False
Q9NPD3,True
Q9NPD5,True
Q9NPD8,True
Q9NPE2,False
Q9NPE3,True
Q9NPE6,False
Q9NPF0,True
Q9NPF2,False
Q9NPF4,True
Q9NPF5,True
Q9NPF7,True
Q9NPF8,False
Q9NPG1,True
Q9NPG2,True
Q9NPG3,True
Q9NPG4,False
Q9NPG8,False
Q9NPH0,True
Q9NPH2,False
Q9NPH3,True
Q9NPH5,False
Q9NPH9,False
Q9NPI0,False
Q9NPI1,True
Q9NPI5,False
Q9NPI6,True
Q9NPI8,True
Q9NPI9,False
Q9NPJ1,False
Q9NPJ3,True
Q9NPJ4,True
Q9NPJ6,True
Q9NPJ8,False
Q9NPL8,False
Q9NPP4,True
Q9NPQ8,False
Q9NPR2,False
Q9NPR9,False
Q9NPY3,True
Q9NPZ5,True
Q9NQ11,True
Q9NQ25,False
Q9NQ29,False
Q9NQ30,False
Q9NQ31,False
Q9NQ33,False
Q9NQ34,False
Q9NQ36,False
Q9NQ38,True
Q9NQ40,True
Q9NQ48,False
Q9NQ50,True
Q9NQ55,True
Q9NQ66,False
Q9NQ69,True
Q9NQ75,True
Q9NQ76,False
Q9NQ79,False
Q9NQ84,False
Q9NQ86,True
Q9NQ87,False
Q9NQ88,True
Q9NQ89,False
Q9NQ90,False
Q9NQ92,False
Q9NQ94,True
Q9NQA5,True
Q9NQB0,True
Q9NQC1,False
Q9NQC3,True
Q9NQC7,True
Q9NQC8,False
Q9NQE9,False
Q9NQG1,False
Q9NQG5,True
Q9NQG6,True
Q9NQG7,True
Q9NQH7,True
Q9NQI0,False
Q9NQL2,True
Q9NQL9,False
Q9NQM4,False
Q9NQP4,True
Q9NQQ7,False
Q9NQR1,True
Q9NQR4,False
Q9NQR9,False
Q9NQS3,True
Q9NQS5,True
Q9NQS7,True
Q9NQT4,True
Q9NQT5,True
Q9NQT8,True
Q9NQU5,True
Q9NQV5,True
Q9NQV6,True
Q9NQV7,True
Q9NQV8,False
Q9NQW1,False
Q9NQW5,False
Q9NQW6,True
Q9NQW7,True
Q9NQW8,True
Q9NQX0,False
Q9NQX1,True
Q9NQX3,True
Q9NQX4,True
Q9NQX5,False
Q9NQX7,False
Q9NQY0,False
Q9NQZ2,True
Q9NQZ3,False
Q9NQZ5,False
Q9NQZ6,True
Q9NQZ7,False
Q9NQZ8,False
Q9NR00,False
Q9NR09,True
Q9NR11,False
Q9NR12,True
Q9NR16,True
Q9NR19,False
Q9NR20,False
Q9NR21,True
Q9NR22,True
Q9NR23,False
Q9NR28,True
Q9NR30,True
Q9NR31,True
Q9NR33,False
Q9NR34,False
Q9NR45,True
Q9NR46,False
Q9NR48,True
Q9NR50,True
Q9NR55,False
Q9NR56,True
Q9NR61,True
Q9NR63,False
Q9NR71,True
Q9NR80,True
Q9NR81,False
Q9NR82,True
Q9NR83,True
Q9NR90,False
Q9NR96,True
Q9NR97,True
Q9NR99,False
Q9NRA0,False
Q9NRA1,False
Q9NRA2,True
Q9NRA8,True
Q9NRB3,False
Q9NRC1,False
Q9NRC6,False
Q9NRC8,True
Q9NRD1,False
Q9NRD5,True
Q9NRD8,False
Q9NRD9,True
Q9NRE1,False
Q9NRE2,False
Q9NRF2,True
Q9NRF8,True
Q9NRF9,False
Q9NRG0,False
Q9NRG1,True
Q9NRG4,True
Q9NRG9,True
Q9NRH2,True
Q9NRH3,False
Q9NRI5,True
Q9NRJ3,True
Q9NRJ4,False
Q9NRJ7,False
Q9NRK6,True
Q9NRL2,True
Q9NRL3,False
Q9NRM0,True
Q9NRM1,False
Q9NRM6,True
Q9NRM7,True
Q9NRN7,True
Q9NRN9,True
Q9NRP0,True
Q9NRP7,False
Q9NRQ2,True
Q9NRQ5,False
Q9NRR2,False
Q9NRR3,False
Q9NRR4,True
Q9NRR5,False
Q9NRR6,True
Q9NRR8,False
Q9NRS4,False
Q9NRS6,True
Q9NRW1,True
Q9NRW3,True
Q9NRW4,True
Q9NRW7,False
Q9NRX1,True
Q9NRX2,True
Q9NRX4,True
Q9NRX5,False
Q9NRX6,False
Q9NRY2,True
Q9NRY4,True
Q9NRY6,False
Q9NRY7,False
Q9NRZ5,False
Q9NRZ7,False
Q9NRZ9,True
Q9NS00,False
Q9NS15,False
Q9NS18,True
Q9NS23,True
Q9NS37,False
Q9NS39,False
Q9NS40,True
Q9NS56,False
Q9NS61,True
Q9NS62,False
Q9NS64,False
Q9NS68,False
Q9NS69,True
Q9NS71,False
Q9NS73,False
Q9NS75,True
Q9NS82,True
Q9NS84,False
Q9NS86,True
Q9NS87,True
Q9NS91,True
Q9NSA0,True
Q9NSA1,True
Q9NSA2,False
Q9NSA3,True
Q9NSB2,False
Q9NSB4,False
Q9NSB8,False
Q9NSC2,False
Q9NSC5,True
Q9NSC7,False
Q9NSD4,False
Q9NSD5,False
Q9NSD9,True
Q9NSE2,False
Q9NSE4,False
Q9NSG2,False
Q9NSI5,False
Q9NSI6,True
Q9NSI8,True
Q9NSK0,False
Q9NSK7,False
Q9NSN8,True
Q9NSP4,True
Q9NST1,False
Q9NSU2,True
Q9NSV4,True
Q9NSY0,False
Q9NSY1,True
Q9NT22,False
Q9NT62,True
Q9NT68,True
Q9NT99,False
Q9NTG1,False
Q9NTG7,True
Q9NTI2,False
Q9NTI5,True
Q9NTJ3,True
Q9NTJ4,False
Q9NTJ5,False
Q9NTK1,False
Q9NTK5,True
Q9NTM9,True
Q9NTN3,False
Q9NTN9,False
Q9NTQ9,False
Q9NTW7,True
Q9NTX7,True
Q9NTX9,False
Q9NU19,True
Q9NU22,True
Q9NU39,False
Q9NU63,False
Q9NUA8,False
Q9NUB1,True
Q9NUD5,False
Q9NUD9,False
Q9NUE0,False
Q9NUH8,False
Q9NUI1,True
Q9NUJ1,False
Q9NUJ3,False
Q9NUK0,False
Q9NUL3,False
Q9NUL5,True
Q9NUL7,True
Q9NUM3,False
Q9NUM4,True
Q9NUN5,False
Q9NUN7,True
Q9NUP7,False
Q9NUP9,True
Q9NUQ2,False
Q9NUQ3,False
Q9NUQ7,False
Q9NUQ9,True
Q9NUS5,True
Q9NUT2,True
Q9NUU6,True
Q9NUU7,False
Q9NUV7,False
Q9NUW8,True
Q9NUX5,True
Q9NUY8,True
Q9NV06,True
Q9NV12,False
Q9NV23,True
Q9NV29,False
Q9NV31,True
Q9NV35,True
Q9NV56,True
Q9NV58,False
Q9NV64,False
Q9NV70,False
Q9NV79,False
Q9NV88,True
Q9NV92,False
Q9NV96,True
Q9NVA1,False
Q9NVA2,True
Q9NVC3,False
Q9NVC6,True
Q9NVD3,False
Q9NVD7,True
Q9NVE5,False
Q9NVE7,False
Q9NVF7,False
Q9NVF9,False
Q9NVH0,True
Q9NVH1,False
Q9NVH2,True
Q9NVH6,False
Q9NVI1,True
Q9NVI7,False
Q9NVJ2,True
Q9NVL1,False
Q9NVL8,False
Q9NVM4,False
Q9NVM9,True
Q9NVN3,False
Q9NVN8,False
Q9NVP1,True
Q9NVP2,True
Q9NVR2,True
Q9NVR5,False
Q9NVS9,True
Q9NVT9,False
Q9NVU0,True
Q9NVU7,True
Q9NVV0,False
Q9NVV4,True
Q9NVV5,False
Q9NVV9,True
Q9NVW2,True
Q9NVX0,True
Q9NVX2,True
Q9NVX7,True
Q9NW08,True
Q9NW13,False
Q9NW15,True
Q9NW38,True
Q9NW64,True
Q9NW75,False
Q9NW81,False
Q9NW97,False
Q9NWB1,True
Q9NWB6,False
Q9NWB7,False
Q9NWD8,False
Q9NWD9,False
Q9NWF4,False
Q9NWF9,True
Q9NWH2,False
Q9NWH7,False
Q9NWH9,False
Q9NWK9,False
Q9NWL6,False
Q9NWM0,True
Q9NWM8,True
Q9NWN3,False
Q9NWQ4,False
Q9NWQ8,False
Q9NWQ9,False
Q9NWR8,False
Q9NWS0,True
Q9NWS1,False
Q9NWS6,False
Q9NWS8,False
Q9NWS9,False
Q9NWT1,False
Q9NWT6,True
Q9NWT8,True
Q9NWU1,True
Q9NWU2,True
Q9NWU5,True
Q9NWV8,True
Q9NWW5,False
Q9NWW6,True
Q9NWW9,True
Q9NWX5,False
Q9NWX6,True
Q9NWY4,True
Q9NWZ3,True
Q9NWZ5,False
Q9NWZ8,True
Q9NX01,True
Q9NX02,True
Q9NX04,True
Q9NX07,True
Q9NX08,True
Q9NX09,True
Q9NX14,True
Q9NX18,True
Q9NX24,True
Q9NX40,False
Q9NX46,True
Q9NX47,False
Q9NX52,False
Q9NX55,True
Q9NX57,False
Q9NX58,True
Q9NX61,False
Q9NX62,False
Q9NX63,False
Q9NX65,False
Q9NX70,True
Q9NX74,True
Q9NX76,False
Q9NX78,False
Q9NX94,False
Q9NX95,False
Q9NXA8,True
Q9NXB0,False
Q9NXB9,False
Q9NXC2,True
Q9NXC5,True
Q9NXE4,False
Q9NXE8,True
Q9NXF1,True
Q9NXF8,False
Q9NXG0,False
Q9NXG2,True
Q9NXG6,True
Q9NXH9,True
Q9NXI6,False
Q9NXJ5,False
Q9NXK8,False
Q9NXL9,True
Q9NXR1,True
Q9NXR5,False
Q9NXR7,True
Q9NXR8,True
Q9NXS2,True
Q9NXV2,True
Q9NXV6,False
Q9NXW2,True
Q9NXW9,False
Q9NXX6,False
Q9NXZ2,False
Q9NY12,True
Q9NY15,False
Q9NY25,True
Q9NY26,False
Q9NY27,False
Q9NY28,False
Q9NY30,False
Q9NY33,True
Q9NY35,False
Q9NY37,True
Q9NY46,True
Q9NY47,False
Q9NY56,True
Q9NY59,True
Q9NY61,True
Q9NY64,False
Q9NY65,False
Q9NY72,True
Q9NY74,True
Q9NY91,False
Q9NY93,False
Q9NY97,True
Q9NY99,True
Q9NYA1,True
Q9NYA3,False
Q9NYA4,False
Q9NYB0,True
Q9NYB5,True
Q9NYB9,True
Q9NYC9,True
Q9NYD6,False
Q9NYF0,False
Q9NYF8,True
Q9NYG2,False
Q9NYG5,True
Q9NYG8,True
Q9NYH9,True
Q9NYI0,False
Q9NYJ7,False
Q9NYJ8,True
Q9NYK1,True
Q9NYK5,True
Q9NYK6,False
Q9NYL2,True
Q9NYL5,False
Q9NYM4,False
Q9NYM9,False
Q9NYP3,False
Q9NYP7,False
Q9NYP8,False
Q9NYP9,True
Q9NYQ3,False
Q9NYQ6,True
Q9NYQ7,False
Q9NYQ8,False
Q9NYR8,False
Q9NYR9,False
Q9NYU1,False
Q9NYU2,False
Q9NYV4,True
Q9NYV6,True
Q9NYV7,True
Q9NYV8,True
Q9NYW0,False
Q9NYW4,False
Q9NYW5,False
Q9NYW8,False
Q9NYX4,False
Q9NYY1,True
Q9NYY3,True
Q9NYY8,False
Q9NYZ1,False
Q9NYZ2,False
Q9NYZ3,True
Q9NYZ4,True
Q9NZ01,True
Q9NZ08,True
Q9NZ09,True
Q9NZ20,False
Q9NZ42,True
Q9NZ43,False
Q9NZ45,True
Q9NZ52,True
Q9NZ53,False
Q9NZ56,True
Q9NZ63,True
Q9NZ71,True
Q9NZ72,False
Q9NZ81,False
Q9NZ94,True
Q9NZA1,True
Q9NZB2,False
Q9NZB8,False
Q9NZC2,True
Q9NZC3,False
Q9NZC4,False
Q9NZC7,True
Q9NZC9,True
Q9NZD1,True
Q9NZD2,True
Q9NZD4,True
Q9NZD8,False
Q9NZE8,True
Q9NZG7,True
Q9NZH0,False
Q9NZH5,False
Q9NZH6,True
Q9NZH7,False
Q9NZH8,True
Q9NZI2,True
Q9NZI5,True
Q9NZI6,False
Q9NZI7,False
Q9NZI8,True
Q9NZJ0,True
Q9NZJ4,True
Q9NZJ5,True
Q9NZJ6,False
Q9NZJ7,False
Q9NZJ9,True
Q9NZK5,True
Q9NZK7,True
Q9NZL3,True
Q9NZL4,True
Q9NZL9,True
Q9NZM1,True
Q9NZM3,True
Q9NZM4,False
Q9NZM5,True
Q9NZM6,False
Q9NZN1,True
Q9NZN3,False
Q9NZN4,False
Q9NZN5,True
Q9NZN8,True
Q9NZN9,True
Q9NZP6,False
Q9NZP8,False
Q9NZQ3,True
Q9NZQ7,True
Q9NZQ8,False
Q9NZR2,False
Q9NZR4,False
Q9NZS2,True
Q9NZS9,False
Q9NZT1,True
Q9NZU0,True
Q9NZU1,False
Q9NZU5,False
Q9NZU7,True
Q9NZV1,False
Q9NZV5,False
Q9NZV6,True
Q9NZV7,False
Q9NZV8,True
Q9NZW4,False
Q9NZZ3,True
Q9P000,True
Q9P003,False
Q9P013,True
Q9P021,True
Q9P032,False
Q9P035,False
Q9P055,False
Q9P086,True
Q9P0B6,False
Q9P0G3,False
Q9P0I2,True
Q9P0J0,True
Q9P0J1,False
Q9P0J7,True
Q9P0K1,True
Q9P0K7,False
Q9P0K8,False
Q9P0K9,False
Q9P0L0,True
Q9P0L1,False
Q9P0L2,True
Q9P0L9,True
Q9P0M2,True
Q9P0M4,False
Q9P0M6,True
Q9P0N5,False
Q9P0N8,False
Q9P0N9,True
Q9P0P0,False
Q9P0P8,True
Q9P0R6,True
Q9P0S2,False
Q9P0S3,False
Q9P0S9,True
Q9P0T4,False
Q9P0T7,True
Q9P0U1,True
Q9P0U3,True
Q9P0U4,True
Q9P0V3,False
Q9P0V8,False
Q9P0V9,False
Q9P0W0,False
Q9P0W2,False
Q9P0W8,False
Q9P0X4,True
Q9P0Z9,False
Q9P107,True
Q9P109,False
Q9P121,True
Q9P126,True
Q9P127,False
Q9P1A6,False
Q9P1Q0,False
Q9P1T7,True
Q9P1U0,True
Q9P1W3,False
Q9P1W8,True
Q9P1W9,True
Q9P1Y5,False
Q9P1Z0,False
Q9P1Z2,False
Q9P1Z3,True
Q9P202,True
Q9P206,False
Q9P209,False
Q9P212,True
Q9P218,True
Q9P219,False
Q9P225,True
Q9P232,True
Q9P241,False
Q9P243,True
Q9P244,False
Q9P246,True
Q9P253,False
Q9P258,True
Q9P266,False
Q9P267,False
Q9P270,True
Q9P272,False
Q9P273,False
Q9P275,True
Q9P278,True
Q9P283,False
Q9P286,True
Q9P287,True
Q9P289,True
Q9P296,False
Q9P2A4,False
Q9P2B2,False
Q9P2B4,False
Q9P2D0,False
Q9P2D1,True
Q9P2D3,False
Q9P2D7,True
Q9P2D8,True
Q9P2E2,False
Q9P2E3,True
Q9P2E5,False
Q9P2E7,True
Q9P2E8,False
Q9P2E9,False
Q9P2F6,True
Q9P2F8,False
Q9P2F9,False
Q9P2G1,False
Q9P2G4,False
Q9P2G9,False
Q9P2H0,False
Q9P2H3,False
Q9P2H5,True
Q9P2I0,True
Q9P2J2,True
Q9P2J3,False
Q9P2J5,True
Q9P2K1,False
Q9P2K2,False
Q9P2K3,True
Q9P2K5,False
Q9P2K6,False
Q9P2K8,True
Q9P2K9,False
Q9P2L0,True
Q9P2M1,False
Q9P2M4,True
Q9P2M7,False
Q9P2N4,False
Q9P2N6,False
Q9P2N7,False
Q9P2P5,True
Q9P2P6,False
Q9P2Q2,False
Q9P2R3,False
Q9P2R6,True
Q9P2R7,True
Q9P2S2,False
Q9P2S5,False
Q9P2T0,False
Q9P2T1,True
Q9P2U7,False
Q9P2U8,False
Q9P2W1,False
Q9P2W3,False
Q9P2W7,True
Q9P2W9,False
Q9P2X0,False
Q9P2X3,False
Q9P2Y4,False
Q9P2Y5,True
Q9UBB4,False
Q9UBB5,True
Q9UBB6,False
Q9UBB9,True
Q9UBC0,False
Q9UBC1,False
Q9UBC2,False
Q9UBC3,True
Q9UBC5,False
Q9UBC7,False
Q9UBC9,False
Q9UBD0,False
Q9UBD3,False
Q9UBD5,True
Q9UBD6,True
Q9UBD9,True
Q9UBE0,True
Q9UBE8,False
Q9UBF1,False
Q9UBF2,False
Q9UBF6,True
Q9UBF8,True
Q9UBF9,True
Q9UBG0,True
Q9UBG3,False
Q9UBH0,True
Q9UBH6,True
Q9UBI1,True
Q9UBI4,False
Q9UBI6,False
Q9UBJ2,False
Q9UBK2,True
Q9UBK5,False
Q9UBK8,True
Q9UBK9,False
Q9UBL3,True
Q9UBL6,False
Q9UBL9,True
Q9UBM1,False
Q9UBM4,False
Q9UBM7,False
Q9UBM8,False
Q9UBN1,False
Q9UBN4,True
Q9UBN6,False
Q9UBN7,True
Q9UBP0,True
Q9UBP4,False
Q9UBP5,False
Q9UBP6,True
Q9UBP9,True
Q9UBQ0,True
Q9UBQ5,True
Q9UBQ6,False
Q9UBQ7,True
Q9UBR1,True
Q9UBR2,True
Q9UBR4,False
Q9UBR5,False
Q9UBS0,False
Q9UBS3,True
Q9UBS4,False
Q9UBS5,True
Q9UBS8,False
Q9UBS9,False
Q9UBT2,True
Q9UBT3,True
Q9UBT6,True
Q9UBT7,False
Q9UBU2,False
Q9UBU3,True
Q9UBU7,True
Q9UBU8,True
Q9UBU9,True
Q9UBV2,True
Q9UBV4,False
Q9UBV7,True
Q9UBV8,True
Q9UBW5,True
Q9UBW7,False
Q9UBW8,True
Q9UBX0,True
Q9UBX1,True
Q9UBX2,True
Q9UBX3,False
Q9UBX5,False
Q9UBX7,False
Q9UBX8,False
Q9UBY0,False
Q9UBY5,False
Q9UBY8,False
Q9UBY9,True
Q9UBZ4,False
Q9UBZ9,True
Q9UC07,False
Q9UD71,False
Q9UDR5,True
Q9UDT6,True
Q9UDV6,False
Q9UDV7,False
Q9UDW1,True
Q9UDW3,True
Q9UDX3,True
Q9UDY2,True
Q9UDY4,False
Q9UDY6,True
Q9UDY8,True
Q9UEE5,True
Q9UEE9,False
Q9UEF7,True
Q9UEG4,False
Q9UER7,True
Q9UET6,True
Q9UEU0,True
Q9UEW3,False
Q9UEW8,True
Q9UEY8,False
Q9UF11,False
Q9UF12,False
Q9UF33,False
Q9UF56,True
Q9UFB7,False
Q9UFC0,False
Q9UFD9,True
Q9UFE4,True
Q9UFF9,True
Q9UFG5,False
Q9UFH2,False
Q9UFP1,False
Q9UFW8,False
Q9UG01,True
Q9UG22,True
Q9UG56,False
Q9UGB7,True
Q9UGC6,True
Q9UGC7,True
Q9UGH3,False
Q9UGI0,True
Q9UGI6,False
Q9UGI8,True
Q9UGI9,False
Q9UGJ0,False
Q9UGJ1,True
Q9UGK3,True
Q9UGK8,False
Q9UGL1,True
Q9UGL9,False
Q9UGM1,True
Q9UGM3,True
Q9UGM5,True
Q9UGM6,True
Q9UGN4,True
Q9UGN5,True
Q9UGP4,False
Q9UGP5,True
Q9UGP8,False
Q9UGQ2,False
Q9UGQ3,False
Q9UGR2,False
Q9UGT4,False
Q9UGU0,False
Q9UGU5,False
Q9UGY1,False
Q9UH03,True
Q9UH17,True
Q9UH65,True
Q9UH73,True
Q9UH77,True
Q9UH92,False
Q9UH99,True
Q9UHA4,True
Q9UHA7,True
Q9UHB4,True
Q9UHB6,True
Q9UHB7,True
Q9UHB9,True
Q9UHC1,False
Q9UHC3,False
Q9UHC6,True
Q9UHC7,False
Q9UHC9,True
Q9UHD0,True
Q9UHD1,True
Q9UHD2,True
Q9UHD4,True
Q9UHD8,True
Q9UHD9,True
Q9UHE5,False
Q9UHE8,True
Q9UHF0,True
Q9UHF1,False
Q9UHF3,False
Q9UHF4,True
Q9UHF5,False
Q9UHF7,False
Q9UHG0,True
Q9UHG2,False
Q9UHG3,False
Q9UHH9,False
Q9UHI5,True
Q9UHI6,True
Q9UHI7,True
Q9UHI8,True
Q9UHJ3,False
Q9UHJ6,False
Q9UHJ9,False
Q9UHK0,True
Q9UHK6,False
Q9UHL0,True
Q9UHL4,True
Q9UHL9,True
Q9UHM6,False
Q9UHN1,True
Q9UHN6,True
Q9UHP3,True
Q9UHP6,True
Q9UHP7,True
Q9UHQ1,False
Q9UHQ4,True
Q9UHQ9,False
Q9UHR4,True
Q9UHR5,False
Q9UHV2,False
Q9UHV7,True
Q9UHV8,True
Q9UHV9,True
Q9UHW5,False
Q9UHW9,True
Q9UHX1,True
Q9UHX3,True
Q9UHY1,False
Q9UHY7,True
Q9UHY8,False
Q9UI08,False
Q9UI09,True
Q9UI10,True
Q9UI12,True
Q9UI14,False
Q9UI17,True
Q9UI26,False
Q9UI30,True
Q9UI32,True
Q9UI33,False
Q9UI36,True
Q9UI38,False
Q9UI40,False
Q9UI42,True
Q9UI43,True
Q9UI46,True
Q9UI47,False
Q9UI95,True
Q9UIA0,False
Q9UIA9,False
Q9UIB8,True
Q9UIC8,True
Q9UID3,True
Q9UID6,False
Q9UIE0,False
Q9UIF3,True
Q9UIF7,True
Q9UIF8,True
Q9UIF9,True
Q9UIG0,True
Q9UIG4,False
Q9UIG8,False
Q9UIH9,True
Q9UII2,True
Q9UII4,True
Q9UII6,True
Q9UIJ5,False
Q9UIJ7,True
Q9UIK4,True
Q9UIK5,False
Q9UIL1,True
Q9UIL4,False
Q9UIL8,False
Q9UIQ6,True
Q9UIR0,False
Q9UIS9,True
Q9UIU6,False
Q9UIV1,True
Q9UIV8,False
Q9UIW0,False
Q9UIW2,True
Q9UIX4,False
Q9UJ14,False
Q9UJ37,True
Q9UJ41,True
Q9UJ55,False
Q9UJ68,False
Q9UJ70,True
Q9UJ71,True
Q9UJ78,True
Q9UJ83,False
Q9UJ90,False
Q9UJ96,False
Q9UJ98,False
Q9UJA2,False
Q9UJA3,True
Q9UJA5,True
Q9UJA9,True
Q9UJC3,False
Q9UJD0,False
Q9UJF2,False
Q9UJJ9,False
Q9UJL9,False
Q9UJM3,True
Q9UJM8,True
Q9UJP4,False
Q9UJQ1,False
Q9UJQ4,True
Q9UJS0,True
Q9UJT1,False
Q9UJT2,False
Q9UJT9,False
Q9UJU2,False
Q9UJU3,False
Q9UJU5,False
Q9UJU6,True
Q9UJV3,True
Q9UJV9,True
Q9UJW0,True
Q9UJW2,False
Q9UJW3,True
Q9UJW8,False
Q9UJW9,False
Q9UJX0,False
Q9UJX2,True
Q9UJX3,True
Q9UJX4,True
Q9UJX5,True
Q9UJX6,True
Q9UJY1,True
Q9UJY4,True
Q9UJY5,True
Q9UJZ1,False
Q9UK05,True
Q9UK17,True
Q9UK22,False
Q9UK23,False
Q9UK32,True
Q9UK33,False
Q9UK39,True
Q9UK41,True
Q9UK45,True
Q9UK53,True
Q9UK55,True
Q9UK58,False
Q9UK59,False
Q9UK61,True
Q9UK73,True
Q9UK76,False
Q9UK80,True
Q9UK96,False
Q9UK97,False
Q9UK99,True
Q9UKA1,True
Q9UKA2,False
Q9UKA4,False
Q9UKA8,False
Q9UKA9,True
Q9UKB1,True
Q9UKB3,True
Q9UKB5,False
Q9UKC9,True
Q9UKD1,False
Q9UKD2,True
Q9UKE5,True
Q9UKF2,False
Q9UKF5,False
Q9UKF6,True
Q9UKF7,False
Q9UKG1,True
Q9UKG4,False
Q9UKG9,False
Q9UKI2,False
Q9UKI8,False
Q9UKI9,True
Q9UKJ1,True
Q9UKJ5,True
Q9UKJ8,False
Q9UKK3,True
Q9UKK6,True
Q9UKK9,True
Q9UKL0,True
Q9UKL3,True
Q9UKL4,True
Q9UKL6,True
Q9UKM7,True
Q9UKM9,True
Q9UKN1,False
Q9UKN5,True
Q9UKN7,True
Q9UKN8,True
Q9UKP3,False
Q9UKP4,False
Q9UKP5,False
Q9UKP6,True
Q9UKQ2,False
Q9UKR0,False
Q9UKR5,False
Q9UKS6,False
Q9UKS7,True
Q9UKT4,True
Q9UKT5,True
Q9UKT6,False
Q9UKT7,True
Q9UKT8,False
Q9UKT9,False
Q9UKU0,False
Q9UKU6,False
Q9UKU7,True
Q9UKU9,True
Q9UKV0,True
Q9UKV3,True
Q9UKV5,True
Q9UKV8,True
Q9UKW4,True
Q9UKW6,True
Q9UKX2,False
Q9UKX3,False
Q9UKX5,False
Q9UKX7,True
Q9UKY0,True
Q9UKY1,True
Q9UKY4,False
Q9UKZ1,True
Q9UKZ4,False
Q9UKZ9,False
Q9UL01,True
Q9UL03,True
Q9UL12,False
Q9UL15,True
Q9UL16,True
Q9UL17,False
Q9UL18,True
Q9UL19,True
Q9UL25,True
Q9UL26,False
Q9UL33,False
Q9UL40,True
Q9UL41,False
Q9UL42,True
Q9UL45,False
Q9UL46,True
Q9UL49,False
Q9UL51,True
Q9UL52,True
Q9UL54,False
Q9UL62,True
Q9UL63,True
Q9UL68,False
Q9ULA0,True
Q9ULB1,True
Q9ULB4,False
Q9ULB5,False
Q9ULC0,False
Q9ULC3,True
Q9ULC4,True
Q9ULC5,False
Q9ULC6,True
Q9ULC8,False
Q9ULD0,False
Q9ULD2,False
Q9ULD4,True
Q9ULD5,False
Q9ULD6,True
Q9ULD8,False
Q9ULE0,False
Q9ULE6,False
Q9ULF5,False
Q9ULG1,True
Q9ULG6,True
Q9ULH0,True
Q9ULH1,True
Q9ULH4,False
Q9ULH7,False
Q9ULI0,True
Q9ULI2,False
Q9ULI3,True
Q9ULI4,False
Q9ULJ1,False
Q9ULJ3,True
Q9ULJ6,True
Q9ULJ8,True
Q9ULK0,True
Q9ULK4,True
Q9ULK5,True
Q9ULL4,False
Q9ULL5,False
Q9ULL8,True
Q9ULM2,False
Q9ULM3,True
Q9ULM6,True
Q9ULP0,False
Q9ULP9,False
Q9ULQ0,False
Q9ULQ1,False
Q9ULR0,True
Q9ULR3,True
Q9ULT0,False
Q9ULT6,True
Q9ULT8,True
Q9ULU4,True
Q9ULU8,True
Q9ULV0,True
Q9ULV1,True
Q9ULV3,True
Q9ULV4,True
Q9ULV5,True
Q9ULV8,True
Q9ULW0,True
Q9ULW2,True
Q9ULW3,False
Q9ULW5,True
Q9ULW6,False
Q9ULW8,True
Q9ULX3,True
Q9ULX5,False
Q9ULX6,False
Q9ULX7,True
Q9ULX9,False
Q9ULY5,True
Q9ULZ1,True
Q9ULZ2,True
Q9ULZ3,True
Q9ULZ9,False
Q9UM00,True
Q9UM01,True
Q9UM07,True
Q9UM11,True
Q9UM13,True
Q9UM19,False
Q9UM21,True
Q9UM22,True
Q9UM44,False
Q9UM47,True
Q9UM54,True
Q9UM63,False
Q9UM73,True
Q9UM82,True
Q9UMD9,True
Q9UMF0,True
Q9UMN6,True
Q9UMQ3,False
Q9UMQ6,False
Q9UMR2,True
Q9UMR3,False
Q9UMR5,True
Q9UMR7,True
Q9UMS0,True
Q9UMS4,True
Q9UMS6,False
Q9UMW8,False
Q9UMX0,True
Q9UMX1,True
Q9UMX2,False
Q9UMX3,True
Q9UMX5,False
Q9UMX6,False
Q9UMX9,False
Q9UMY1,True
Q9UMY4,True
Q9UMZ2,True
Q9UMZ3,True
Q9UN19,True
Q9UN36,True
Q9UN37,True
Q9UN42,False
Q9UN66,False
Q9UN72,False
Q9UN73,False
Q9UN74,False
Q9UN76,False
Q9UN79,False
Q9UN81,True
Q9UN86,True
Q9UN88,False
Q9UNA0,True
Q9UNA1,True
Q9UNA3,False
Q9UNA4,True
Q9UNE0,True
Q9UNE2,False
Q9UNE7,True
Q9UNF0,True
Q9UNF1,False
Q9UNG2,True
Q9UNH5,False
Q9UNH6,True
Q9UNH7,False
Q9UNI1,False
Q9UNI6,True
Q9UNK0,False
Q9UNK4,False
Q9UNK9,False
Q9UNL4,True
Q9UNM6,True
Q9UNN4,False
Q9UNN5,True
Q9UNN8,True
Q9UNP4,False
Q9UNP9,True
Q9UNQ0,True
Q9UNQ2,True
Q9UNS1,True
Q9UNS2,True
Q9UNT1,False
Q9UNU6,True
Q9UNW1,False
Q9UNW8,True
Q9UNW9,True
Q9UNX9,False
Q9UNY4,False
Q9UNY5,False
Q9UNZ2,True
Q9UP38,True
Q9UP52,False
Q9UP65,False
Q9UP79,False
Q9UP83,False
Q9UP95,True
Q9UPA5,False
Q9UPE1,False
Q9UPG8,False
Q9UPI3,True
Q9UPM6,False
Q9UPM8,False
Q9UPM9,False
Q9UPN3,True
Q9UPN4,False
Q9UPN6,True
Q9UPN7,False
Q9UPN9,True
Q9UPP1,True
Q9UPP2,False
Q9UPQ0,False
Q9UPQ3,True
Q9UPQ4,False
Q9UPQ7,True
Q9UPQ8,False
Q9UPQ9,False
Q9UPR0,False
Q9UPR3,True
Q9UPR5,False
Q9UPS6,True
Q9UPS8,False
Q9UPT5,False
Q9UPT6,True
Q9UPT8,True
Q9UPT9,False
Q9UPU3,False
Q9UPU5,False
Q9UPU7,False
Q9UPU9,True
Q9UPV0,True
Q9UPV9,False
Q9UPW0,False
Q9UPW5,False
Q9UPW6,True
Q9UPW8,False
Q9UPX0,False
Q9UPX6,False
Q9UPX8,True
Q9UPY3,True
Q9UPY5,True
Q9UPY6,False
Q9UPY8,True
Q9UPZ3,False
Q9UPZ6,True
Q9UPZ9,False
Q9UQ03,False
Q9UQ05,False
Q9UQ07,False
Q9UQ10,False
Q9UQ13,True
Q9UQ16,True
Q9UQ26,True
Q9UQ35,True
Q9UQ49,False
Q9UQ52,False
Q9UQ53,False
Q9UQ80,True
Q9UQ84,True
Q9UQ88,False
Q9UQ90,True
Q9UQB3,False
Q9UQB8,True
Q9UQB9,True
Q9UQC2,True
Q9UQC9,False
Q9UQD0,True
Q9UQE7,True
Q9UQF0,True
Q9UQF2,True
Q9UQK1,True
Q9UQL6,True
Q9UQM7,True
Q9UQN3,True
Q9UQP3,False
Q9UQQ1,True
Q9UQQ2,False
Q9UQR0,True
Q9UQR1,False
Q9UQV4,True
Q9WJR5,False
Q9Y210,True
Q9Y215,True
Q9Y216,False
Q9Y217,True
Q9Y219,True
Q9Y221,True
Q9Y222,True
Q9Y223,True
Q9Y224,True
Q9Y225,True
Q9Y226,False
Q9Y227,True
Q9Y228,False
Q9Y230,True
Q9Y231,True
Q9Y232,True
Q9Y233,True
Q9Y234,False
Q9Y235,True
Q9Y237,True
Q9Y238,False
Q9Y239,True
Q9Y240,False
Q9Y241,True
Q9Y242,False
Q9Y243,True
Q9Y244,True
Q9Y247,False
Q9Y248,True
Q9Y250,True
Q9Y251,True
Q9Y252,False
Q9Y253,True
Q9Y255,True
Q9Y256,False
Q9Y257,True
Q9Y258,True
Q9Y259,True
Q9Y261,True
Q9Y262,True
Q9Y263,True
Q9Y264,False
Q9Y265,True
Q9Y266,True
Q9Y267,False
Q9Y271,True
Q9Y272,False
Q9Y274,False
Q9Y275,True
Q9Y276,False
Q9Y277,False
Q9Y278,False
Q9Y279,True
Q9Y281,True
Q9Y282,False
Q9Y283,False
Q9Y284,False
Q9Y285,True
Q9Y286,True
Q9Y287,True
Q9Y289,False
Q9Y294,True
Q9Y295,True
Q9Y296,True
Q9Y297,True
Q9Y2A7,True
Q9Y2A9,False
Q9Y2B0,False
Q9Y2B1,False
Q9Y2B2,False
Q9Y2B4,False
Q9Y2B5,False
Q9Y2C2,False
Q9Y2C3,True
Q9Y2C4,True
Q9Y2C5,False
Q9Y2C9,True
Q9Y2D0,False
Q9Y2D1,False
Q9Y2D2,False
Q9Y2D4,False
Q9Y2D5,False
Q9Y2D8,False
Q9Y2D9,False
Q9Y2E5,False
Q9Y2E6,False
Q9Y2E8,False
Q9Y2F5,False
Q9Y2G0,False
Q9Y2G1,True
Q9Y2G2,True
Q9Y2G3,False
Q9Y2G5,True
Q9Y2G8,False
Q9Y2G9,False
Q9Y2H0,False
Q9Y2H1,True
Q9Y2H2,True
Q9Y2H6,True
Q9Y2H9,True
Q9Y2I1,True
Q9Y2I2,True
Q9Y2I6,False
Q9Y2I7,True
Q9Y2I8,False
Q9Y2I9,False
Q9Y2J0,False
Q9Y2J2,True
Q9Y2J4,False
Q9Y2J8,True
Q9Y2K1,False
Q9Y2K2,True
Q9Y2K3,False
Q9Y2K5,True
Q9Y2K6,True
Q9Y2K7,True
Q9Y2K9,False
Q9Y2L1,True
Q9Y2L5,False
Q9Y2L9,False
Q9Y2M0,True
Q9Y2M2,False
Q9Y2M5,True
Q9Y2N7,True
Q9Y2P0,False
Q9Y2P4,False
Q9Y2P5,False
Q9Y2P7,False
Q9Y2P8,True
Q9Y2Q0,True
Q9Y2Q3,True
Q9Y2Q5,True
Q9Y2R0,False
Q9Y2R2,True
Q9Y2R4,True
Q9Y2S2,True
Q9Y2S7,True
Q9Y2T1,True
Q9Y2T2,True
Q9Y2T3,True
Q9Y2T6,True
Q9Y2T7,True
Q9Y2U5,True
Q9Y2U8,True
Q9Y2U9,True
Q9Y2V0,False
Q9Y2V2,True
Q9Y2V3,False
Q9Y2V7,False
Q9Y2W1,False
Q9Y2W2,True
Q9Y2W3,False
Q9Y2W6,True
Q9Y2W7,True
Q9Y2X0,True
Q9Y2X3,True
Q9Y2X7,False
Q9Y2X8,False
Q9Y2X9,False
Q9Y2Y0,True
Q9Y2Y1,True
Q9Y2Y4,True
Q9Y2Y6,False
Q9Y2Y8,False
Q9Y2Y9,False
Q9Y2Z0,True
Q9Y2Z2,False
Q9Y2Z4,True
Q9Y2Z9,False
Q9Y303,True
Q9Y305,False
Q9Y314,True
Q9Y315,False
Q9Y316,True
Q9Y320,True
Q9Y324,True
Q9Y328,False
Q9Y333,True
Q9Y336,False
Q9Y337,True
Q9Y342,False
Q9Y345,False
Q9Y365,True
Q9Y366,False
Q9Y371,True
Q9Y375,False
Q9Y376,True
Q9Y383,False
Q9Y385,False
Q9Y388,True
Q9Y394,False
Q9Y397,True
Q9Y399,True
Q9Y3A0,False
Q9Y3A2,True
Q9Y3A3,True
Q9Y3A4,True
Q9Y3A5,True
Q9Y3A6,False
Q9Y3B2,True
Q9Y3B3,False
Q9Y3B4,True
Q9Y3B7,True
Q9Y3B8,True
Q9Y3C0,False
Q9Y3C4,True
Q9Y3C5,False
Q9Y3C6,True
Q9Y3C7,True
Q9Y3C8,True
Q9Y3D0,False
Q9Y3D2,False
Q9Y3D6,True
Q9Y3D7,False
Q9Y3D8,True
Q9Y3D9,True
Q9Y3E0,False
Q9Y3E2,True
Q9Y3E5,True
Q9Y3E7,True
Q9Y3F4,False
Q9Y3I0,True
Q9Y3I1,True
Q9Y3L3,True
Q9Y3L5,False
Q9Y3M2,True
Q9Y3M8,True
Q9Y3M9,False
Q9Y3P8,False
Q9Y3P9,True
Q9Y3Q0,True
Q9Y3Q3,False
Q9Y3Q4,True
Q9Y3Q7,False
Q9Y3Q8,False
Q9Y3R0,True
Q9Y3R4,True
Q9Y3R5,False
Q9Y3S1,True
Q9Y3S2,False
Q9Y3T9,True
Q9Y3U8,True
Q9Y3V2,True
Q9Y3Y2,False
Q9Y3Y4,True
Q9Y3Z3,True
Q9Y446,False
Q9Y448,False
Q9Y450,True
Q9Y458,False
Q9Y462,True
Q9Y463,True
Q9Y466,True
Q9Y467,False
Q9Y468,True
Q9Y473,False
Q9Y478,True
Q9Y483,True
Q9Y484,True
Q9Y487,False
Q9Y490,True
Q9Y493,False
Q9Y496,False
Q9Y4A5,True
Q9Y4A8,False
Q9Y4B4,False
Q9Y4B5,False
Q9Y4B6,True
Q9Y4C0,False
Q9Y4C1,False
Q9Y4C2,False
Q9Y4C4,False
Q9Y4C5,False
Q9Y4C8,True
Q9Y4D1,True
Q9Y4D2,False
Q9Y4D7,True
Q9Y4D8,False
Q9Y4E1,False
Q9Y4E5,True
Q9Y4E8,True
Q9Y4F1,True
Q9Y4F3,True
Q9Y4F4,False
Q9Y4F9,False
Q9Y4G2,True
Q9Y4G6,True
Q9Y4G8,True
Q9Y4H2,True
Q9Y4H4,False
Q9Y4I1,True
Q9Y4J8,True
Q9Y4K0,True
Q9Y4K3,True
Q9Y4K4,False
Q9Y4L1,False
Q9Y4L5,False
Q9Y4P1,True
Q9Y4P3,False
Q9Y4P8,True
Q9Y4P9,True
Q9Y4R7,False
Q9Y4R8,True
Q9Y4U1,True
Q9Y4W2,True
Q9Y4W6,True
Q9Y4X0,False
Q9Y4X3,True
Q9Y4X4,False
Q9Y4X5,True
Q9Y4Y9,True
Q9Y4Z0,True
Q9Y4Z2,False
Q9Y508,False
Q9Y512,True
Q9Y520,False
Q9Y530,True
Q9Y535,True
Q9Y547,True
Q9Y548,False
Q9Y561,False
Q9Y566,True
Q9Y570,True
Q9Y572,True
Q9Y574,False
Q9Y575,False
Q9Y576,False
Q9Y577,False
Q9Y580,True
Q9Y584,True
Q9Y586,False
Q9Y587,False
Q9Y592,False
Q9Y597,False
Q9Y5A6,False
Q9Y5A7,True
Q9Y5A9,True
Q9Y5B0,True
Q9Y5B8,True
Q9Y5B9,True
Q9Y5C1,True
Q9Y5E1,False
Q9Y5E3,False
Q9Y5E9,False
Q9Y5F1,False
Q9Y5F2,False
Q9Y5F7,False
Q9Y5G9,False
Q9Y5H5,False
Q9Y5H8,False
Q9Y5H9,False
Q9Y5I2,False
Q9Y5I3,False
Q9Y5I7,False
Q9Y5J1,True
Q9Y5J3,True
Q9Y5J5,False
Q9Y5J6,True
Q9Y5J7,True
Q9Y5K1,False
Q9Y5K2,True
Q9Y5K3,False
Q9Y5K5,True
Q9Y5K6,True
Q9Y5K8,True
Q9Y5L0,True
Q9Y5L2,False
Q9Y5L3,False
Q9Y5L4,False
Q9Y5N1,True
Q9Y5N5,True
Q9Y5N6,True
Q9Y5P3,True
Q9Y5P4,True
Q9Y5P6,True
Q9Y5P8,True
Q9Y5Q0,False
Q9Y5Q3,False
Q9Y5Q5,False
Q9Y5Q6,True
Q9Y5Q8,True
Q9Y5Q9,True
Q9Y5R2,False
Q9Y5R4,False
Q9Y5R5,False
Q9Y5R6,True
Q9Y5S1,True
Q9Y5S2,True
Q9Y5S8,False
Q9Y5S9,True
Q9Y5T4,False
Q9Y5T5,True
Q9Y5U2,True
Q9Y5U4,True
Q9Y5U5,True
Q9Y5U8,True
Q9Y5U9,False
Q9Y5V3,False
Q9Y5W3,False
Q9Y5W5,True
Q9Y5W7,True
Q9Y5W8,True
Q9Y5W9,True
Q9Y5X0,True
Q9Y5X1,True
Q9Y5X2,False
Q9Y5X3,True
Q9Y5X4,True
Q9Y5X5,True
Q9Y5X9,False
Q9Y5Y0,True
Q9Y5Y2,False
Q9Y5Y4,True
Q9Y5Y5,False
Q9Y5Y6,True
Q9Y5Y7,True
Q9Y5Y9,True
Q9Y5Z0,True
Q9Y5Z4,True
Q9Y5Z7,False
Q9Y5Z9,False
Q9Y600,True
Q9Y603,True
Q9Y605,False
Q9Y606,True
Q9Y608,False
Q9Y613,True
Q9Y615,True
Q9Y616,True
Q9Y617,True
Q9Y618,True
Q9Y619,False
Q9Y620,False
Q9Y623,False
Q9Y624,True
Q9Y625,False
Q9Y639,True
Q9Y646,False
Q9Y653,True
Q9Y657,True
Q9Y662,False
Q9Y663,True
Q9Y664,True
Q9Y666,True
Q9Y672,False
Q9Y673,False
Q9Y676,True
Q9Y678,True
Q9Y679,True
Q9Y680,False
Q9Y691,True
Q9Y692,True
Q9Y694,False
Q9Y696,True
Q9Y697,True
Q9Y698,True
Q9Y6A1,False
Q9Y6A2,True
Q9Y6A4,True
Q9Y6A5,True
Q9Y6A9,True
Q9Y6B2,True
Q9Y6B6,True
Q9Y6B7,True
Q9Y6C2,True
Q9Y6C5,False
Q9Y6C9,False
Q9Y6D0,True
Q9Y6D5,True
Q9Y6D6,True
Q9Y6D9,True
Q9Y6E0,True
Q9Y6E2,False
Q9Y6E7,False
Q9Y6F1,True
Q9Y6F6,False
Q9Y6F8,True
Q9Y6F9,False
Q9Y6G1,True
Q9Y6G5,True
Q9Y6G9,True
Q9Y6H1,True
Q9Y6H3,False
Q9Y6H5,True
Q9Y6H6,True
Q9Y6H8,False
Q9Y6I3,True
Q9Y6I4,False
Q9Y6I7,False
Q9Y6I9,True
Q9Y6J0,True
Q9Y6J6,True
Q9Y6J8,False
Q9Y6J9,True
Q9Y6K0,True
Q9Y6K1,True
Q9Y6K5,True
Q9Y6K8,True
Q9Y6K9,True
Q9Y6L6,True
Q9Y6L7,False
Q9Y6M0,False
Q9Y6M1,True
Q9Y6M4,True
Q9Y6M5,True
Q9Y6M7,True
Q9Y6M9,True
Q9Y6N1,False
Q9Y6N5,True
Q9Y6N6,False
Q9Y6N7,True
Q9Y6N8,False
Q9Y6N9,True
Q9Y6P5,False
Q9Y6Q1,False
Q9Y6Q2,False
Q9Y6Q5,False
Q9Y6Q6,True
Q9Y6Q9,True
Q9Y6R0,True
Q9Y6R1,True
Q9Y6R4,False
Q9Y6R7,True
Q9Y6R9,True
Q9Y6T7,False
Q9Y6U3,True
Q9Y6V0,True
Q9Y6V7,False
Q9Y6W3,True
Q9Y6W5,True
Q9Y6W6,True
Q9Y6W8,True
Q9Y6X0,False
Q9Y6X1,True
Q9Y6X2,True
Q9Y6X3,False
Q9Y6X5,True
Q9Y6X6,False
Q9Y6X8,True
Q9Y6X9,True
Q9Y6Y0,True
Q9Y6Y1,True
Q9Y6Y8,False
Q9Y6Y9,True
Q9Y6Z7,False
W5XKT8,True
A0A024RBG1,False
A0A075B6J9,False
A0A075B6N1,True
A0A087WT01,True
A0A087X0K7,False
A0A0K0K1A5,True
A0A1B0GTB2,False
A0A1B0GTQ4,False
A0A1B0GV85,False
A0A1B0GVQ0,False
A0A5B9,True
A0A7P0TBJ1,False
A0AVI2,False
A0M8Q6,False
A0PJW6,False
A0PJW8,False
A0PJX0,False
A0PJZ3,False
A1A5D9,False
A1L020,False
A1L188,False
A1YPR0,False
A2A2V5,False
A2A3K4,False
A2AJT9,False
A2NJV5,False
A2RRD8,False
A2RUS2,False
A2VCK2,False
A2VDF0,False
A4D0T7,False
A4D2G3,False
A4FU01,False
A4FU69,False
A4IF30,False
A4QMS7,True
A5D6W6,False
A6NC51,False
A6NCE7,False
A6NCW0,False
A6ND48,False
A6NDA9,False
A6NDE4,False
A6NDP7,False
A6NDU8,False
A6NEQ0,False
A6NF83,False
A6NFD8,False
A6NFK2,False
A6NFN3,False
A6NFR6,False
A6NGB9,False
A6NGC4,False
A6NGE7,False
A6NGY5,False
A6NH00,False
A6NHC0,True
A6NHQ4,True
A6NI28,False
A6NI79,False
A6NJ46,False
A6NJB7,False
A6NJG6,False
A6NJL1,False
A6NJW9,False
A6NK97,False
A6NKF1,False
A6NL88,False
A6NLJ0,False
A6NLW8,False
A6NLX3,False
A6NM10,False
A6NMB1,False
A6NMN3,False
A6NND4,False
A6NNE9,False
A6NNS2,False
A6NNW6,False
A6XGL0,False
A6ZKI3,False
A7E2F4,False
A7MBM2,False
A7XYQ1,False
A8K855,False
A8K979,True
A8MPP1,False
A8MTL3,False
A8MU46,False
A8MUK1,False
A8MV81,False
A8MWX3,False
A8MWY0,False
A8MXK1,False
A8MYP8,False
B2RC85,False
B2RU33,False
B2RXH8,False
B3EWF7,False
B3EWG3,False
B4DJY2,False
B4DS77,False
B7Z8K6,True
B8ZZ34,False
B9EJG8,False
C0HLU2,False
C0HLV8,False
C0HM02,False
C0HM98,False
C0HMA1,False
E9PAV3,False
G9CGD6,False
H3BRN8,True
I0J062,False
O00295,False
O00515,False
O00534,False
O00570,False
O14545,True
O14599,False
O14602,False
O14668,False
O14709,False
O14841,False
O14957,True
O15016,True
O15034,True
O15037,True
O15063,True
O15069,False
O15090,False
O15235,True
O15321,False
O15335,True
O15375,False
O15403,False
O15539,True
O43247,False
O43301,False
O43345,False
O43347,False
O43414,True
O43555,False
O43638,False
O43657,False
O43677,True
O43692,False
O43736,False
O43763,True
O43812,False
O43824,True
O43908,False
O43934,False
O60224,False
O60225,False
O60234,True
O60262,False
O60279,False
O60299,False
O60330,False
O60347,False
O60412,False
O60422,False
O60522,False
O60542,False
O60676,False
O60732,False
O60765,False
O60774,False
O60811,False
O71037,False
O75064,False
O75123,False
O75153,False
O75157,False
O75310,False
O75325,False
O75335,False
O75346,False
O75363,False
O75373,False
O75388,False
O75394,True
O75437,False
O75459,False
O75493,False
O75526,False
O75541,False
O75596,False
O75635,False
O75678,False
O75683,True
O75690,False
O75711,False
O75715,True
O75764,False
O75820,False
O75830,False
O75901,False
O75953,False
O75954,False
O75973,False
O75995,False
O76001,False
O76002,False
O76009,False
O76038,True
O76080,True
O76099,False
O94772,False
O94854,False
O94903,False
O94952,False
O94967,False
O94988,False
O95007,False
O95025,False
O95076,False
O95081,False
O95084,False
O95096,False
O95164,True
O95168,True
O95178,True
O95199,False
O95222,False
O95336,False
O95371,False
O95411,False
O95478,True
O95620,False
O95625,False
O95661,True
O95665,False
O95685,False
O95757,False
O95759,False
O95780,False
O95800,False
O95838,True
O95841,False
O95918,False
O95976,False
P01566,False
P01569,False
P01599,False
P01601,False
P01611,False
P01614,False
P01624,False
P01703,False
P01714,True
P01715,False
P01717,False
P01718,False
P01733,False
P01743,False
P01762,False
P01763,False
P01766,False
P01767,False
P01782,False
P01824,True
P04211,False
P04430,False
P04432,False
P04433,True
P04435,True
P04437,True
P04808,False
P05013,False
P05015,False
P06310,False
P06315,False
P06331,False
P07311,True
P07316,True
P09001,True
P09093,False
P09105,False
P09630,False
P0C1H6,True
P0C645,False
P0C7H8,False
P0C7M3,False
P0C7M4,False
P0C7M7,False
P0C7P1,False
P0C7Q5,False
P0C7U3,False
P0C862,False
P0C8F1,False
P0CE72,True
P0CF74,False
P0CG13,False
P0CG21,False
P0CG29,True
P0CG38,False
P0CG39,False
P0CI25,False
P0CW23,False
P0DJ07,False
P0DJD4,False
P0DKB6,True
P0DMP2,False
P0DN77,False
P0DN78,False
P0DN87,False
P0DOX3,True
P0DOX4,False
P0DOX6,False
P0DPI2,False
P0DTW3,False
P0DUQ2,False
P0DW28,False
P0DW81,False
P0DY56,True
P10072,False
P10266,False
P12872,True
P15088,False
P15621,False
P16415,False
P17019,False
P17025,False
P17026,False
P17029,False
P17030,False
P17031,False
P17032,False
P17035,False
P17038,False
P17039,False
P17097,False
P17098,False
P17538,False
P19961,False
P21506,False
P22090,True
P22531,False
P22532,False
P22676,False
P29762,True
P30408,False
P30953,False
P30954,False
P31267,False
P31277,False
P32314,False
P33552,True
P34820,False
P35325,False
P35542,False
P36915,False
P40313,False
P43116,True
P43363,True
P47874,False
P47883,False
P47887,False
P47888,False
P47890,False
P47893,False
P47972,False
P48060,True
P49406,True
P49441,False
P49640,False
P49750,False
P51504,False
P51508,False
P51522,False
P51523,False
P51689,False
P51815,False
P52737,False
P52740,False
P52741,False
P52746,False
P52951,False
P54107,False
P54792,False
P54793,False
P55082,False
P55103,False
P55808,False
P56179,False
P56277,True
P56278,True
P57058,False
P57077,False
P57723,False
P57730,True
P57773,False
P57775,False
P58062,True
P58166,False
P58173,False
P58182,False
P58294,False
P58317,False
P58557,False
P58658,False
P58872,False
P59025,False
P59045,False
P59074,False
P59282,False
P59533,False
P59534,False
P59535,False
P59537,False
P59538,False
P59540,True
P59543,False
P59646,False
P59796,False
P59797,False
P59826,False
P59827,False
P60153,False
P60331,False
P60369,False
P60413,False
P60509,False
P60608,False
P60827,False
P60893,False
P60983,False
P61366,False
P61550,False
P61565,False
P61566,False
P61567,False
P62684,False
P63123,False
P63126,False
P63129,False
P63130,False
P63131,False
P63132,False
P63133,False
P63135,True
P63136,False
P63145,True
P63313,False
P69208,False
P78414,False
P81277,True
P81877,True
P82663,True
P82673,True
P82675,True
P82912,True
P82914,True
P82921,True
P82933,True
P82970,False
P82980,True
P83859,True
P84101,True
P86791,True
P87889,False
P98169,False
Q00888,False
Q01995,False
Q02045,False
Q02338,False
Q02386,False
Q02509,False
Q03169,False
Q03701,False
Q03828,False
Q03924,False
Q03936,False
Q05048,True
Q05952,False
Q06732,False
Q07507,False
Q08ER8,False
Q0D2J5,False
Q0P6D6,False
Q0VDG4,False
Q0VFZ6,True
Q0ZLH3,False
Q12796,False
Q12988,True
Q12999,False
Q13103,False
Q13106,False
Q13203,False
Q13304,True
Q13401,False
Q13434,False
Q13442,False
Q13474,False
Q13506,True
Q13606,False
Q13607,False
Q13938,True
Q14093,False
Q14094,False
Q14201,False
Q14206,False
Q14330,False
Q14409,False
Q14439,False
Q14576,False
Q14582,False
Q14588,False
Q14590,False
Q14593,False
Q14641,False
Q14681,False
Q14952,False
Q14C87,False
Q14CX5,False
Q15035,False
Q15048,False
Q15198,False
Q15238,False
Q15390,False
Q15391,True
Q15404,True
Q15612,False
Q15620,False
Q15651,False
Q15695,False
Q15760,False
Q15773,False
Q15847,False
Q16378,False
Q16538,False
Q16589,False
Q17RB0,False
Q17RF5,False
Q17RH7,False
Q17RN3,False
Q17RR3,False
Q17RY6,False
Q1L6U9,False
Q1ZZU3,False
Q2KJY2,False
Q2L4Q9,False
Q2M2H8,False
Q2M2I3,False
Q2M3D2,False
Q2M3G4,False
Q2MJR0,False
Q2NKX9,False
Q2NL68,False
Q2NL82,True
Q2NL98,False
Q2PZI1,False
Q2QL34,False
Q2T9K0,False
Q2T9L4,False
Q2TAP0,False
Q2TBC4,False
Q2VIR3,False
Q2VWP7,False
Q2VYF4,False
Q30KP8,False
Q30KQ9,False
Q32M78,False
Q32MH5,False
Q32ZL2,False
Q3B8N2,False
Q3B8N5,False
Q3BBV0,False
Q3KPI0,False
Q3KQU3,False
Q3LI77,False
Q3MIN7,False
Q3MIS6,False
Q3MIW9,False
Q3MJ13,False
Q3SXZ7,False
Q3SY17,False
Q3SY52,False
Q3ZCN5,False
Q3ZCQ3,False
Q3ZCT1,False
Q3ZCX4,True
Q495N2,False
Q495X7,False
Q496Y0,False
Q49AA0,False
Q49AH0,True
Q49SQ1,False
Q4G0A6,False
Q4G0F5,False
Q4G0T1,False
Q4G112,True
Q4G148,False
Q4G1C9,False
Q4L235,False
Q4LEZ3,False
Q4U2R6,True
Q4V339,False
Q4VNC0,False
Q4VX76,False
Q4ZIN3,False
Q504Y3,True
Q50KZ9,False
Q52LR7,False
Q52MB2,False
Q52WX2,False
Q53G44,False
Q53GA4,False
Q53QW1,False
Q53RD9,False
Q53S08,False
Q53T59,False
Q562R1,False
Q567V2,False
Q587J7,False
Q58FF8,False
Q58G82,False
Q5BIV9,False
Q5BKT4,False
Q5DT21,False
Q5EBL2,False
Q5FWE3,False
Q5FWF6,False
Q5FYB0,False
Q5GAN6,False
Q5GJ75,True
Q5H9T9,False
Q5H9U9,False
Q5HY92,False
Q5HYI7,False
Q5HYJ1,False
Q5HYK9,False
Q5HYL7,False
Q5HYM0,True
Q5I0X4,False
Q5J5C9,False
Q5JQC4,False
Q5JR12,False
Q5JRM2,False
Q5JT82,False
Q5JU00,True
Q5JU69,False
Q5JUW0,False
Q5JUX0,True
Q5JWR5,False
Q5JXA9,False
Q5M9Q1,False
Q5MAI5,False
Q5MJ09,False
Q5MJ68,False
Q5QJ74,False
Q5RIA9,False
Q5SRI9,True
Q5SRN2,False
Q5SZJ8,True
Q5T013,False
Q5T0D9,False
Q5T0L3,False
Q5T1Q4,False
Q5T215,False
Q5T2E6,False
Q5T2L2,False
Q5T4T1,False
Q5T653,True
Q5T6J7,False
Q5T6L9,False
Q5T7N2,True
Q5T871,False
Q5T9C9,False
Q5TAH2,False
Q5TBC7,True
Q5TC12,False
Q5TC79,False
Q5TDP6,False
Q5TEA6,False
Q5TEC3,False
Q5TF39,False
Q5TFQ8,True
Q5TH69,False
Q5TH74,False
Q5TYM5,False
Q5TYW1,False
Q5U5R9,False
Q5U623,False
Q5VT97,False
Q5VTE0,True
Q5VTH2,True
Q5VTH9,True
Q5VTQ0,False
Q5VU65,False
Q5VU97,False
Q5VUJ9,True
Q5VV17,True
Q5VV52,False
Q5VVH5,False
Q5VVW2,False
Q5VWW1,False
Q5VXH4,False
Q5VXJ0,False
Q5VXT5,False
Q5VXU1,False
Q5VYS4,False
Q5VZ52,False
Q5VZB9,False
Q5VZP5,False
Q5W0U4,False
Q5XG92,False
Q5XX13,False
Q63HK3,False
Q63HM1,False
Q641Q3,False
Q658Y4,True
Q66K14,False
Q66K41,False
Q66K66,False
Q66LE6,False
Q68BL7,False
Q68BL8,False
Q68CL5,False
Q68D51,False
Q68DH5,False
Q68DN1,False
Q68DU8,True
Q68DY1,False
Q69YU5,False
Q6A1A2,False
Q6A555,False
Q6AHZ1,False
Q6AZW8,False
Q6B0K9,True
Q6DD87,False
Q6DHY5,False
Q6DWJ6,True
Q6EKJ0,True
Q6GMV3,False
Q6H9L7,False
Q6IAN0,False
Q6IEE7,False
Q6IMI4,False
Q6IPR1,False
Q6IPR3,False
Q6IPT4,False
Q6IQ32,False
Q6ISS4,False
Q6IV72,False
Q6J272,False
Q6JEL2,False
Q6MZT1,False
Q6MZW2,False
Q6N063,False
Q6NSX1,False
Q6NSZ9,False
Q6NT32,False
Q6NUJ1,False
Q6NUK4,False
Q6NUM6,False
Q6NUM9,False
Q6NUQ4,False
Q6NVV7,False
Q6NXE6,False
Q6NXR4,True
Q6NY19,False
Q6P1K8,False
Q6P1L8,True
Q6P2I3,False
Q6P3R8,False
Q6P3S6,False
Q6P444,False
Q6P499,False
Q6P4A7,False
Q6P4D5,False
Q6P4E1,False
Q6P582,True
Q6P5S2,False
Q6P656,True
Q6P7N7,False
Q6P996,False
Q6P9A1,False
Q6P9G4,False
Q6P9H5,False
Q6PB30,False
Q6PEY0,False
Q6PEZ8,False
Q6PF04,False
Q6PI73,True
Q6PII3,False
Q6PIS1,False
Q6PJQ5,False
Q6PK18,False
Q6PK81,False
Q6PKH6,False
Q6Q8B3,False
Q6QEF8,True
Q6R2W3,False
Q6RSH7,False
Q6SJ96,False
Q6T310,False
Q6T4P5,False
Q6TDP4,True
Q6TDU7,True
Q6UW01,False
Q6UW32,False
Q6UWD8,False
Q6UWH4,False
Q6UWL2,False
Q6UWM5,False
Q6UWM7,False
Q6UWM9,False
Q6UWQ7,False
Q6UWT2,False
Q6UWT4,False
Q6UWV2,False
Q6UWW9,False
Q6UX07,False
Q6UX52,False
Q6UX73,False
Q6UXA7,False
Q6UXC1,False
Q6UXE8,False
Q6UXH9,False
Q6UXI7,False
Q6UXK5,False
Q6UXM1,False
Q6UXN2,False
Q6UXT9,False
Q6UXU4,False
Q6UXX5,False
Q6UY11,False
Q6VUC0,False
Q6W3E5,False
Q6WBX8,False
Q6X784,False
Q6X9E4,False
Q6XPR3,False
Q6XYB7,False
Q6Y2X3,False
Q6YFQ2,False
Q6YI46,False
Q6ZMD2,False
Q6ZMR3,False
Q6ZMV9,False
Q6ZN06,False
Q6ZN11,False
Q6ZN28,False
Q6ZNA5,False
Q6ZNB6,False
Q6ZNW5,False
Q6ZP65,False
Q6ZR52,False
Q6ZRH7,False
Q6ZS27,False
Q6ZS72,True
Q6ZS81,False
Q6ZS82,False
Q6ZS86,False
Q6ZSG2,False
Q6ZTI6,False
Q6ZTR7,False
Q6ZTW0,False
Q6ZU65,False
Q6ZUB1,False
Q6ZUT9,False
Q6ZUV0,False
Q6ZVH7,False
Q6ZVX7,False
Q6ZVX9,False
Q6ZW05,False
Q6ZWE6,False
Q6ZWJ8,False
Q6ZWK6,False
Q701N2,False
Q717R9,False
Q71RH2,False
Q76B58,False
Q76KP1,False
Q76M96,False
Q7L0R7,False
Q7L3S4,False
Q7L3T8,False
Q7L8C5,True
Q7L8W6,False
Q7L9B9,False
Q7LDI9,False
Q7M4L6,False
Q7RTR8,False
Q7RTT5,False
Q7RTU9,False
Q7RTV2,False
Q7RTV3,False
Q7RTY5,False
Q7RTY7,False
Q7RTY9,False
Q7RTZ2,False
Q7Z2K8,False
Q7Z2W9,True
Q7Z340,False
Q7Z398,False
Q7Z3T1,False
Q7Z3Z3,False
Q7Z402,False
Q7Z404,False
Q7Z444,False
Q7Z4J2,False
Q7Z4M0,False
Q7Z4P5,False
Q7Z553,False
Q7Z5A4,False
Q7Z5H4,False
Q7Z5H5,False
Q7Z5L3,False
Q7Z5M5,False
Q7Z5M8,False
Q7Z601,False
Q7Z692,False
Q7Z6K3,True
Q7Z6Z6,False
Q7Z7B7,False
Q7Z7F7,True
Q7Z7J5,False
Q7Z7J7,True
Q7Z7K0,False
Q7Z7L9,False
Q7Z7M1,False
Q86SG5,True
Q86SG7,False
Q86SH2,True
Q86SP6,False
Q86TA1,False
Q86TD4,False
Q86TJ5,False
Q86TM3,True
Q86TN4,True
Q86U38,False
Q86UA1,False
Q86UB9,False
Q86UE3,False
Q86UP6,False
Q86UP8,False
Q86UU1,False
Q86UW8,False
Q86UY8,False
Q86UZ6,False
Q86V21,False
Q86VD1,False
Q86VH4,False
Q86VI1,False
Q86VR7,False
Q86VU5,True
Q86VZ4,False
Q86W33,False
Q86W34,False
Q86W67,False
Q86WC6,False
Q86WI0,False
Q86WK7,False
Q86WK9,False
Q86WN2,False
Q86WS3,False
Q86WW8,False
Q86X10,True
Q86X19,False
Q86X27,False
Q86XD5,False
Q86XH1,True
Q86XI6,True
Q86XN7,False
Q86XP6,False
Q86XR2,False
Q86XR5,False
Q86XT9,False
Q86XW9,True
Q86Y22,False
Q86Y79,False
Q86YE8,False
Q86YH2,False
Q86YJ6,False
Q86YL5,False
Q86YQ8,False
Q86YV6,True
Q8IUC0,False
Q8IUE0,False
Q8IUE1,True
Q8IUK8,False
Q8IUR0,False
Q8IUZ0,False
Q8IV01,False
Q8IV13,False
Q8IVV2,False
Q8IVW1,False
Q8IW03,False
Q8IW36,False
Q8IW93,True
Q8IWB9,False
Q8IWF6,False
Q8IWP9,False
Q8IWR0,True
Q8IX06,False
Q8IX18,False
Q8IX29,False
Q8IXS8,False
Q8IXT1,False
Q8IXT2,False
Q8IXY8,True
Q8IXZ3,False
Q8IY42,False
Q8IY67,True
Q8IYD9,False
Q8IYK8,True
Q8IYL2,False
Q8IYN2,False
Q8IYS0,True
Q8IYS4,False
Q8IYT1,False
Q8IYU4,False
Q8IYW2,False
Q8IYX0,False
Q8IZ26,False
Q8IZ57,False
Q8IZ83,False
Q8IZJ4,False
Q8IZM9,False
Q8IZP7,False
Q8IZS5,False
Q8IZS6,False
Q8IZS7,False
Q8IZT9,False
Q8IZU8,False
Q8IZV2,False
Q8N0S6,True
Q8N0T1,False
Q8N0U2,False
Q8N0Y7,False
Q8N0Z8,False
Q8N109,False
Q8N111,False
Q8N112,False
Q8N118,False
Q8N135,False
Q8N184,False
Q8N1D0,False
Q8N1G4,True
Q8N1N0,False
Q8N1S5,False
Q8N228,False
Q8N292,False
Q8N2H3,False
Q8N323,False
Q8N365,False
Q8N3J9,False
Q8N3X1,False
Q8N3X6,False
Q8N436,False
Q8N442,False
Q8N461,False
Q8N475,False
Q8N4P2,False
Q8N4Q0,True
Q8N4T4,False
Q8N4Z0,False
Q8N531,False
Q8N5C7,False
Q8N5H3,False
Q8N5I3,False
Q8N5I9,False
Q8N5L8,False
Q8N5M4,False
Q8N5R6,False
Q8N5S1,False
Q8N628,False
Q8N690,False
Q8N6D5,False
Q8N6Q1,False
Q8N6S5,False
Q8N6V9,False
Q8N6Y1,False
Q8N7A1,False
Q8N7B1,False
Q8N7B9,False
Q8N7K0,False
Q8N7M2,False
Q8N7P1,False
Q8N7R0,False
Q8N7R7,False
Q8N806,False
Q8N819,False
Q8N823,False
Q8N831,False
Q8N859,False
Q8N883,False
Q8N8A2,False
Q8N8A6,False
Q8N8F6,False
Q8N8G2,False
Q8N8J6,False
Q8N8K9,False
Q8N8L2,False
Q8N8Q9,False
Q8N8R5,False
Q8N8R7,True
Q8N8U2,True
Q8N8Y5,False
Q8N8Z8,False
Q8N954,False
Q8N988,False
Q8N9H8,False
Q8N9L1,False
Q8N9S9,False
Q8N9V2,False
Q8N9W4,False
Q8N9Z0,False
Q8N9Z9,False
Q8NA19,False
Q8NAA4,False
Q8NAF0,False
Q8NAT2,True
Q8NBF6,False
Q8NBH2,False
Q8NBI3,True
Q8NBR0,False
Q8NBV4,False
Q8NBX0,False
Q8NC44,True
Q8NC96,True
Q8NCA9,False
Q8NCF0,False
Q8NCK3,False
Q8NCQ7,False
Q8NCR3,False
Q8NCT3,False
Q8NCV1,False
Q8NCY6,False
Q8ND07,False
Q8ND71,False
Q8ND82,False
Q8NDA2,False
Q8NDH2,False
Q8NDV2,False
Q8NDX6,False
Q8NDX9,False
Q8NE28,False
Q8NEB7,False
Q8NEC7,False
Q8NEF3,False
Q8NEF9,False
Q8NEG4,False
Q8NEM1,False
Q8NEM2,False
Q8NEN0,False
Q8NEP9,False
Q8NET1,False
Q8NF86,False
Q8NFI3,False
Q8NFJ8,False
Q8NFK1,True
Q8NG04,False
Q8NG48,False
Q8NG68,True
Q8NGA0,False
Q8NGA4,False
Q8NGC8,False
Q8NGD0,False
Q8NGE3,False
Q8NGG2,False
Q8NGH7,False
Q8NGI2,False
Q8NGK2,False
Q8NGM9,False
Q8NGN3,False
Q8NGQ1,False
Q8NGR2,False
Q8NGR6,False
Q8NGS2,False
Q8NGS8,False
Q8NGV6,False
Q8NGW6,False
Q8NGX3,False
Q8NGY0,False
Q8NGY3,False
Q8NH19,False
Q8NH43,False
Q8NH48,False
Q8NH59,False
Q8NH69,False
Q8NH85,False
Q8NH87,False
Q8NH92,False
Q8NH94,False
Q8NHC8,False
Q8NHM4,False
Q8NHP7,False
Q8NHQ8,True
Q8NHR7,True
Q8NHY6,True
Q8NI29,False
Q8NI32,True
Q8NI99,True
Q8TAA3,False
Q8TAA5,False
Q8TAE6,False
Q8TAF7,False
Q8TAG6,False
Q8TAL6,False
Q8TAQ5,False
Q8TAQ9,False
Q8TAV4,False
Q8TB03,False
Q8TB52,True
Q8TB96,False
Q8TBB5,False
Q8TBF4,True
Q8TBF5,False
Q8TBF8,False
Q8TBH0,False
Q8TBJ5,False
Q8TBP0,False
Q8TBP6,False
Q8TBQ9,False
Q8TBZ0,False
Q8TBZ5,False
Q8TC21,False
Q8TC56,False
Q8TC90,False
Q8TCB6,False
Q8TCC3,True
Q8TCD6,False
Q8TCV5,False
Q8TCW7,False
Q8TCW9,False
Q8TD86,False
Q8TD94,False
Q8TDM0,False
Q8TDN6,True
Q8TDU9,True
Q8TDV2,False
Q8TDV5,True
Q8TDW4,False
Q8TDY8,False
Q8TE69,True
Q8TET4,False
Q8TF21,False
Q8TF39,True
Q8TF45,False
Q8TF64,False
Q8TF68,False
Q8WUA2,True
Q8WUH1,True
Q8WUJ1,False
Q8WUN7,True
Q8WUT4,False
Q8WUX2,True
Q8WUY8,False
Q8WUZ0,False
Q8WV07,False
Q8WV37,False
Q8WV48,False
Q8WV60,False
Q8WV83,False
Q8WVE0,False
Q8WVH0,False
Q8WVI0,False
Q8WVK2,True
Q8WVL7,False
Q8WW14,False
Q8WW27,False
Q8WWG1,False
Q8WWY7,False
Q8WX77,True
Q8WXA2,False
Q8WXB4,False
Q8WXD9,True
Q8WXE0,True
Q8WXQ8,False
Q8WY22,False
Q8WYK1,False
Q8WYN3,False
Q8WYQ4,False
Q8WYQ9,False
Q8WZ64,True
Q8WZ79,False
Q8WZ84,False
Q8WZ94,False
Q8WZA6,False
Q902F8,False
Q902F9,False
Q92610,False
Q92617,False
Q92664,False
Q92665,True
Q92771,False
Q92828,False
Q92914,False
Q93073,False
Q93075,False
Q969I3,False
Q969Q4,False
Q969T3,False
Q969W8,False
Q96A00,False
Q96A04,False
Q96A05,False
Q96A23,False
Q96A28,False
Q96A35,True
Q96A46,False
Q96A47,False
Q96A73,False
Q96A84,False
Q96A98,True
Q96A99,False
Q96AB3,False
Q96AC6,False
Q96BH3,False
Q96BJ8,False
Q96BN6,False
Q96BQ1,False
Q96BQ3,False
Q96BU1,False
Q96CG8,False
Q96CH1,False
Q96CW6,False
Q96CX2,True
Q96CX6,False
Q96DC8,True
Q96DD7,False
Q96DT0,False
Q96DU9,False
Q96DX4,False
Q96DY2,True
Q96DY7,False
Q96EF9,False
Q96EN9,False
Q96ER3,False
Q96F05,False
Q96FC7,False
Q96FN9,False
Q96FV2,False
Q96GC5,True
Q96GE5,False
Q96GE9,False
Q96GK7,False
Q96GX2,False
Q96GX8,False
Q96GY0,False
Q96H78,False
Q96HE9,False
Q96HJ9,False
Q96HL8,True
Q96HQ0,False
Q96HQ2,False
Q96I82,False
Q96ID5,False
Q96IG2,False
Q96IK0,False
Q96IQ7,False
Q96IX9,False
Q96J77,False
Q96J86,False
Q96J88,False
Q96JA4,False
Q96JC4,False
Q96JK4,False
Q96JT2,False
Q96K49,False
Q96K62,False
Q96KC2,True
Q96KE9,True
Q96KN1,False
Q96KR1,False
Q96KR4,False
Q96KS9,False
Q96KX0,False
Q96KX2,False
Q96L14,False
Q96L15,False
Q96L94,True
Q96LB0,False
Q96LL3,False
Q96LU7,False
Q96LW2,False
Q96LW9,False
Q96LY2,False
Q96M69,False
Q96M83,False
Q96M89,False
Q96M95,False
Q96MA1,False
Q96MB7,False
Q96ME1,False
Q96ME7,True
Q96MI6,False
Q96MM6,False
Q96MT1,False
Q96MU6,False
Q96MX6,True
Q96N03,False
Q96N06,False
Q96N28,True
Q96N38,False
Q96ND0,False
Q96NJ3,False
Q96NJ5,False
Q96NK8,False
Q96NL0,False
Q96NL1,False
Q96NU0,False
Q96NX9,False
Q96P50,False
Q96P69,False
Q96PB8,True
Q96PE5,False
Q96PE6,False
Q96PL1,False
Q96PL2,False
Q96PU9,False
Q96Q07,False
Q96QR1,False
Q96QS1,False
Q96QU6,False
Q96QZ0,True
Q96R48,False
Q96RA2,False
Q96RK1,False
Q96RV3,False
Q96S79,False
Q96S90,True
Q96S96,False
Q96SC8,False
Q96SE0,False
Q96SE7,True
Q96SK2,False
Q96SK3,False
Q96SL8,False
Q96SM3,False
Q96SR6,False
Q96T92,False
Q99218,False
Q99445,False
Q99457,False
Q99525,False
Q99618,False
Q99666,False
Q99676,False
Q99727,False
Q99742,False
Q99805,False
Q99811,True
Q99819,False
Q99865,False
Q99954,False
Q9BPX5,True
Q9BPY3,True
Q9BPZ2,True
Q9BQ08,False
Q9BQC6,True
Q9BQI4,False
Q9BQI7,False
Q9BQN1,False
Q9BQQ7,False
Q9BQR3,False
Q9BQY9,False
Q9BRJ6,False
Q9BRP1,False
Q9BRP4,False
Q9BRQ0,True
Q9BRQ4,False
Q9BRR8,False
Q9BRT6,True
Q9BRY0,False
Q9BSF8,False
Q9BSG0,False
Q9BSH3,False
Q9BSH5,True
Q9BSN7,False
Q9BT73,True
Q9BT76,False
Q9BTE1,True
Q9BTM1,True
Q9BTT6,False
Q9BTV6,False
Q9BU23,False
Q9BU70,False
Q9BUG6,False
Q9BUK0,True
Q9BUN1,False
Q9BUT9,False
Q9BUY7,False
Q9BV19,False
Q9BV99,False
Q9BW30,True
Q9BW72,True
Q9BWG4,True
Q9BWM5,False
Q9BWU0,True
Q9BX26,False
Q9BX93,False
Q9BXE9,False
Q9BXG8,False
Q9BXK1,False
Q9BXL5,False
Q9BXT2,False
Q9BXU3,False
Q9BY21,False
Q9BYC2,False
Q9BYC9,True
Q9BYD1,True
Q9BYD2,True
Q9BYD3,True
Q9BYD6,True
Q9BYQ8,False
Q9BYQ9,False
Q9BZ76,False
Q9BZD7,False
Q9BZE1,True
Q9BZI1,False
Q9BZJ6,False
Q9C002,False
Q9C009,False
Q9C075,False
Q9C099,False
Q9C0B6,False
Q9C0D7,False
Q9C0H5,False
Q9C0H6,False
Q9GZK4,False
Q9GZK6,False
Q9GZM6,False
Q9GZP1,False
Q9GZP4,False
Q9GZP7,False
Q9GZT6,True
Q9GZY4,False
Q9GZZ0,False
Q9H009,False
Q9H091,False
Q9H094,False
Q9H0C3,False
Q9H0I9,False
Q9H0K4,False
Q9H0U9,False
Q9H0V1,False
Q9H0X4,False
Q9H158,False
Q9H1A7,False
Q9H1C0,False
Q9H1E5,False
Q9H1K6,True
Q9H1U4,False
Q9H1Z8,False
Q9H1Z9,True
Q9H205,False
Q9H207,False
Q9H208,False
Q9H209,False
Q9H210,False
Q9H213,False
Q9H2A3,False
Q9H2C8,False
Q9H2F9,False
Q9H2T7,False
Q9H2W6,True
Q9H2X8,False
Q9H2Y9,False
Q9H330,False
Q9H336,False
Q9H339,False
Q9H340,False
Q9H341,False
Q9H342,False
Q9H347,True
Q9H3C7,True
Q9H3E2,True
Q9H3G5,False
Q9H3Z7,False
Q9H426,False
Q9H446,True
Q9H4A4,False
Q9H4B8,True
Q9H4G1,False
Q9H4I0,False
Q9H4I8,False
Q9H4K1,True
Q9H4S2,False
Q9H501,False
Q9H568,False
Q9H5J0,False
Q9H5L6,False
Q9H609,False
Q9H665,False
Q9H6A9,False
Q9H6D8,False
Q9H6F2,False
Q9H6K4,False
Q9H6X4,False
Q9H6X5,False
Q9H6Y2,True
Q9H756,False
Q9H7C9,True
Q9H7R0,False
Q9H7R5,False
Q9H7T0,False
Q9H7U1,False
Q9H7X7,False
Q9H857,False
Q9H898,False
Q9H8J5,False
Q9H8Y1,False
Q9H920,False
Q9H930,False
Q9H967,False
Q9H9H5,False
Q9H9L3,True
Q9H9Y2,True
Q9H9Y4,False
Q9HA64,False
Q9HA92,False
Q9HAT1,False
Q9HAY2,False
Q9HB09,False
Q9HB40,False
Q9HBQ8,False
Q9HBR0,False
Q9HBU1,True
Q9HBV1,False
Q9HC38,True
Q9HC44,False
Q9HC56,True
Q9HCC6,False
Q9HCG1,False
Q9HCI6,False
Q9HCJ6,True
Q9HCL0,True
Q9HCN2,False
Q9HCN8,False
Q9HCT0,False
Q9HD33,True
Q9HD64,False
Q9HDB9,False
Q9N2J8,False
Q9NP92,True
Q9NPA3,False
Q9NPB8,True
Q9NPD7,False
Q9NPH6,False
Q9NPI7,False
Q9NQ03,False
Q9NQ60,False
Q9NQA3,False
Q9NQE7,False
Q9NQN1,False
Q9NQS1,False
Q9NQT6,False
Q9NQX6,False
Q9NR64,False
Q9NR77,False
Q9NRG7,True
Q9NRH1,False
Q9NRJ1,False
Q9NRJ5,False
Q9NRM2,False
Q9NRN5,False
Q9NRU3,False
Q9NRV9,False
Q9NRX3,False
Q9NRY5,False
Q9NS25,False
Q9NS26,False
Q9NS28,True
Q9NS66,False
Q9NS93,False
Q9NS98,False
Q9NSD7,True
Q9NSI2,True
Q9NTI7,False
Q9NTU4,False
Q9NTU7,False
Q9NTX5,False
Q9NTZ6,True
Q9NU02,False
Q9NUP1,False
Q9NUQ6,False
Q9NUQ8,False
Q9NUV9,True
Q9NUZ1,False
Q9NV39,False
Q9NV66,False
Q9NV72,False
Q9NVG8,False
Q9NVK5,False
Q9NVP4,False
Q9NVQ4,True
Q9NVR7,False
Q9NVS2,True
Q9NVZ3,False
Q9NW68,False
Q9NWA0,True
Q9NWC5,True
Q9NWM3,True
Q9NWV4,True
Q9NWW0,False
Q9NX20,True
Q9NX38,False
Q9NX45,False
Q9NXF7,True
Q9NXH3,False
Q9NXK6,False
Q9NXL2,False
Q9NXL6,True
Q9NXT0,False
Q9NY57,False
Q9NYF5,False
Q9NYJ1,False
Q9NYL4,True
Q9NYL9,False
Q9NYN1,True
Q9NYS0,True
Q9NYV9,False
Q9NYW1,False
Q9NYW2,False
Q9NYW3,False
Q9NYW6,False
Q9NYW7,False
Q9NZ32,True
Q9NZL6,True
Q9NZQ0,True
Q9NZQ9,False
Q9NZR1,False
Q9NZT2,False
Q9NZW5,False
Q9P015,True
Q9P031,False
Q9P0J6,True
Q9P0M9,True
Q9P104,True
Q9P1U1,False
Q9P1Y6,False
Q9P203,False
Q9P227,False
Q9P242,False
Q9P260,False
Q9P265,False
Q9P291,False
Q9P299,False
Q9P2C4,False
Q9P2G3,False
Q9P2J8,False
Q9P2J9,False
Q9P2N2,False
Q9P2N5,False
Q9P2P1,False
Q9P2V4,False
Q9QC07,False
Q9UBG7,False
Q9UBI9,False
Q9UBK7,False
Q9UBL0,False
Q9UBU6,False
Q9UDX5,False
Q9UH62,False
Q9UH90,False
Q9UHA3,True
Q9UHP9,False
Q9UHR6,True
Q9UHV5,True
Q9UI15,False
Q9UII5,False
Q9UIM3,False
Q9UJ04,False
Q9UJ42,False
Q9UJ99,False
Q9UJG1,False
Q9UJJ7,True
Q9UJK0,False
Q9UJT0,False
Q9UJV8,False
Q9UJW7,False
Q9UK08,False
Q9UK11,False
Q9UK12,False
Q9UK13,False
Q9UK85,False
Q9UKH3,False
Q9UKJ0,True
Q9UKJ3,False
Q9UKL2,False
Q9UKR3,False
Q9UKR8,False
Q9UKY3,False
Q9UL36,False
Q9UL58,False
Q9ULE3,False
Q9ULJ7,False
Q9ULK2,False
Q9ULK6,False
Q9ULL1,False
Q9ULR5,False
Q9ULS5,False
Q9ULS6,False
Q9ULZ0,False
Q9UN30,False
Q9UN67,False
Q9UN70,False
Q9UN71,False
Q9UN75,False
Q9UNL2,True
Q9UNX4,True
Q9UPC5,True
Q9UPV7,True
Q9UQ72,False
Q9UQG0,True
Q9Y2A4,False
Q9Y2F9,False
Q9Y2G4,False
Q9Y2H8,False
Q9Y2L6,False
Q9Y2L8,True
Q9Y2Q1,False
Q9Y2Q9,True
Q9Y2R5,True
Q9Y2R9,True
Q9Y2T4,False
Q9Y2T5,True
Q9Y2U2,False
Q9Y330,False
Q9Y334,False
Q9Y3B6,True
Q9Y3D3,True
Q9Y3D5,True
Q9Y3E1,True
Q9Y3X0,False
Q9Y421,True
Q9Y426,False
Q9Y471,False
Q9Y4F5,False
Q9Y4I5,False
Q9Y4K1,True
Q9Y543,False
Q9Y573,False
Q9Y585,False
Q9Y5B6,True
Q9Y5E2,False
Q9Y5E4,False
Q9Y5E5,False
Q9Y5E6,False
Q9Y5E7,False
Q9Y5E8,False
Q9Y5F0,False
Q9Y5F3,False
Q9Y5F6,False
Q9Y5F8,False
Q9Y5F9,False
Q9Y5G0,False
Q9Y5G1,True
Q9Y5G2,False
Q9Y5G3,False
Q9Y5G4,False
Q9Y5G5,False
Q9Y5G6,False
Q9Y5G7,False
Q9Y5G8,False
Q9Y5H0,False
Q9Y5H1,False
Q9Y5H2,False
Q9Y5H3,False
Q9Y5H4,False
Q9Y5H6,False
Q9Y5H7,False
Q9Y5I0,False
Q9Y5I1,False
Q9Y5I4,False
Q9Y5J9,False
Q9Y5M8,True
Q9Y5P1,True
Q9Y5R8,False
Q9Y5Y3,False
Q9Y5Z6,False
Q9Y644,False
Q9Y651,False
Q9Y661,False
Q9Y689,True
Q9Y6G3,True
Q9Y6I0,False
Q9Y6I8,False
Q9Y6Q3,False
Q9Y6S9,False
Q9YNA8,False
U3KPV4,False
W6CW81,False
A0A075B6H7,False
A0A075B6H8,False
A0A075B6H9,False
A0A075B6I0,False
A0A075B6I1,False
A0A075B6I3,False
A0A075B6I4,False
A0A075B6I6,False
A0A075B6I7,False
A0A075B6I9,False
A0A075B6J1,False
A0A075B6J2,False
A0A075B6J6,False
A0A075B6K0,False
A0A075B6K2,False
A0A075B6K4,False
A0A075B6K5,False
A0A075B6K6,False
A0A075B6L2,False
A0A075B6L6,False
A0A075B6N2,False
A0A075B6N3,False
A0A075B6N4,False
A0A075B6P5,False
A0A075B6Q5,False
A0A075B6R0,False
A0A075B6R2,False
A0A075B6R9,False
A0A075B6S2,False
A0A075B6S4,False
A0A075B6S5,False
A0A075B6S6,False
A0A075B6S9,False
A0A075B6T6,True
A0A075B6T7,False
A0A075B6T8,False
A0A075B6U4,False
A0A075B6V5,False
A0A075B6W5,False
A0A075B6X5,False
A0A075B734,False
A0A075B767,False
A0A087WSX0,False
A0A087WSY4,False
A0A087WSY6,False
A0A087WSZ0,False
A0A087WSZ9,True
A0A087WT02,False
A0A087WT03,True
A0A087WUV0,False
A0A087WV62,False
A0A087WVF3,False
A0A087WW87,False
A0A087WXM9,False
A0A087X0M5,False
A0A087X179,False
A0A096LNW5,False
A0A096LP55,False
A0A0A0MRZ7,False
A0A0A0MRZ8,False
A0A0A0MRZ9,False
A0A0A0MS00,False
A0A0A0MS01,False
A0A0A0MS02,False
A0A0A0MS03,False
A0A0A0MS04,False
A0A0A0MS05,False
A0A0A0MS06,False
A0A0A0MS14,False
A0A0A0MS15,False
A0A0A0MT36,False
A0A0A6YYC5,False
A0A0A6YYD4,False
A0A0A6YYG2,False
A0A0A6YYG3,False
A0A0A6YYJ7,False
A0A0A6YYK1,False
A0A0A6YYK4,False
A0A0A6YYK6,False
A0A0A6YYK7,False
A0A0A6YYL3,False
A0A0B4J1U3,True
A0A0B4J1U4,True
A0A0B4J1U6,True
A0A0B4J1U7,False
A0A0B4J1V0,False
A0A0B4J1V1,True
A0A0B4J1V2,False
A0A0B4J1V6,False
A0A0B4J1V7,False
A0A0B4J1X5,False
A0A0B4J1X8,False
A0A0B4J1Y8,False
A0A0B4J1Y9,False
A0A0B4J1Z2,False
A0A0B4J234,False
A0A0B4J235,False
A0A0B4J237,False
A0A0B4J238,False
A0A0B4J240,True
A0A0B4J241,False
A0A0B4J244,False
A0A0B4J245,False
A0A0B4J248,False
A0A0B4J249,False
A0A0B4J262,False
A0A0B4J263,False
A0A0B4J264,False
A0A0B4J265,False
A0A0B4J266,False
A0A0B4J268,True
A0A0B4J271,True
A0A0B4J272,True
A0A0B4J273,False
A0A0B4J274,True
A0A0B4J275,False
A0A0B4J276,True
A0A0B4J277,True
A0A0B4J279,True
A0A0B4J280,False
A0A0B4J2D9,False
A0A0B4J2E0,True
A0A0B4J2H0,True
A0A0C4DH24,False
A0A0C4DH25,False
A0A0C4DH26,False
A0A0C4DH27,True
A0A0C4DH28,True
A0A0C4DH29,False
A0A0C4DH30,False
A0A0C4DH31,False
A0A0C4DH32,False
A0A0C4DH33,False
A0A0C4DH34,False
A0A0C4DH35,False
A0A0C4DH36,False
A0A0C4DH38,False
A0A0C4DH39,False
A0A0C4DH41,True
A0A0C4DH42,False
A0A0C4DH43,False
A0A0C4DH55,False
A0A0C4DH59,False
A0A0C4DH67,False
A0A0C4DH68,False
A0A0C4DH69,False
A0A0C4DH72,False
A0A0C4DH73,False
A0A0G2JMI3,False
A0A0G2JS06,False
A0A0J9YVY3,False
A0A0J9YX35,False
A0A0J9YX75,False
A0A0J9YXX1,False
A0A0J9YXY3,False
A0A0K0K1A3,False
A0A0K0K1B3,False
A0A0K0K1C0,False
A0A0K0K1C4,False
A0A0K0K1D8,False
A0A0K0K1E9,False
A0A0K0K1G6,False
A0A0K0K1G8,False
A0A0U1RQF7,False
A0A0U1RRN3,False
A0A1B0GTK4,False
A0A1B0GUS4,False
A0A1B0GUW7,False
A0A1B0GVD1,False
A0A1B0GVH4,False
A0A1B0GWG4,False
A0A1B0GX31,False
A0A1B0GX49,False
A0A1B0GX51,False
A0A1B0GX56,True
A0A1B0GX68,False
A0A1B0GX78,False
A0A1B0GX95,False
A0A1B0GXF2,False
A0A1W2PPD8,False
A0A1W2PPM1,False
A0A1W2PQD8,False
A0A1W2PR19,False
A0A1W2PR82,False
A0A286YEU6,False
A0A2R8Y4L6,False
A0A2R8Y619,False
A0A2R8YED5,False
A0A2Z4LIS9,False
A0A3B3IS91,False
A0A3B3IT45,False
A0A3B3IU63,False
A0A3G1DIU6,False
A0A455ZAR2,False
A0A494C1R9,False
A0A539,False
A0A576,False
A0A577,False
A0A578,True
A0A584,True
A0A589,False
A0A590UK83,False
A0A597,False
A0A599,False
A0A5A2,False
A0A5A6,False
A0A5B0,True
A0A5B6,True
A0A5B7,False
A0A6I8PU40,False
A0A7L8Y648,False
A0A804HLA8,False
A0AUZ9,False
A0JD32,False
A0JD36,True
A0JD37,True
A0PJE2,False
A0PJX2,False
A0PJX4,False
A1A4F0,False
A1A4V9,False
A1A580,False
A1IGU5,False
A1L168,False
A1L1A6,False
A1L3X4,False
A1L453,False
A2A3L6,False
A2A3N6,False
A2CJ06,False
A2RRH5,False
A2RRL7,False
A2RTY3,False
A2RU48,False
A2RU54,False
A2RUR9,False
A2RUU4,False
A3KFT3,False
A4D0V7,False
A4D1S0,False
A4D1U4,False
A4D2H0,False
A4FU49,False
A4QPH2,False
A5PL33,False
A5PLK6,False
A5PLL1,False
A5PLN7,False
A6H8M9,False
A6NC42,False
A6NC78,False
A6NC86,False
A6NCC3,False
A6NCI4,False
A6NCL1,True
A6NCM1,False
A6NCN2,False
A6NCV1,False
A6NCW7,False
A6NDD5,False
A6NDH6,False
A6NDI0,False
A6NDL8,False
A6NDN3,False
A6NDR6,False
A6NDS4,False
A6NDX5,False
A6NDY0,False
A6NE52,False
A6NEC2,False
A6NEL2,False
A6NER0,False
A6NES4,False
A6NET4,False
A6NF34,False
A6NF89,False
A6NFC5,False
A6NFC9,False
A6NFH5,False
A6NFI3,False
A6NFQ7,False
A6NG13,False
A6NGD5,False
A6NGJ6,False
A6NGN9,True
A6NH21,False
A6NH52,False
A6NH57,False
A6NHA9,False
A6NHG4,False
A6NHG9,False
A6NHJ4,False
A6NHM9,False
A6NHN0,False
A6NHS7,False
A6NHT5,False
A6NI72,False
A6NI87,False
A6NIE9,False
A6NIJ9,False
A6NIR3,False
A6NIZ1,False
A6NJT0,False
A6NJV1,True
A6NJW4,False
A6NJY4,False
A6NJZ3,False
A6NJZ7,False
A6NK02,False
A6NK53,False
A6NK59,False
A6NK75,False
A6NKD2,False
A6NKD9,False
A6NKG5,False
A6NKK0,False
A6NKQ9,False
A6NKT7,False
A6NKX4,False
A6NL08,False
A6NL26,False
A6NL82,True
A6NLP5,False
A6NLU0,True
A6NM03,False
A6NM11,False
A6NM28,False
A6NM43,False
A6NM76,False
A6NMS3,False
A6NMS7,False
A6NMT0,False
A6NMU1,False
A6NMX2,False
A6NMZ2,False
A6NMZ5,False
A6NN14,False
A6NN92,False
A6NNA2,False
A6NNA5,False
A6NNF4,False
A6NNM3,False
A6NNP5,False
A6NP11,False
A6NP61,False
A6PVL3,False
A6PVS8,False
A6QL64,False
A7E2U8,False
A8K0R7,False
A8K0S8,False
A8K5M9,False
A8MPS7,False
A8MPX8,False
A8MQT2,False
A8MT70,False
A8MTB9,False
A8MTI9,False
A8MTL9,False
A8MTY0,False
A8MTY7,False
A8MUH7,False
A8MUM7,True
A8MUV8,False
A8MV23,False
A8MVA2,False
A8MVS5,False
A8MVU1,False
A8MVW0,False
A8MVZ5,False
A8MWA4,False
A8MWD9,False
A8MWK0,False
A8MX76,False
A8MXE2,False
A8MXU0,False
A8MXY4,False
A8MXZ3,False
A8MYV0,False
A8MYZ6,False
A8MZ26,False
B1AJZ9,False
B1AKI9,True
B1ANS9,False
B1APH4,False
B2CW77,False
B2RN74,False
B2RNN3,False
B2RXH4,False
B3SHH9,False
B4DH59,False
B4DU55,False
B4DX44,False
B4DXR9,False
B5ME19,False
B7ZAP0,False
B7ZC32,False
B9A064,True
B9A6J9,False
C0HLZ6,False
C0HM01,False
C0HM83,False
C0HMD6,False
C0HME5,False
C9J069,False
C9J1S8,False
C9J2P7,False
C9J798,False
C9JCN9,False
C9JDP6,False
C9JH25,False
C9JJH3,False
C9JLJ4,False
C9JLR9,False
C9JPN9,False
C9JQL5,False
C9JSJ3,False
C9JUS6,False
C9JVI0,False
C9JXX5,False
D6R901,False
D6R9N7,False
D6RA61,False
D6RBQ6,False
D6RCP7,False
D6RIA3,False
D6RJB6,False
E2RYF6,False
E2RYF7,False
E7ETH6,False
E9PB15,False
E9PQ53,False
E9PRG8,True
F7VJQ1,False
G3V0H7,False
G5E9R7,False
H3BQB6,False
H3BSY2,False
I3L273,False
I3L3R5,False
L0R6Q1,False
L0R819,False
O00110,False
O00321,False
O00398,True
O00458,False
O00479,False
O00634,False
O14498,False
O14562,False
O14581,False
O14598,False
O14604,False
O14715,False
O14718,False
O14753,False
O14921,False
O14990,False
O15050,False
O15255,False
O15442,False
O15480,False
O15482,False
O43246,False
O43325,False
O43361,False
O43423,False
O43869,False
O60268,False
O60287,False
O60290,False
O60309,False
O60320,False
O60397,False
O60403,False
O60404,False
O60431,False
O60518,False
O60575,False
O60637,False
O60739,False
O60809,False
O60810,False
O75290,False
O75333,False
O75391,True
O75467,False
O75474,False
O75949,False
O76000,False
O76087,False
O76100,False
O94819,False
O95006,False
O95013,False
O95156,False
O95157,False
O95158,False
O95170,False
O95221,False
O95424,False
O95502,False
O95521,False
O95522,False
O95744,False
O95857,False
O95969,False
O96001,False
P01737,False
P03979,False
P03986,True
P09131,False
P0C025,True
P0C091,False
P0C263,False
P0C5J1,False
P0C5Y4,False
P0C604,False
P0C617,False
P0C623,False
P0C626,False
P0C628,False
P0C629,False
P0C646,False
P0C6A0,False
P0C6S8,False
P0C7A2,False
P0C7H9,False
P0C7I0,False
P0C7I6,False
P0C7N1,False
P0C7P4,False
P0C7Q2,False
P0C7Q6,False
P0C7T2,False
P0C7T3,False
P0C7T4,False
P0C7U1,False
P0C7V7,False
P0C7X1,False
P0C7X4,False
P0C860,False
P0C881,False
P0CB33,False
P0CB38,False
P0CF51,True
P0CG00,False
P0CG01,False
P0CG12,False
P0CG22,False
P0CG24,False
P0CG31,False
P0CG34,False
P0CG35,False
P0CG36,False
P0CG40,False
P0CH99,False
P0CI26,False
P0CJ72,False
P0CJ78,False
P0CJ79,False
P0CK96,False
P0CK97,False
P0CL82,False
P0CV98,False
P0CV99,False
P0CW00,False
P0CW01,False
P0CW20,False
P0DJD0,False
P0DJD1,False
P0DKB5,False
P0DKV0,False
P0DM35,False
P0DMU2,False
P0DMU9,False
P0DN37,False
P0DN80,False
P0DN81,False
P0DN82,False
P0DOX2,False
P0DOX7,True
P0DOX8,True
P0DP01,True
P0DP02,True
P0DP03,False
P0DP04,False
P0DP06,False
P0DP07,False
P0DP08,False
P0DP09,False
P0DP72,False
P0DP73,False
P0DP74,False
P0DPA2,False
P0DPB5,False
P0DPF3,False
P0DPF4,False
P0DPF7,False
P0DPQ6,False
P0DQD5,False
P0DSN7,False
P0DSO2,False
P0DTE1,False
P0DTE2,False
P0DTL5,False
P0DTL6,False
P0DTW1,False
P0DUH7,False
P0DV77,False
P0DW85,False
P0DX53,False
P0DXC1,False
P0DY26,False
P0DY57,False
P10075,False
P11465,False
P11844,False
P12525,False
P15421,False
P16562,True
P17017,False
P20962,False
P29377,False
P31275,False
P35410,False
P42696,False
P43359,False
P43362,False
P43366,True
P47881,False
P47884,False
P47944,False
P48741,False
P51786,False
P51861,False
P52743,False
P52943,True
P55822,False
P56749,False
P57060,True
P58170,False
P58180,False
P58181,False
P58417,False
P58511,False
P59536,False
P59539,False
P59541,False
P59544,False
P59551,False
P59861,False
P59922,False
P60673,False
P60985,False
P61129,False
P61236,False
P61570,True
P62502,False
P62683,False
P62685,False
P63119,False
P63120,False
P63121,False
P63122,False
P63124,False
P63125,False
P63127,False
P63302,False
P82664,True
P82909,False
P84157,False
P86790,True
Q008S8,False
Q02325,False
Q03938,False
Q05BV3,False
Q05DH4,False
Q06250,False
Q075Z2,False
Q08AF3,True
Q08AI6,False
Q08AN1,False
Q09MP3,False
Q0P651,False
Q0P6D2,False
Q0VAA5,False
Q0VAF6,False
Q0VDE8,False
Q0VG73,False
Q0VGE8,False
Q0Z7S8,True
Q107X0,False
Q13046,False
Q13066,False
Q13069,False
Q13072,False
Q13296,False
Q13536,False
Q14146,False
Q14390,False
Q14507,False
Q14549,True
Q14586,False
Q14761,False
Q147U1,False
Q14DG7,False
Q15032,False
Q15270,False
Q15434,True
Q15486,False
Q15615,False
Q15619,False
Q15622,False
Q16048,False
Q16517,False
Q16557,False
Q16559,False
Q16609,False
Q16626,False
Q17R55,False
Q17RC7,False
Q17RG1,False
Q1ED39,False
Q1KMD3,False
Q1W4C9,False
Q1X8D7,False
Q1XH10,False
Q1ZYL8,False
Q2KHR3,False
Q2M218,False
Q2M296,True
Q2M2W7,False
Q2M329,True
Q2M3V2,False
Q2M3W8,False
Q2M5E4,False
Q2QD12,False
Q2TAA2,False
Q2TAA8,False
Q2TAL5,False
Q2TBF2,False
Q2TV78,False
Q2VPJ9,False
Q2VY69,False
Q2WGJ8,False
Q2WGN9,False
Q309B1,True
Q30KP9,False
Q30KQ1,False
Q30KQ4,False
Q30KQ5,False
Q30KQ8,False
Q30KR1,False
Q32P51,False
Q3B7J2,False
Q3B7T3,False
Q3BBV2,False
Q3C1V8,False
Q3KNT7,False
Q3KNW1,False
Q3KP31,False
Q3KQV9,True
Q3KQZ1,False
Q3LI61,False
Q3LI73,False
Q3LI81,False
Q3LI83,False
Q3MIX3,False
Q3SXZ3,False
Q3ZCQ2,False
Q3ZCT8,True
Q3ZCW2,True
Q400G9,False
Q494W8,False
Q494X3,False
Q495B1,False
Q496H8,False
Q499Z3,False
Q499Z4,False
Q49A92,False
Q49AG3,False
Q49AR2,False
Q4G0I0,False
Q4G0S7,False
Q4G0Z9,False
Q4KMZ1,False
Q4KMZ8,False
Q4VC39,False
Q4VXA5,False
Q4W5P6,False
Q502W7,False
Q504U0,False
Q50LG9,False
Q52LA3,True
Q52LD8,False
Q52M58,False
Q52M93,False
Q53EQ6,False
Q53FE4,False
Q53RY4,False
Q53S58,False
Q53S99,False
Q53SF7,True
Q587I9,False
Q58A44,False
Q58FF3,False
Q58FF6,False
Q58FG0,False
Q58FG1,False
Q5BJE1,False
Q5BKY9,False
Q5BLP8,False
Q5CZA5,False
Q5EBM4,False
Q5FYA8,False
Q5GH70,False
Q5GH73,False
Q5GH77,False
Q5H913,False
Q5H9K5,False
Q5H9L2,False
Q5H9M0,False
Q5H9R4,False
Q5HY98,False
Q5HYR2,False
Q5I0G3,False
Q5I0X7,False
Q5JNZ3,False
Q5JPF3,False
Q5JPI3,False
Q5JQF8,False
Q5JQS5,False
Q5JQS6,False
Q5JRC9,False
Q5JRS4,False
Q5JRV8,False
Q5JS37,False
Q5JS54,True
Q5JSJ4,False
Q5JTD7,False
Q5JU67,False
Q5JUK9,False
Q5JV73,False
Q5JVG2,True
Q5JVG8,False
Q5JX69,False
Q5JXM2,False
Q5MCW4,False
Q5PT55,False
Q5R387,False
Q5SNV9,False
Q5SRH9,False
Q5SV17,False
Q5SV97,False
Q5SVQ8,False
Q5SWX8,False
Q5SXM1,False
Q5SY68,False
Q5SYE7,False
Q5SZD1,False
Q5SZD4,False
Q5SZI1,False
Q5T0B9,False
Q5T1A1,False
Q5T1J5,False
Q5T1N1,False
Q5T1S8,False
Q5T292,False
Q5T3I0,False
Q5T5D7,False
Q5T5J6,False
Q5T5M9,False
Q5T5S1,False
Q5T681,False
Q5T764,False
Q5T7M9,False
Q5T9S5,False
Q5TAG4,False
Q5TC63,False
Q5TEA3,False
Q5TF21,False
Q5TFE4,False
Q5TFG8,False
Q5TG30,False
Q5TGI4,False
Q5TGS1,False
Q5TGY1,False
Q5THK1,False
Q5TI25,False
Q5TIE3,False
Q5TYX0,False
Q5TZ20,False
Q5TZJ5,False
Q5U3C3,True
Q5UAW9,False
Q5VIY5,False
Q5VSG8,False
Q5VT79,False
Q5VTL8,False
Q5VTM2,False
Q5VTU8,False
Q5VU69,True
Q5VUD6,False
Q5VUJ5,False
Q5VUJ6,False
Q5VUY0,False
Q5VVM6,False
Q5VW22,False
Q5VWI1,False
Q5VWK0,False
Q5VX52,False
Q5VXM1,False
Q5VXU3,False
Q5VYM1,False
Q5VYV0,False
Q5VYV7,True
Q5VZ03,False
Q5VZ19,False
Q5VZ46,False
Q5VZ66,False
Q5VZ72,False
Q5VZI3,False
Q5VZR4,False
Q5W0A0,False
Q5W0B7,False
Q5W0V3,False
Q5W186,False
Q5W5W9,False
Q5XG99,False
Q5XKK7,False
Q5XKR9,False
Q5XUX1,False
Q5YKI7,False
Q63HM2,False
Q63HM9,False
Q63ZE4,False
Q64ET8,False
Q658K8,False
Q658L1,False
Q658N2,False
Q68CR1,False
Q68DI1,False
Q68DY9,False
Q69YL0,False
Q69YN2,True
Q69YU3,False
Q6AI08,False
Q6AI12,False
Q6AW86,False
Q6B0B8,False
Q6BEB4,False
Q6DHV5,False
Q6DKI1,True
Q6EBC2,False
Q6EEV4,False
Q6GPI1,False
Q6ICC9,False
Q6ICG6,False
Q6ICH7,False
Q6IE38,False
Q6IEE8,False
Q6IEU7,False
Q6IEV9,False
Q6IEY1,False
Q6IEZ7,False
Q6IF00,False
Q6IF36,False
Q6IF42,False
Q6IF63,False
Q6IF82,False
Q6IF99,False
Q6IFG1,False
Q6IFH4,False
Q6IFN5,False
Q6IN97,False
Q6IPT2,False
Q6IPX1,False
Q6IPX3,False
Q6IQ21,False
Q6IS14,False
Q6JVE6,False
Q6JVE9,False
Q6L8G5,False
Q6MZZ7,True
Q6NSI8,False
Q6NSJ2,False
Q6NSW5,False
Q6NT04,False
Q6NT52,False
Q6NT89,False
Q6NV75,False
Q6NVV3,False
Q6NVV9,False
Q6NW29,False
Q6NX49,False
Q6NXP2,False
Q6NXT1,False
Q6NZ63,False
Q6P093,False
Q6P161,True
Q6P280,False
Q6P3V2,False
Q6P474,False
Q6P5R6,False
Q6P5X7,False
Q6P6B1,False
Q6P6B7,False
Q6P995,False
Q6P9A3,False
Q6P9G0,True
Q6PCB5,False
Q6PDA7,False
Q6PEW0,False
Q6PEX7,False
Q6PF15,False
Q6PG37,False
Q6PH81,False
Q6PI47,False
Q6PI97,False
Q6PID6,False
Q6PII5,False
Q6PK04,False
Q6PP77,False
Q6Q6R5,False
Q6S545,False
Q6S5H5,False
Q6S8J7,False
Q6T423,False
Q6TFL3,False
Q6U949,False
Q6UE05,False
Q6UQ28,False
Q6URK8,False
Q6UW02,False
Q6UW10,False
Q6UW49,False
Q6UWE3,False
Q6UWF7,False
Q6UWI4,False
Q6UWJ8,False
Q6UWN0,False
Q6UWN8,True
Q6UWP8,False
Q6UWQ5,False
Q6UWS5,False
Q6UWU2,False
Q6UWV7,False
Q6UWX4,False
Q6UWY5,False
Q6UX68,False
Q6UX72,False
Q6UX82,False
Q6UXB1,False
Q6UXB3,False
Q6UXD7,False
Q6UXF7,False
Q6UXN7,False
Q6UXS0,False
Q6UXT6,False
Q6UXU6,False
Q6UXV1,False
Q6UXY8,False
Q6UY01,False
Q6UY18,False
Q6UY27,False
Q6V702,True
Q6V9R5,False
Q6XE38,False
Q6ZMB5,False
Q6ZMN8,False
Q6ZMS4,False
Q6ZMV5,False
Q6ZMV8,False
Q6ZMW2,False
Q6ZMW3,False
Q6ZMY6,False
Q6ZMY9,False
Q6ZN01,False
Q6ZN08,False
Q6ZN19,False
Q6ZN32,False
Q6ZN68,False
Q6ZN79,False
Q6ZN84,False
Q6ZNA1,False
Q6ZNC4,False
Q6ZNF0,False
Q6ZNG1,False
Q6ZNG2,False
Q6ZNG9,False
Q6ZNI0,False
Q6ZNM6,False
Q6ZNR0,False
Q6ZP01,False
Q6ZPB5,False
Q6ZQQ6,False
Q6ZQV5,False
Q6ZR62,False
Q6ZRF7,False
Q6ZRR5,False
Q6ZRS4,False
Q6ZS11,False
Q6ZS30,False
Q6ZSI9,False
Q6ZSS3,False
Q6ZT07,False
Q6ZT77,False
Q6ZTA4,True
Q6ZU67,False
Q6ZU69,False
Q6ZUJ4,False
Q6ZUK4,False
Q6ZUS6,False
Q6ZUT6,False
Q6ZUX3,False
Q6ZV50,False
Q6ZV89,False
Q6ZVC0,False
Q6ZVF9,False
Q6ZVL6,False
Q6ZVT6,False
Q6ZVZ8,False
Q6ZWB6,True
Q719I0,False
Q71RC9,False
Q75NE6,False
Q75VX8,False
Q765I0,False
Q76G19,False
Q76KD6,False
Q76KX8,False
Q7L0X2,False
Q7L211,False
Q7L311,False
Q7L4S7,False
Q7L945,False
Q7L985,False
Q7RTS6,False
Q7RTT3,False
Q7RTT4,False
Q7RTT6,False
Q7RTU0,False
Q7RTU5,False
Q7RTV5,False
Q7RTX9,False
Q7RTY3,False
Q7Z2Q7,False
Q7Z2Y8,False
Q7Z304,False
Q7Z309,False
Q7Z388,False
Q7Z3E2,False
Q7Z3J3,False
Q7Z3V5,False
Q7Z422,False
Q7Z4H9,False
Q7Z4L0,False
Q7Z4L9,False
Q7Z4R8,False
Q7Z4S9,False
Q7Z4W2,False
Q7Z4Y8,False
Q7Z572,False
Q7Z5A8,False
Q7Z5A9,False
Q7Z5J8,False
Q7Z5L0,False
Q7Z5L4,False
Q7Z5S9,False
Q7Z5Y7,False
Q7Z6K4,True
Q7Z6M2,False
Q7Z6W1,False
Q7Z6W7,False
Q7Z713,False
Q7Z736,False
Q7Z7B8,False
Q7Z7J9,False
Q7Z7K2,False
Q86SI9,False
Q86SM5,False
Q86T20,False
Q86T29,False
Q86T75,False
Q86TE4,False
Q86UF2,False
Q86V35,True
Q86V59,False
Q86V71,False
Q86V87,False
Q86V88,True
Q86VE3,False
Q86VG3,False
Q86VQ1,False
Q86VR8,False
Q86VS3,False
Q86VY9,False
Q86VZ2,False
Q86W25,False
Q86WR6,False
Q86WR7,False
Q86WT1,False
Q86WZ6,False
Q86XA9,False
Q86XD8,False
Q86XG9,False
Q86XN6,False
Q86XS5,False
Q86XU0,False
Q86XZ4,False
Q86YB7,False
Q86YG4,False
Q86YN1,False
Q86YQ2,False
Q86YR6,False
Q8IUA0,False
Q8IUB2,False
Q8IUB3,False
Q8IUB5,False
Q8IUF1,False
Q8IUH2,False
Q8IUL8,False
Q8IUS5,False
Q8IV03,False
Q8IV33,False
Q8IV35,False
Q8IV38,False
Q8IV42,False
Q8IV50,False
Q8IVA1,False
Q8IVC4,False
Q8IVF6,False
Q8IVN3,False
Q8IVN8,False
Q8IVU1,False
Q8IVU9,False
Q8IVV8,False
Q8IVY1,False
Q8IW50,False
Q8IW92,False
Q8IWB4,False
Q8IX94,False
Q8IXE1,False
Q8IXF9,False
Q8IXM7,False
Q8IXQ4,False
Q8IXT5,False
Q8IXX5,False
Q8IY51,False
Q8IY85,False
Q8IYA7,False
Q8IYB9,False
Q8IYK2,False
Q8IYL3,False
Q8IYM0,False
Q8IYN0,False
Q8IYP2,False
Q8IYS2,False
Q8IYS8,False
Q8IYW4,False
Q8IZ02,True
Q8IZ13,False
Q8IZ16,False
Q8IZ40,False
Q8IZ81,False
Q8IZD0,False
Q8IZM8,False
Q8IZN7,False
Q8IZP2,False
Q8IZP6,True
Q8IZU2,False
Q8IZY5,False
Q8N0U6,False
Q8N0U7,False
Q8N0V4,False
Q8N0Y3,False
Q8N0Y5,False
Q8N0Z2,False
Q8N0Z9,False
Q8N127,False
Q8N129,False
Q8N141,False
Q8N146,False
Q8N148,False
Q8N162,False
Q8N1A6,False
Q8N1D5,True
Q8N1E2,False
Q8N1L4,False
Q8N1W2,False
Q8N283,False
Q8N2E2,False
Q8N2I2,False
Q8N2X6,False
Q8N328,False
Q8N336,False
Q8N349,False
Q8N3F9,False
Q8N3H0,False
Q8N3R3,True
Q8N3S3,False
Q8N3T6,False
Q8N3Z0,False
Q8N3Z3,False
Q8N434,False
Q8N456,False
Q8N468,False
Q8N4B4,False
Q8N4E4,True
Q8N4F7,False
Q8N4H0,False
Q8N4S0,False
Q8N4V2,False
Q8N567,False
Q8N584,False
Q8N587,False
Q8N5J4,False
Q8N5N7,True
Q8N5T2,False
Q8N5U1,False
Q8N5W9,False
Q8N5X7,False
Q8N660,False
Q8N687,False
Q8N688,False
Q8N699,False
Q8N6M5,False
Q8N6M8,False
Q8N6M9,False
Q8N6N3,False
Q8N6N6,False
Q8N6N7,True
Q8N6Y2,False
Q8N782,False
Q8N7C7,False
Q8N7F7,False
Q8N7G0,False
Q8N7M0,False
Q8N7P3,False
Q8N7Q3,False
Q8N7S2,False
Q8N7X1,False
Q8N7X2,False
Q8N7Z5,False
Q8N801,False
Q8N808,False
Q8N815,False
Q8N878,False
Q8N8C0,False
Q8N8D1,True
Q8N8F7,False
Q8N8M0,True
Q8N8U3,False
Q8N8Z6,False
Q8N944,False
Q8N957,False
Q8N961,False
Q8N972,False
Q8N998,True
Q8N9B8,False
Q8N9F8,False
Q8N9K5,False
Q8N9N7,False
Q8N9T8,False
Q8N9U0,False
Q8N9V7,False
Q8N9W8,False
Q8N9Y4,True
Q8NA23,False
Q8NA47,False
Q8NA69,False
Q8NA92,False
Q8NAA5,False
Q8NAB2,False
Q8NB42,False
Q8NB46,False
Q8NB50,False
Q8NBE8,False
Q8NBP5,False
Q8NC74,False
Q8NCI6,False
Q8NCL8,False
Q8NCL9,False
Q8NCN5,True
Q8NCQ5,False
Q8NCR9,False
Q8NCX0,False
Q8ND61,False
Q8NDB6,False
Q8NDW4,False
Q8NDY3,False
Q8NDY6,False
Q8NDZ0,False
Q8NDZ6,False
Q8NE00,False
Q8NE18,False
Q8NE22,False
Q8NE65,False
Q8NEA5,False
Q8NEG5,True
Q8NEG7,False
Q8NEK5,False
Q8NEP7,False
Q8NES8,False
Q8NEW7,False
Q8NEY3,False
Q8NFI4,False
Q8NFQ5,False
Q8NFQ6,False
Q8NFR7,False
Q8NFU4,False
Q8NFV5,False
Q8NFZ6,False
Q8NG35,False
Q8NG41,False
Q8NG75,False
Q8NG76,False
Q8NG77,False
Q8NG78,False
Q8NG80,False
Q8NG81,False
Q8NG83,False
Q8NG84,False
Q8NG85,False
Q8NG92,False
Q8NG94,False
Q8NG95,False
Q8NG97,False
Q8NG99,False
Q8NGA1,False
Q8NGA2,False
Q8NGA5,False
Q8NGA6,False
Q8NGA8,False
Q8NGB2,False
Q8NGB4,False
Q8NGB6,False
Q8NGB8,False
Q8NGB9,False
Q8NGC0,False
Q8NGC1,False
Q8NGC2,False
Q8NGC3,False
Q8NGC5,False
Q8NGC6,False
Q8NGC7,False
Q8NGC9,False
Q8NGD1,False
Q8NGD2,False
Q8NGD3,False
Q8NGD4,False
Q8NGD5,False
Q8NGE0,False
Q8NGE1,False
Q8NGE2,False
Q8NGE5,False
Q8NGE7,False
Q8NGE8,False
Q8NGE9,False
Q8NGF0,False
Q8NGF1,False
Q8NGF3,False
Q8NGF4,False
Q8NGF6,False
Q8NGF7,False
Q8NGF8,False
Q8NGF9,False
Q8NGG0,False
Q8NGG1,False
Q8NGG3,False
Q8NGG4,False
Q8NGG5,False
Q8NGG6,False
Q8NGG7,False
Q8NGG8,False
Q8NGH3,False
Q8NGH5,False
Q8NGH6,False
Q8NGH8,False
Q8NGH9,False
Q8NGI0,False
Q8NGI1,False
Q8NGI3,False
Q8NGI4,False
Q8NGI6,False
Q8NGI7,False
Q8NGI9,False
Q8NGJ0,False
Q8NGJ1,False
Q8NGJ2,False
Q8NGJ3,False
Q8NGJ4,False
Q8NGJ5,False
Q8NGJ6,False
Q8NGJ7,False
Q8NGJ8,False
Q8NGJ9,False
Q8NGK0,False
Q8NGK1,False
Q8NGK3,False
Q8NGK4,False
Q8NGK5,False
Q8NGK6,False
Q8NGK9,False
Q8NGL0,False
Q8NGL1,False
Q8NGL2,False
Q8NGL3,False
Q8NGL4,False
Q8NGL6,False
Q8NGL7,False
Q8NGL9,False
Q8NGM1,False
Q8NGM8,False
Q8NGN0,False
Q8NGN1,False
Q8NGN2,False
Q8NGN4,False
Q8NGN5,False
Q8NGN6,False
Q8NGN7,False
Q8NGN8,False
Q8NGP0,False
Q8NGP2,False
Q8NGP3,False
Q8NGP4,False
Q8NGP6,False
Q8NGP8,False
Q8NGP9,False
Q8NGQ2,False
Q8NGQ3,False
Q8NGQ4,False
Q8NGQ5,False
Q8NGQ6,False
Q8NGR1,False
Q8NGR3,False
Q8NGR4,False
Q8NGR5,False
Q8NGR8,False
Q8NGR9,False
Q8NGS0,False
Q8NGS1,False
Q8NGS3,False
Q8NGS4,False
Q8NGS5,False
Q8NGS6,False
Q8NGS7,False
Q8NGS9,False
Q8NGT0,False
Q8NGT1,False
Q8NGT2,False
Q8NGT5,False
Q8NGT7,False
Q8NGT9,False
Q8NGU1,False
Q8NGU2,False
Q8NGU4,False
Q8NGU9,False
Q8NGV0,False
Q8NGV5,False
Q8NGV7,False
Q8NGW1,False
Q8NGX0,False
Q8NGX1,False
Q8NGX2,False
Q8NGX5,False
Q8NGX6,False
Q8NGX8,False
Q8NGX9,False
Q8NGY1,False
Q8NGY2,False
Q8NGY5,False
Q8NGY6,False
Q8NGY7,False
Q8NGY9,False
Q8NGZ0,False
Q8NGZ2,False
Q8NGZ3,False
Q8NGZ4,False
Q8NGZ5,False
Q8NGZ6,False
Q8NGZ9,False
Q8NH00,False
Q8NH01,False
Q8NH02,False
Q8NH03,False
Q8NH04,False
Q8NH05,False
Q8NH06,False
Q8NH07,False
Q8NH08,False
Q8NH09,False
Q8NH10,False
Q8NH16,False
Q8NH18,False
Q8NH37,False
Q8NH40,False
Q8NH41,False
Q8NH42,False
Q8NH49,False
Q8NH50,False
Q8NH51,False
Q8NH53,False
Q8NH54,False
Q8NH55,False
Q8NH56,False
Q8NH57,False
Q8NH60,False
Q8NH61,False
Q8NH63,False
Q8NH64,False
Q8NH67,False
Q8NH70,False
Q8NH72,False
Q8NH73,False
Q8NH74,False
Q8NH76,False
Q8NH79,False
Q8NH80,False
Q8NH81,False
Q8NH83,False
Q8NH89,False
Q8NH90,False
Q8NH93,False
Q8NH95,False
Q8NHA4,False
Q8NHA6,False
Q8NHA8,False
Q8NHB1,False
Q8NHB7,False
Q8NHB8,False
Q8NHC5,False
Q8NHC6,False
Q8NHC7,False
Q8NHR9,False
Q8NHS4,False
Q8NHU0,False
Q8NHV5,False
Q8NHW5,False
Q8NHW6,False
Q8NHY5,False
Q8TA94,False
Q8TAA1,False
Q8TAI1,False
Q8TAU0,False
Q8TAV0,False
Q8TAV5,False
Q8TAW3,False
Q8TB22,False
Q8TB69,False
Q8TBR7,False
Q8TC17,False
Q8TCB0,False
Q8TCN5,False
Q8TD55,False
Q8TDU5,False
Q8TE96,False
Q8TEE9,False
Q8TEQ0,False
Q8TF08,False
Q8TF20,False
Q8TF27,False
Q8TF32,False
Q8TF44,False
Q8TF61,True
Q8WTP9,False
Q8WTR8,False
Q8WTU2,False
Q8WU76,False
Q8WUD4,True
Q8WUH6,False
Q8WUR7,False
Q8WUS8,False
Q8WUT9,False
Q8WUY9,False
Q8WV15,False
Q8WVC6,False
Q8WVE6,False
Q8WVF2,False
Q8WVI7,False
Q8WW18,False
Q8WW32,False
Q8WW33,False
Q8WW36,False
Q8WW52,False
Q8WW62,False
Q8WWA1,False
Q8WWU7,False
Q8WWX0,False
Q8WX39,False
Q8WXF5,False
Q8WXJ9,False
Q8WXT5,False
Q8WZ33,False
Q8WZ71,False
Q8WZ92,False
Q8WZA0,False
Q92576,True
Q92670,False
Q93083,False
Q969E1,True
Q969E4,False
Q969M1,False
Q969M2,False
Q969Q0,False
Q969W3,False
Q969Y0,False
Q96AM1,False
Q96AQ9,False
Q96B33,False
Q96B45,False
Q96BM0,True
Q96BQ5,False
Q96BX8,False
Q96C34,False
Q96C57,False
Q96C90,False
Q96CD0,False
Q96CS4,False
Q96CT2,False
Q96DC7,False
Q96DD0,False
Q96DL1,False
Q96DS6,False
Q96E16,False
Q96E66,False
Q96EH5,False
Q96EI5,False
Q96EK2,False
Q96EL2,True
Q96ES6,False
Q96ET8,False
Q96EZ4,False
Q96F63,False
Q96FB5,False
Q96FV0,False
Q96G27,True
Q96GT9,False
Q96GU1,False
Q96H12,False
Q96H40,False
Q96H79,False
Q96HA4,False
Q96HP4,False
Q96HV5,False
Q96IC2,False
Q96IM9,True
Q96JF6,False
Q96JM4,False
Q96JQ2,False
Q96K17,False
Q96K37,False
Q96K75,False
Q96KC9,False
Q96KD3,False
Q96KJ4,False
Q96KT7,False
Q96KV6,False
Q96KW9,False
Q96L03,False
Q96L11,False
Q96LK8,False
Q96LP2,False
Q96LQ0,False
Q96LR4,False
Q96LT6,False
Q96LU5,False
Q96LW1,False
Q96M20,False
Q96M34,False
Q96M43,False
Q96M53,False
Q96M93,False
Q96MC5,False
Q96MC6,False
Q96MF6,False
Q96MK2,False
Q96MN5,False
Q96MR9,False
Q96MS3,False
Q96MY1,False
Q96N20,False
Q96N22,False
Q96N46,False
Q96NA8,False
Q96ND8,False
Q96NG8,False
Q96NI8,False
Q96NJ6,False
Q96NS5,False
Q96NT1,False
Q96P64,False
Q96P67,False
Q96P88,False
Q96PG2,False
Q96PI1,False
Q96PT3,False
Q96PT4,False
Q96PX6,False
Q96QA6,False
Q96QD5,False
Q96QE4,False
Q96QH8,False
Q96QK8,False
Q96R05,True
Q96R08,False
Q96R09,False
Q96R27,False
Q96R28,False
Q96R30,False
Q96R45,False
Q96R47,False
Q96R54,False
Q96R67,False
Q96R69,False
Q96R72,False
Q96R84,False
Q96RB7,False
Q96RC9,False
Q96RD0,False
Q96RD1,False
Q96RD2,False
Q96RD3,False
Q96RM1,False
Q96RT6,False
Q96S19,False
Q96S86,False
Q96S95,False
Q96SF2,False
Q96T25,False
Q96T75,False
Q96TA0,False
Q99463,False
Q99470,False
Q99603,True
Q99679,True
Q99680,False
Q9BPW4,False
Q9BPX7,False
Q9BQ13,False
Q9BQ48,True
Q9BQ75,False
Q9BQD1,False
Q9BQE6,False
Q9BQI9,False
Q9BQP9,False
Q9BQS6,False
Q9BQY6,False
Q9BR09,False
Q9BR10,False
Q9BR77,False
Q9BRH9,False
Q9BRP7,False
Q9BRU2,False
Q9BSC4,True
Q9BSG5,False
Q9BSJ1,False
Q9BSK0,False
Q9BSY4,True
Q9BTE0,False
Q9BTV7,False
Q9BTY7,False
Q9BUA6,False
Q9BUJ0,False
Q9BV87,False
Q9BV97,False
Q9BVM2,False
Q9BVV8,False
Q9BWD3,False
Q9BWT6,False
Q9BWV2,False
Q9BWW9,False
Q9BX51,False
Q9BX69,False
Q9BX73,False
Q9BXM9,False
Q9BXN6,False
Q9BXU8,False
Q9BXW7,False
Q9BXX2,False
Q9BXX3,True
Q9BXY0,True
Q9BXY5,False
Q9BY19,False
Q9BY31,False
Q9BY60,False
Q9BY71,False
Q9BYD9,False
Q9BYE4,False
Q9BYG7,False
Q9BYJ0,False
Q9BYN8,True
Q9BYT5,False
Q9BYU5,False
Q9BZE3,False
Q9BZK3,False
Q9BZW5,False
Q9C010,False
Q9C0B7,False
Q9C0B9,False
Q9C0D4,False
Q9C0I3,False
Q9C0I9,False
Q9C0K3,False
Q9GIP4,False
Q9GZK3,False
Q9GZK7,False
Q9GZM3,False
Q9GZN6,False
Q9GZN8,False
Q9GZP8,False
Q9GZU3,False
Q9GZW5,False
Q9H098,False
Q9H0M5,False
Q9H0R4,True
Q9H106,False
Q9H114,False
Q9H1C3,False
Q9H1C7,False
Q9H1H1,False
Q9H1M0,False
Q9H1M3,False
Q9H1Q7,False
Q9H1Z4,False
Q9H2C5,False
Q9H2I8,False
Q9H2Z4,False
Q9H321,False
Q9H322,False
Q9H343,False
Q9H344,False
Q9H346,False
Q9H3H9,False
Q9H3V2,False
Q9H3W5,False
Q9H3Y0,False
Q9H3Y8,False
Q9H425,False
Q9H496,False
Q9H628,False
Q9H6A0,False
Q9H6B1,False
Q9H6Y5,True
Q9H720,False
Q9H7J1,False
Q9H7L2,False
Q9H7X2,False
Q9H7Y0,False
Q9H819,False
Q9H841,False
Q9H853,False
Q9H8G1,False
Q9H8G2,False
Q9H8M1,False
Q9H8S5,False
Q9H8U3,True
Q9H939,False
Q9H963,False
Q9H972,False
Q9H9S3,False
Q9H9S4,True
Q9HA90,False
Q9HAH1,False
Q9HB31,False
Q9HBF5,False
Q9HBJ0,False
Q9HBL6,False
Q9HBL7,False
Q9HBT7,False
Q9HC57,False
Q9HCE3,False
Q9HCJ3,True
Q9HCJ5,False
Q9HCK1,False
Q9HCL3,False
Q9HCM7,False
Q9HCS5,False
Q9HCZ1,False
Q9HD45,False
Q9HDB8,False
Q9NNX9,False
Q9NNZ3,False
Q9NNZ6,False
Q9NQ35,False
Q9NQF3,False
Q9NRC9,False
Q9NRD0,False
Q9NRP2,False
Q9NRR1,False
Q9NS67,False
Q9NS85,False
Q9NSJ1,False
Q9NSY2,True
Q9NU23,False
Q9NUG4,False
Q9NUG6,False
Q9NVA4,False
Q9NVE4,False
Q9NVM1,False
Q9NVM6,True
Q9NVR0,True
Q9NW07,False
Q9NW61,False
Q9NW82,True
Q9NX00,False
Q9NX05,False
Q9NX31,False
Q9NX36,False
Q9NX77,False
Q9NXD2,False
Q9NXH8,False
Q9NXJ0,False
Q9NXN4,True
Q9NXP7,False
Q9NXS3,False
Q9NXU5,True
Q9NXZ1,True
Q9NY43,True
Q9NY87,False
Q9NYF3,False
Q9NYS7,False
Q9NYT0,True
Q9NYT6,False
Q9NZH4,False
Q9NZP0,False
Q9NZP2,False
Q9NZP5,False
Q9P016,True
Q9P1A2,False
Q9P1F3,True
Q9P1P4,False
Q9P1P5,False
Q9P1Q5,False
Q9P1V8,False
Q9P1Z9,False
Q9P215,False
Q9P255,False
Q9P281,False
Q9P2B7,False
Q9P2D6,False
Q9P2F5,False
Q9P2S6,False
Q9P2Z0,False
Q9UC06,False
Q9UD57,False
Q9UDX4,True
Q9UF02,False
Q9UF47,False
Q9UFN0,False
Q9UG63,False
Q9UGF5,False
Q9UGF6,False
Q9UGF7,False
Q9UGV2,True
Q9UH36,False
Q9UIG5,False
Q9UJ72,False
Q9UJC5,True
Q9UJH8,False
Q9UJN7,False
Q9UK10,False
Q9UK28,False
Q9UKI3,False
Q9UKQ9,False
Q9UKY7,False
Q9UL59,False
Q9ULD9,False
Q9ULL0,False
Q9ULM0,False
Q9UMS5,False
Q9UND3,False
Q9UNX3,False
Q9UPR6,False
Q9UQ74,False
Q9XRX5,False
Q9Y236,False
Q9Y291,True
Q9Y2B9,False
Q9Y2E4,False
Q9Y2G7,False
Q9Y2H5,True
Q9Y2S6,False
Q9Y312,True
Q9Y343,True
Q9Y3B1,True
Q9Y3B9,True
Q9Y3C1,True
Q9Y3N9,False
Q9Y3T6,False
Q9Y485,False
Q9Y4A0,False
Q9Y4A9,False
Q9Y4E6,False
Q9Y519,False
Q9Y534,False
Q9Y536,False
Q9Y581,False
Q9Y5P0,False
Q9Y5P2,False
Q9Y5V0,False
Q9Y614,False
Q9Y693,False
Q9Y6F7,True
Q9Y6R6,False
Q9Y6U7,False
Q9Y6X4,False
Q9Y6Z4,False
A0A024R1R8,False
A0A075B6S0,False
A0A075B6Y3,False
A0A075B6Y9,False
A0A075B700,False
A0A075B706,False
A0A075B759,False
A0A087WTH1,False
A0A087WUL8,False
A0A087WWS6,False
A0A087WXS9,False
A0A087X1G2,False
A0A096LNP1,False
A0A096LP49,False
A0A096LPK9,False
A0A0A0MT70,False
A0A0A0MT76,False
A0A0A0MT78,False
A0A0A0MT87,False
A0A0A0MT89,False
A0A0A0MT94,False
A0A0A0MTA4,False
A0A0A0MTA7,False
A0A0B4J200,True
A0A0B4J2A2,False
A0A0C4DH62,False
A0A0D9SF12,False
A0A0G2JMD5,False
A0A0J9YWL9,False
A0A0J9YWP8,False
A0A0J9YWX3,False
A0A0J9YX06,True
A0A0J9YX57,False
A0A0J9YXA8,False
A0A0J9YXG5,False
A0A0J9YXM7,False
A0A0J9YXV3,False
A0A0J9YY54,False
A0A0U1RQE8,False
A0A0U1RQI7,False
A0A0U1RR11,False
A0A0U1RRI6,False
A0A0U1RRK4,False
A0A0U1RRL7,False
A0A0X1KG70,False
A0A183,False
A0A1B0GTD5,False
A0A1B0GTH6,False
A0A1B0GTH9,False
A0A1B0GTI1,False
A0A1B0GTI8,False
A0A1B0GTL2,False
A0A1B0GTR0,False
A0A1B0GTR3,False
A0A1B0GTR4,False
A0A1B0GTS1,False
A0A1B0GTU1,False
A0A1B0GTY4,False
A0A1B0GTZ2,False
A0A1B0GUA7,False
A0A1B0GUI7,False
A0A1B0GUJ8,False
A0A1B0GUV7,False
A0A1B0GUW6,False
A0A1B0GUX0,False
A0A1B0GUY1,False
A0A1B0GV03,False
A0A1B0GVB3,False
A0A1B0GVG4,False
A0A1B0GVH7,False
A0A1B0GVK7,False
A0A1B0GVN3,False
A0A1B0GVQ3,False
A0A1B0GVR7,False
A0A1B0GVS7,False
A0A1B0GVT2,False
A0A1B0GVV1,False
A0A1B0GVX0,False
A0A1B0GVY4,False
A0A1B0GVZ6,False
A0A1B0GW64,False
A0A1B0GWB2,False
A0A1B0GWH4,False
A0A1B0GWH6,False
A0A1B0GWK0,False
A0A1W2PP81,False
A0A1W2PPE2,False
A0A1W2PPF3,False
A0A1W2PPG7,False
A0A1W2PPH5,False
A0A1W2PPK0,False
A0A1W2PPL8,False
A0A1W2PPW3,False
A0A1W2PQ09,False
A0A1W2PQ27,False
A0A1W2PQ64,False
A0A1W2PQ72,False
A0A1W2PQ73,False
A0A1W2PQC6,False
A0A1W2PQJ5,False
A0A1W2PQL4,False
A0A1W2PQU2,False
A0A1W2PR48,False
A0A1W2PR64,False
A0A1W2PR75,False
A0A1W2PR95,False
A0A1W2PRP0,False
A0A1W2PRV1,False
A0A1W2PS18,False
A0A286YEV6,False
A0A286YEX9,False
A0A286YEY9,False
A0A286YF01,False
A0A286YF46,False
A0A286YF58,False
A0A286YF60,False
A0A286YF77,False
A0A286YFB4,False
A0A286YFG1,False
A0A2R8Y4L2,False
A0A2R8Y4Y8,False
A0A2R8Y7Y5,False
A0A2R8YCJ5,False
A0A2R8YFL7,False
A0A2R8YFM6,False
A0A3B3IRV3,False
A0A3B3IT33,False
A0A3B3IU46,False
A0A3G1DJK2,False
A0A3G1DJN1,False
A0A3G1DJQ2,False
A0A494BZU4,False
A0A494C071,False
A0A494C086,False
A0A494C0Z2,False
A0A494C103,False
A0A494C191,False
A0A494C1I1,False
A0A5F9ZHS7,False
A0A7I2V3R4,False
A0A8V8TMC4,False
A0A8V8TNH8,False
A0A8V8TPE2,False
A0PG75,False
A0PJX8,False
A0PJZ0,False
A0ZSE6,False
A1A4G5,False
A1L157,False
A1L162,False
A1L170,False
A1L429,False
A1L443,False
A2A2Z9,False
A2A368,False
A2RU37,False
A2RU67,False
A2RUQ5,False
A2RUT3,False
A3QJZ6,False
A3QJZ7,False
A4D1E1,False
A4D1F6,False
A4D1Z8,False
A4D263,False
A4FU28,False
A4QPB2,False
A5YM69,False
A6NC05,False
A6NC57,False
A6NC62,False
A6NC97,False
A6NCF5,False
A6NCF6,False
A6NCI5,False
A6NCI8,False
A6NCJ1,False
A6NCK2,False
A6NCL2,False
A6NCL7,False
A6NCN8,False
A6NCQ9,False
A6ND91,False
A6NDE8,False
A6NDK9,False
A6NDL7,False
A6NDX4,False
A6NDY2,False
A6NDZ8,False
A6NE01,False
A6NE02,False
A6NE82,False
A6NEE1,False
A6NEF3,False
A6NEH6,False
A6NEH8,False
A6NEK1,False
A6NEL3,False
A6NEN9,False
A6NEQ2,True
A6NEV1,False
A6NEY8,False
A6NF01,False
A6NFA0,False
A6NFE2,False
A6NFF2,False
A6NFN9,False
A6NFT4,True
A6NFU0,False
A6NFU8,False
A6NFY4,False
A6NFZ4,False
A6NGA9,False
A6NGB0,False
A6NGB7,False
A6NGE4,False
A6NGG3,False
A6NGH7,False
A6NGH8,False
A6NGK3,False
A6NGN4,False
A6NGR9,False
A6NGS2,False
A6NGU7,False
A6NGW2,False
A6NGY1,False
A6NGZ8,False
A6NH11,False
A6NH13,False
A6NHN6,False
A6NHP3,False
A6NHY2,False
A6NHZ5,False
A6NI03,False
A6NI47,False
A6NI56,False
A6NI86,False
A6NIE6,False
A6NIJ5,False
A6NIK2,False
A6NIN4,False
A6NIV6,False
A6NIY4,False
A6NJ08,False
A6NJ64,False
A6NJ69,False
A6NJ88,False
A6NJG2,False
A6NJJ6,False
A6NJQ4,False
A6NJR5,False
A6NJU9,False
A6NJY1,False
A6NK44,True
A6NKC0,False
A6NKC9,False
A6NKF7,False
A6NKH3,False
A6NKL6,False
A6NKN8,False
A6NKP2,False
A6NKU9,False
A6NKW6,False
A6NLC5,False
A6NLC8,False
A6NLE4,False
A6NLI5,False
A6NLU5,False
A6NLX4,False
A6NM36,False
A6NM45,False
A6NM62,False
A6NMA1,False
A6NMD0,False
A6NMD2,False
A6NMK7,False
A6NMK8,False
A6NN73,False
A6NN90,False
A6NNC1,False
A6NNJ1,False
A6NNL0,False
A6NNL5,False
A6NNT2,False
A6NNV3,False
A6PVY3,False
A7E2S9,False
A8K010,False
A8MQ11,False
A8MQ14,False
A8MQB3,False
A8MRT5,False
A8MSI8,False
A8MT19,False
A8MT33,False
A8MT65,False
A8MTT3,False
A8MTW9,False
A8MUL3,False
A8MUN3,False
A8MUP6,False
A8MUU1,False
A8MUX0,False
A8MUZ8,False
A8MV57,False
A8MVJ9,False
A8MVX0,False
A8MWA6,False
A8MWL6,False
A8MWL7,False
A8MWV9,False
A8MX19,False
A8MX34,False
A8MXJ8,False
A8MXQ7,False
A8MXT2,False
A8MXV6,False
A8MXZ1,False
A8MYA2,False
A8MYB1,False
A8MYZ0,False
A8MZ36,False
A8MZ97,False
A8MZA4,False
A8MZH6,False
B0FP48,False
B1AH88,False
B1AK76,False
B1AL46,False
B1ANH7,False
B1ANY3,False
B1ATL7,False
B2RBV5,False
B2RD01,False
B2RV13,False
B2RXF0,False
B3GLJ2,False
B3KS81,False
B4DYI2,False
B4DZS4,False
B4E2M5,False
B5MCY1,False
B5MD39,False
B6SEH8,False
B6SEH9,False
B7Z1M9,False
B7Z368,False
B7Z6K7,False
B7ZW38,False
C0HLS1,True
C0HMG9,False
C9J202,False
C9J3V5,False
C9J7I0,False
C9JBD0,False
C9JG80,False
C9JI98,False
C9JJ37,False
C9JL84,False
C9JN71,False
C9JQI7,False
C9JTQ0,False
C9JVW0,False
D3DTV9,False
D6RBM5,False
D6REC4,False
D6RF30,False
D6RGX4,False
E5RG02,False
E5RHQ5,False
E5RIL1,False
E5RJ46,False
E5RJM6,False
E5RQL4,False
E7ERA6,False
E7EW31,False
E9PGG2,False
E9PI22,False
E9PJ23,False
E9PJI5,False
E9PKD4,False
E9PQR5,False
F2Z333,False
F5GYI3,False
F5H284,False
F5H4A9,False
F5H4B4,False
F8VTS6,False
F8W0I5,False
F8W1W9,False
F8WBI6,False
F8WCM5,True
G3V211,False
H0UI37,False
H0Y7S4,False
H0YKK7,False
H0YM25,False
H3BPF8,False
H3BPM6,False
H3BQJ8,False
H3BQL2,False
H3BQW9,False
H3BR10,False
H3BTG2,False
H3BU77,False
H3BUK9,False
H3BV12,False
H7BZ55,False
H7C241,False
H7C350,False
I1YAP6,False
I3L0S3,False
I3L1E1,False
I3L3L1,False
I6L899,False
K7EIQ3,False
M0QZC1,False
O00193,False
O14603,False
O14609,False
O14683,False
O15172,False
O15428,False
O43261,False
O43304,False
O60688,False
O60813,False
O75071,False
O75200,False
O75264,False
O76042,False
O95177,False
O95397,False
O95473,False
O95561,False
O95567,False
O95626,False
O95873,False
O96002,False
P02728,False
P02729,False
P09565,False
P0C221,False
P0C2L3,False
P0C2S0,False
P0C2W7,False
P0C2Y1,False
P0C671,True
P0C672,False
P0C6C1,False
P0C6P0,False
P0C7L1,False
P0C7M6,False
P0C7M8,False
P0C7N4,False
P0C7N5,False
P0C7N8,False
P0C7P2,False
P0C7T7,False
P0C7T8,False
P0C7V0,False
P0C7V4,False
P0C7V6,False
P0C7V8,False
P0C7V9,False
P0C7W0,False
P0C7W8,False
P0C7W9,False
P0C7X0,False
P0C7X3,False
P0C851,False
P0C853,False
P0C854,False
P0C864,False
P0C866,False
P0C874,False
P0CAT3,False
P0CB48,False
P0CE71,False
P0CF75,False
P0CG23,False
P0CG32,False
P0CG33,False
P0CG41,False
P0CI00,False
P0CI01,False
P0CJ68,False
P0CJ69,False
P0CJ70,False
P0CJ71,False
P0CJ73,False
P0CJ74,False
P0CJ75,False
P0CJ76,False
P0CJ77,False
P0CJ85,True
P0CJ86,False
P0CJ87,False
P0CJ88,False
P0CJ89,False
P0CJ90,False
P0CJ92,False
P0CL80,False
P0CL81,False
P0CL83,False
P0CL84,False
P0CL85,False
P0CW19,False
P0CW21,False
P0CW24,False
P0CW27,False
P0DI80,False
P0DJ93,False
P0DJG4,False
P0DJH9,False
P0DJR0,False
P0DKX0,False
P0DKX4,False
P0DL12,False
P0DMB1,False
P0DMB2,False
P0DMP1,False
P0DMQ5,False
P0DMR1,False
P0DMR2,False
P0DMR3,False
P0DMT0,False
P0DMU7,False
P0DMU8,False
P0DMV0,False
P0DN25,False
P0DN26,False
P0DO92,False
P0DO97,False
P0DOY5,False
P0DP75,False
P0DPA3,False
P0DPD5,False
P0DPE3,False
P0DPF2,False
P0DPF6,False
P0DPH9,False
P0DPI3,False
P0DPI4,False
P0DPQ3,False
P0DPR3,False
P0DQW0,False
P0DSN6,False
P0DSO1,False
P0DSO3,False
P0DTA3,False
P0DTE0,False
P0DTF9,False
P0DTL4,False
P0DUD1,False
P0DUD2,False
P0DUD3,False
P0DUD4,False
P0DUQ1,False
P0DUX0,False
P0DUX1,False
P0DV73,False
P0DV74,False
P0DV75,False
P0DV76,False
P0DV79,False
P0DW11,False
P0DW12,False
P0DW13,False
P0DW14,False
P0DX00,False
P0DX01,False
P0DX02,False
P0DX04,False
P0DX52,False
P0DY27,False
P22103,False
P49223,False
P56555,False
P58505,False
P58512,False
P58550,False
P59036,False
P59037,False
P59052,False
P59091,False
P59095,True
P60606,False
P61568,False
P61571,False
P61572,False
P61573,False
P61574,False
P61575,False
P61576,False
P61578,False
P61579,False
P61580,False
P61581,False
P61582,False
P61583,False
P86434,False
P86478,False
P86481,False
P86496,False
Q05C16,False
Q08AI8,False
Q08E93,False
Q0D2K2,False
Q0D2K5,False
Q0IIN9,False
Q0P5P2,False
Q0P641,False
Q0P670,False
Q0P6H9,False
Q0VAA2,False
Q0VDI3,False
Q0VF49,False
Q12766,False
Q13070,False
Q13278,False
Q13670,False
Q14236,False
Q147U7,False
Q15053,False
Q15195,False
Q15527,False
Q156A1,False
Q15846,False
Q15940,False
Q16473,False
Q17RA5,False
Q17RM4,False
Q17RP2,False
Q17RQ9,False
Q1A5X6,False
Q1A5X7,False
Q1AE95,False
Q1T7F1,False
Q1W209,False
Q2M238,False
Q2M243,False
Q2M2E5,False
Q2M3A8,False
Q2TAM9,False
Q30KQ7,False
Q32M84,False
Q32M92,False
Q3B7S5,False
Q3C1V0,False
Q3C1V1,False
Q3C1V9,False
Q3KRA6,False
Q3LHN0,False
Q3LHN1,False
Q3LI54,False
Q3LI58,False
Q3LI60,False
Q3LI62,False
Q3LI63,False
Q3LI68,False
Q3MIP1,False
Q3MIV0,False
Q3MJ40,False
Q3SXM0,False
Q3SY05,False
Q3SYA9,False
Q3Y452,False
Q3ZCU0,False
Q3ZCV2,False
Q3ZLR7,False
Q494R0,False
Q495Y7,False
Q495Y8,False
Q495Z4,False
Q49A33,False
Q49AM3,False
Q49AS3,False
Q4AC99,False
Q4G0G2,False
Q4G0G5,False
Q4G0N0,False
Q4G0N7,False
Q4QY38,False
Q4UJ75,False
Q4V321,False
Q4V326,False
Q4V348,False
Q4VC31,False
Q4VX62,False
Q4W4Y0,False
Q4W5G0,False
Q502X0,False
Q52LC2,False
Q537H7,False
Q538Z0,False
Q53LP3,False
Q53RE8,False
Q53SZ7,False
Q569G3,False
Q569K6,False
Q59GN2,False
Q5BKU9,False
Q5BKY1,False
Q5BKY6,False
Q5CZ79,False
Q5DJT8,False
Q5EBN2,False
Q5FWF7,False
Q5GAN3,False
Q5GAN4,False
Q5H8A3,True
Q5H943,False
Q5H9B9,False
Q5H9E4,False
Q5H9J9,False
Q5HY64,False
Q5HYC2,False
Q5HYW3,False
Q5JNZ5,False
Q5JQD4,False
Q5JRK9,False
Q5JSQ8,False
Q5JSS6,True
Q5JTB6,False
Q5JTN6,False
Q5JTZ5,False
Q5JUQ0,False
Q5JUR7,False
Q5JVX7,False
Q5JWF8,False
Q5JXB2,False
Q5JXX7,False
Q5JYT7,False
Q5K130,False
Q5K131,False
Q5MJ07,False
Q5MJ08,False
Q5MNV8,False
Q5NE16,False
Q5QFB9,False
Q5QJ38,False
Q5R3I4,False
Q5SQ80,False
Q5SQH8,False
Q5SQS7,False
Q5SQS8,False
Q5SR53,False
Q5SRD1,False
Q5SVJ3,False
Q5SVZ6,False
Q5SWH9,False
Q5SWL7,False
Q5SWL8,False
Q5SY13,False
Q5SZB4,False
Q5T035,False
Q5T036,False
Q5T089,False
Q5T0U0,False
Q5T0Z8,False
Q5T2N8,False
Q5T2Q4,False
Q5T4H9,False
Q5T4I8,False
Q5T5F5,False
Q5T5N4,False
Q5T6C5,False
Q5T6M2,False
Q5T6R2,False
Q5T6X4,False
Q5T742,False
Q5T750,False
Q5T8I3,False
Q5T8R8,False
Q5T953,False
Q5T9Z0,False
Q5TAA0,False
Q5TBE3,False
Q5TBK1,False
Q5TC04,False
Q5TC84,False
Q5TF58,False
Q5TG53,False
Q5TGI0,False
Q5TGJ6,False
Q5TGL8,False
Q5TGP6,False
Q5TYW2,False
Q5U4N7,False
Q5U4P2,False
Q5U5X8,False
Q5U649,False
Q5VSP4,False
Q5VSR9,False
Q5VT03,False
Q5VT28,False
Q5VT98,False
Q5VTA0,False
Q5VTL7,False
Q5VU36,False
Q5VU92,False
Q5VUR7,False
Q5VUY2,False
Q5VV16,False
Q5VVB8,False
Q5VVC0,False
Q5VVH2,False
Q5VVP1,False
Q5VW00,False
Q5VWM3,False
Q5VWM4,False
Q5VWM6,False
Q5VXD3,False
Q5VXH5,False
Q5VYP0,False
Q5VYY1,False
Q5VZ18,False
Q5VZQ5,False
Q5VZR2,False
Q5W064,False
Q5W0N0,False
Q5W150,False
Q5W188,False
Q629K1,False
Q63HN1,False
Q658T7,False
Q68CR7,False
Q68D20,False
Q69YW2,False
Q69YZ2,False
Q6B9Z1,False
Q6DCA0,False
Q6GV28,False
Q6ICI0,False
Q6IE37,False
Q6IPW1,False
Q6JVE5,False
Q6L9T8,False
Q6MZM9,False
Q6MZN7,False
Q6NSI1,False
Q6NSI3,False
Q6NT46,False
Q6NUI1,False
Q6NUN7,False
Q6NV74,False
Q6NVV0,False
Q6NVV1,False
Q6NXN4,False
Q6NXP0,False
Q6NXP6,False
Q6P047,False
Q6P0A1,False
Q6P1M9,False
Q6P1R3,False
Q6P1X6,False
Q6P2C0,False
Q6P2I7,False
Q6P2S7,False
Q6P387,False
Q6P3W6,False
Q6P3X3,False
Q6P3X8,False
Q6P575,False
Q6PDB4,False
Q6PEV8,False
Q6PGQ1,False
Q6PIV7,False
Q6PIY5,False
Q6PJE2,False
Q6PK57,False
Q6Q795,False
Q6QAJ8,False
Q6T311,False
Q6UDR6,False
Q6UWF9,False
Q6UWH6,False
Q6UWW0,True
Q6UXB0,False
Q6UXD1,False
Q6UXP3,False
Q6UXP7,False
Q6UXQ8,False
Q6UXR4,False
Q6UXR6,False
Q6UXU0,False
Q6UY13,False
Q6UYE1,False
Q6WQI6,False
Q6WRX3,False
Q6X4T0,False
Q6XLA1,False
Q6XXX2,False
Q6ZMT9,False
Q6ZMU1,False
Q6ZN03,False
Q6ZN92,False
Q6ZNB5,False
Q6ZNQ3,False
Q6ZP68,False
Q6ZQN5,False
Q6ZQQ2,False
Q6ZQT0,False
Q6ZQY2,False
Q6ZRC1,False
Q6ZRK6,False
Q6ZRP0,False
Q6ZRR7,False
Q6ZRT6,False
Q6ZRV3,False
Q6ZS02,False
Q6ZS62,False
Q6ZSC3,False
Q6ZSJ8,False
Q6ZSR3,False
Q6ZSR9,False
Q6ZST2,False
Q6ZST4,False
Q6ZSU1,False
Q6ZT52,False
Q6ZTB9,False
Q6ZTK2,False
Q6ZTZ1,False
Q6ZU45,False
Q6ZUA9,False
Q6ZUB0,False
Q6ZUF6,False
Q6ZUL3,False
Q6ZUS5,False
Q6ZUU3,False
Q6ZV70,False
Q6ZV77,False
Q6ZV80,False
Q6ZVK1,False
Q6ZVN7,False
Q6ZVS7,False
Q6ZVW7,False
Q6ZW13,False
Q6ZWI9,False
Q71RG6,False
Q75LS8,False
Q75MW2,False
Q7Z2F6,False
Q7Z2R9,False
Q7Z2V1,False
Q7Z2X7,False
Q7Z3B0,False
Q7Z4B0,False
Q7Z5D8,False
Q7Z5U6,False
Q7Z6I8,False
Q7Z7L8,False
Q86SG4,False
Q86SH4,False
Q86SY8,False
Q86T23,False
Q86TI4,False
Q86TZ1,False
Q86U02,False
Q86U17,False
Q86UD1,False
Q86UD7,False
Q86UF4,False
Q86UP9,False
Q86UV7,False
Q86V85,False
Q86WZ0,False
Q86X40,False
Q86X53,False
Q86X59,False
Q86X60,False
Q86XI8,False
Q86Y27,False
Q86Y28,False
Q86Y29,False
Q86Y30,False
Q8IU53,False
Q8IUI4,False
Q8IV32,False
Q8IV56,False
Q8IVB5,False
Q8IVE0,False
Q8IVF1,False
Q8IVJ8,False
Q8IVK1,False
Q8IWA6,False
Q8IWD5,False
Q8IWF7,False
Q8IWF9,False
Q8IWN6,False
Q8IX95,False
Q8IXL9,False
Q8IXQ8,False
Q8IXR5,False
Q8IXR9,False
Q8IXS0,False
Q8IY45,False
Q8IYA2,False
Q8IYD2,False
Q8IYN6,True
Q8IYQ7,False
Q8IZ63,False
Q8IZJ6,False
Q8IZQ5,False
Q8MH63,False
Q8N0U4,False
Q8N0V1,False
Q8N0W5,False
Q8N0W7,False
Q8N123,False
Q8N1P7,False
Q8N1V8,False
Q8N1Y9,False
Q8N239,False
Q8N2C3,False
Q8N2G6,False
Q8N2R8,False
Q8N2U0,False
Q8N309,False
Q8N319,False
Q8N326,False
Q8N398,False
Q8N412,False
Q8N431,False
Q8N446,False
Q8N485,False
Q8N4B5,False
Q8N4C9,False
Q8N4K4,False
Q8N4L4,False
Q8N4P6,False
Q8N4W6,False
Q8N535,False
Q8N5N4,False
Q8N5Q1,False
Q8N5S3,False
Q8N5U0,False
Q8N5W8,False
Q8N614,False
Q8N6C7,False
Q8N6G2,False
Q8N6L7,False
Q8N6N2,False
Q8N6Q8,False
Q8N6V4,False
Q8N755,False
Q8N769,False
Q8N7C4,False
Q8N7L0,False
Q8N7N1,False
Q8N7Q2,False
Q8N7R1,False
Q8N7S6,False
Q8N7U9,False
Q8N7X8,False
Q8N7Y1,False
Q8N7Z2,False
Q8N813,False
Q8N816,False
Q8N888,False
Q8N8A8,False
Q8N8D7,False
Q8N8E1,False
Q8N8H1,False
Q8N8I0,False
Q8N8I6,False
Q8N8J7,False
Q8N8L6,False
Q8N8Z3,False
Q8N910,False
Q8N945,False
Q8N967,False
Q8N9B4,False
Q8N9C0,False
Q8N9M1,False
Q8N9R0,False
Q8N9R6,False
Q8N9T2,False
Q8N9U9,False
Q8N9V3,False
Q8N9W7,False
Q8N9X5,False
Q8N9Z2,False
Q8NA03,False
Q8NA57,False
Q8NA66,False
Q8NA70,False
Q8NA75,False
Q8NAA6,False
Q8NAJ2,False
Q8NAP1,False
Q8NAV2,False
Q8NBB2,False
Q8NBC4,False
Q8NBP0,False
Q8NBT3,False
Q8NBZ9,False
Q8NC38,False
Q8NC54,False
Q8NCJ5,True
Q8NCQ2,False
Q8NCQ3,False
Q8NCS4,False
Q8NCU4,False
Q8ND24,False
Q8ND94,False
Q8NDY4,False
Q8NDY8,False
Q8NEA4,False
Q8NEE0,False
Q8NEE8,False
Q8NEG2,False
Q8NEL0,False
Q8NEQ5,False
Q8NET4,False
Q8NEX5,False
Q8NEX6,False
Q8NF67,False
Q8NFP0,True
Q8NH21,False
Q8NHX4,False
Q8NI28,False
Q8TAC1,False
Q8TAD7,False
Q8TAF5,False
Q8TAL5,False
Q8TAT8,False
Q8TB05,False
Q8TBR4,False
Q8TBR5,False
Q8TBZ9,False
Q8TC99,False
Q8TCA0,False
Q8TCP9,False
Q8TCZ7,False
Q8TD33,False
Q8TD35,False
Q8TD47,False
Q8TD90,False
Q8TDY3,False
Q8TE82,False
Q8TEF2,False
Q8WTQ4,False
Q8WTZ4,False
Q8WU43,False
Q8WUB2,False
Q8WUY1,False
Q8WVF5,False
Q8WW59,False
Q8WWF1,False
Q8WWF6,True
Q8WWF8,False
Q8WWM1,False
Q8WWR9,False
Q8WXS4,False
Q8WZB0,False
Q92527,False
Q92623,False
Q92628,False
Q969H9,False
Q96A19,False
Q96A22,False
Q96AQ1,False
Q96AQ2,False
Q96AT1,False
Q96B54,False
Q96B70,False
Q96CN7,False
Q96CP2,False
Q96D70,False
Q96DE9,False
Q96DM1,False
Q96E39,False
Q96EE4,False
Q96EK9,False
Q96EX1,False
Q96F83,False
Q96FA7,False
Q96FF7,False
Q96FQ7,False
Q96GI7,False
Q96H35,False
Q96HG1,False
Q96HH4,False
Q96HM7,False
Q96HZ7,False
Q96I45,True
Q96IR2,False
Q96IW2,False
Q96K31,False
Q96KF2,False
Q96KF7,False
Q96KT0,False
Q96KW2,False
Q96LI9,False
Q96LM9,False
Q96LP6,False
Q96LR7,False
Q96LS8,False
Q96LZ2,False
Q96M19,False
Q96M60,False
Q96MC4,False
Q96MC9,False
Q96MD7,False
Q96MP5,False
Q96MR7,False
Q96MU5,False
Q96MW1,False
Q96MW7,False
Q96MZ0,False
Q96MZ4,False
Q96N35,False
Q96N53,False
Q96NR7,False
Q96NS1,False
Q96NS8,False
Q96PG1,False
Q96PP4,False
Q96PQ5,False
Q96PS1,False
Q96PY0,False
Q96QU4,False
Q99440,False
Q9BQ49,False
Q9BQM9,False
Q9BR11,False
Q9BR26,False
Q9BS92,False
Q9BTX7,False
Q9BU68,False
Q9BVG4,False
Q9BVR0,False
Q9BVW6,False
Q9BWJ2,False
Q9BXJ2,False
Q9BXQ6,False
Q9BXU2,False
Q9BY89,False
Q9BYL1,False
Q9BYS8,False
Q9BZ19,False
Q9BZ68,False
Q9BZ81,False
Q9BZ97,False
Q9BZA5,False
Q9BZE7,False
Q9BZP3,False
Q9C073,False
Q9GZL8,False
Q9GZU0,False
Q9GZY1,False
Q9H0H9,False
Q9H0P7,False
Q9H0Q0,False
Q9H0W7,True
Q9H1F0,False
Q9H1X3,False
Q9H246,False
Q9H2J1,False
Q9H489,False
Q9H4G8,False
Q9H4R4,False
Q9H560,False
Q9H579,False
Q9H606,False
Q9H607,False
Q9H6K5,False
Q9H6N6,False
Q9H7B7,False
Q9H7F4,False
Q9H7M6,False
Q9H8W2,False
Q9H8W3,False
Q9H8X3,False
Q9H9A6,False
Q9H9R9,False
Q9HAH7,False
Q9HAU6,False
Q9HBI5,False
Q9HBX3,False
Q9HC47,False
Q9HD87,False
Q9NPU4,False
Q9NQ32,False
Q9NQ39,False
Q9NQR7,False
Q9NRI6,False
Q9NRJ2,False
Q9NRP4,False
Q9NSQ0,False
Q9NU53,False
Q9NUB4,False
Q9NUC0,False
Q9NUD7,False
Q9NUJ7,False
Q9NUR3,False
Q9NVV2,False
Q9NWW7,False
Q9NZF1,False
Q9NZY2,False
Q9P1G2,False
Q9P217,False
Q9P298,True
Q9P2W6,False
Q9P2X7,False
Q9P2X8,False
Q9UBP8,False
Q9UEU5,False
Q9UFV1,False
Q9UH64,False
Q9UHA2,False
Q9UHL3,False
Q9UHQ7,False
Q9UIY3,True
Q9UJQ7,False
Q9UK00,False
Q9ULE4,False
Q9ULG3,False
Q9ULI1,False
Q9ULN7,False
Q9UNZ5,True
Q9Y3P4,False
Q9Y442,False
Q9Y4M8,False
Q9Y546,False
Q9Y5L5,False
Q9Y5M1,False
Q9Y675,False
Q9Y6J3,False
S4R3P1,False
S4R3Y5,False
X6R8D5,False
X6R8R1,False
A0A087WV53,False
A0A087WWA1,False
A0A096LPI5,False
A0A0B4J1W7,False
A0A0C4DGP1,False
A0A0J9YX94,False
A0A0J9YXQ4,False
A0A0U1RQG5,False
A0A0U1RQS6,False
A0A0U1RR37,False
A0A0U1RRA0,False
A0A1B0GTC6,False
A0A1B0GTJ6,False
A0A1B0GTK5,False
A0A1B0GTU2,False
A0A1B0GU29,False
A0A1B0GU33,False
A0A1B0GU71,False
A0A1B0GUA5,False
A0A1B0GUA6,False
A0A1B0GUA9,False
A0A1B0GUC4,False
A0A1B0GUQ0,False
A0A1B0GUS0,False
A0A1B0GUT2,False
A0A1B0GUU1,False
A0A1B0GUV1,False
A0A1B0GV22,False
A0A1B0GV90,False
A0A1B0GV96,False
A0A1B0GVG6,False
A0A1B0GVH6,False
A0A1B0GVM5,False
A0A1B0GVM6,False
A0A1B0GVZ2,False
A0A1B0GVZ9,False
A0A1B0GW35,False
A0A1B0GW54,False
A0A1B0GWI6,False
A0A1W2PP97,False
A0A1W2PPE3,False
A0A286YF18,False
A0A286YFK9,False
A0A2R8Y2Y2,False
A0A3B3IT52,False
A0A3G1DJL1,False
A0A3G1DJL7,False
A0A411D538,False
A0A494C0N9,False
A0A494C0Y3,False
A0A5F9ZH02,False
A0A8I5KY20,False
A1L4L8,False
A1L4Q6,False
A2JGV3,False
A4D0Y5,False
A4D1N5,False
A4D250,False
A4QN01,False
A6NCS6,False
A6NDN8,False
A6NF36,False
A6NFE3,False
A6NGY3,False
A6NHR8,False
A6NHS1,False
A6NIU2,False
A6NJI1,False
A6NJI9,False
A6NKX1,False
A6NL46,False
A6NM66,False
A6NML5,False
A6NNH2,False
A6NNX1,False
A8K554,False
A8MT66,False
A8MTL0,False
A8MTZ7,False
A8MU10,False
A8MU93,False
A8MUA0,False
A8MUI8,False
A8MUU9,False
A8MV24,False
A8MV72,False
A8MVM7,False
A8MWE9,False
A8MWP4,False
A8MX80,False
A8MY62,False
A8MYJ7,False
A8MYZ5,False
A8MZ25,False
A8MZF0,False
A8MZG2,False
B1AMM8,False
B3EWG5,False
B3EWG6,False
B5MCN3,False
B9A014,False
C0HMD7,False
C9J302,False
C9J3I9,False
C9J6K1,False
C9JC47,False
C9JFL3,False
D0EPY3,False
E9PIF3,False
F2Z398,False
F2Z3F1,False
F8WFD2,False
H0Y354,False
H3BMG3,False
H3BNL1,False
H3BNL8,False
J3KSC0,False
O15225,False
O15544,False
O60384,False
O60756,False
P01358,False
P01858,False
P0C5K6,False
P0C5K7,False
P0C7U9,False
P0C841,False
P0C875,False
P0C879,False
P0C880,False
P0CE67,False
P0CF97,False
P0CG42,False
P0CG43,False
P0CH98,False
P0CZ25,False
P0DH78,False
P0DKL9,False
P0DM63,False
P0DMQ9,False
P0DMU3,False
P0DMV1,False
P0DMV2,False
P0DMW3,False
P0DMW4,False
P0DMW5,False
P0DP71,False
P0DPP9,False
P0DQW1,False
P0DV60,False
P0DXC3,False
P13985,False
P58513,False
P59020,False
P59022,False
Q05BU3,False
Q0P140,False
Q0VDD5,False
Q0VFX4,False
Q13166,False
Q14602,False
Q14695,False
Q1RN00,False
Q2M2D7,False
Q3B7I2,False
Q3ZM63,False
Q495D7,False
Q499Y3,False
Q4KMX7,False
Q52M75,False
Q53H64,False
Q56UQ5,False
Q5JQF7,False
Q5PR19,False
Q5STR5,False
Q5SY85,False
Q5T0J3,False
Q5T3Y7,False
Q5T7N8,False
Q5T7P6,False
Q5T7R7,False
Q5T870,False
Q5TEZ4,False
Q5TEZ5,False
Q5VSD8,False
Q5VT33,False
Q5VT40,False
Q5VUE5,False
Q5VVS0,False
Q68DL7,False
Q6AWC8,False
Q6IC83,False
Q6NUR6,False
Q6P435,False
Q6UWF5,False
Q6UXP9,False
Q6UXQ4,False
Q6UXR8,False
Q6UXV3,False
Q6W349,False
Q6XCG6,False
Q6ZMV7,False
Q6ZPA2,False
Q6ZQT7,False
Q6ZQY7,False
Q6ZR03,False
Q6ZR54,False
Q6ZR85,False
Q6ZRG5,False
Q6ZRM9,False
Q6ZRN7,False
Q6ZRP5,False
Q6ZRU5,False
Q6ZRX8,False
Q6ZS46,False
Q6ZS49,False
Q6ZS52,False
Q6ZS92,False
Q6ZSA8,False
Q6ZSB3,False
Q6ZSK4,False
Q6ZSN1,False
Q6ZSR6,False
Q6ZSV7,False
Q6ZTC4,False
Q6ZTI0,False
Q6ZTR6,False
Q6ZTY9,False
Q6ZUG5,False
Q6ZUT4,False
Q6ZV60,False
Q6ZVH6,False
Q6ZVL8,False
Q6ZVQ6,False
Q6ZVU0,False
Q6ZWC4,False
Q71F78,False
Q86TA4,False
Q86TU6,False
Q86U37,False
Q86UQ5,False
Q8IXQ3,False
Q8IYB0,False
Q8IZM0,False
Q8N1I8,False
Q8N1L1,False
Q8N1X5,False
Q8N2A0,False
Q8N2B8,False
Q8N2C9,False
Q8N377,False
Q8N3U1,False
Q8N4M7,False
Q8N616,False
Q8N6K4,False
Q8N6U2,False
Q8N7H1,False
Q8N7P7,False
Q8N812,False
Q8N814,False
Q8N8G6,False
Q8N8J0,False
Q8N8P6,False
Q8N8V8,False
Q8N976,False
Q8N9G6,False
Q8N9L7,False
Q8N9P0,False
Q8N9P6,False
Q8N9X3,False
Q8NA96,False
Q8NA97,False
Q8NAE3,False
Q8NAQ8,False
Q8NBF4,False
Q8NBR9,False
Q8NFD4,False
Q8TB33,False
Q8TCH9,False
Q8TEV8,False
Q8WU49,False
Q8WXQ3,False
Q8WY50,False
Q8WZ26,False
Q8WZ69,False
Q8WZA8,False
Q96BT1,False
Q96CB5,False
Q96FK6,False
Q96IR3,False
Q96IT6,False
Q96KT6,False
Q96KX1,False
Q96LM1,False
Q96M15,False
Q96M42,False
Q96M66,False
Q96M78,False
Q96M85,False
Q96MF0,False
Q96MF4,False
Q96MH7,False
Q96MT0,False
Q96MT4,False
Q96N68,False
Q96NJ1,False
Q96PS6,False
Q96T59,False
Q9BR46,False
Q9BRP9,False
Q9BTD1,False
Q9BTK2,False
Q9BXW3,False
Q9BZ98,False
Q9BZA0,False
Q9BZK8,False
Q9BZS9,False
Q9H0A3,False
Q9H1L0,False
Q9H2U6,False
Q9H354,False
Q9H379,False
Q9H478,False
Q9H521,False
Q9H693,False
Q9H7T3,False
Q9H8Q6,False
Q9H8V8,False
Q9HAA7,False
Q9NRI7,False
Q9NZ38,False
Q9P1C3,False
Q9P1D8,False
Q9P1J3,False
Q9UF83,False
Q9UFV3,False
Q9UHT4,False
Q9UHU1,False
Q9UI25,False
Q9UI54,False
Q9UI72,False
Q9Y3F1,False
Q9Y6C7,False
