nct_id,brief_title,overall_status,phase,study_type,enrollment,start_date,completion_date,lead_sponsor,sponsor_class,sex,min_age,max_age
NCT00702507,Prospective Two-Year Study to Assess Miconazole Nitrate Resistance in Neonates and Infants,COMPLETED,PHASE4,INTERVENTIONAL,200.0,2007-05,2010-12,"Stiefel, a GSK Company",INDUSTRY,ALL,,15 Months
NCT02236000,A Dose-Escalation Study Evaluating the Combination of Trastuzumab Emtansine (T-DM1) With Neratinib in Women With Metastatic HER2-Positive Breast Cancer,COMPLETED,PHASE1,INTERVENTIONAL,49.0,2014-08,2021-08,NSABP Foundation Inc,NETWORK,FEMALE,18 Years,
NCT02074007,Study to Compare Efficacy and Safety of AR01 to a Placebo Solution for Relief of Pain in Acute Otitis Media (AR01007),TERMINATED,PHASE3,INTERVENTIONAL,178.0,2013-12,2014-06,"Arbor Pharmaceuticals, Inc.",INDUSTRY,ALL,2 Months,18 Years
NCT00762307,Non-invasive Cooling of Subcutaneous Fat,COMPLETED,NA,INTERVENTIONAL,60.0,2007-01,2012-01,Zeltiq Aesthetics,INDUSTRY,ALL,18 Years,
NCT05500807,Emicizumab for Severe Von Willebrand Disease (VWD) and VWD/Hemophilia A,RECRUITING,PHASE1,INTERVENTIONAL,40.0,2022-11-01,2028-02,"Bleeding and Clotting Disorders Institute Peoria, Illinois",OTHER,ALL,0 Years,90 Years
NCT02267707,Pharmacokinetic and Safety Study of Nab®-Paclitaxel (ABI-007) Plus Gemcitabine in Subjects With Advanced Pancreatic Cancer Who Have Cholestatic Hyperbilirubinemia,TERMINATED,PHASE1,INTERVENTIONAL,1.0,2015-05-27,2016-02-10,Celgene,INDUSTRY,ALL,18 Years,
NCT05044507,"The Efficacy of a Frequency-tuned Electromagnetic Field Treatment in Facilitating the Recovery of Subacute Ischemic Stroke Patients - a Pivotal Study (THE ""EMAGINE"" STUDY)",COMPLETED,NA,INTERVENTIONAL,100.0,2021-12-04,2024-01-16,BrainQ Technologies Ltd.,INDUSTRY,ALL,22 Years,80 Years
NCT04715607,"COVID-19: SARS-CoV-2 Detection in Saliva, Oropharyngeal and Nasopharyngeal Specimens",COMPLETED,NA,INTERVENTIONAL,27947.0,2021-01-22,2021-05-31,"Rigshospitalet, Denmark",OTHER,ALL,16 Years,120 Years
NCT03309007,"A Double-Blind, Placebo-Controlled Trial of Anti-Aging, Pro-Autophagy Effects of Metformin in Adults With Prediabetes",COMPLETED,PHASE3,INTERVENTIONAL,25.0,2017-09-01,2020-08-20,University of New Mexico,OTHER,ALL,30 Years,70 Years
NCT07522892,Physiological Safety and Behavioral Comfort of Swaddle Bathing in Preterm Infants,RECRUITING,NA,INTERVENTIONAL,40.0,2024-04-24,2026-05-31,Chang Gung University of Science and Technology,OTHER,ALL,1 Day,7 Days
NCT04670692,Feasibility of Remote MCE for Upper GI Tract Examination Under Five-generation Network,COMPLETED,NA,INTERVENTIONAL,40.0,2020-12-30,2021-07-30,Changhai Hospital,OTHER,ALL,18 Years,
NCT02069392,Nicotinic Enhancement of Cognitive Remediation Training in Schizophrenia,COMPLETED,NA,INTERVENTIONAL,31.0,2015-01,2017-06,"University of Maryland, Baltimore",OTHER,ALL,18 Years,60 Years
NCT05724992,Familial Pancreatic Cancer PROPHilation Program in Italy,RECRUITING,NA,INTERVENTIONAL,3000.0,2022-12-20,2028-12-20,Associazione Italiana per lo Studio del Pancreas,OTHER,ALL,18 Years,80 Years
NCT04976192,Study to Compare Efficacy and Safety of TEV-45779 With XOLAIR (Omalizumab) in Adults With Chronic Idiopathic Urticaria,COMPLETED,PHASE3,INTERVENTIONAL,608.0,2021-08-30,2024-04-05,Teva Pharmaceuticals USA,INDUSTRY,ALL,18 Years,75 Years
NCT05048992,Effects of ElDOA and Post-Facilitation Stretching Technique on Pain and Disability in Patients With Text Neck Syndrome,COMPLETED,NA,INTERVENTIONAL,40.0,2021-10-30,2022-03-30,Riphah International University,OTHER,ALL,18 Years,35 Years
NCT06222892,A Study of Camlipixant in Male and Female Healthy Participants and Participants With Hepatic Impairment Aged 18-75 Years of Age,COMPLETED,PHASE1,INTERVENTIONAL,32.0,2024-02-02,2024-12-30,Bellus Health Inc. - a GSK company,INDUSTRY,ALL,18 Years,75 Years
NCT03644836,Interest of Branched Chain Amino Acids Associated With a Respiratory Rehabilitation Program in Patients Broncho Chronic Obstructive Pulmonary Disease,COMPLETED,NA,INTERVENTIONAL,60.0,2015-01-21,2018-03-05,Poitiers University Hospital,OTHER,ALL,40 Years,80 Years
NCT00164736,"Breastfeeding, Antiretroviral, and Nutrition Study",COMPLETED,PHASE3,INTERVENTIONAL,2369.0,2004-03,2010-01,Centers for Disease Control and Prevention,FED,ALL,14 Years,
NCT01563536,"Study to Assess the Safety, Tolerability, Pharmacokinetics and Antiviral Activity of ABT-267 in HCV Infected Subjects",COMPLETED,PHASE2,INTERVENTIONAL,12.0,2012-02,2013-06,"AbbVie (prior sponsor, Abbott)",INDUSTRY,ALL,18 Years,70 Years
NCT04223336,A Web-enabled Integrated Care Pathway (ICP) for Addressing Multiple Modifiable Risk Factors as a Part of Smoking Cessation Treatment in Primary Care Settings.,COMPLETED,NA,INTERVENTIONAL,5331.0,2019-11-30,2021-05-02,Centre for Addiction and Mental Health,OTHER,ALL,,
NCT05349136,Telerehabilitation-Based Action Observation Treatment in Children with Hemiparetic Cerebral Palsy,COMPLETED,NA,INTERVENTIONAL,36.0,2022-11-09,2024-09-17,Marmara University,OTHER,ALL,6 Years,12 Years
NCT00444236,Effect of Acid Reflux on Respiratory Physiology During Exercise in Athletes With GER-Response to Acid Suppression,TERMINATED,PHASE1,INTERVENTIONAL,31.0,2007-04,2009-09,University of Utah,OTHER,ALL,18 Years,
NCT02367911,A Comparison of 122-0551 Foam Versus Vehicle Foam in Subjects With Plaque Psoriasis,COMPLETED,PHASE3,INTERVENTIONAL,144.0,2015-01,2017-02,"Therapeutics, Inc.",INDUSTRY,ALL,18 Years,
NCT03836911,Effects of a Serious Game With Elderly People,TERMINATED,NA,INTERVENTIONAL,136.0,2019-02-28,2022-10-28,"University Hospital, Montpellier",OTHER,ALL,65 Years,
NCT01320111,Breast Cancer Study: Paclitaxel Versus Paclitaxel Plus Sorafenib in Second- or Third-line Treatment,COMPLETED,PHASE2,INTERVENTIONAL,59.0,2010-07-01,2014-08-31,Gesellschaft fur Medizinische Innovation - Hamatologie und Onkologie mbH,OTHER,FEMALE,18 Years,
NCT07617207,"Impact of the Training to Aid Patients With Stroke Program on Caregiver Knowledge, Burden, and Quality of Life",COMPLETED,NA,INTERVENTIONAL,22.0,2025-11-11,2026-01-26,University of the Philippines Manila - Philippine General Hospital,OTHER,ALL,18 Years,
NCT00230607,Study of the Effects of Fabrazyme Treatment on Lactation and Infants,TERMINATED,PHASE4,INTERVENTIONAL,7.0,2006-05-28,2024-02-09,"Genzyme, a Sanofi Company",INDUSTRY,ALL,,
NCT01911507,INC280 and Erlotinib Hydrochloride in Treating Patients With Non-small Cell Lung Cancer,COMPLETED,PHASE1,INTERVENTIONAL,35.0,2013-08-27,2020-08-26,"University of California, Davis",OTHER,ALL,18 Years,
NCT01960907,Clinical Trials for Elderly Patients With Multiple Disease,COMPLETED,NA,INTERVENTIONAL,312.0,2013-10,2016-04,Restech Srl,INDUSTRY,ALL,65 Years,
NCT03023007,Study Evaluating the Efficacy of Loco-regional Anaesthesia PECS on Chronic Pain of a Mastectomy,COMPLETED,NA,INTERVENTIONAL,194.0,2017-04-03,2019-08-27,Centre Oscar Lambret,OTHER,ALL,18 Years,
NCT06999707,Photon Radiotherapy Plus Tremelimumab/Durvalumab for BCLC Stage B and C HCC,RECRUITING,PHASE2,INTERVENTIONAL,45.0,2025-05-22,2033-05-31,Chang Gung Memorial Hospital,OTHER,ALL,18 Years,
NCT07379307,EFFECT OF DİFFERENT POSİTİONS ON PAİN AND COMFORT DURİNG FETAL MONİTORİNG İN OBESE PREGNANT WOMEN,COMPLETED,NA,INTERVENTIONAL,174.0,2023-12-01,2024-02-02,Tokat Gaziosmanpasa University,OTHER,FEMALE,19 Years,40 Years
NCT04310592,Natural Killer Cell (CYNK-001) Infusions in Adults with AML,TERMINATED,PHASE1,INTERVENTIONAL,27.0,2020-03-12,2023-04-28,Celularity Incorporated,INDUSTRY,ALL,18 Years,80 Years
NCT03842592,Ventricular Arrhythmia After Myocarditis in Sportsman,ACTIVE_NOT_RECRUITING,NA,INTERVENTIONAL,50.0,2019-11-06,2028-02,"University Hospital, Angers",OTHER_GOV,ALL,18 Years,
NCT03128892,Oxygen Reserve Index Validation for RD Lite Sensors,COMPLETED,,INTERVENTIONAL,34.0,2016-06-10,2017-03-29,Masimo Corporation,INDUSTRY,ALL,18 Years,50 Years
NCT03494907,A Study to Evaluate the Effects of Single-dose Seltorexant on Electrocardiogram Intervals in Healthy Adult Participants,COMPLETED,PHASE1,INTERVENTIONAL,52.0,2018-04-09,2018-08-13,"Janssen Research & Development, LLC",INDUSTRY,ALL,18 Years,55 Years
NCT05773807,Effect of Bispectral Index Monitoring (BIS) on Body Movement of Outpatients Undergoing Gastroscopy,COMPLETED,NA,INTERVENTIONAL,400.0,2022-01-01,2023-02-15,West China Hospital,OTHER,ALL,18 Years,65 Years
NCT00762892,Raltegravir vs. Atazanavir in Combination With Truvada® for the Treatment of Antiretroviral naïve HIV Infected Patients,COMPLETED,PHASE4,INTERVENTIONAL,33.0,2009-01,2013-01,"The University of Texas Health Science Center, Houston",OTHER,ALL,18 Years,
NCT00601692,"Irinotecan, Radiation Therapy, and Docetaxel With or Without Cisplatin in Treating Patients With Locally Advanced Esophageal Cancer",COMPLETED,PHASE1,INTERVENTIONAL,27.0,2003-04,2009-12,Memorial Sloan Kettering Cancer Center,OTHER,ALL,18 Years,
NCT04382092,Co-infection Management in COVID-19 Critically Ill,COMPLETED,NA,INTERVENTIONAL,32.0,2020-03-23,2020-04-24,Cliniques universitaires Saint-Luc- Université Catholique de Louvain,OTHER,ALL,18 Years,
NCT02655692,CAP-Ketamine for Antidepressant Resistant PTSD,COMPLETED,PHASE2,INTERVENTIONAL,163.0,2016-04-18,2020-07-01,VA Office of Research and Development,FED,ALL,18 Years,70 Years
NCT07236892,Towards Restoring Complex Movement After Paralysis: Algorithm Development With Healthy Participants,RECRUITING,NA,INTERVENTIONAL,50.0,2025-11-26,2029-12-01,"University of California, Los Angeles",OTHER,ALL,18 Years,
NCT03301792,Group Versus Traditional Prenatal Care for Diabetes,ACTIVE_NOT_RECRUITING,NA,INTERVENTIONAL,117.0,2017-09-14,2026-05,Washington University School of Medicine,OTHER,FEMALE,18 Years,50 Years
NCT04617236,Cultivando la Salud: A Breast and Cervical Cancer Screening Promotion Program for Low-Income Puerto Rican Women,COMPLETED,NA,INTERVENTIONAL,444.0,2012-05-15,2020-07-02,University of Puerto Rico,OTHER,FEMALE,21 Years,
NCT00388011,Efficacy and Safety of Intranasal Morphine for Pain After Bunion Surgery,COMPLETED,PHASE2,INTERVENTIONAL,187.0,2005-01,2005-08,Javelin Pharmaceuticals,INDUSTRY,ALL,18 Years,
NCT06494111,Systemic Therapy of Open-label Prophylactic Pravastatin or Pentoxifylline/Tocopherol Prevention of Lymphedema Advancing to Eventual Fibrosis: an Interventional Registry-embedded Bayesian Randomized Trial for Radiation Sequelae (STOP4-LATE-FIBROSE),RECRUITING,PHASE2,INTERVENTIONAL,295.0,2025-02-13,2031-03-01,M.D. Anderson Cancer Center,OTHER,ALL,18 Years,
NCT03682211,Intranasal Fentanyl Versus Intravenous Morphine in the Treatment of Severe Painful Sickle Cell Crises in Children,COMPLETED,PHASE4,INTERVENTIONAL,31.0,2012-12-12,2013-11-14,University College Dublin,OTHER,ALL,1 Year,21 Years
NCT01206036,CESAR Study in Prostate Cancer With Temsirolimus Added to Standard Docetaxel Therapy (CEPTAS),COMPLETED,PHASE1,INTERVENTIONAL,19.0,2010-07,2015-10,Central European Society for Anticancer Drug Research,OTHER,MALE,18 Years,
NCT04384536,Evaluation of Effectiveness of Local Anesthetic Injection in Patients With De Quervain Tenosynovitis,COMPLETED,NA,INTERVENTIONAL,36.0,2020-01-01,2020-03-30,Hüma Bölük Şenlikci,OTHER,ALL,18 Years,65 Years
NCT03620136,Comparison of Two Techniques of Locoregional Analgesia in Total Knee Prosthesis Surgery : Block to the Adductor Channel Versus Peri-articular Local Infiltrations,COMPLETED,PHASE3,INTERVENTIONAL,98.0,2018-02-07,2019-11-28,Hospices Civils de Lyon,OTHER,ALL,18 Years,
NCT01975636,"An Open-label, Single Dose Study to Determine the Metabolism and Elimination of [14C]E2609 in Healthy Male Subjects",COMPLETED,PHASE1,INTERVENTIONAL,113.0,2013-06,2014-03,Eisai Inc.,INDUSTRY,MALE,18 Years,55 Years
NCT01341600,Clopidogrel Pharmacogenetics (PGX) Bench to Bedside,COMPLETED,NA,INTERVENTIONAL,18.0,2010-07,2011-05,"University of Maryland, Baltimore",OTHER,ALL,20 Years,70 Years
NCT00083707,Anti-Angiogenesis Therapy Using Thalidomide in Patients With Waldenstrom's Macroglobulinemia,COMPLETED,PHASE2,INTERVENTIONAL,40.0,1999-01,2003-02,University of Arkansas,OTHER,ALL,18 Years,
NCT02323607,Pacritinib and Chemotherapy in Treating Patients With Acute Myeloid Leukemia and FLT3 Mutations,COMPLETED,PHASE1,INTERVENTIONAL,13.0,2016-01-12,2018-07-12,Bhavana Bhatnagar,OTHER,ALL,18 Years,
NCT01039207,"Rilotumumab in Treating Patients With Persistent or Recurrent Ovarian Epithelial Cancer, Fallopian Tube Cancer, or Primary Peritoneal Cancer",COMPLETED,PHASE2,INTERVENTIONAL,31.0,2010-10,2014-07,Gynecologic Oncology Group,NETWORK,FEMALE,18 Years,
NCT01588392,Short bouTs of Exercise for Preschool-age Children,COMPLETED,NA,INTERVENTIONAL,323.0,2011-11,2013-09,"University of Massachusetts, Amherst",OTHER,ALL,3 Years,5 Years
NCT01610492,A Study of Belimumab in Idiopathic Membranous Glomerulonephropathy,COMPLETED,PHASE2,INTERVENTIONAL,14.0,2012-07-01,2016-09-14,GlaxoSmithKline,INDUSTRY,ALL,18 Years,75 Years
NCT03887936,Testosterone Therapy and Bone Quality in Men With Diabetes and Hypogonadism,COMPLETED,PHASE4,INTERVENTIONAL,92.0,2019-10-01,2025-10-08,VA Office of Research and Development,FED,MALE,35 Years,70 Years
NCT00754936,Treatment Response of Geriatric Depression,COMPLETED,NA,INTERVENTIONAL,106.0,2007-05,2015-05,Weill Medical College of Cornell University,OTHER,ALL,60 Years,90 Years
NCT07322536,The Impact of Interactive Virtual Reality Training Using Haptic Gloves on Intensive Care Nurses' Aspiration Skills and Care Behaviors,COMPLETED,NA,INTERVENTIONAL,60.0,2024-11-21,2025-02-21,Ela YILMAZ COŞKUN,OTHER,ALL,18 Years,40 Years
NCT05442736,Modified Surface of PLGA Nanoparticles in Smart Hydrogel,COMPLETED,EARLY_PHASE1,INTERVENTIONAL,55.0,2022-04-02,2022-04-16,British University In Egypt,OTHER,ALL,40 Years,45 Years
NCT00765336,A Study to Examine the Effects of Minocycline Extended-Release Tablets on Sperm Production in Human Males.,COMPLETED,PHASE4,INTERVENTIONAL,180.0,2006-11,2009-01,Medicis Pharmaceutical Corporation,INDUSTRY,MALE,18 Years,
NCT02543736,Reliability and Validity of Gait and Postural Balance Parameters,COMPLETED,NA,INTERVENTIONAL,80.0,2015-07,2016-09,Schulthess Klinik,OTHER,ALL,45 Years,85 Years
NCT00029536,Progesterone vs Placebo Therapy for Women With Epilepsy,COMPLETED,PHASE3,INTERVENTIONAL,294.0,2000-10,2010-06,Beth Israel Deaconess Medical Center,OTHER,FEMALE,13 Years,45 Years
NCT01057511,Compare the Difference of P4 Concentration in Serum and Endometrium After Vaginal and IM P Administration,COMPLETED,PHASE1,INTERVENTIONAL,51.0,2009-12,2012-02,Peking Union Medical College Hospital,OTHER,FEMALE,,55 Years
NCT00343811,Study to Evaluate the Efficacy of Modafinil Treatment in Patients With Attention Deficit Hyperactivity Disorder (ADHD) Who Are Responders to Modafinil Treatment,COMPLETED,PHASE3,INTERVENTIONAL,120.0,2006-06,2006-09,Cephalon,INDUSTRY,ALL,6 Years,17 Years
NCT01849211,Influence of Neuromuscular Block on Mask Ventilation,COMPLETED,NA,INTERVENTIONAL,120.0,2013-04,2018-03,Kreiskrankenhaus Dormagen,OTHER,ALL,18 Years,
NCT02119936,Feasibility of Heart Rate Variability Biofeedback With In-patient Pregnant Women,TERMINATED,NA,INTERVENTIONAL,10.0,2014-05,2016-10,"University of North Carolina, Chapel Hill",OTHER,FEMALE,18 Years,
NCT00715936,The Pakistan Early Childhood Development Scale Up Trial,COMPLETED,PHASE2,INTERVENTIONAL,1489.0,2009-07,2012-03,Aga Khan University,OTHER,ALL,1 Day,24 Months
NCT06326307,Effectiveness of Puppet Modeling Technique on Children Undergoing Stressful Dental Procedures,COMPLETED,NA,INTERVENTIONAL,41.0,2023-01-01,2023-12-01,King Abdulaziz University,OTHER,ALL,3 Years,8 Years
NCT03020407,The Randomized Controlled Trial of Inferior Vena Cava Ultrasound-guided Fluid Management in Septic Shock Resuscitation,COMPLETED,NA,INTERVENTIONAL,211.0,2017-01-18,2020-07-31,Chulalongkorn University,OTHER,ALL,18 Years,
NCT01521507,Randomized Controlled Trial of Long-term Treatment Effectiveness for Meibomian Gland Dysfunction (MGD) and Dry Eye,COMPLETED,NA,INTERVENTIONAL,200.0,2012-01,2014-01,"TearScience, Inc.",INDUSTRY,ALL,18 Years,
NCT00491907,Effect of Folic Acid on Endothelial and Baroreceptor Function in Patients With Heart Failure,TERMINATED,PHASE4,INTERVENTIONAL,,2004-10,2007-05,University of Zurich,OTHER,ALL,18 Years,80 Years
NCT05836207,Rewards for Cannabis Abstinence-study,RECRUITING,NA,INTERVENTIONAL,154.0,2023-11-21,2027-09,Parnassia Addiction Research Centre,OTHER,ALL,16 Years,22 Years
NCT07148492,Antireflux Suture In One Anastomsis Gastric Bypass,RECRUITING,NA,INTERVENTIONAL,316.0,2024-01-01,2025-09-30,Khyber Teaching Hospital,OTHER,ALL,,
NCT03629392,Methionine and Cysteine Restriction in Humans,COMPLETED,NA,INTERVENTIONAL,19.0,2018-10-08,2018-12-11,University of Oslo,OTHER,FEMALE,20 Years,40 Years
NCT07352592,Process-Based Approach Case Series For Anxiety Problems,RECRUITING,NA,INTERVENTIONAL,10.0,2026-06-01,2030-12-31,University of Alabama at Birmingham,OTHER,ALL,18 Years,
NCT04028492,Evaluating the Safety and Efficacy of Tradipitant vs. Placebo in Idiopathic and Diabetic Gastroparesis,COMPLETED,PHASE3,INTERVENTIONAL,992.0,2019-08-20,2025-02-21,Vanda Pharmaceuticals,INDUSTRY,ALL,18 Years,70 Years
NCT00006092,Arsenic Trioxide for Induction Therapy of Adult Patients With Leukemia,TERMINATED,PHASE2,INTERVENTIONAL,2.0,2000-08,2003-03,H. Lee Moffitt Cancer Center and Research Institute,OTHER,ALL,18 Years,
NCT05220592,Learning How to Recover From Stress - Pilot RCT,COMPLETED,NA,INTERVENTIONAL,69.0,2018-02-15,2020-05-26,Linkoeping University,OTHER_GOV,ALL,18 Years,70 Years
NCT01264536,Pilot Study: Lactoferrin for Prevention of Neonatal Sepsis,COMPLETED,PHASE2,INTERVENTIONAL,190.0,2010-12,2011-12,Universidad Peruana Cayetano Heredia,OTHER,ALL,24 Hours,72 Hours
NCT06616636,A Phase Ib Study of Rezatapopt in Combination With Azacitidine in Patients With TP53Y220C Mutant Myeloid Malignancies (Acute Myeloid Leukemia or Myelodysplastic Syndrome),RECRUITING,PHASE1,INTERVENTIONAL,24.0,2025-01-30,2029-08-27,M.D. Anderson Cancer Center,OTHER,ALL,18 Years,
NCT04025736,Arthroscopic Shoulder Surgery With Administration of Intravenous Tranexamic Acid,COMPLETED,NA,INTERVENTIONAL,72.0,2017-06-07,2018-02-28,National Cheng-Kung University Hospital,OTHER,ALL,18 Years,
NCT01061736,Evaluation of Sarilumab (SAR153191/REGN88) on Top of Methotrexate in Rheumatoid Arthritis Patients,COMPLETED,PHASE2,INTERVENTIONAL,1675.0,2010-03,2013-10,Sanofi,INDUSTRY,ALL,18 Years,75 Years
NCT00434811,Islet Transplantation in Type 1 Diabetes,COMPLETED,PHASE3,INTERVENTIONAL,48.0,2006-10,2014-05,National Institute of Allergy and Infectious Diseases (NIAID),NIH,ALL,18 Years,65 Years
NCT00280111,Safety and Immunogenicity Study of Live Attenuated Indian Rotavirus Vaccine Candidate Strains 116E and I321 in Infants,COMPLETED,PHASE1,INTERVENTIONAL,90.0,2005-01,2005-05,Society for Applied Studies,OTHER,ALL,8 Weeks,12 Weeks
NCT05065411,Efficacy & Safety Evaluation of Enobosarm in Combo With Abemaciclib in Treatment of ER+HER2- Metastatic Breast Cancer,TERMINATED,PHASE3,INTERVENTIONAL,5.0,2022-04-11,2024-01-09,Veru Inc.,INDUSTRY,ALL,18 Years,100 Years
NCT05846711,The Accuracy of Manual BPPV Diagnostics When Using VNG Goggles.,COMPLETED,NA,INTERVENTIONAL,215.0,2023-04-12,2024-01-11,Aalborg University Hospital,OTHER,ALL,18 Years,
NCT00390611,Paclitaxel and Carboplatin With Or Without Sorafenib In The First-Line Treatment Of Patients With Ovarian Cancer,COMPLETED,PHASE2,INTERVENTIONAL,85.0,2006-10,2014-04,"SCRI Development Innovations, LLC",OTHER,FEMALE,18 Years,
NCT05339100,Accessorized Pre-Filled Syringe to Autoinjector Pharmacokinetic Bridging Study in Anifrolumab,COMPLETED,PHASE1,INTERVENTIONAL,180.0,2022-03-22,2023-04-13,AstraZeneca,INDUSTRY,ALL,18 Years,55 Years
NCT01972100,Use of Low-level Laser Therapy (808nm) to Muscle Fatigue Resistance,COMPLETED,NA,INTERVENTIONAL,7.0,2013-04,2013-10,Cleber Ferraresi,OTHER,MALE,18 Years,28 Years
NCT06417307,Exercise on Mitochondrial Functions of Lymphocyte in Hemodialysis,COMPLETED,PHASE3,INTERVENTIONAL,180.0,2021-08-01,2024-07-31,Chang Gung Memorial Hospital,OTHER,ALL,20 Years,80 Years
NCT05966207,Individual Intervention of Cognitive Stimulation,COMPLETED,NA,INTERVENTIONAL,53.0,2021-12-27,2023-01-30,Escola Superior de Enfermagem de Coimbra,OTHER,ALL,60 Years,
NCT02621307,Effect of Salba & Flax on Postprandial Glycemia and Subjective Satiety,COMPLETED,PHASE1,INTERVENTIONAL,15.0,2010-07,2011-07,Unity Health Toronto,OTHER,ALL,18 Years,65 Years
NCT03832907,Dexcom G6 Observational Study,COMPLETED,NA,INTERVENTIONAL,101.0,2019-02-21,2020-03-31,Emory University,OTHER,ALL,18 Years,
NCT02250092,Brain Stimulation and Hand Training in Children With Hemiparesis,COMPLETED,NA,INTERVENTIONAL,20.0,2014-12-31,2017-07-10,University of Minnesota,OTHER,ALL,8 Years,21 Years
NCT07346092,Studying the Health Perceptions and Social Behaviors of Graduate Students at the Ohio State University for the Development of Effective Oral Nicotine Pouch Addictive Risk Communication,RECRUITING,NA,INTERVENTIONAL,2000.0,2025-03-20,2027-03-20,Ohio State University Comprehensive Cancer Center,OTHER,ALL,21 Years,
NCT02196792,"Assessment of Polyethylene Wear, Migration and Clinical Outcome in Total Hip Replacement",ACTIVE_NOT_RECRUITING,NA,INTERVENTIONAL,100.0,2009-05-01,2030-05-01,Odense University Hospital,OTHER,ALL,40 Years,70 Years
NCT04011592,Efficacy And Tolerability Of Sub-Anesthetic Ketamine In Postpartum Depression,TERMINATED,PHASE2,INTERVENTIONAL,1.0,2019-03-04,2019-09-09,"The University of Texas Health Science Center, Houston",OTHER,FEMALE,18 Years,45 Years
NCT03222492,Brentuximab Vedotin for Systemic Sclerosis,COMPLETED,PHASE1,INTERVENTIONAL,17.0,2017-09-20,2023-04-10,National Institute of Allergy and Infectious Diseases (NIAID),NIH,ALL,18 Years,70 Years
NCT02203292,Transfusion Requirements After Head Trauma,COMPLETED,PHASE2,INTERVENTIONAL,44.0,2014-08,2016-06,University of Sao Paulo,OTHER,ALL,18 Years,
NCT05201092,A Study Investigating Lu AG06466 in Healthy Men,COMPLETED,PHASE1,INTERVENTIONAL,6.0,2022-01-05,2022-02-19,H. Lundbeck A/S,INDUSTRY,MALE,45 Years,60 Years
NCT00942292,The Effect of Fish Oils on Human Hepatic Colorectal Metastases,COMPLETED,PHASE2,INTERVENTIONAL,20.0,2007-05,2010-10,"University Hospitals, Leicester",OTHER,ALL,18 Years,80 Years
NCT05311592,Supporting Responsible Fatherhood Program (Fatherhood FIRE),COMPLETED,NA,INTERVENTIONAL,496.0,2021-04-01,2025-06-10,Montefiore Medical Center,OTHER,ALL,18 Years,
NCT00000992,"A Study of Itraconazole in Preventing the Return of Histoplasmosis, a Fungal Infection, in Patients With AIDS",COMPLETED,PHASE1,INTERVENTIONAL,30.0,,1992-06,National Institute of Allergy and Infectious Diseases (NIAID),NIH,ALL,13 Years,
NCT03505411,The Influence of Melatonin Supplementation in the Group of Persons Performing Competitive Sport.,COMPLETED,NA,INTERVENTIONAL,81.0,2010-01-15,2012-12-31,Nicolaus Copernicus University,OTHER,ALL,18 Years,
NCT03218111,Glymphatic Kinetics In Healthy Adult Volunteers,COMPLETED,NA,INTERVENTIONAL,19.0,2017-02-06,2018-02-08,Weill Medical College of Cornell University,OTHER,ALL,20 Years,80 Years
NCT05671211,Effects Of Task-Oriented Training In Individuals With Stroke,COMPLETED,NA,INTERVENTIONAL,28.0,2023-01-10,2023-12-10,Ege University,OTHER,ALL,18 Years,85 Years
NCT00549211,A First Time in Human Study in Healthy Male Volunteers for Compound GSK557296.,COMPLETED,PHASE1,INTERVENTIONAL,42.0,2007-10,,GlaxoSmithKline,INDUSTRY,MALE,18 Years,45 Years
NCT03943836,Reducing Anxiety in Pediatric Dental Patients Through Passive Music Therapy,TERMINATED,NA,INTERVENTIONAL,72.0,2019-07-09,2020-01-08,"The University of Texas Health Science Center, Houston",OTHER,ALL,9 Years,17 Years
NCT07579936,A Phase II Clinical Trial of the Safety and Efficacy of SAL056 at Different Doses and Dosing Regimens,RECRUITING,PHASE2,INTERVENTIONAL,200.0,2026-04-30,2026-11-30,"Shenzhen Salubris Pharmaceuticals Co., Ltd.",INDUSTRY,FEMALE,45 Years,80 Years
NCT00663936,Efficacy and Safety of T-817MA in Patients With Mild to Moderate Alzheimer's Disease,COMPLETED,PHASE2,INTERVENTIONAL,373.0,2008-04,2011-06,"FUJIFILM Toyama Chemical Co., Ltd.",INDUSTRY,ALL,50 Years,90 Years
NCT06928311,"This Study Explores Whether Adding Natural Elements Like Plants and Sunlight to Indoor Gyms Makes Exercise Feel Easier, More Enjoyable, and Improves Performance. By Comparing Workouts in Nature-inspired and Plain Gym Settings, it Aims to Find Better Ways to Design Fitness Spaces in Cities.",COMPLETED,NA,INTERVENTIONAL,25.0,2025-04-04,2025-11-01,Colorado State University,OTHER,MALE,18 Years,25 Years
NCT07473700,Study of TX000045 in Participants With Pulmonary Hypertension Due to Interstitial Lung Disease,RECRUITING,PHASE2,INTERVENTIONAL,25.0,2026-08,2027-12-11,"Tectonic Operating Company, Inc.",INDUSTRY,ALL,18 Years,80 Years
NCT07411807,Study of the Effectiveness of a Systematic Minimal Early Intervention on Care Engagement in Adults With Eating Disorders Requesting Specialized Treatment.,RECRUITING,NA,INTERVENTIONAL,215.0,2025-12-29,2027-04,Centre Hospitalier St Anne,OTHER,ALL,18 Years,
NCT03860207,"Study of the Safety and Efficacy of Humanized 3F8 Bispecific Antibody (Hu3F8-BsAb) in Patients With Relapsed/Refractory Neuroblastoma, Osteosarcoma and Other Solid Tumor Cancers",TERMINATED,PHASE1,INTERVENTIONAL,12.0,2019-02-22,2021-10-20,Y-mAbs Therapeutics,INDUSTRY,ALL,1 Year,17 Years
NCT01596907,Treatment of Low Metabolic Rate Following Bariatric Surgery,COMPLETED,NA,INTERVENTIONAL,218.0,2012-05,2015-07,"Oregon Weight Loss Surgery, LLC",OTHER,ALL,18 Years,70 Years
NCT00125307,Tacrolimus for the Treatment of Systemic Lupus Erythematosus With Membranous Nephritis,COMPLETED,PHASE4,INTERVENTIONAL,20.0,2004-01,2008-02,Chinese University of Hong Kong,OTHER,ALL,18 Years,
NCT04824807,Effects of Clinical Pilates and Yoga Training in Lymphedema,COMPLETED,NA,INTERVENTIONAL,28.0,2021-10-29,2023-02-14,Eastern Mediterranean University,OTHER,FEMALE,35 Years,70 Years
NCT03258892,Sarcoma Treatment Guide in Improving Self-Monitoring in Patients With Sarcoma Receiving Chemotherapy,COMPLETED,NA,INTERVENTIONAL,64.0,2017-05-16,2020-12-15,Ohio State University Comprehensive Cancer Center,OTHER,ALL,18 Years,
NCT03847207,"A Study in Healthy Subjects to Assess the Safety, Tolerability, PK and PD of HTL0030310",COMPLETED,PHASE1,INTERVENTIONAL,42.0,2019-01-23,2020-03-05,Nxera Pharma UK Limited,INDUSTRY,ALL,18 Years,50 Years
NCT06619392,A Single Dose Escalation Trial of HRS-2129 in Healthy Subjects,COMPLETED,PHASE1,INTERVENTIONAL,44.0,2024-10-17,2025-01-20,"Shandong Suncadia Medicine Co., Ltd.",INDUSTRY,ALL,18 Years,55 Years
NCT07303192,Effect of i-PRF and LLLT on Free Gingival Graft Shrinkage,COMPLETED,NA,INTERVENTIONAL,48.0,2024-07-01,2025-08-30,Kahramanmaras Sutcu Imam University,OTHER,ALL,18 Years,
NCT01285492,Long Term Safety and Tolerability of QVA149 Versus Tiotropium in Japanese Patients With Chronic Obstructive Pulmonary Disease (COPD),COMPLETED,PHASE3,INTERVENTIONAL,160.0,2011-01,2012-09,Novartis Pharmaceuticals,INDUSTRY,ALL,40 Years,
NCT00814892,Vaccine Therapy in Treating Patients With Non-Metastatic Prostate Cancer,TERMINATED,PHASE2,INTERVENTIONAL,2.0,2009-01,2010-03,Mayo Clinic,OTHER,MALE,18 Years,
NCT05301192,Angiotensin-(1-7) Cardiovascular Effects in Aging,RECRUITING,EARLY_PHASE1,INTERVENTIONAL,26.0,2022-12-09,2026-12,Milton S. Hershey Medical Center,OTHER,ALL,65 Years,80 Years
NCT00410592,"Evaluation of 24-Hour Intragastric pH Using Esomeprazole, Lansoprazole, and Pantoprazole in Hispanic Patients With GERD",COMPLETED,PHASE4,INTERVENTIONAL,90.0,2006-10,2007-05,AstraZeneca,INDUSTRY,ALL,18 Years,69 Years
NCT01876992,Metformin at the Cellular Level and Dosing for Diabetes Mellitus (DM),TERMINATED,NA,INTERVENTIONAL,10.0,2012-01,2015-06,Johns Hopkins University,OTHER,ALL,10 Years,79 Years
NCT02129192,Bioequivalence Study of Telmisartan Between Telmisartan 80 mg/Amlodipine 5 mg/Hydrochlorothiazide 12.5 mg (T80/A5/H12.5 mg) Fixed-dose Combination (FDC) Tablet and T80/H12.5 mg Tab and A5 mg (Encap A2.5 mg Tab x2) Concomitant Use,COMPLETED,PHASE1,INTERVENTIONAL,72.0,2014-05,2014-09,Boehringer Ingelheim,INDUSTRY,MALE,20 Years,35 Years
NCT07192692,Food Effect Study of HSK47388 in Healthy Subjects,COMPLETED,PHASE1,INTERVENTIONAL,15.0,2025-08-08,2025-08-28,"Haisco Pharmaceutical Group Co., Ltd.",INDUSTRY,ALL,18 Years,55 Years
NCT06766292,Osteogenic Potential of Schneiderian Membrane,COMPLETED,NA,INTERVENTIONAL,14.0,2023-08-27,2024-09-03,rehab soliman,OTHER,ALL,25 Years,55 Years
NCT06518811,"The Effect of Telerehabilitation on Pain, Physical and Biopsychosocial Factors in Parent Carers",COMPLETED,NA,INTERVENTIONAL,20.0,2022-12-12,2023-06-20,Ilke KARA,OTHER,ALL,18 Years,65 Years
NCT01835236,Trastuzumab & Pertuzumab Followed by T-DM1 in MBC,COMPLETED,PHASE2,INTERVENTIONAL,208.0,2013-03-03,2020-05-26,Swiss Cancer Institute,OTHER,FEMALE,18 Years,
NCT00082836,Rituximab and Yttrium Y 90 Ibritumomab Tiuxetan in Treating Patients With Recurrent Primary CNS Lymphoma,COMPLETED,NA,INTERVENTIONAL,10.0,2004-12,,Memorial Sloan Kettering Cancer Center,OTHER,ALL,18 Years,
NCT07762911,Evaluation of an MRI-based Prostate Cancer Screening Program (VISIONING): 5-Year Follow-up Round (VISIONING III),RECRUITING,NA,INTERVENTIONAL,300.0,2026-06-01,2028-06-01,"University Hospital, Basel, Switzerland",OTHER,MALE,50 Years,
NCT01517711,Tramadol Extended-Release (ER) for Posttraumatic Stress Disorder (PTSD),COMPLETED,PHASE4,INTERVENTIONAL,40.0,2011-09,2015-08,"INTRuST, Post-Traumatic Stress Disorder - Traumatic Brain Injury Clinical Consortium",OTHER,ALL,21 Years,55 Years
NCT00526292,Chemotherapy and a Donor Natural Killer Cell Infusion in Treating Patients With Relapsed or Persistent Leukemia or Myelodysplastic Syndrome After a Donor Stem Cell Transplant,COMPLETED,PHASE2,INTERVENTIONAL,12.0,2007-08,2015-07,Memorial Sloan Kettering Cancer Center,OTHER,ALL,,120 Years
NCT02537392,Multi-micronutrient Supplementation During Peri-conception and Congenital Heart Disease,COMPLETED,NA,INTERVENTIONAL,7315.0,2015-09,2019-12,Xi'an Jiaotong University,OTHER,FEMALE,15 Years,49 Years
NCT02762292,Work of Breathing Assessment During Weaning From Mechanical Ventilation,COMPLETED,NA,INTERVENTIONAL,20.0,2016-06-07,2017-06-30,St. Justine's Hospital,OTHER,ALL,1 Month,18 Years
NCT03531892,A Study to Evaluate the Safety and Efficacy of AJM300 in Participants With Active Ulcerative Colitis,COMPLETED,PHASE3,INTERVENTIONAL,198.0,2018-06-06,2023-03-28,"EA Pharma Co., Ltd.",INDUSTRY,ALL,16 Years,74 Years
NCT06361992,Efficacy and Safety of Blue Cap for the Treatment of Atopic Dermatitis in Children,COMPLETED,PHASE3,INTERVENTIONAL,58.0,2022-03-15,2024-02-13,Catalysis SL,INDUSTRY,ALL,3 Years,18 Years
NCT00731692,"This Was an Open-label, Single-arm Extension Study (CFTY720D2306E1) to a Double-blind, Randomized Multicenter, Placebo-controlled, Parallel-group Core Study (CFTY720D2306) in PPMS.",TERMINATED,PHASE3,INTERVENTIONAL,970.0,2008-07-28,2015-06-22,Novartis Pharmaceuticals,INDUSTRY,ALL,25 Years,65 Years
NCT00626392,Study to Evaluate the EFFECTS of Acetylsalicylic Acid (ASA) on Niaspan®-Induced Flushing in Subjects With Dyslipidemia,COMPLETED,PHASE3,INTERVENTIONAL,277.0,2008-02,2008-04,Abbott,INDUSTRY,ALL,18 Years,
NCT02288936,Analyze the Predictive Value of Gene TMPRSS2-ETS in Response to Enzalutamide in Patients With Prostate Cancer,COMPLETED,PHASE2,INTERVENTIONAL,98.0,2015-02-05,2019-07-22,Spanish Oncology Genito-Urinary Group,OTHER,MALE,18 Years,
NCT07599436,Laughter Yoga and Sleep Hygiene Training for College Students With Premenstrual Syndrome,COMPLETED,NA,INTERVENTIONAL,45.0,2026-03-01,2026-05-01,Gazi University,OTHER,FEMALE,18 Years,
NCT01554111,Comparing Bowel Preparation Regimens for Flexible Sigmoidoscopy,COMPLETED,PHASE4,INTERVENTIONAL,120.0,2012-03,2015-09,Queen's University,OTHER,ALL,18 Years,
NCT01153711,Relative Bioavailability of of Olodaterol and Ketoconazole,COMPLETED,PHASE1,INTERVENTIONAL,32.0,2010-05,,Boehringer Ingelheim,INDUSTRY,ALL,21 Years,50 Years
NCT01014936,"First-in-Man, Dose-escalation Trial of C-met Kinase Inhibitor MSC2156119J in Subjects With Advanced Solid Tumors",COMPLETED,PHASE1,INTERVENTIONAL,149.0,2009-11-30,2015-10-31,EMD Serono,INDUSTRY,ALL,18 Years,
NCT01866111,"A Double-Blind, Randomized, Placebo-Controlled, Phase 2 Trial of YKP3089 as Adjunctive Therapy in Subjects With Partial Onset Seizures",COMPLETED,PHASE2,INTERVENTIONAL,437.0,2013-07-31,2021-10-31,"SK Life Science, Inc.",INDUSTRY,ALL,18 Years,70 Years
NCT07565311,Two-week Intensive Outpatient Trauma Treatment.,RECRUITING,NA,INTERVENTIONAL,42.0,2026-01-26,2027-12-31,Oslo University Hospital,OTHER,ALL,18 Years,65 Years
NCT02181907,Bioequivalence Study of UH-AC 62 XX Tablets Compared With the Capsule Formulations in Healthy Volunteers,COMPLETED,PHASE1,INTERVENTIONAL,22.0,2003-03,,Boehringer Ingelheim,INDUSTRY,MALE,20 Years,35 Years
NCT04163107,Combined Carfilzomib and Hydroxychloroquine in Patients With Relapsed/Refractory Multiple Myeloma,COMPLETED,PHASE1,INTERVENTIONAL,19.0,2020-01-07,2021-12-28,Norwegian University of Science and Technology,OTHER,ALL,18 Years,
NCT04342507,Probiotics for Treatment of Chalazion in Adults,COMPLETED,NA,INTERVENTIONAL,20.0,2019-02-01,2020-02-29,University of Molise,OTHER,ALL,18 Years,65 Years
NCT00978107,Trial of TG4023 Combined With Flucytosine in Liver Tumors,COMPLETED,PHASE1,INTERVENTIONAL,16.0,2009-09,2011-09,Transgene,INDUSTRY,ALL,18 Years,
NCT03760107,Factorial Design to Assess Quit-line Connections,COMPLETED,NA,INTERVENTIONAL,3723.0,2017-06-01,2017-12-20,Minnesota Department of Health,OTHER_GOV,FEMALE,,
NCT04947007,Comparison of Different Local Anesthetic Dose in Suprascapular and Axillary Blocks in Shoulder Arthroscopies,COMPLETED,NA,INTERVENTIONAL,132.0,2021-07-15,2022-03-01,Istanbul University,OTHER,ALL,18 Years,80 Years
NCT00745407,Effects of Fenofibrate on Adipocytokine Levels In Hypertriglyceridemic Patients,COMPLETED,PHASE4,INTERVENTIONAL,,2005-01,2008-08,Gachon University Gil Medical Center,OTHER,ALL,25 Years,80 Years
NCT07389707,The Effect of Using Hand Massage Stimulation Techniques on Pain and Comfort in Pregnant Women Experiencing Lumbar Pain,COMPLETED,NA,INTERVENTIONAL,74.0,2024-10-15,2025-01-15,Inonu University,OTHER,FEMALE,18 Years,49 Years
NCT04544592,UCD19 CarT in Treatment of Pediatric B-ALL and B-NHL,RECRUITING,PHASE1,INTERVENTIONAL,45.0,2021-03-10,2026-07,"University of Colorado, Denver",OTHER,ALL,31 Days,30 Years
NCT04519892,A Pilot Study of the Effect of Personalized Depression Risk Communication,COMPLETED,NA,INTERVENTIONAL,400.0,2020-11-13,2022-05-01,University of Calgary,OTHER,ALL,18 Years,
NCT00149292,"Study of LY2140023 in Schizophrenia Comparing LY2140023, Olanzapine, and Placebo",COMPLETED,PHASE2,INTERVENTIONAL,195.0,2005-08-23,2006-07-17,Denovo Biopharma LLC,INDUSTRY,ALL,18 Years,65 Years
NCT03414892,Multiple Ascending Doses of Globalagliatin Hydrochloride in Type 2 Diabetes Mellitus,COMPLETED,PHASE1,INTERVENTIONAL,24.0,2018-01-03,2019-12-01,Yabao Pharmaceutical Group,INDUSTRY,ALL,18 Years,70 Years
NCT07598136,A Study to Determine the Effects of ENDS Flavor Availability on Abstinence Within Smokers,RECRUITING,NA,INTERVENTIONAL,1280.0,2026-05-14,2027-01-21,RAI Services Company,INDUSTRY,ALL,21 Years,65 Years
NCT06246136,Comparative Effectiveness and Safety of ELIOS in Patients With Open-Angle Glaucoma Undergoing Cataract Surgery,RECRUITING,NA,INTERVENTIONAL,194.0,2023-12-05,2028-12,"Elios Vision, Inc.",INDUSTRY,ALL,40 Years,
NCT00858936,Reduction of Ischemia-Reperfusion Mediated Cardiac Injury in Subjects Undergoing Coronary Artery Bypass Graft Surgery,TERMINATED,PHASE2,INTERVENTIONAL,6.0,2009-05,2010-04,Mallinckrodt,INDUSTRY,ALL,18 Years,85 Years
NCT02496936,Acute Effects of Fats on Satiety and Energy Needs,COMPLETED,NA,INTERVENTIONAL,23.0,2015-12,2019-10-30,USDA Grand Forks Human Nutrition Research Center,FED,ALL,18 Years,50 Years
NCT01428336,Value of 25 mcg Cortrosyn Stimulation Test,COMPLETED,NA,INTERVENTIONAL,22.0,2011-09,2015-01,The Cleveland Clinic,OTHER,ALL,18 Years,65 Years
NCT00748111,Thrombus and Inflammation Study in Sudden Cardiac DEath,COMPLETED,NA,INTERVENTIONAL,380.0,2008-08,2012-12,Assistance Publique - Hôpitaux de Paris,OTHER,ALL,18 Years,80 Years
NCT02729207,Proof-of-concept Study of NSAID Hydrogel Patch in Treatment of Acute Pain,TERMINATED,PHASE2,INTERVENTIONAL,6.0,2016-07,2016-12-27,"Teikoku Seiyaku Co., Ltd.",INDUSTRY,ALL,18 Years,65 Years
NCT06096207,DBS for Depression,RECRUITING,PHASE1,INTERVENTIONAL,20.0,2023-10-18,2038-10-18,Northwell Health,OTHER,ALL,18 Years,65 Years
NCT01288807,Effect of Milnacipran on Pain in Fibromyalgia,COMPLETED,PHASE4,INTERVENTIONAL,8.0,2011-02,2015-01,"University of California, San Diego",OTHER,FEMALE,18 Years,
NCT03736707,"High-Frequency Oscillation Ventilation Versus Conventional Mechanical Ventilation in Very Preterm Infants With Perinatal Acute Respiratory Distress Syndrome: Multicenters Randomized Controlled, Superiority Trial",RECRUITING,NA,INTERVENTIONAL,400.0,2025-10-01,2028-12-31,Daping Hospital and the Research Institute of Surgery of the Third Military Medical University,OTHER,ALL,1 Minute,1 Hour
NCT00455507,A Phase 2b Study of Istradefylline (KW-6002) for the Treatment of Parkinson's Disease in Patients Taking Levodopa,COMPLETED,PHASE2,INTERVENTIONAL,363.0,2007-03,2008-08,"Kyowa Kirin Co., Ltd.",INDUSTRY,ALL,20 Years,
NCT00789607,Fiducial Localization and Individualized Radiotherapy -Prostate Cancer,COMPLETED,NA,INTERVENTIONAL,17.0,2008-06,2023-05-12,"University Health Network, Toronto",OTHER,MALE,18 Years,
NCT04915092,Evaluation of the Efficacy of an App for Parents to Promote Healthy Life-styles in Children: the CoSIE Trial,COMPLETED,NA,INTERVENTIONAL,327.0,2021-06-14,2024-01-15,Azienda USL Reggio Emilia - IRCCS,OTHER_GOV,ALL,18 Years,
NCT01874392,"Feasibility Study Using Zone-MPC Controller, HMS and Technosphere® Insulin Inhalation System From MannnKind Corp",COMPLETED,NA,INTERVENTIONAL,9.0,2012-10,2013-06,Sansum Diabetes Research Institute,OTHER,ALL,21 Years,65 Years
NCT00563992,Effectiveness of Lithium and Valproate in Treating High-Risk Bipolar Disorder,COMPLETED,PHASE1,INTERVENTIONAL,98.0,2001-01,2008-10,New York State Psychiatric Institute,OTHER,ALL,18 Years,75 Years
NCT02844036,Angioplasty of Distal Lesions for Carriers of Inoperable Post-embolic HTP,COMPLETED,NA,INTERVENTIONAL,33.0,2014-06,2017-10,"University Hospital, Grenoble",OTHER,ALL,18 Years,
NCT06764836,A Study of IMM2510 + IMM27M Combination Therapy in Patients With Advanced Solid Tumors,RECRUITING,PHASE1,INTERVENTIONAL,108.0,2024-07-23,2026-01-27,ImmuneOnco Biopharmaceuticals (Shanghai) Inc.,OTHER,ALL,18 Years,75 Years
NCT04449536,Cysteine-lowering Treatment With Mesna,COMPLETED,PHASE1,INTERVENTIONAL,25.0,2020-11-02,2021-10-21,University of Oslo,OTHER,MALE,18 Years,55 Years
NCT01546636,The Effect of Ventilation on Cerebral Oxygenation in the Sitting Position,COMPLETED,NA,INTERVENTIONAL,70.0,2010-11,2013-07,Endeavor Health,OTHER,ALL,18 Years,90 Years
NCT00810836,Efficacy and Safety Study of BG00012 With Methotrexate in Patients With Active Rheumatoid Arthritis,COMPLETED,PHASE2,INTERVENTIONAL,153.0,2008-12,2010-03,Biogen,INDUSTRY,ALL,18 Years,75 Years
NCT05237336,Integrated Mindfulness-Based Cognitive Therapy for Singapore Malay Muslims,COMPLETED,NA,INTERVENTIONAL,80.0,2022-07-21,2023-12-30,International Islamic University Malaysia,OTHER,ALL,21 Years,64 Years
NCT01331811,"Improving Diagnosis of Tuberculosis in HIV Infected Children in Asia (Cambodia, Vietnam)and Africa (Burkina Faso, Cameroon)",COMPLETED,NA,INTERVENTIONAL,441.0,2011-04,2014-05,"ANRS, Emerging Infectious Diseases",OTHER_GOV,ALL,,13 Years
NCT06053411,Contribution of UGT2B17 to the Pharmacokinetics of Diclofenac,RECRUITING,EARLY_PHASE1,INTERVENTIONAL,30.0,2024-03-01,2026-12-18,Washington State University,OTHER,ALL,18 Years,65 Years
NCT03968211,Undetectable IgE as a Sentinel Biomarker for Humoral Immunodeficiency,COMPLETED,PHASE1,INTERVENTIONAL,37.0,2019-07-01,2023-12-31,University of Virginia,OTHER,ALL,18 Years,80 Years
NCT00924911,Relative Bioavailability Study in Healthy Subjects,COMPLETED,PHASE1,INTERVENTIONAL,20.0,2009-04-27,2009-07-09,GlaxoSmithKline,INDUSTRY,ALL,18 Years,65 Years
NCT03454711,Functional Magnetic Resonance Imaging (fMRI) Exploration of Neurocognitive Processes Involved in Food Addiction (FA) in Obese Patients: Towards New Phenotypic Markers for an Optimized Care Pathway,COMPLETED,PHASE2,INTERVENTIONAL,47.0,2018-04-26,2021-09-08,Rennes University Hospital,OTHER,FEMALE,30 Years,50 Years
NCT02829411,Testing the Effectiveness of Integrating Relationship Education Into an Existing Workforce Readiness Program,COMPLETED,NA,INTERVENTIONAL,909.0,2016-08,2020-12,"Mathematica Policy Research, Inc.",OTHER,ALL,18 Years,30 Years
NCT06047600,Optimization of the Surgical Care Pathway for Kidney Tumors by Digitizing Perioperative Nursing Coordination (UroCCR 126),RECRUITING,NA,INTERVENTIONAL,1307.0,2023-10-23,2026-02,"University Hospital, Bordeaux",OTHER,ALL,18 Years,
NCT03901807,"Safety and Efficacy of Polymyxin B Hemoperfusion (PMX) for Endotoxemic Septic Shock in a Randomized, Open-Label Study",ACTIVE_NOT_RECRUITING,NA,INTERVENTIONAL,150.0,2020-01-09,2026-04-30,Spectral Diagnostics (US) Inc.,INDUSTRY,ALL,18 Years,
NCT06835907,Baclofen for Anxiety and Alcohol Use Disorder (AUD): an Open Label Study,RECRUITING,NA,INTERVENTIONAL,58.0,2024-10-28,2029-12-30,Universitair Ziekenhuis Brussel,OTHER,ALL,18 Years,65 Years
NCT00027807,Biological Therapy in Treating Women With Stage IV Breast Cancer,COMPLETED,PHASE1,INTERVENTIONAL,6.0,2001-10,2013-03,Barbara Ann Karmanos Cancer Institute,OTHER,FEMALE,18 Years,120 Years
NCT01254019,A Clinical Study to Assess the Efficacy and Safety of GSK2402968 in Subjects With Duchenne Muscular Dystrophy,COMPLETED,PHASE3,INTERVENTIONAL,186.0,2010-12-02,2013-06-28,GlaxoSmithKline,INDUSTRY,MALE,5 Years,
NCT01141192,The Effect of Vitamin D Supplementation on Glucose Metabolism in Non-Diabetic African American Adults,COMPLETED,NA,INTERVENTIONAL,48.0,2010-01,2010-05,Augusta University,OTHER,ALL,19 Years,60 Years
NCT01509092,Comparative Study Between Early Vitrectomy and Observation for Spontaneous Closure of Traumatic Macular Hole,COMPLETED,NA,INTERVENTIONAL,44.0,2012-01,2014-06,Peking University Third Hospital,OTHER,ALL,,
NCT00096200,"Sorafenib With or Without Paclitaxel and Carboplatin in Treating Patients With Recurrent Ovarian Cancer, Primary Peritoneal Cancer, or Fallopian Tube Cancer",COMPLETED,PHASE2,INTERVENTIONAL,44.0,2004-08,2011-08,National Cancer Institute (NCI),NIH,FEMALE,18 Years,
NCT02832700,Casein Glycomacropeptide in Healthy Subjects,COMPLETED,NA,INTERVENTIONAL,24.0,2016-06,2017-09-01,University of Aarhus,OTHER,ALL,18 Years,60 Years
NCT05697900,Creatine Monohydrate Versus Creatine Hydrochloride on Strength and Body Composition in Elite Team-Sport Athletes,COMPLETED,NA,INTERVENTIONAL,48.0,2021-06-01,2022-08-22,Dynamical Business and Science Society - DBSS International SAS,NETWORK,ALL,18 Years,30 Years
NCT02374736,Effect of Privigen Against Graft Loss,COMPLETED,PHASE3,INTERVENTIONAL,18.0,2016-02-05,2019-05-09,Assistance Publique - Hôpitaux de Paris,OTHER,ALL,18 Years,
NCT01946607,"Antidepressants, Emotions and Personality",COMPLETED,NA,INTERVENTIONAL,42.0,2009-07,2010-11,University of Oxford,OTHER,ALL,18 Years,50 Years
NCT02088307,"Study of the Cardiovascular Vitamin, CardioLife",COMPLETED,NA,INTERVENTIONAL,21.0,2013-06,2016-01,University of Utah,OTHER,ALL,18 Years,90 Years
NCT02491307,Ginger.io Behavioral Health Study,TERMINATED,NA,INTERVENTIONAL,10.0,2015-07,2015-10,"Community Health Center, Inc.",INDUSTRY,ALL,18 Years,
NCT05947799,A Comparative Study on the Effectiveness of Video vs Text-Based Education in Heart Failure,COMPLETED,NA,INTERVENTIONAL,130.0,2023-06-20,2024-06-30,Stanford University,OTHER,ALL,18 Years,
NCT02160899,"Safety, Tolerability, Pharmacokinetics, and Pharmacodynamics of ISIS-APO(a)Rx in Participants With High Lipoprotein(a)",COMPLETED,PHASE2,INTERVENTIONAL,64.0,2014-06,2015-11,"Ionis Pharmaceuticals, Inc.",INDUSTRY,ALL,18 Years,65 Years
NCT06216899,Reverse-Engineering of Exclusive Enteral Nutrition (RE-EEN) in Crohn's Disease: A Multi-Center Trial,RECRUITING,NA,INTERVENTIONAL,60.0,2024-03-11,2030-01-10,Seattle Children's Hospital,OTHER,ALL,8 Years,21 Years
NCT01725399,Does First Oral Intake After Emergence Predict the Incidence of Post-operative Vomiting in Children?,COMPLETED,NA,INTERVENTIONAL,183.0,2012-10,2013-12,"University of North Carolina, Chapel Hill",OTHER,ALL,2 Years,18 Years
NCT01376999,Step Up Versus Step Down in Controlled Ovarian Stimulation,COMPLETED,PHASE4,INTERVENTIONAL,158.0,2010-04,2014-02,Parc de Salut Mar,OTHER,FEMALE,18 Years,37 Years
NCT03892499,"A Trial to Evaluate the Effect of Itraconazole (ITZ), a CYP3A4 Inhibitor, on the Pharmacokinetics of the Soluble Guanylate Cyclase Stimulator, Olinciguat (IW-1701), in Healthy Volunteers",COMPLETED,PHASE1,INTERVENTIONAL,24.0,2019-05-03,2019-07-03,Cyclerion Therapeutics,INDUSTRY,ALL,18 Years,55 Years
NCT07063199,Anti-CD38 Antibody Treating Elderly Patients With Primary Immune Thrombocytopenia (ITP),RECRUITING,PHASE2,INTERVENTIONAL,30.0,2025-08,2026-08,"Institute of Hematology & Blood Diseases Hospital, China",OTHER,ALL,60 Years,
NCT04490499,A Hepatitis B Vaccine Challenge Study After Previous Vaxelis® Vaccination (V419-013),COMPLETED,PHASE3,INTERVENTIONAL,207.0,2020-09-02,2020-12-29,Merck Sharp & Dohme LLC,INDUSTRY,ALL,8 Years,10 Years
NCT07321899,Transcatheter Tricuspid Valve Replacement With the Medtronic Intrepid™ Transcatheter Tricuspid Valve Replacement (TTVR) System in Severe Tricuspid Regurgitation,RECRUITING,NA,INTERVENTIONAL,1186.0,2026-08,2041-04,Medtronic Cardiovascular,INDUSTRY,ALL,18 Years,
NCT06195332,Open Vs. Endoscopic Transversus Abdominis Release Trial,RECRUITING,NA,INTERVENTIONAL,36.0,2024-10-15,2025-12,City Clinical Hospital No.1 named after N.I. Pirogov,OTHER,ALL,18 Years,90 Years
NCT00550732,A Study to Examine the Efficacy and Safety of Posaconazole When Introduced Early in the Treatment of Refractory Fungal Infections (P05090 AM2),COMPLETED,PHASE2,INTERVENTIONAL,40.0,2007-12,2012-11,Merck Sharp & Dohme LLC,INDUSTRY,ALL,13 Years,
NCT06630598,Impacts of the VEGA Family Violence Education Resources for Psychology Trainees,RECRUITING,NA,INTERVENTIONAL,90.0,2024-10-30,2025-03,University of Ottawa,OTHER,ALL,18 Years,
NCT03055832,Comparison Between iLux™ and LipiFlow® in the Treatment of Meibomian Gland Dysfunction,COMPLETED,NA,INTERVENTIONAL,142.0,2017-02-09,2017-07-20,"Tear Film Innovations, Inc.",INDUSTRY,ALL,18 Years,
NCT06370832,Inspiratory Muscle Training in Lung Transplant Candidates,RECRUITING,NA,INTERVENTIONAL,90.0,2024-08-06,2027-09-30,"University Health Network, Toronto",OTHER,ALL,18 Years,
NCT01209832,A Tasisulam and Midazolam Drug Interaction Study in Cancer Patients,TERMINATED,PHASE1,INTERVENTIONAL,11.0,2010-09,2011-01,Eli Lilly and Company,INDUSTRY,ALL,18 Years,
NCT04452032,Prospective Pilot Study Evaluating Dental Side Effects of Radiotherapy on Subjects Treated for Head and Neck Cancer,ACTIVE_NOT_RECRUITING,PHASE2,INTERVENTIONAL,40.0,2020-11-17,2027-05-16,Jules Bordet Institute,OTHER,ALL,18 Years,
NCT00796432,A Study of Dopamine Type 2 (D2) Receptor Occupancy Following a Single Oral Dose of OROS Paliperidone,COMPLETED,PHASE1,INTERVENTIONAL,4.0,2003-03,2003-06,"Johnson & Johnson Pharmaceutical Research & Development, L.L.C.",INDUSTRY,ALL,20 Years,45 Years
NCT04345432,Gabapentin Treatment of Postural Tachycardia Syndrome (PoTS),COMPLETED,NA,INTERVENTIONAL,10.0,2014-01,2017-09,Medstar Health Research Institute,OTHER,ALL,18 Years,60 Years
NCT06517563,Effects of VMX-C001 on the Anticoagulant Effect of Different Forms of Heparin,COMPLETED,PHASE1,INTERVENTIONAL,16.0,2024-08-14,2026-04-13,VarmX B.V.,INDUSTRY,ALL,18 Years,49 Years
NCT03406663,The Korean TITRATION Study: Comparison of the Self-titration Methods for Glargine-300,COMPLETED,NA,INTERVENTIONAL,130.0,2017-10-01,2020-07-14,Seoul National University Hospital,OTHER,ALL,19 Years,
NCT02993263,Postoperative Acute Myocardial Ischemic Injury,TERMINATED,NA,INTERVENTIONAL,323.0,2016-02,2018-12-31,The Cleveland Clinic,OTHER,ALL,45 Years,
NCT03709563,Oral Nutraceutical Supplement With Standardized Botanicals in Males With Self-Perceived Thinning Hair and Loss,TERMINATED,NA,INTERVENTIONAL,74.0,2018-10-15,2021-06-01,DeNova Research,OTHER,MALE,21 Years,45 Years
NCT00636363,Safety and Efficacy of a Bausch & Lomb Multipurpose Solution When Compared to Ciba Vision Aquify Multipurpose Solution,COMPLETED,NA,INTERVENTIONAL,541.0,2008-03,2008-08,Bausch & Lomb Incorporated,INDUSTRY,ALL,18 Years,
NCT05290363,The Role of IL-23 in Chronic Inflammatory Disease: Exploring the Cellular and Molecular Targets of IL-23 Signaling in Peripheral and Axial Spondyloarthritis,RECRUITING,NA,INTERVENTIONAL,90.0,2022-10-06,2027-09-30,Institut Pasteur,INDUSTRY,ALL,18 Years,
NCT05171387,"Darolutamide + Androgen Deprivation Therapy (ADT) in Chinese Men With High Risk, Nonmetastatic Prostate Cancer",COMPLETED,PHASE2,INTERVENTIONAL,78.0,2021-11-30,2025-02-24,Bayer,INDUSTRY,MALE,18 Years,
NCT01488487,Everolimus and Pasireotide (SOM230) in Patients With Advanced or Metastatic Hepatocellular Carcinoma,COMPLETED,PHASE2,INTERVENTIONAL,24.0,2011-12,2015-03,UNC Lineberger Comprehensive Cancer Center,OTHER,ALL,18 Years,
NCT06133387,PARADIGM - En Bloc Trial With the EndoQuest Endoluminal Surgical (ELS) System,ACTIVE_NOT_RECRUITING,NA,INTERVENTIONAL,56.0,2025-05-13,2026-08,"EndoQuest Robotics, Inc.",INDUSTRY,ALL,22 Years,
NCT00644787,A Dose-Finding Study of Fentanyl (JNS020 QD) 1-Day Transdermal Patch in Participants With Cancer Pain,COMPLETED,PHASE2,INTERVENTIONAL,156.0,2007-12,2008-10,Janssen Pharmaceutical K.K.,INDUSTRY,ALL,20 Years,
NCT06175793,ASPIRE: Adapting Self-Blood Pressure Monitoring to Reduce Health Disparities,COMPLETED,NA,INTERVENTIONAL,50.0,2024-01-15,2024-05-31,Wake Forest University Health Sciences,OTHER,ALL,18 Years,85 Years
NCT06188793,Virtual Reality (VR) -Directed Brain Gut Behavioral Treatment (BGBT) for Inflammatory Bowel Disease (IBD) Inpatients,RECRUITING,NA,INTERVENTIONAL,40.0,2024-02-13,2026-12,University of Michigan,OTHER,ALL,18 Years,
NCT03058393,Analyzing Challenging Clinical Discussions in Orthopaedics,TERMINATED,NA,INTERVENTIONAL,7.0,2017-04-17,2018-11-07,Duke University,OTHER,ALL,18 Years,80 Years
NCT01416493,Bovine Intestinal Alkaline Phosphatase (bIAP) Modulating Rheumatoid Arthritis,COMPLETED,PHASE1,INTERVENTIONAL,6.0,2011-05,2013-04,Alloksys Life Sciences B.V.,INDUSTRY,ALL,18 Years,
NCT06672887,"Enhancing Successful Return to Work of Employees With Cancer, by Supporting Employers (MiLES Intervention)",RECRUITING,PHASE2,INTERVENTIONAL,140.0,2023-12-18,2025-12,Academisch Medisch Centrum - Universiteit van Amsterdam (AMC-UvA),OTHER,ALL,18 Years,65 Years
NCT05712187,Phase 2b Study of ALTO-100 in MDD,COMPLETED,PHASE2,INTERVENTIONAL,301.0,2023-01-10,2024-10-24,Alto Neuroscience,INDUSTRY,ALL,18 Years,64 Years
NCT04086693,Peripheral Intravenous Catheter Securement With Tissue Adhesive,COMPLETED,NA,INTERVENTIONAL,350.0,2019-09-16,2020-10-10,Corewell Health East,OTHER,ALL,18 Years,
NCT04844021,Adolescent and Child Suicide Prevention in Routine Clinical Encounters,COMPLETED,NA,INTERVENTIONAL,47307.0,2022-03-14,2024-05-08,Northwestern University,OTHER,ALL,18 Years,
NCT06085521,A Study of LNK01001 Capsule in Patients With Moderate to Severe Atopic Dermatitis,COMPLETED,PHASE2,INTERVENTIONAL,150.0,2022-01-26,2023-06-14,"Lynk Pharmaceuticals Co., Ltd",INDUSTRY,ALL,18 Years,75 Years
NCT00463021,A Phase 4 Study to Determine Dosing of Hectorol® Capsules When Converting From Zemplar® Injection,COMPLETED,PHASE4,INTERVENTIONAL,36.0,2007-04,2007-12,"Genzyme, a Sanofi Company",INDUSTRY,ALL,18 Years,
NCT03984721,Amyloidosis Typing Using Mass Spectrometry-based Proteomics: a New Accurate Tool for Difficult Typing,COMPLETED,NA,INTERVENTIONAL,27.0,2019-07-25,2021-09-08,"University Hospital, Toulouse",OTHER,ALL,18 Years,
NCT05137821,Efficacy of Er: YSGG Laser in Treatment of Peri-implantitis,COMPLETED,NA,INTERVENTIONAL,3.0,2023-08-10,2023-11-15,Ain Shams University,OTHER,ALL,25 Years,55 Years
NCT05110521,Evaluation of a Nurse Mentorship and Digital Health Package Intervention in Kenya,COMPLETED,NA,INTERVENTIONAL,10992.0,2021-11-05,2022-08-26,Harvard School of Public Health (HSPH),OTHER,ALL,15 Years,
NCT00992914,Pilot Study of Stellate Ganglion Injection to Provide Relief From Hot Flushes,COMPLETED,NA,INTERVENTIONAL,40.0,2009-02,2018-12,Northwestern University,OTHER,FEMALE,30 Years,65 Years
NCT01480414,Side Effects of 4 Times Bone Marrow Mono Nuclear Transplantation in Patients With Ischemic Lower Limb,COMPLETED,PHASE1,INTERVENTIONAL,20.0,2010-09,2012-05,Royan Institute,OTHER_GOV,ALL,20 Years,62 Years
NCT07547514,"The Effects of Yoga on Sensory, Motor, Cognitive Skills, and Perceived Stress in Children With Developmental Coordination Disorder",COMPLETED,NA,INTERVENTIONAL,40.0,2024-06-29,2025-12-30,Fenerbahce University,OTHER,ALL,7 Years,11 Years
NCT01194414,A Study to Compare Subcutaneous Versus Intravenous Administration of RoActemra/Actemra (Tocilizumab) in Participants With Moderate to Severe Active Rheumatoid Arthritis,COMPLETED,PHASE3,INTERVENTIONAL,1262.0,2010-09,2013-08,Hoffmann-La Roche,INDUSTRY,ALL,18 Years,
NCT05083416,Effect of Prolonged Nightly Fasting on Immunotherapy Outcomes in HNSCC - Role of Gut Microbiome,COMPLETED,NA,INTERVENTIONAL,29.0,2021-10-20,2024-02-08,H. Lee Moffitt Cancer Center and Research Institute,OTHER,ALL,18 Years,
NCT07652216,Bone Defects Reconstruction After Dentigerous Cyst Enucleation With Autogenous Demineralized Dentin Matrix- ADDM and Advanced Platelet-Rich Fibrin- A-PRF.,ACTIVE_NOT_RECRUITING,NA,INTERVENTIONAL,35.0,2024-04-04,2027-04-01,Jagiellonian University,OTHER,ALL,,
NCT03464916,Study to Evaluate the Safety and Efficacy of Anti-CD38 CAR-T in Relapsed or Refractory Multiple Myeloma Patients,COMPLETED,PHASE1,INTERVENTIONAL,10.0,2018-10-15,2022-02-28,"Sorrento Therapeutics, Inc.",INDUSTRY,ALL,18 Years,
NCT04329416,Insertion Depth of Left-sided Double-lumen Tube: a New Predictive Formula,COMPLETED,NA,INTERVENTIONAL,65.0,2019-05-07,2020-03-15,Imam Abdulrahman Bin Faisal University,OTHER,ALL,18 Years,
NCT06960616,Improving Clinical Efficiency by Reducing Scheduled Follow-ups Using Cochlear America's Population Mean Mapping Strategy,RECRUITING,NA,INTERVENTIONAL,48.0,2024-02-27,2027-02-26,Massachusetts Eye and Ear Infirmary,OTHER,ALL,18 Years,85 Years
NCT05492006,Immune Response and Affective States of Elderly and 50+ Individuals After Intentional and Indirect Contact With Nature,COMPLETED,NA,INTERVENTIONAL,54.0,2023-06-20,2025-06-30,Hospital Israelita Albert Einstein,OTHER,ALL,18 Years,
NCT01500616,Telaprevir Open-Label Study in Co-Infected Patients,COMPLETED,PHASE3,INTERVENTIONAL,122.0,2012-06,2014-08,Janssen-Cilag International NV,INDUSTRY,ALL,18 Years,70 Years
NCT02101606,Penumbral Based Novel Thrombolytic Therapy in Acute Ischemic Stroke,COMPLETED,PHASE2,INTERVENTIONAL,20.0,2009-10,2017-11,University of Alberta,OTHER,ALL,18 Years,
NCT05736406,A Dose-escalation Clinical Study of Intraoperative Photodynamic Therapy of Glioblastoma,ACTIVE_NOT_RECRUITING,PHASE1,INTERVENTIONAL,12.0,2024-02-20,2026-08,Hemerion Therapeutics,INDUSTRY,ALL,18 Years,75 Years
NCT05879406,A Study to Evaluate the Efficacy and Safety of Clear Skin Formula on Mitigating Mild to Moderate Non-cystic Acne,COMPLETED,NA,INTERVENTIONAL,40.0,2023-05-31,2024-01-23,Ablon Skin Institute Research Center,OTHER,ALL,18 Years,40 Years
NCT05280106,Citrate Dialysate in Online Hemodialfiltration,COMPLETED,NA,INTERVENTIONAL,9.0,2022-02-01,2022-09-30,Bangkok Metropolitan Administration Medical College and Vajira Hospital,OTHER_GOV,ALL,18 Years,80 Years
NCT01998906,A Study of Herceptin (Trastuzumab) in Combination Chemotherapy in Women With Locally Advanced Breast Cancer,COMPLETED,PHASE3,INTERVENTIONAL,330.0,2002-05,2012-07,Hoffmann-La Roche,INDUSTRY,FEMALE,18 Years,
NCT04237506,Targeted Ballet Class for Cerebral Palsy,COMPLETED,NA,INTERVENTIONAL,6.0,2017-01-24,2021-02-13,Citlali Lopez-Ortiz,OTHER,ALL,3 Years,64 Years
NCT02491606,Evaluation of Weekly Tafenoquine,COMPLETED,PHASE2,INTERVENTIONAL,249.0,1997-05,1998-09,U.S. Army Medical Research and Development Command,FED,ALL,18 Years,55 Years
NCT00006206,COMBINE (Acamprosate/Naltrexone),COMPLETED,PHASE3,INTERVENTIONAL,1375.0,1997-08,2006-05,"University of North Carolina, Chapel Hill",OTHER,ALL,18 Years,
NCT03365804,A New Spinal Brace Design Concept for the Treatment of Adolescent Idiopathic Scoliosis,TERMINATED,NA,INTERVENTIONAL,10.0,2018-01-15,2023-12-31,University of Alberta,OTHER,ALL,10 Years,16 Years
NCT02341404,"A Study of 2-hydroxyflutamide (Liproca Depot), Injected Into the Prostate in Patients With Localized Prostate Cancer",COMPLETED,PHASE2,INTERVENTIONAL,23.0,2012-05,2015-05,Lidds AB,INDUSTRY,MALE,50 Years,75 Years
NCT04128904,In Vitro Fertilisation Versus Intracytoplasmic Sperm Injection in Patients Without Severe Male Factor Infertility,ACTIVE_NOT_RECRUITING,NA,INTERVENTIONAL,824.0,2019-11-29,2027-12-14,"Copenhagen University Hospital, Hvidovre",OTHER,FEMALE,18 Years,42 Years
NCT01207804,Feasibility Trial of ValenTx Endo Bypass System,COMPLETED,NA,INTERVENTIONAL,12.0,2008-08,2009-05,"ValenTx, Inc.",INDUSTRY,ALL,18 Years,55 Years
NCT02992704,Peg-interferon for Inactive Chronic Hepatitis B Carriers,COMPLETED,PHASE2,INTERVENTIONAL,90.0,2016-08,2020-01,Seng Gee Lim,OTHER,ALL,21 Years,75 Years
NCT00493584,Acute Balloon Angioplasty vs. Traditional Early Invasive Treatment of Non-ST-Elevation Myocardial Infarction,TERMINATED,NA,INTERVENTIONAL,14.0,2008-03,2011-03,University of Aarhus,OTHER,ALL,18 Years,
NCT01499784,Urinary Incontinence in an Inpatient Rehab Unit,COMPLETED,NA,INTERVENTIONAL,5.0,2012-01,2013-12,Anne Deutsch,OTHER,FEMALE,18 Years,99 Years
NCT02287584,Confirmatory Study of DSP-5423P in Patients With Schizophrenia,COMPLETED,PHASE3,INTERVENTIONAL,580.0,2014-12,2018-12,"Sumitomo Pharma Co., Ltd.",INDUSTRY,ALL,18 Years,
NCT06838884,An Alternative Assessment in Patients with Rheumatoid Arthritis: 6 Minute Step Test,RECRUITING,NA,INTERVENTIONAL,60.0,2025-02-18,2025-06-10,Firat University,OTHER,ALL,18 Years,
NCT00332384,Safety and Efficacy Study of Brimonidine/Timolol Fixed Combination in Patients With Glaucoma or Ocular Hypertension,COMPLETED,PHASE3,INTERVENTIONAL,573.0,2000-01,2001-11,Allergan,INDUSTRY,ALL,18 Years,
NCT05700084,Tolerability and Bioavailability of Utidelone Capsule in Patients With Advanced Solid Tumors,ACTIVE_NOT_RECRUITING,PHASE1,INTERVENTIONAL,84.0,2023-06-09,2026-12-31,"Beijing Biostar Pharmaceuticals Co., Ltd.",INDUSTRY,ALL,18 Years,70 Years
NCT05688384,Patient-Controlled Sedation in Port Implantation (PACSPI-2),COMPLETED,PHASE4,INTERVENTIONAL,340.0,2023-01-19,2024-11-08,Region Jönköping County,OTHER_GOV,ALL,18 Years,110 Years
NCT05427084,Canagliflozin Targeting Vascular Inflammation,RECRUITING,PHASE2,INTERVENTIONAL,24.0,2024-11-15,2026-12,Ottawa Heart Institute Research Corporation,OTHER,ALL,18 Years,
NCT06350084,Effect of Mother's Touch and Nurse's Therapeutic Touch on Pain Level and Crying Time During Heel Blood Collection,COMPLETED,NA,INTERVENTIONAL,120.0,2023-09-04,2025-02-10,Burdur Mehmet Akif Ersoy University,OTHER,ALL,2 Days,4 Days
NCT05414084,Aggregate Metabolic Phenotypes for (Poly)Phenols: Development of an Oral (Poly)Phenol Challenge Test (OPCT),COMPLETED,NA,INTERVENTIONAL,300.0,2022-05-31,2023-05-26,University of Parma,OTHER,ALL,18 Years,74 Years
NCT05272384,Testing the Combination of Nivolumab and ASTX727 for Relapsed or Refractory B-Cell Lymphoma,RECRUITING,PHASE1,INTERVENTIONAL,32.0,2022-11-03,2027-06-28,National Cancer Institute (NCI),NIH,ALL,18 Years,
NCT02538484,Impact of Omega 3 Fatty Acid Supplementation on Aromatase in Obese Subjects,COMPLETED,EARLY_PHASE1,INTERVENTIONAL,24.0,2016-04,2020-03-26,The University of Texas Health Science Center at San Antonio,OTHER,FEMALE,18 Years,
NCT03033784,Autism Oxytocin Brain Project,COMPLETED,PHASE2,INTERVENTIONAL,51.0,2017-05-10,2018-10-03,Emory University,OTHER,MALE,18 Years,45 Years
NCT00001784,Mexiletine for the Treatment of Focal Dystonia,COMPLETED,PHASE2,INTERVENTIONAL,24.0,1998-07,2002-07,National Institute of Neurological Disorders and Stroke (NINDS),NIH,ALL,,
NCT03324984,1% Chloroprocaine(PF) vs. Bupivacaine Spinals,COMPLETED,PHASE2,INTERVENTIONAL,110.0,2019-09-11,2023-02-01,Montefiore Medical Center,OTHER,ALL,18 Years,
NCT04766684,Clubfoot Tenotomy Trial,COMPLETED,PHASE4,INTERVENTIONAL,107.0,2021-06-01,2024-08-01,Vanderbilt University Medical Center,OTHER,ALL,,6 Weeks
NCT01863784,A Study to Evaluate the Pharmacokinetics of JNJ-38518168 in Patients With Mild and Moderate Hepatic Impairment Compared With Patients With Normal Hepatic Function,COMPLETED,PHASE1,INTERVENTIONAL,28.0,2013-04,2013-11,"Janssen Research & Development, LLC",INDUSTRY,ALL,18 Years,70 Years
NCT02230384,Novel Smoking Cessation Drug for Schizophrenia,COMPLETED,PHASE2,INTERVENTIONAL,62.0,2014-09,2017-03-09,K.N. Roy Chengappa,OTHER,ALL,18 Years,66 Years
NCT07087184,Gauging Outcomes of Total Milk Ingestion on Lipid and gControl,RECRUITING,NA,INTERVENTIONAL,110.0,2025-07-24,2027-08,"University of California, San Francisco",OTHER,ALL,18 Years,
NCT06802484,Comparing the Effects of Multicomponent Exercise on Cardiovascular Health and Lipid Profiles in Premenopausal and Postmenopausal Women,COMPLETED,NA,INTERVENTIONAL,75.0,2024-05-01,2024-12-31,University of Évora,OTHER,FEMALE,40 Years,60 Years
NCT02947984,Proton/Photon Rt - Benign Meningiomas(P92-13),COMPLETED,PHASE3,INTERVENTIONAL,44.0,1999-03,2016-09,Massachusetts General Hospital,OTHER,ALL,18 Years,
NCT01162733,Loading Vancomycin Doses in the Emergency Department,COMPLETED,NA,INTERVENTIONAL,99.0,2010-07,2012-06,Christiana Care Health Services,OTHER,ALL,18 Years,
NCT05983133,A Study of PF-08046052/SGN-EGFRd2 in Advanced Solid Tumors,TERMINATED,PHASE1,INTERVENTIONAL,68.0,2023-11-14,2026-04-16,"Seagen, a wholly owned subsidiary of Pfizer",INDUSTRY,ALL,18 Years,
NCT02449733,Comprehensive HIV Prevention Package for MSM in Port Elizabeth,COMPLETED,NA,INTERVENTIONAL,101.0,2015-05,2017-03,Emory University,OTHER,MALE,18 Years,
NCT03255733,ITU Treatment for Chronic Epicondylitis Musculoskeletal Pain Reduction,COMPLETED,NA,INTERVENTIONAL,29.0,2015-07-14,2017-03-13,Guided Therapy Systems,INDUSTRY,ALL,18 Years,85 Years
NCT00686933,Long Term Safety and Tolerability Study of ABT-089 in Adults With Attention-Deficit/Hyperactivity Disorder (ADHD),COMPLETED,PHASE2,INTERVENTIONAL,117.0,2008-05,2008-10,"AbbVie (prior sponsor, Abbott)",INDUSTRY,ALL,18 Years,60 Years
NCT05416333,Azelaic Acid as a Novel Treatment for Central Centrifugal Cicatricial Alopecia (CCCA),ACTIVE_NOT_RECRUITING,EARLY_PHASE1,INTERVENTIONAL,18.0,2024-08-12,2026-12,Wake Forest University Health Sciences,OTHER,FEMALE,18 Years,
NCT07171333,Role of Computer-Aided Detection Colonoscopy in Polyp Detection Rate,COMPLETED,NA,INTERVENTIONAL,421.0,2023-08-01,2024-09-30,Gian Eugenio Tontini,OTHER,ALL,40 Years,80 Years
NCT00287833,Bowman-Birk Inhibitor Concentrate in Preventing Cancer in Healthy Men,COMPLETED,PHASE1,INTERVENTIONAL,20.0,2006-01,,National Cancer Institute (NCI),NIH,MALE,18 Years,65 Years
NCT00306449,Prevention of Weight Gain in Young Adults,COMPLETED,NA,INTERVENTIONAL,110.0,2002-09,2005-09,Université de Sherbrooke,OTHER,ALL,18 Years,30 Years
NCT00563849,Leflunomide + Methotrexate in Rheumatoid Arthritis,COMPLETED,PHASE4,INTERVENTIONAL,74.0,2003-05,2004-08,Sanofi,INDUSTRY,ALL,18 Years,75 Years
NCT00584649,Ablation of Inappropriate Sinus Tachycardia,TERMINATED,NA,INTERVENTIONAL,34.0,2004-04,2020-07-07,University of Oklahoma,OTHER,ALL,18 Years,80 Years
NCT06979947,Effect of Structured Education on Menopause-Specific Quality of Life,COMPLETED,NA,INTERVENTIONAL,101.0,2024-04-01,2024-11-30,Inonu University,OTHER,FEMALE,45 Years,55 Years
NCT01522547,"Study to Determine the Maximum Tolerated Dose, Safety and Effectiveness of Pomalidomide for Patients With Sickle Cell Disease",COMPLETED,PHASE1,INTERVENTIONAL,12.0,2007-08-01,2013-12-01,Celgene,INDUSTRY,ALL,18 Years,60 Years
NCT03836547,Feasibility of a Multi Component Intervention in Patients With Severe Dyspnea and Obesity,COMPLETED,NA,INTERVENTIONAL,28.0,2019-12-19,2022-09-30,Mayo Clinic,OTHER,ALL,18 Years,
NCT03597347,Trial of Inhaled Molgramostim in Cystic Fibrosis Subjects With Nontuberculous Mycobacterial Infection,TERMINATED,PHASE2,INTERVENTIONAL,14.0,2019-06-20,2020-10-02,Savara Inc.,INDUSTRY,ALL,18 Years,
NCT03731247,Optical Coherence Microscopy in Dermato-oncology,COMPLETED,NA,INTERVENTIONAL,273.0,2018-10-19,2021-04-21,Centre Hospitalier Universitaire de Saint Etienne,OTHER,ALL,18 Years,
NCT01306747,Stanford Chronic Pain Self-Management Programme in Danish Chronic Pain Patients,COMPLETED,NA,INTERVENTIONAL,500.0,2011-02,2015-12,University of Aarhus,OTHER,ALL,18 Years,
NCT03936647,The RISE Trial: A Randomized Trial on Intra-Saccular Endobridge Devices,RECRUITING,NA,INTERVENTIONAL,250.0,2019-07-18,2026-01,Centre hospitalier de l'Université de Montréal (CHUM),OTHER,ALL,18 Years,
NCT04907149,Evaluation of Mass Balance and Absolute Bioavailability of GLPG3970,COMPLETED,PHASE1,INTERVENTIONAL,6.0,2021-06-07,2021-07-12,Lakefront Biotherapeutics NV,INDUSTRY,MALE,30 Years,64 Years
NCT06162949,Vonoprazan for Helicobacter Pylori Eradication in Adolescents,COMPLETED,PHASE3,INTERVENTIONAL,242.0,2024-01-01,2024-08-01,Alexandria University,OTHER,ALL,10 Years,18 Years
NCT05767749,Split Face Study of the Duration of Local Anesthetics,COMPLETED,PHASE4,INTERVENTIONAL,75.0,2023-03-14,2023-07-31,Weill Medical College of Cornell University,OTHER,ALL,18 Years,
NCT06865638,Efficacy and Safety of Colorectal Anastomotic Leak Testing,RECRUITING,NA,INTERVENTIONAL,264.0,2024-12-22,2029-04-01,Nanchong Central Hospital,OTHER_GOV,ALL,18 Years,85 Years
NCT01820338,Extension Family Lifestyle Intervention Project (E-FLIP for Kids),COMPLETED,NA,INTERVENTIONAL,314.0,2009-07,2014-04,University of Florida,OTHER,ALL,8 Years,12 Years
NCT06835738,Implementation of Multiple Micronutrient Supplementation (MMS) for Pregnant Women in Uganda,RECRUITING,NA,INTERVENTIONAL,4077.0,2025-06-18,2026-12-31,Johns Hopkins Bloomberg School of Public Health,OTHER,ALL,0 Years,80 Years
NCT04471038,"Safety, Tolerability, and Pharmacokinetics of SAB-176 in Healthy Participants",COMPLETED,PHASE1,INTERVENTIONAL,27.0,2020-07-29,2021-04-19,"SAb Biotherapeutics, Inc.",INDUSTRY,ALL,18 Years,60 Years
NCT00171938,Open-label Trial of Imatinib Mesylate in Patients With Unresectable Recurrent Glioblastoma Multiforme Expressing PDGFR (Platelet Derived Growth Factor Receptors),TERMINATED,PHASE2,INTERVENTIONAL,30.0,2004-04,2006-06,Novartis,INDUSTRY,ALL,18 Years,
NCT03960658,Ketamine and Prolonged Exposure in PTSD,COMPLETED,PHASE1,INTERVENTIONAL,12.0,2019-04-03,2019-12-04,Minneapolis Veterans Affairs Medical Center,FED,ALL,18 Years,75 Years
NCT07284758,A Study to Evaluate the Efficacy of Cemsidomide + Dexamethasone in Participants With Relapsed/Refractory Multiple Myeloma,RECRUITING,PHASE2,INTERVENTIONAL,100.0,2026-02-18,2030-03,"C4 Therapeutics, Inc.",INDUSTRY,ALL,18 Years,
NCT01516658,HYdrogel Coil Versus Bare Platinum Coil in Recanalization Imaging Data Study,COMPLETED,NA,INTERVENTIONAL,431.0,2012-06,2019-06,Kobe City General Hospital,OTHER,ALL,20 Years,79 Years
NCT04332458,Motivators and Barriers for Physical Activity in Patients With Minor Stroke,COMPLETED,NA,INTERVENTIONAL,40.0,2020-06-01,2022-01-16,Herlev Hospital,OTHER,ALL,,
NCT03653858,Efficacy Study of Deep Brain Stimulation in Patients With Treatment Resistant Major Depression,COMPLETED,NA,INTERVENTIONAL,46.0,2018-09-03,2026-01-07,University Hospital Freiburg,OTHER,ALL,20 Years,75 Years
NCT07374848,"Phase 1a/b Study of ZL-6201 Safety, PK, and Preliminary Efficacy in Sarcoma and Selected Tumors",RECRUITING,PHASE1,INTERVENTIONAL,180.0,2026-03-02,2029-09,"Zai Lab (Shanghai) Co., Ltd.",INDUSTRY,ALL,18 Years,
NCT02632448,A Study of LY2880070 in Participants With Advanced or Metastatic Cancer,COMPLETED,PHASE1,INTERVENTIONAL,229.0,2016-05-16,2025-04-14,Esperas Pharma Inc.,OTHER,ALL,18 Years,
NCT06780748,Photo-medicine-Guided Dual Approach for Reoperation of Sentinel Lymph Nodes in Locally Recurrent Breast Cancer Patients,RECRUITING,PHASE2,INTERVENTIONAL,30.0,2023-08-13,2025-12-31,"National Cancer Center, Korea",OTHER_GOV,FEMALE,18 Years,
NCT06433648,Understanding How Powered Componentry Impacts K2-Level Transfemoral Amputee Gait,RECRUITING,NA,INTERVENTIONAL,20.0,2023-05-01,2029-06-30,Shirley Ryan AbilityLab,OTHER,ALL,18 Years,95 Years
NCT05007548,to Assess the Accuracy and Reliability of the Ga68-Dolacga Positron Emission Tomography Compared to Computer Tomography Volumetry and Indocyanine Green Retention Test for Measurement of Liver Reserve,COMPLETED,PHASE2,INTERVENTIONAL,30.0,2021-12-14,2023-11-20,"National Atomic Research Institute, Taiwan",OTHER,ALL,20 Years,
NCT07668648,Interscalene Brachial Plexus Block Versus Serratus Posterior Superior Intercostal Plane Block for Arthroscopic Shoulder Surgery,RECRUITING,NA,INTERVENTIONAL,80.0,2026-06-25,2026-12-15,Ferit Yetik,OTHER_GOV,ALL,18 Years,75 Years
NCT04340648,"Measurement Algorithm Control, Optimization, and Performance Evaluation of the Vital USA GlucoseDetect",COMPLETED,NA,INTERVENTIONAL,32.0,2019-06-03,2019-11-30,Sciema UG,OTHER,ALL,18 Years,99 Years
NCT06958848,16F vs 24F Chest Drain After Minimally Invasive Lobectomy and/or Segmentectomy,RECRUITING,NA,INTERVENTIONAL,124.0,2025-05-01,2027-08-30,"University Hospital, Basel, Switzerland",OTHER,ALL,18 Years,
NCT05101148,Phase I Study to Assess the Effect of Food on the PK and Gastrointestinal Tolerability of Selumetinib in Adolescent Children With Neurofibromatosis Type 1 Related Plexiform Neurofibromas,ACTIVE_NOT_RECRUITING,PHASE1,INTERVENTIONAL,24.0,2021-07-21,2028-04-28,AstraZeneca,INDUSTRY,ALL,12 Years,17 Years
NCT07347548,A Trial to Investigate the Safety and Pharmacokinetics of GRT6019 in Healthy Male Participants,COMPLETED,PHASE1,INTERVENTIONAL,24.0,2026-01-06,2026-06-09,Grünenthal GmbH,INDUSTRY,MALE,18 Years,55 Years
NCT01575548,Pazopanib Hydrochloride in Treating Patients With Metastatic Kidney Cancer Who Have No Evidence of Disease After Surgery,ACTIVE_NOT_RECRUITING,PHASE3,INTERVENTIONAL,129.0,2012-08-08,2027-02-20,National Cancer Institute (NCI),NIH,ALL,18 Years,
NCT02295748,"An Open-Label, Long-Term Extension Study to Evaluate the Safety and Tolerability Deflazacort",COMPLETED,PHASE1,INTERVENTIONAL,24.0,2014-12,2017-08-24,PTC Therapeutics,INDUSTRY,MALE,4 Years,
NCT01347255,"A Psoriasis Plaque Test Study With LEO 90100 Cutaneous Spray, Ointment, in Psoriasis Vulgaris",COMPLETED,PHASE2,INTERVENTIONAL,24.0,2011-05,2011-06,LEO Pharma,INDUSTRY,ALL,18 Years,
NCT00258726,Immune Responses to Two Dose Varivax +/- MMR-II,TERMINATED,PHASE1,INTERVENTIONAL,105.0,2005-10,2007-07,National Institute of Allergy and Infectious Diseases (NIAID),NIH,ALL,12 Months,12 Months
NCT06761326,Right Versus Left Distal Axillary Vein Cannulation,RECRUITING,NA,INTERVENTIONAL,80.0,2024-10-21,2026-08,Alexandria University,OTHER,ALL,20 Years,70 Years
NCT02676726,STELLA 2 Trial: Transperitoneal vs. Extraperitoneal Approach for Laparoscopic Staging of Endometrial/Ovarian Cancer,COMPLETED,NA,INTERVENTIONAL,208.0,2014-07,2019-09-08,Hospital Universitari Vall d'Hebron Research Institute,OTHER,FEMALE,18 Years,85 Years
NCT00484926,Association of Clopidogrel Therapy and Stent Thrombosis,COMPLETED,PHASE4,INTERVENTIONAL,2000.0,2007-03,2010-03,Seung-Jung Park,OTHER,ALL,18 Years,
NCT04208178,Study of Alpelisib (BYL719) in Combination With Trastuzumab and Pertuzumab as Maintenance Therapy in Patients With HER2-positive Advanced Breast Cancer With a PIK3CA Mutation,ACTIVE_NOT_RECRUITING,PHASE3,INTERVENTIONAL,19.0,2020-07-16,2027-02-26,Novartis Pharmaceuticals,INDUSTRY,ALL,18 Years,100 Years
NCT04916678,Persistent PostConcussion-Like Symptoms and Post Traumatic Stress Disorder in Patients Presenting at the Emergency Room.,COMPLETED,NA,INTERVENTIONAL,2897.0,2021-10-18,2023-06-22,"University Hospital, Bordeaux",OTHER,ALL,18 Years,
NCT02479178,"A Study of BIND-014 in Patients With Urothelial Carcinoma, Cholangiocarcinoma, Cervical Cancer and Squamous Cell Carcinoma of the Head and Neck",TERMINATED,PHASE2,INTERVENTIONAL,73.0,2015-06,2020-01,BIND Therapeutics,INDUSTRY,ALL,18 Years,
NCT03573778,IHEAL Trial: Effectiveness of a Health Promotion Intervention for Women Who Have Experienced Intimate Partner Violence,COMPLETED,NA,INTERVENTIONAL,331.0,2018-09-26,2021-05-22,"Western University, Canada",OTHER,FEMALE,19 Years,
NCT00135278,Cerebrospinal Fluid (CSF) Drainage and Cytokine Profiling in the Treatment of Acute Spinal Cord Injury (SCI),COMPLETED,NA,INTERVENTIONAL,31.0,2008-03,2010-01-14,University of British Columbia,OTHER,ALL,17 Years,65 Years
NCT00568178,"An Extension Study Designed to Assess Effects of Losartan on Proteinuria in Pediatric Populations (MK-0954-326 AM1,EXT1(AM2))",COMPLETED,PHASE3,INTERVENTIONAL,306.0,2007-06-01,2011-03-01,Organon and Co,INDUSTRY,ALL,12 Months,17 Years
NCT06117085,CellFX ® Percutaneous Electrode (PE) Treatment of Symptomatic Benign Thyroid Nodules,COMPLETED,NA,INTERVENTIONAL,30.0,2023-04-13,2024-11-18,"Pulse Biosciences, Inc.",INDUSTRY,ALL,18 Years,80 Years
NCT02882685,Comparison of Mini Gastric Bypass and Roux-en-Y Gastric Bypass,ACTIVE_NOT_RECRUITING,NA,INTERVENTIONAL,120.0,2016-07,2026-12,Helsinki University Central Hospital,OTHER,ALL,18 Years,65 Years
NCT02678585,Nalbuphine as an Adjuvant to Intravenous Regional Anesthesia,COMPLETED,NA,INTERVENTIONAL,106.0,2015-12,2016-03,Assiut University,OTHER,ALL,20 Years,50 Years
NCT02549885,Efficacy of Proprioceptive Neuromuscular Facilitation in Pain Relief,COMPLETED,NA,INTERVENTIONAL,30.0,2016-04,2017-08,Universidade Federal de Pernambuco,OTHER,FEMALE,18 Years,40 Years
NCT02486185,SARCORSICA: SARC-F Questionnaire as a Screening Tool for Age-related Sarcopenia,COMPLETED,NA,INTERVENTIONAL,366.0,2014-11-16,2016-06-10,Centre Hospitalier Universitaire de Nice,OTHER,ALL,65 Years,
NCT04467385,Virtual Reality Training With Sensory Integration On The Gross Motor Functions Of Lower Limb,COMPLETED,NA,INTERVENTIONAL,44.0,2019-06-15,2020-01-15,Riphah International University,OTHER,ALL,5 Years,12 Years
NCT00653185,Efficacy of SYR-472 in Subjects With Type 2 Diabetes Mellitus,COMPLETED,PHASE2,INTERVENTIONAL,369.0,2007-05,2008-03,Takeda,INDUSTRY,ALL,18 Years,80 Years
NCT07714785,Impact of EEG-guided Sevofluorane on Opioid Consumption and Quality of Awakening,RECRUITING,NA,INTERVENTIONAL,50.0,2026-06-23,2028-01,Pontificia Universidad Catolica de Chile,OTHER,ALL,2 Years,8 Years
NCT00884585,Efficacy and Safety Study of Cyclosporine 0.010% to Treat Atopic Keratoconjunctivitis,COMPLETED,PHASE3,INTERVENTIONAL,176.0,2009-05,2011-07,Allergan,INDUSTRY,ALL,12 Years,
NCT03543943,Achilles Tendon Elongation and Gait Pattern After Rupture.,COMPLETED,NA,INTERVENTIONAL,60.0,2018-06-04,2020-12-10,Hvidovre University Hospital,OTHER,ALL,18 Years,65 Years
NCT02483585,Study to Evaluate the Efficacy and Safety of Erenumab (AMG 334) Compared to Placebo in Migraine Prevention,COMPLETED,PHASE3,INTERVENTIONAL,577.0,2015-07-20,2017-03-20,Amgen,INDUSTRY,ALL,18 Years,65 Years
NCT03472885,Study of Danicopan in Participants With Paroxysmal Nocturnal Hemoglobinuria With Inadequate Response to Eculizumab,COMPLETED,PHASE2,INTERVENTIONAL,12.0,2018-05-08,2023-01-05,"Alexion Pharmaceuticals, Inc.",INDUSTRY,ALL,18 Years,65 Years
NCT07482943,The Effect of Dapagliflozin on Exercise and Cardiac Functional Status of Patients After Fontan Procedure,RECRUITING,PHASE4,INTERVENTIONAL,30.0,2026-07-01,2028-07,The University of Hong Kong,OTHER,ALL,12 Years,
NCT05829915,mHealth Technology in People With Parkinson's Disease,COMPLETED,NA,INTERVENTIONAL,114.0,2023-03-30,2025-04-30,Universidad Rey Juan Carlos,OTHER,ALL,,
NCT06604715,A Study of JNJ-87562761 in Participants With Relapsed or Refractory Multiple Myeloma,ACTIVE_NOT_RECRUITING,PHASE1,INTERVENTIONAL,17.0,2024-12-19,2027-11-15,"Janssen Research & Development, LLC",INDUSTRY,ALL,18 Years,
NCT02202915,CBT for Pediatric OCD: Community Training Pilot,COMPLETED,NA,INTERVENTIONAL,46.0,2014-09,2018-05,Rhode Island Hospital,OTHER,ALL,5 Years,17 Years
NCT05817435,A Phase 1 Bioequivalence Study of Efgartigimod PH20 SC Administered Via a Prefilled Syringe Versus a Vial+Syringe Presentation in Healthy Adults,COMPLETED,PHASE1,INTERVENTIONAL,120.0,2023-03-13,2023-05-12,argenx,INDUSTRY,ALL,18 Years,55 Years
NCT00714935,Shared Decision-making: Effects on Cardiac Risk Factor Modification Behavior,COMPLETED,NA,INTERVENTIONAL,363.0,2008-04,2010-03,Oslo University Hospital,OTHER,ALL,18 Years,
NCT02135835,A Study to Evaluate the Efficacy and Safety of Shenfu Zhusheye in Patients With Acute Heart Failure,COMPLETED,PHASE4,INTERVENTIONAL,365.0,2014-09-03,2017-03-24,"China Resources Sanjiu Medical & Pharmaceutical Co., Ltd.",INDUSTRY,ALL,18 Years,80 Years
NCT01710735,"Skeletal Muscle Contractility, Self-reported Pain and Tissue Sensitivity in Females With Neck/Shoulder Pain and Trapezius MFTrPs",COMPLETED,NA,INTERVENTIONAL,80.0,2011-04,2012-09,University of Southern Denmark,OTHER,FEMALE,20 Years,46 Years
NCT03506425,A Pilot Trial of Triheptanoin for People With Amyotrophic Lateral Sclerosis (PALS),COMPLETED,PHASE1,INTERVENTIONAL,15.0,2018-06-21,2019-03-28,"Richard Bedlack, M.D., Ph.D.",OTHER,ALL,18 Years,
NCT00909025,Safety and Tolerability Study of Claudiximab in Patients With Advanced Gastroesophageal Cancer,COMPLETED,PHASE1,INTERVENTIONAL,15.0,2009-05-31,2010-05-31,Ganymed Pharmaceuticals GmbH,INDUSTRY,ALL,18 Years,
NCT01134835,PPAR-gamma: a Novel Therapeutic Target for Asthma?,TERMINATED,PHASE4,INTERVENTIONAL,68.0,2010-06,2012-07,University of Nottingham,OTHER,ALL,18 Years,75 Years
NCT06944808,Impact of Blood Flow Restriction and Electrical Stimulation on Postoperative Muscle Atrophy and Pain After Total Knee Arthroplasty,COMPLETED,NA,INTERVENTIONAL,20.0,2023-09-01,2025-01-01,"University Hospital, Bonn",OTHER,ALL,18 Years,
NCT07083908,A Comparison of THD® Anopress With High Resolution Anorectal Manometry,COMPLETED,NA,INTERVENTIONAL,53.0,2025-03-01,2025-11-11,King's College Hospital NHS Trust,OTHER,FEMALE,18 Years,
NCT01513135,"A Phase Il of a Therapeutic, Recombinant, Biologically Active HIV-1 Tat Protein Vaccine in HIV-Infected, Anti-Tat Negative, ARV-Treated Adult Volunteers",COMPLETED,PHASE2,INTERVENTIONAL,200.0,2012-03,2014-07,"Barbara Ensoli, MD",OTHER,ALL,18 Years,45 Years
NCT00716508,Surgical Treatment for Acute Patella Tendon Rupture,TERMINATED,PHASE4,INTERVENTIONAL,3.0,2008-09,2009-12,Emory University,OTHER,ALL,18 Years,
NCT06212908,Assessment of Periodontal Therapy and Biofilm Management in Breast Cancer,COMPLETED,NA,INTERVENTIONAL,40.0,2012-09-18,2016-12,University of Sao Paulo,OTHER,FEMALE,18 Years,70 Years
NCT01921608,Safety Study of the PrePex Device for Non-Surgical Adult Male Circumcision During Phased in National Implementation in an Effort to Prevent the Spread of HIV,COMPLETED,NA,INTERVENTIONAL,1001.0,2013-01,2013-02,"Ministry of Health, Rwanda",OTHER_GOV,MALE,21 Years,49 Years
NCT00769808,Technolas 217z Laser With Zyoptix Aspheric Algorithm Used for the LASIK Treatment of Myopia and Myopic Astigmatism.,COMPLETED,NA,INTERVENTIONAL,72.0,2008-08,2010-03,Bausch & Lomb Incorporated,INDUSTRY,ALL,18 Years,
NCT01898208,Rapid Identification and Susceptibility Testing of Pathogens From Blood Cultures,COMPLETED,NA,INTERVENTIONAL,743.0,2013-08,2014-08,Mayo Clinic,OTHER,ALL,,99 Years
NCT05564325,Real-time Deflectable Guidewire in Neuro-interventions Study,TERMINATED,NA,INTERVENTIONAL,5.0,2023-04-19,2026-03-10,Artiria Medical,INDUSTRY,ALL,18 Years,
NCT02220725,A Study in Older Subject to Evaluate the Safety and Ability of Andexanet Alfa to Reverse the Anticoagulation Effect of Rivaroxaban,COMPLETED,PHASE3,INTERVENTIONAL,80.0,2014-05,2015-08,Portola Pharmaceuticals,INDUSTRY,ALL,50 Years,75 Years
NCT03141125,The Effect of Ethanol Extract Physalis Angulata Linn. in Scleroderma Patients With Standard Therapy,COMPLETED,NA,INTERVENTIONAL,62.0,2016-01,2017-08,Indonesia University,OTHER,ALL,18 Years,60 Years
NCT01106625,The CANTATA-MSU Trial (CANagliflozin Treatment And Trial Analysis - Metformin and SUlphonylurea),COMPLETED,PHASE3,INTERVENTIONAL,469.0,2010-05,2012-04,"Janssen Research & Development, LLC",INDUSTRY,ALL,18 Years,80 Years
NCT00252876,GALLEX 1 - Long Term Extension Study in Patients With Type 2 Diabetes,TERMINATED,PHASE3,INTERVENTIONAL,2000.0,2005-03,2007-01,AstraZeneca,INDUSTRY,ALL,18 Years,
NCT06566976,Prehabilitation and Rehabilitation in PAD,RECRUITING,NA,INTERVENTIONAL,300.0,2024-03-07,2027-07-25,Palo Alto Veterans Institute for Research,OTHER,ALL,18 Years,
NCT06569576,Promoting Aging in Place Through A Wellness Program,ACTIVE_NOT_RECRUITING,NA,INTERVENTIONAL,40.0,2023-10-07,2025-12-30,Mercy University,OTHER,ALL,65 Years,100 Years
NCT00282217,Study Evaluating Sirolimus in the Treatment of Kidney Transplant,COMPLETED,PHASE4,INTERVENTIONAL,100.0,2006-08,,Wyeth is now a wholly owned subsidiary of Pfizer,INDUSTRY,ALL,,
NCT01578317,Immune Responses to H5N1 Vaccine With and Without AS03 Adjuvant,COMPLETED,PHASE1,INTERVENTIONAL,43.0,2012-03-20,2016-01-31,National Institute of Allergy and Infectious Diseases (NIAID),NIH,ALL,18 Years,45 Years
NCT04770740,Randomized Controlled Clinical Trial to Investigate Effects of Vitamin K2 in COVID-19,COMPLETED,NA,INTERVENTIONAL,40.0,2021-02-22,2022-03-01,Canisius-Wilhelmina Hospital,OTHER,ALL,18 Years,
NCT00241540,Esomeprazole for Relief of Upper Gastrointestinal Symptoms Associated With Continuous Use of NSAIDs,COMPLETED,PHASE3,INTERVENTIONAL,808.0,2001-01,2002-08,AstraZeneca,INDUSTRY,ALL,18 Years,
NCT01636440,Reliability of Measuring Conditioned Pain Modulation With the Nociceptive Withdrawal Reflex,COMPLETED,NA,INTERVENTIONAL,39.0,2012-06,2012-08,"Insel Gruppe AG, University Hospital Bern",OTHER,MALE,18 Years,65 Years
NCT02289989,Oregano Ointment vs. Standard Treatment for Pediatric Atopic Dermatitis,TERMINATED,NA,INTERVENTIONAL,1.0,2014-11,2017-01,"Rutgers, The State University of New Jersey",OTHER,ALL,2 Years,17 Years
NCT03735940,Clinical Evaluation Program of DeltaScan (ICU),TERMINATED,NA,INTERVENTIONAL,3630.0,2019-03-01,2021-06-29,UMC Utrecht,OTHER,ALL,18 Years,
NCT03485989,Role of Hazelnut Consumption in Improving Micronutrient Status in Older Adults,COMPLETED,NA,INTERVENTIONAL,41.0,2016-06-22,2017-12-29,Oregon State University,OTHER,ALL,55 Years,
NCT00716989,Pathophysiological Study of Characteristics of the Changes in the Cutaneous Immune System After Intradermal Antigen Injections,TERMINATED,NA,INTERVENTIONAL,36.0,2008-11,2009-09,Hospices Civils de Lyon,OTHER,ALL,18 Years,75 Years
NCT00147589,A Study to Evaluate the Efficacy and Safety of Eplerenone in the Treatment of Hypertension in Children.,COMPLETED,PHASE3,INTERVENTIONAL,320.0,2004-09,2007-01,Pfizer's Upjohn has merged with Mylan to form Viatris Inc.,INDUSTRY,ALL,6 Years,16 Years
NCT07642089,Effects of Static Stretching and Strength Training on Antenatal Restless Leg Syndrome,RECRUITING,NA,INTERVENTIONAL,30.0,2025-04-02,2026-08-15,Riphah International University,OTHER,FEMALE,18 Years,35 Years
NCT03301740,Ultrafiltration Profiling and Outcomes Among Individuals on Maintenance Hemodialysis,COMPLETED,NA,INTERVENTIONAL,34.0,2018-03-12,2018-12-18,"University of North Carolina, Chapel Hill",OTHER,ALL,18 Years,85 Years
NCT03202368,An Extension Study to Evaluate Long-Term Safety of Subcutaneous (SC) Tocilizumab in Participants With Giant Cell Arteritis (GCA),COMPLETED,PHASE3,INTERVENTIONAL,3.0,2017-10-25,2019-08-21,Hoffmann-La Roche,INDUSTRY,ALL,50 Years,
NCT03982368,A Study to Evaluate Safety and Efficacy of rhNGF Eye Solution vs Vehicle in Patients With Moderate to Severe Dry Eye,COMPLETED,PHASE2,INTERVENTIONAL,261.0,2019-06-10,2020-07-15,Dompé Farmaceutici S.p.A,INDUSTRY,ALL,18 Years,85 Years
NCT07304050,Predicting ICU Transfers and Other Unforeseen Events (PICTURE)-Pediatric,RECRUITING,NA,INTERVENTIONAL,375.0,2026-02-09,2027-01,University of Michigan,OTHER,ALL,30 Days,25 Years
NCT03496350,Internet-delivered Cognitive Behavioural Therapy in Arabic for Anxiety and Depression,COMPLETED,NA,INTERVENTIONAL,59.0,2019-01-07,2019-12-01,Linkoeping University,OTHER_GOV,ALL,18 Years,65 Years
NCT06946550,Non-Ablative Laser to Treat Scarring Alopecia With Hair Follicle Gene Expression Analysis,RECRUITING,NA,INTERVENTIONAL,5.0,2025-12-09,2027-12,Montefiore Medical Center,OTHER,ALL,18 Years,
NCT00225550,A Study of the Safety and Effects of ADH-1 Given Daily to Subjects With Solid Tumors,TERMINATED,PHASE1,INTERVENTIONAL,,,,"Adherex Technologies, Inc.",INDUSTRY,ALL,18 Years,
NCT03584750,Floating for Chronic Pain,COMPLETED,NA,INTERVENTIONAL,99.0,2018-06-26,2020-06-18,Hannover Medical School,OTHER,ALL,18 Years,75 Years
NCT05032391,"Reactogenicity, Safety and Immunological Efficacy of the Live, Pentavalent Rotavirus Vaccine in Childhood Immunization",COMPLETED,PHASE3,INTERVENTIONAL,100.0,2019-02-22,2019-10-25,Limited Liability Company Pharm Aid,OTHER,ALL,60 Days,70 Days
NCT02672891,Intrauterine Balloon Tamponade in the Management of Postpartum Hemorrhage,COMPLETED,NA,INTERVENTIONAL,50.0,2011-05,2012-09,Menoufia Obstetrics and Gynecology Group,OTHER,FEMALE,18 Years,45 Years
NCT02666950,WEE1 Inhibitor AZD1775 With or Without Cytarabine in Treating Patients With Advanced Acute Myeloid Leukemia or Myelodysplastic Syndrome,COMPLETED,PHASE2,INTERVENTIONAL,3.0,2017-05-05,2018-10-17,Mayo Clinic,OTHER,ALL,18 Years,
NCT01760317,Two Different Approaches During Fluoroscopically Guided Interlaminar Lumbar Epidural Steroid Injection,COMPLETED,NA,INTERVENTIONAL,106.0,2010-08,2013-05,Kenneth D Candido,OTHER,ALL,18 Years,80 Years
NCT01921725,The Clinical Application and Efficacy Verification of an Innovative Carbon Fiber Dressing,COMPLETED,NA,INTERVENTIONAL,60.0,2013-05,,"Bio-medical Carbon Technology Co., Ltd.",INDUSTRY,ALL,20 Years,85 Years
NCT02465840,Hand Injury Patients Receiving Different Rehabilitation Programs,COMPLETED,NA,INTERVENTIONAL,11.0,2016-08,2017-12-31,Chang Gung Memorial Hospital,OTHER,ALL,15 Years,70 Years
NCT05201976,Effect of a Virtually Implemented Cardiac Rehabilitation Program,COMPLETED,NA,INTERVENTIONAL,52.0,2021-11-08,2024-10-15,University of Pennsylvania,OTHER,ALL,18 Years,
NCT03651076,Traxi Panniculus Retractor for Cesarean Delivery,TERMINATED,NA,INTERVENTIONAL,142.0,2018-10-02,2025-02-01,Beth Israel Deaconess Medical Center,OTHER,FEMALE,18 Years,50 Years
NCT00916825,Impact of a Rehabilitation Programme for Mothers With Breast Cancer and Their Children,COMPLETED,NA,INTERVENTIONAL,801.0,2009-01,2013-07,Philipps University Marburg,OTHER,FEMALE,,
NCT02839525,The Effect of Nutritional Interventions on Exercise-induced Muscle Damage,COMPLETED,NA,INTERVENTIONAL,2.0,2016-07-26,2017-02-09,Federal University of Health Science of Porto Alegre,OTHER,FEMALE,18 Years,40 Years
NCT07401225,TMS for PTSD in Youth,RECRUITING,NA,INTERVENTIONAL,20.0,2026-05-09,2027-08-31,The University of Texas Health Science Center at San Antonio,OTHER,ALL,12 Years,20 Years
NCT01217476,The TRAfermin in Neuropathic Diabetic Foot Ulcer Study - Northern Europe The TRANS-North Study,COMPLETED,PHASE3,INTERVENTIONAL,207.0,2010-12,2013-03,Olympus Biotech Corporation,INDUSTRY,ALL,18 Years,
NCT06179576,Connect to Baby: A Pilot Study of a Parenting and Coparenting Program,RECRUITING,NA,INTERVENTIONAL,200.0,2023-08-01,2026-03-31,Georgetown University,OTHER,ALL,2 Months,40 Years
NCT05630417,Investigation of the Effect of Geriatric Massage,COMPLETED,NA,INTERVENTIONAL,60.0,2022-03-15,2023-10-30,Bayburt University,OTHER,ALL,65 Years,84 Years
NCT01937117,Pertuzumab and Trastuzumab as Neoadjuvant Treatment in Patients With HER2-Positive Breast Cancer,ACTIVE_NOT_RECRUITING,PHASE2,INTERVENTIONAL,88.0,2014-01-30,2027-06,Sidney Kimmel Comprehensive Cancer Center at Johns Hopkins,OTHER,ALL,18 Years,
NCT02213289,PANGEA-IMBBP: Personalized Antibodies for Gastro-Esophageal Adenocarcinoma - A 1st Pilot Metastatic Trial of Biologics Beyond Progression,COMPLETED,PHASE2,INTERVENTIONAL,80.0,2015-01-20,2020-08-20,University of Chicago,OTHER,ALL,18 Years,
NCT07218289,Green Light for Post-Operative Wellness,RECRUITING,NA,INTERVENTIONAL,60.0,2026-01-14,2026-12-01,"Rebecca E Kotcher, MD",OTHER,ALL,18 Years,
NCT05585489,Individualization of Music-based Cueing During Gait in Parkinson's Disease.,COMPLETED,NA,INTERVENTIONAL,10.0,2021-06-22,2021-09-30,Henri Mondor University Hospital,OTHER,ALL,18 Years,
NCT04335825,Surgical and Refractive Outcomes of Combined Glaucoma Surgery,COMPLETED,NA,INTERVENTIONAL,81.0,2016-01-01,2019-12-30,Medical University of Bialystok,OTHER,ALL,18 Years,
NCT03736889,Tislelizumab (Anti-Programmed Cell Death Protein-1 (PD-1) Antibody) in MSI-H or dMMR Solid Tumors,RECRUITING,PHASE2,INTERVENTIONAL,200.0,2018-09-19,2027-09,BeiGene,INDUSTRY,ALL,18 Years,
NCT02205489,Management Of The Infusion-Associated Reactions In RRMS Patients Treated With LEMTRADA,COMPLETED,PHASE4,INTERVENTIONAL,58.0,2014-10,2016-04,"Genzyme, a Sanofi Company",INDUSTRY,ALL,18 Years,
NCT02455440,Esmolol Infusion in Patients Undergoing Craniotomy,COMPLETED,PHASE3,INTERVENTIONAL,50.0,2014-03,2015-07,George Papanicolaou Hospital,OTHER,ALL,18 Years,75 Years
NCT06254040,Effect of Consuming a Mixture of Extracts and DHA on the Mild Cognitive Impairment,COMPLETED,NA,INTERVENTIONAL,110.0,2022-07-01,2024-09-30,Biosearch S.A.,INDUSTRY,ALL,50 Years,99 Years
NCT07115940,Medical Management With Endovascular Thrombectomy Versus Medical Management Alone in Patients Presenting Beyond 24 Hours of Last Known Well,RECRUITING,NA,INTERVENTIONAL,408.0,2026-04-13,2029-12-01,Amrou Sarraj,OTHER,ALL,18 Years,85 Years
NCT01796340,Cue Exposure Training for Overweight Children,TERMINATED,NA,INTERVENTIONAL,14.0,2014-01,2014-10,Maastricht University Medical Center,OTHER,ALL,12 Years,18 Years
NCT01841840,The Acute Effects of Passive Vibration on Cardiovascular Function in Individuals With Stroke,COMPLETED,NA,INTERVENTIONAL,11.0,2012-01,2012-07,Florida State University,OTHER,ALL,40 Years,80 Years
NCT05406791,Technology Enabled Services to Enhance Depression Care,COMPLETED,NA,INTERVENTIONAL,130.0,2022-06-10,2023-09-30,Northwestern University,OTHER,ALL,13 Years,
NCT01117818,"Clinical- and Immunological Activity, Safety and Tolerability of Different Doses / Formulations of AFFITOPE AD02 in Early Alzheimer's Disease",COMPLETED,PHASE2,INTERVENTIONAL,335.0,2010-09,2013-12,Affiris AG,INDUSTRY,ALL,50 Years,80 Years
NCT02885090,New Genes Involved in Molecular Etiology of Rett Syndrome Through DNA Microarray Comparative Genomic Hybridization,COMPLETED,NA,INTERVENTIONAL,17.0,2010-02,2011-05,"Central Hospital, Nancy, France",OTHER,ALL,,
NCT06639490,Efficacy of RUS GA Surgical Navigation for Robot-assisted Distal Gastrectomy in Gastric Cancer Patients,RECRUITING,NA,INTERVENTIONAL,330.0,2024-12-03,2027-03-22,Yonsei University,OTHER,ALL,20 Years,90 Years
NCT01370590,A Study to Evaluate the Effectiveness of Ezetimibe/Atorvastatin 10 mg/20 mg Combination Tablet Compared to Marketed Ezetimibe 10 mg and Atorvastatin 20 mg Tablets in Participants With High Cholesterol (MK-0653C-185 AM1),COMPLETED,PHASE3,INTERVENTIONAL,406.0,2011-09,2012-04,Organon and Co,INDUSTRY,ALL,18 Years,79 Years
NCT03008590,Low Dose Naltrexone for Chronic Pain From Arthritis,COMPLETED,PHASE2,INTERVENTIONAL,29.0,2018-05-01,2019-12-31,VA Office of Research and Development,FED,ALL,,
NCT03356990,Effects of Resistant Starch Diet on the Gut Microbiome in Chronic Kidney Disease,COMPLETED,NA,INTERVENTIONAL,19.0,2018-02-12,2024-12-31,University of Arkansas,OTHER,ALL,5 Years,85 Years
NCT04625790,Speech Therapy and Repetitive Transcranial Magnetic Stimulation Therapy in Post-stroke Anomic Aphasia,COMPLETED,NA,INTERVENTIONAL,25.0,2020-11-06,2021-11-06,Ege University,OTHER,ALL,40 Years,70 Years
NCT00701597,Effects of Non-Specific Endothelin-A Receptor Blockade on Ocular Blood Flow in Patients With Glaucoma,COMPLETED,PHASE1,INTERVENTIONAL,28.0,2007-04,2007-10,Medical University of Vienna,OTHER,ALL,18 Years,
NCT03022097,Study to Assess Efficacy and Safety of Aclidinium Bromide and Aclidinium Bromide/Formoterol Fumarate in Stabile COPD Patients,COMPLETED,PHASE3,INTERVENTIONAL,1625.0,2017-02-02,2022-04-14,AstraZeneca,INDUSTRY,ALL,40 Years,130 Years
NCT02632110,Microneedle Lesion Preparation Prior to Aminolevulinic Acid Photodynamic Therapy (ALA-PDT) for AK on Face,COMPLETED,PHASE2,INTERVENTIONAL,137.0,2016-03,2016-09-12,"DUSA Pharmaceuticals, Inc.",INDUSTRY,ALL,18 Years,
NCT07003113,Ischemic Preconditioning in Osteoarthritis and Back Pain,RECRUITING,NA,INTERVENTIONAL,24.0,2025-09-12,2026-12-31,University of Illinois at Chicago,OTHER,ALL,50 Years,
NCT05174013,"Safety, Tolerability, Pharmacokinetics and Target Engagement of GSK3858279 in Healthy Caucasian, Chinese and Japanese Participants",COMPLETED,PHASE1,INTERVENTIONAL,33.0,2022-02-14,2023-04-17,GlaxoSmithKline,INDUSTRY,ALL,20 Years,65 Years
NCT00537810,Treatment of Binge Eating in Obese Patients in Primary Care,COMPLETED,PHASE4,INTERVENTIONAL,104.0,2007-09,2012-10,Yale University,OTHER,ALL,18 Years,60 Years
NCT06758713,Safety and Efficacy of Fourth-Generation CAR-T in the Treatment of Hematologic Malignancies,RECRUITING,PHASE1,INTERVENTIONAL,60.0,2025-01-15,2028-12-31,The Third Affiliated Hospital of Southern Medical University,OTHER_GOV,ALL,18 Years,75 Years
NCT07629960,A First-in-Human Trial of BLU-924 (SAR449336) in Advanced Solid Tumors Harboring KRAS Mutations,RECRUITING,PHASE1,INTERVENTIONAL,265.0,2026-06-04,2031-07,Blueprint Medicines Corporation,INDUSTRY,ALL,18 Years,
NCT05822960,To Investigate the Effect of Far-infrared Radiation on Lower Extremity Acupoints on the Blood Circulation of Lower Extremities in Patients With Hemodialysis,COMPLETED,NA,INTERVENTIONAL,32.0,2023-02-20,2023-08-10,National Taiwan University Hospital,OTHER,ALL,25 Years,80 Years
NCT04168060,Crural Dissection in Sleeve Gastrectomy,TERMINATED,NA,INTERVENTIONAL,124.0,2019-11-22,2025-05-28,University of Miami,OTHER,ALL,18 Years,69 Years
NCT00932360,Transcutaneous Electrical Nerve Stimulation (TENS) and Fibromyalgia (FM),COMPLETED,NA,INTERVENTIONAL,43.0,2009-06,2012-06,Dana Dailey,OTHER,ALL,18 Years,90 Years
NCT03589560,Evaluation of Biodentine and Mineral Trioxide Aggregate in Revascularization of Non Vital Immature Anterior Teeth,COMPLETED,NA,INTERVENTIONAL,26.0,2015-01-15,2018-01-15,Cairo University,OTHER,ALL,8 Years,15 Years
NCT03365960,"Bioavailability and Pharmacokinetic Parameters of Watermelon (Rind, Flesh and Seeds) Polyphenols",COMPLETED,NA,INTERVENTIONAL,6.0,2018-01-15,2019-04-02,"Clinical Nutrition Research Center, Illinois Institute of Technology",INDUSTRY,ALL,20 Years,45 Years
NCT01060020,Acute Hemodynamic Effects of Sildenafil in Patients With Severe Aortic Stenosis,COMPLETED,PHASE4,INTERVENTIONAL,20.0,2010-01,2011-10,Washington University School of Medicine,OTHER,ALL,18 Years,
NCT01669720,Adjuvant Aflibercept for Metastatic Colorectal Cancer,TERMINATED,PHASE2,INTERVENTIONAL,10.0,2012-12,2016-01,Brown University,OTHER,ALL,18 Years,
NCT03316820,Bioavailability Study of K0706 in Healthy Subjects,COMPLETED,PHASE1,INTERVENTIONAL,24.0,2017-10-28,2017-11-21,Sun Pharma Advanced Research Company Limited,INDUSTRY,ALL,18 Years,55 Years
NCT06382220,Low Dose Bupivacaine Versus Prilocaine Regarding Hemodynamic Stability and Safety in Geriatrics,COMPLETED,PHASE1,INTERVENTIONAL,100.0,2024-04-23,2024-08-15,Fayoum University Hospital,OTHER,ALL,60 Years,90 Years
NCT07586020,Core Endurance and Throw Performance in Young Judokas,COMPLETED,NA,INTERVENTIONAL,20.0,2026-02-15,2026-05-15,Inonu University,OTHER,MALE,10 Years,13 Years
NCT01820520,Safety and Efficacy of Double Staining With Brilliant Blue G for Macular Surgery,TERMINATED,PHASE3,INTERVENTIONAL,22.0,2013-01,2014-02,Asociación para Evitar la Ceguera en México,OTHER,ALL,18 Years,90 Years
NCT02529020,Jaw Clenching on Anaerobic Ability and Ventilatory Flows,COMPLETED,NA,INTERVENTIONAL,30.0,2014-05,2015-08,University Ramon Llull,OTHER,MALE,19 Years,30 Years
NCT04742920,The Onyx™ Trial For The Embolization Of The Middle Meningeal Artery For Chronic Subdural Hematoma,TERMINATED,NA,INTERVENTIONAL,247.0,2021-10-12,2025-05-28,"University Hospital, Montpellier",OTHER,ALL,18 Years,115 Years
NCT03584282,Interventions to Improve the HIV PrEP Cascade Among Methamphetamine Users,COMPLETED,NA,INTERVENTIONAL,21.0,2018-07-11,2022-06-30,University of Washington,OTHER,ALL,18 Years,
NCT00401024,Tumor Tissue Analysis in Patients Receiving Imatinib Mesylate for Malignant Glioma,COMPLETED,PHASE1,INTERVENTIONAL,3.0,2006-10-12,2008-11-11,Sidney Kimmel Comprehensive Cancer Center at Johns Hopkins,OTHER,ALL,18 Years,120 Years
NCT04824820,Improving Female Sexual Wellness,COMPLETED,NA,INTERVENTIONAL,86.0,2021-04-10,2023-04-05,Cedars-Sinai Medical Center,OTHER,FEMALE,18 Years,99 Years
NCT02700282,Backpack Carrying in Children With Cystic Fibrosis,COMPLETED,PHASE4,INTERVENTIONAL,27.0,2016-03,2016-11,Groupe Hospitalier du Havre,OTHER,ALL,10 Years,18 Years
NCT06415682,The Efficacy and Mechanism of SMA+M1 Repetitive Transcranial Magnetic Stimulation on Freezing of Gait in PD,COMPLETED,NA,INTERVENTIONAL,64.0,2024-10-08,2025-03-31,The First Affiliated Hospital with Nanjing Medical University,OTHER,ALL,40 Years,80 Years
NCT01544920,Safety and Efficacy of Boceprevir/Peginterferon Alfa-2a/Ribavirin in Interleukin-28B CC Allele-Positive Chronic Hepatitis C Virus (HCV) Genotype 1 Participants (P07755),COMPLETED,PHASE3,INTERVENTIONAL,737.0,2012-05-30,2015-05-19,Merck Sharp & Dohme LLC,INDUSTRY,ALL,18 Years,
NCT00799682,Exploratory Study Comparing Signs and Symptoms in Patients With Ocular Hypertension or Glaucoma Using Xalatan R® or Travatan Z®,COMPLETED,PHASE4,INTERVENTIONAL,56.0,2008-10,2011-02,Ophthalmic Consultants of Long Island,OTHER,ALL,18 Years,
NCT03428282,Pain and Anxiety Control During Traditional Mandibular Anesthesia in Children Using Distracting Tools,COMPLETED,NA,INTERVENTIONAL,102.0,2017-05-15,2018-07-15,Damascus University,OTHER,ALL,6 Years,10 Years
NCT02654782,Lactated Ringer's Versus 5% Human Albumin: Cardiac Surgical Patients,TERMINATED,PHASE2,INTERVENTIONAL,10.0,2016-01,2017-10-09,William C. Oliver,OTHER,ALL,18 Years,99 Years
NCT00522782,Effect of Budesonide on Exhaled Nitric Oxide in Asthmatic Children,COMPLETED,PHASE4,INTERVENTIONAL,16.0,2007-08,2009-01,AAADRS Clinical Research Center,OTHER,ALL,4 Years,6 Years
NCT02925624,CLOSE to CURE Study,COMPLETED,NA,INTERVENTIONAL,105.0,2015-12,2021-03-31,AZ Sint-Jan AV,OTHER,ALL,18 Years,
NCT01710423,Peer-mentored Cooking Classes for Parents of Toddlers: Do Families Cook More and Eat Healthier After the Intervention?,COMPLETED,NA,INTERVENTIONAL,47.0,2012-11,2013-11,Children's Hospital of Philadelphia,OTHER,ALL,,
NCT00514423,How Can Rehospitalisations of Patients With Schizophrenia be Avoided? A Comparison Between Different Compliance Programs,COMPLETED,NA,INTERVENTIONAL,896.0,2006-09,2011-12,Technical University of Munich,OTHER,ALL,18 Years,67 Years
NCT01367223,Modulation of Systemic Inflammatory Response in Critically Ill Children After Glutamine Supplementation,COMPLETED,PHASE4,INTERVENTIONAL,101.0,2010-04,2013-05,Hospital Sant Joan de Deu,OTHER,ALL,1 Month,14 Years
NCT03874923,Comparison of 250 ml Versus 500 ml of Fluid Challenge,COMPLETED,NA,INTERVENTIONAL,24.0,2019-03-01,2023-08-30,"Centre Hospitalier Universitaire, Amiens",OTHER,ALL,18 Years,
NCT05341323,Peri Tonsillar Infiltration of Ketamine or Bupivacaine for Post Tonsillectomy Analgesia,COMPLETED,PHASE4,INTERVENTIONAL,80.0,2022-04-02,2022-07-02,Sohag University,OTHER,ALL,3 Years,20 Years
NCT04255459,Post-Market Surveillance of Tobacco Products,COMPLETED,NA,INTERVENTIONAL,320.0,2010-02-13,2010-08-14,RAI Services Company,INDUSTRY,ALL,19 Years,
NCT00577759,Community and Clinician Partnership for Prevention,COMPLETED,NA,INTERVENTIONAL,9.0,2008-02,2008-11,Duke University,OTHER,ALL,18 Years,
NCT02044159,Steroid Use in Pediatric Fluid and Vasoactive Infusion Dependent Shock - Pilot Study,COMPLETED,PHASE4,INTERVENTIONAL,57.0,2014-07,2016-04,Children's Hospital of Eastern Ontario,OTHER,ALL,1 Day,17 Years
NCT02215759,"Safety, Tolerability and Pharmacokinetics of Multiple Rising Oral Doses of BI 44370 TA Tablets in Healthy Male and Female Volunteers",COMPLETED,PHASE1,INTERVENTIONAL,34.0,2009-01,,Boehringer Ingelheim,INDUSTRY,ALL,21 Years,50 Years
NCT00623259,Phase I Safety Study of a Recombinant MVA HIV Multiantigen Vaccine in HIV-infected Subjects,COMPLETED,PHASE1,INTERVENTIONAL,15.0,2008-05,2009-04,Bavarian Nordic,INDUSTRY,ALL,18 Years,55 Years
NCT07716059,Legume Flour Particle Size and Metabolic Responses to Bread,RECRUITING,NA,INTERVENTIONAL,35.0,2025-09-29,2026-11-30,Harokopio University,OTHER,ALL,18 Years,75 Years
NCT01903759,Kinetics of Inflammation Markers in Maternal Plasma: Study of the Correlation With the Diagnosis of Chorioamnionitis in Women Hospitalized for Spontaneous Rupture of the Fetal Membranes,TERMINATED,NA,INTERVENTIONAL,97.0,2007-09,2010-05,Centre Hospitalier Universitaire Dijon,OTHER,FEMALE,18 Years,50 Years
NCT05727280,"The Effect of Progressive Relaxation Exercise on Pain Level, Sleep Quality and Analgesic Consumption",COMPLETED,NA,INTERVENTIONAL,60.0,2023-01-23,2024-04-05,Suleyman Demirel University,OTHER,ALL,30 Years,85 Years
NCT05157880,Building Resiliency in Dyads of Patients With an ANI Admitted to the Neuro-ICU and Their Informal Caregivers,ACTIVE_NOT_RECRUITING,NA,INTERVENTIONAL,388.0,2021-12-10,2026-10-01,Massachusetts General Hospital,OTHER,ALL,18 Years,
NCT07473180,Effects of Qigong Therapy in MS Patients,ACTIVE_NOT_RECRUITING,NA,INTERVENTIONAL,36.0,2025-12-01,2026-05-15,Baskent University,OTHER,ALL,18 Years,65 Years
NCT01503580,"Studies of Psychiatric Predisposing Factors, Treatment-related Cardiovascular Effects, and Prognostic Factors Associated With Antimuscarinic Drug (Tolterodine) for Female Overactive Bladder Syndrome",COMPLETED,NA,INTERVENTIONAL,155.0,2008-08,2013-10,National Taiwan University Hospital,OTHER,FEMALE,18 Years,
NCT00750880,An Exploratory Study of Tocilizumab in Patients With Active Rheumatoid Arthritis (RA) and an Inadequate Response to Current Non-Biologic DMARDs and/or Anti-TNF Therapy.,COMPLETED,PHASE3,INTERVENTIONAL,1681.0,2008-09,2011-07,Hoffmann-La Roche,INDUSTRY,ALL,18 Years,
NCT02214979,Bioequivalence of Telmisartan / Ramipril Fixed Dose Combination Compared With the Monocomponents Given Concomitantly to Healthy Male and Female Volunteers,COMPLETED,PHASE1,INTERVENTIONAL,84.0,2007-03,,Boehringer Ingelheim,INDUSTRY,ALL,18 Years,55 Years
NCT07041879,Piezotome Atraumatic Tooth Extraction And Immediate Implant Placement In Maxillary Anterior Region,ACTIVE_NOT_RECRUITING,NA,INTERVENTIONAL,30.0,2024-10-01,2026-03-30,Alexandria University,OTHER,ALL,18 Years,
NCT02477579,"A Prospective, Multi-Center, Pivotal Study to Evaluate the Safety and Effectiveness of the NovaCross™ Micro-catheter in Facilitating Crossing Chronic Total Occlusion (CTO) Coronary Lesions",COMPLETED,NA,INTERVENTIONAL,145.0,2015-05-17,2017-08-10,Nitiloop Ltd.,INDUSTRY,ALL,18 Years,80 Years
NCT03516279,"Pembrolizumab and Dasatinib, Imatinib Mesylate, or Nilotinib in Treating Patients With Chronic Myeloid Leukemia and Persistently Detectable Minimal Residual Disease",ACTIVE_NOT_RECRUITING,PHASE2,INTERVENTIONAL,40.0,2019-06-26,2031-08-31,ECOG-ACRIN Cancer Research Group,NETWORK,ALL,18 Years,
NCT02643979,Ketamine and Propofol Combination Versus Propofol for Upper Gastrointestinal Endoscopy,TERMINATED,PHASE4,INTERVENTIONAL,22.0,2016-01-01,2019-01-05,Icahn School of Medicine at Mount Sinai,OTHER,ALL,18 Years,
NCT04198779,"Interest of the Smartphone Application ""MonCœur"" in the Follow-up of Patients With Heart Failure",TERMINATED,NA,INTERVENTIONAL,125.0,2020-02-12,2023-11-27,French Cardiology Society,OTHER,ALL,18 Years,
NCT00171379,"Clinical Study to Evaluate the Tolerability, Safety and Efficacy of Enteric-coated Mycophenolate Sodium After Equimolar Conversion From Mycophenolate Mofetil (MMF) in Patients With Renal Transplant",COMPLETED,PHASE3,INTERVENTIONAL,162.0,2004-03,2005-06,Novartis,INDUSTRY,ALL,18 Years,
NCT01256879,Cimetidine Biowaivers,COMPLETED,PHASE4,INTERVENTIONAL,25.0,2011-03,2014-05,"University of Maryland, Baltimore",OTHER,ALL,18 Years,55 Years
NCT05009979,18F-DCFPyL PET/CT in Hepatocellular Carcinoma,TERMINATED,PHASE2,INTERVENTIONAL,8.0,2023-01-18,2024-11-20,National Cancer Institute (NCI),NIH,ALL,18 Years,
NCT03153579,LSD Treatment in Persons Suffering From Anxiety Symptoms in Severe Somatic Diseases or in Psychiatric Anxiety Disorders,COMPLETED,PHASE2,INTERVENTIONAL,46.0,2017-06-23,2021-12-15,"University Hospital, Basel, Switzerland",OTHER,ALL,25 Years,
NCT03797079,Erector Spinae Plane Block Versus Thoracic Epidural Block for Chest Trauma,COMPLETED,NA,INTERVENTIONAL,50.0,2019-01-20,2020-04-20,Sameh Fathy,OTHER,ALL,18 Years,65 Years
NCT05334979,Oxalate and Citrate,RECRUITING,NA,INTERVENTIONAL,50.0,2022-10-27,2026-12-01,University of Chicago,OTHER,ALL,18 Years,70 Years
NCT01529879,Assessment of the Effect of an Implant System With a Novel Abutment Attachment Design on Crestal Bone Preservation,COMPLETED,NA,INTERVENTIONAL,49.0,2011-08,2016-12,ZimVie,INDUSTRY,ALL,18 Years,
NCT01788059,The Efficacy of Mesenchymal Stem Cells for Stimulate the Union in Treatment of Non-united Tibial and Femoral Fractures in Shahid Kamyab Hospital,COMPLETED,PHASE2,INTERVENTIONAL,19.0,2013-01,2013-11,Emdadi Kamyab Hospital,OTHER,ALL,18 Years,60 Years
NCT00319059,The Influence of the 34C>T Variant in the AMPD1 Gene Ischemic Tolerance,COMPLETED,NA,INTERVENTIONAL,14.0,2006-03,2006-04,Radboud University Medical Center,OTHER,MALE,18 Years,40 Years
NCT02785159,Safety and Efficacy of IDP-118 Lotion in the Treatment of Plaque Psoriasis,COMPLETED,PHASE2,INTERVENTIONAL,152.0,2016-02,2016-12,"Bausch Health Americas, Inc.",INDUSTRY,ALL,18 Years,
NCT01920659,METAPREDICT: Developing Predictors of the Health Benefits of Exercise for Individuals,COMPLETED,NA,INTERVENTIONAL,188.0,2012-04,2014-10,Loughborough University,OTHER,ALL,18 Years,55 Years
NCT02466659,Controlled Intermittent Alternate Occlusion (CIAO) Therapy for Intermittent Exotropia,TERMINATED,NA,INTERVENTIONAL,8.0,2015-02-01,2016-12-01,Indiana University,OTHER,ALL,3 Years,11 Years
NCT06625580,Ultrasound-Guided Serratus and Transversus Thoracic Muscle Plane Block Vs. Erector Spinae Plane Block for Acute Poststernotomy Pain,COMPLETED,NA,INTERVENTIONAL,60.0,2023-09-01,2024-07-01,Ataturk University,OTHER,ALL,18 Years,75 Years
NCT05053880,A Study to Evaluate Safety and Efficacy of ACT001 and Anti-PD-1 in Patients With Surgically Accessible Recurrent Glioblastoma Multiforme,ACTIVE_NOT_RECRUITING,PHASE1,INTERVENTIONAL,48.0,2021-09-22,2026-12-31,Accendatech USA Inc.,INDUSTRY,ALL,18 Years,
NCT02516280,Effects of Gaseous Cryotherapy on Knee ROM After TKA: A Feasibility Study,COMPLETED,NA,INTERVENTIONAL,65.0,2012-01,2012-10,Centre Hospitalier de Verdun,OTHER,ALL,35 Years,79 Years
NCT05620680,CD7 CAR-T Cells in T-cell Lymphoma/Leukemia,RECRUITING,NA,INTERVENTIONAL,20.0,2022-10-01,2028-10-31,Shenzhen University General Hospital,OTHER,ALL,18 Years,75 Years
NCT03618979,A Trial Comparing Three Orthobiologic Therapies on Atrophied Multifidus Muscles in Patients With Low Back Pain,TERMINATED,NA,INTERVENTIONAL,8.0,2019-05-02,2022-06-29,"Regenexx, LLC",INDUSTRY,ALL,18 Years,75 Years
NCT01382979,Evaluation of AlcoholEdu for College,COMPLETED,NA,INTERVENTIONAL,9571.0,2007-07,2011-04,Pacific Institute for Research and Evaluation,OTHER,ALL,18 Years,
NCT02108379,Compliance and Usability Study Evaluating RHINIX™ Nasal Filters,COMPLETED,NA,INTERVENTIONAL,1073.0,2014-05,2014-07,University of Aarhus,OTHER,ALL,18 Years,65 Years
NCT07541196,PAW-Hydrogel for Chronic Wound Healing,RECRUITING,NA,INTERVENTIONAL,50.0,2026-04-20,2027-07-30,Benjamín Gonzalo Rodríguez Méndez,OTHER,ALL,18 Years,
NCT07138196,A Study to Evaluate Adrixetinib (Q702) in Adults With Active Chronic Graft-Versus-Host Disease,RECRUITING,PHASE1,INTERVENTIONAL,18.0,2025-12-23,2029-10-31,"Qurient Co., Ltd.",INDUSTRY,ALL,18 Years,
NCT01461096,Quadrivalent HPV Vaccine to Prevent Anal HPV in HIV-infected Men and Women,COMPLETED,PHASE3,INTERVENTIONAL,575.0,2012-03,2016-01,National Institute of Allergy and Infectious Diseases (NIAID),NIH,ALL,27 Years,
NCT05119296,Phase II Trial of Pembrolizumab in Metastatic or Locally Advanced Anaplastic/Undifferentiated Thyroid Cancer,ACTIVE_NOT_RECRUITING,PHASE2,INTERVENTIONAL,12.0,2022-02-15,2026-09-01,Stanford University,OTHER,ALL,18 Years,
NCT01022996,Study of RAD001 in Patients With Relapsed/Refractory Hodgkin Lymphoma That Has Progressed After High-dose Chemotherapy and Autologous Stem Cell Transplant and/or After Gemcitabine- or Vinorelbine- or Vinblastine-based Treatment.,COMPLETED,PHASE2,INTERVENTIONAL,57.0,2009-12,2014-11,Novartis Pharmaceuticals,INDUSTRY,ALL,18 Years,
NCT05978362,Value of Capsular Repair for Latarjet,RECRUITING,NA,INTERVENTIONAL,86.0,2023-10-11,2037-12,GCS Ramsay Santé pour l'Enseignement et la Recherche,OTHER,ALL,18 Years,
NCT04765488,WashIn /WashOut Procedure To Prevent Agitation During Recovery After Inhalational Anesthesia With Sevoflurane,ACTIVE_NOT_RECRUITING,NA,INTERVENTIONAL,200.0,2021-03-10,2026-02-25,I.M. Sechenov First Moscow State Medical University,OTHER,ALL,18 Years,
NCT06565988,A Post-market-clinical Follow-up Investigation of Safety and Performance by Decoria® Voluma,COMPLETED,NA,INTERVENTIONAL,111.0,2024-09-02,2025-09-26,Bohus Biotech AB,INDUSTRY,ALL,18 Years,
NCT07097688,Regenerative Endodontic Treatment Using Sodium Hexametaphosphate (SHMP) For Necrotic Immature Permanent Anterior Teeth,ACTIVE_NOT_RECRUITING,PHASE1,INTERVENTIONAL,60.0,2025-06-29,2026-04-01,Ahmad Elheeny,OTHER,ALL,7 Years,11 Years
NCT07087262,A Phase I Study of SNH-119014 in Healthy Volunteers,RECRUITING,PHASE1,INTERVENTIONAL,96.0,2025-06-27,2026-03-28,"ScinnoHub Pharmaceutical Co., Ltd.",INDUSTRY,ALL,18 Years,45 Years
NCT06906562,"A Phase II Nationwide, Fully Decentralized, Telemedicine Study of Pemigatinib in Adult Patients With Advanced or Metastatic Pancreatic Cancer With FGFR Genetic Alterations",RECRUITING,PHASE2,INTERVENTIONAL,40.0,2025-08-26,2028-12-31,Sameek Roychowdhury,OTHER,ALL,18 Years,
NCT03555162,Study of the Cerebral Bases of Tool Use and Tool Evolution,COMPLETED,NA,INTERVENTIONAL,70.0,2018-11-14,2019-07-04,Hospices Civils de Lyon,OTHER,ALL,18 Years,65 Years
NCT04155762,Effects of Pin and Vacuum Assisted Suspension Systems,COMPLETED,NA,INTERVENTIONAL,9.0,2015-02-01,2019-02-01,Baskent University,OTHER,ALL,18 Years,65 Years
NCT02367846,Assessing the Impact of Contraceptives on Bone Health Using 41Ca,ACTIVE_NOT_RECRUITING,PHASE4,INTERVENTIONAL,6.0,2015-01,2028-12,Penn State University,OTHER,FEMALE,18 Years,25 Years
NCT00983346,Effect of Low Dose Bortezomib on Bone Formation in Smoldering Myeloma Patients,TERMINATED,PHASE2,INTERVENTIONAL,17.0,2009-10,2014-09,University of Utah,OTHER,ALL,18 Years,
NCT06627946,Ultrasound-guided Transversus Abdominis Plane Block Versus Local Wound Infiltration (TAP_WI),COMPLETED,NA,INTERVENTIONAL,100.0,2023-01-01,2023-12-31,"Ministry of Health, Bhutan",OTHER_GOV,FEMALE,,
NCT05015946,Handball-based Exercise and Type 2 Diabetes,COMPLETED,NA,INTERVENTIONAL,10.0,2021-09-01,2021-12-20,University College of Northern Denmark,OTHER,ALL,30 Years,
NCT02616146,Efficacy and Safety of Etonogestrel + 17β-Estradiol Vaginal Ring and Levonorgestrel-Ethinyl Estradiol Combined Oral Contraceptive in Adult Women at Risk for Pregnancy (MK-8342B-062),TERMINATED,PHASE3,INTERVENTIONAL,2016.0,2015-12-01,2016-10-06,Organon and Co,INDUSTRY,FEMALE,18 Years,
NCT00004446,Study of Fluoxetine in Patients With Depersonalization Disorder,COMPLETED,NA,INTERVENTIONAL,80.0,1998-04,,National Institute of Mental Health (NIMH),NIH,ALL,18 Years,65 Years
NCT02292446,Expanded Treatment Protocol (ETP) of Ruxolitinib in Patients With Polycythemia Vera Who Were Hydroxyurea Resistant or Intolerant and for Whom no Treatment Alternatives Was Available.,COMPLETED,PHASE3,INTERVENTIONAL,161.0,2014-11-21,2017-12-29,Novartis Pharmaceuticals,INDUSTRY,ALL,18 Years,
NCT01979003,Efficacy of Fluorescein Visualization of the Uterus in Detecting Endometrial Cancer Invasion,COMPLETED,EARLY_PHASE1,INTERVENTIONAL,100.0,2014-09,2021-06-30,University of Arkansas,OTHER,FEMALE,18 Years,
NCT06354803,Effect of Pezzi Ball on Balance in Pregnant Women,COMPLETED,PHASE2,INTERVENTIONAL,45.0,2023-03-02,2024-03-03,Kafrelsheikh University,OTHER,FEMALE,25 Years,30 Years
NCT03141203,Evaluation of the Combination of Romidepsin and Carfilzomib in Relapsed/Refractory Peripheral T Cell Lymphoma Patients,COMPLETED,PHASE1,INTERVENTIONAL,50.0,2015-07-13,2021-09-23,University of Birmingham,OTHER,ALL,16 Years,
NCT00209703,Feasibility Study of mFOLFOX6 in Patients With Advanced Colorectal Cancer,TERMINATED,PHASE2,INTERVENTIONAL,30.0,2005-01,2007-06,Hokkaido Gastrointestinal Cancer Study Group,OTHER,ALL,15 Years,75 Years
NCT06919003,Improving Deceased-Donor Kidney Transplant Outcomes Via a Single Intragraft Injection of C1 Esterase Inhibitor (IMPROVE TRIAL),RECRUITING,PHASE2,INTERVENTIONAL,180.0,2025-09-22,2032-05-30,National Institute of Allergy and Infectious Diseases (NIAID),NIH,ALL,18 Years,75 Years
NCT03064503,"Myocardial Fibrosis, Function and Aging",COMPLETED,NA,INTERVENTIONAL,74.0,2017-02-20,2023-12-05,Hospices Civils de Lyon,OTHER,ALL,18 Years,
NCT06304103,A Study of Efficacy and Safety of AND017 in Patients With Myelodysplastic Syndrome,RECRUITING,PHASE2,INTERVENTIONAL,63.0,2025-03-14,2027-05,Kind Pharmaceuticals LLC,INDUSTRY,ALL,18 Years,75 Years
NCT00892203,Efficacy and Safety of BGG492 in the Treatment of Migraine,COMPLETED,PHASE2,INTERVENTIONAL,75.0,2009-04,2010-08,Novartis,INDUSTRY,ALL,18 Years,60 Years
NCT06804603,A Study to Measure the Effects of Using Tradipitant on Nausea and Vomiting After GLP-1R Agonist Use,COMPLETED,PHASE2,INTERVENTIONAL,124.0,2025-02-25,2025-10-06,Vanda Pharmaceuticals,INDUSTRY,ALL,18 Years,65 Years
NCT06796803,Camrelizumab Combined With Rivoceranib and Hepatic Arterial Infusion Chemotherapy (HAIC) as Conversion Therapy for Potentially Resectable Hepatocellular Carcinoma(HCC),RECRUITING,PHASE2,INTERVENTIONAL,398.0,2025-02-20,2030-02-28,Shanghai Zhongshan Hospital,OTHER,ALL,18 Years,75 Years
NCT01353703,Immunogenicity and Safety Study in Infants of GlaxoSmithKline Biologicals' Infanrix Hexa™ (DTPa-HBV-IPV/Hib) Vaccine,COMPLETED,PHASE3,INTERVENTIONAL,224.0,2012-04-16,2013-02-25,GlaxoSmithKline,INDUSTRY,ALL,6 Weeks,10 Weeks
NCT00654927,"Open-Label Extension Study to Evaluate the Safety, Tolerability and Activity of Oral Fampridine-SR in Patients With Multiple Sclerosis",COMPLETED,PHASE3,INTERVENTIONAL,177.0,2003-11,2011-04,Acorda Therapeutics,INDUSTRY,ALL,18 Years,70 Years
NCT01116427,A Cooperative Clinical Study of Abatacept in Multiple Sclerosis,COMPLETED,PHASE2,INTERVENTIONAL,65.0,2010-09,2015-02,National Institute of Allergy and Infectious Diseases (NIAID),NIH,ALL,18 Years,65 Years
NCT01554527,Continuous Positive Airway Pressure (CPAP) After Adenotonsillectomy in Children,COMPLETED,NA,INTERVENTIONAL,120.0,2012-03,2017-10-29,University of Michigan,OTHER,ALL,5 Years,12 Years
NCT02258061,Optimal Cardiac Resynchronization Therapy Pacing Rate,COMPLETED,EARLY_PHASE1,INTERVENTIONAL,15.0,2011-08,2013-06,"Rigshospitalet, Denmark",OTHER,ALL,18 Years,
NCT01901861,Effect of the DPP-4 Inhibitor Sitagliptin on Islet Function After Mixed Meal in Patients With Type 2 Diabetes,COMPLETED,NA,INTERVENTIONAL,12.0,2013-07,2015-12,Lund University,OTHER,MALE,20 Years,75 Years
NCT00287261,A Trial of Zoledronic Acid in Patients With Myelofibrosis With Myeloid Metaplasia (MMM),COMPLETED,PHASE2,INTERVENTIONAL,17.0,2006-02,2008-03,Universitaire Ziekenhuizen KU Leuven,OTHER,ALL,18 Years,
NCT06657261,Comparison of the Analgesic Efficacy of Chest Wall Blocks in Coronary Artery Bypass Surgery,COMPLETED,NA,INTERVENTIONAL,60.0,2024-05-01,2024-12-01,Ankara City Hospital Bilkent,OTHER,ALL,18 Years,80 Years
NCT01208961,"Epanova® Compared to Lovaza® In a Pharmacokinetic, Single-dose, Evaluation",COMPLETED,PHASE2,INTERVENTIONAL,54.0,2010-09,2010-11,AstraZeneca,INDUSTRY,ALL,18 Years,
NCT07190742,"A Multicenter, Randomized, Double-Blind, Placebo-Controlled Phase II Clinical Trial to Evaluate the Efficacy and Safety of TVAX-008 Injection in Treated Patients With Chronic Hepatitis B",ACTIVE_NOT_RECRUITING,PHASE2,INTERVENTIONAL,80.0,2023-06-01,2026-05-01,"Grand Theravac Life Sciences (Nanjing) Co., Ltd.",INDUSTRY,ALL,18 Years,65 Years
NCT01475942,Probiotic Intervention With Elderly Subjects,COMPLETED,PHASE2,INTERVENTIONAL,104.0,2011-01,2013-06,Danisco,INDUSTRY,ALL,65 Years,
NCT01075542,Astigmatism Management in Cataract Surgery With the AcrySof Toric Intraocular Lens,COMPLETED,NA,INTERVENTIONAL,86.0,2010-02,2012-11,Maastricht University Medical Center,OTHER,ALL,21 Years,
NCT07705542,Balloon Inflation in Biofeedback,RECRUITING,NA,INTERVENTIONAL,10.0,2026-05-13,2026-07,Hull University Teaching Hospitals NHS Trust,OTHER_GOV,ALL,18 Years,
NCT01106261,A Randomised Trial of Pulmonary Metastasectomy in Colorectal Cancer,COMPLETED,NA,INTERVENTIONAL,93.0,2010-12-02,2020-02-29,"University College, London",OTHER,ALL,16 Years,
NCT01537861,"Filgrastim in Treating Patients With Bortezomib-, Carfilzomib-, or IMID-Refractory Multiple Myeloma",TERMINATED,EARLY_PHASE1,INTERVENTIONAL,7.0,2012-06,2014-12,Washington University School of Medicine,OTHER,ALL,18 Years,
NCT00062842,Study of Irinotecan on a Weekly Schedule in Children,COMPLETED,PHASE1,INTERVENTIONAL,23.0,1998-09-09,2006-09-12,Baylor College of Medicine,OTHER,ALL,1 Year,21 Years
NCT04884386,Effects of WALKBOT-G Robot-assisted Gait Training on Anticipatory Posture Adjustment Function and Balance With Cerebral Palsy,COMPLETED,NA,INTERVENTIONAL,22.0,2021-06-12,2021-09-30,Sahmyook University,OTHER,ALL,6 Years,12 Years
NCT03602586,Testing Whether the Combination of Two Immunotherapy Drugs Have Activity in Recurrent or Persistent Clear Cell Ovarian Cancer,COMPLETED,PHASE2,INTERVENTIONAL,14.0,2018-12-21,2024-03-27,National Cancer Institute (NCI),NIH,FEMALE,18 Years,
NCT06627270,Antibiotic Treatment Effects on Intratumoral Bacteria Modulation in Surgical Patients With Oral Cancer,RECRUITING,PHASE2,INTERVENTIONAL,30.0,2025-07-22,2027-10-01,Case Comprehensive Cancer Center,OTHER,ALL,18 Years,
NCT02842073,An Open Label Trial of Bupropion and Naltrexone for Binge Drinking,COMPLETED,PHASE2,INTERVENTIONAL,12.0,2016-11-01,2017-12-13,"University of North Carolina, Chapel Hill",OTHER,ALL,21 Years,34 Years
NCT06994273,Analgesic and Sedative Effect of Fentanyl Versus Dexmedetomidine Infusion in Post-Operative Mechanically Ventilated Children After Open Abdominal Surgeries,COMPLETED,NA,INTERVENTIONAL,54.0,2023-04-01,2024-10-01,Tanta University,OTHER,ALL,4 Years,11 Years
NCT07368673,Comparative Effectiveness of Ruxolitinib Monotherapy Versus Its Combination With Tacrolimus and Corticosteroids in the Management of Vitiligo: A Randomized Controlled Trial,COMPLETED,PHASE4,INTERVENTIONAL,120.0,2025-04-06,2026-01-05,Dow University of Health Sciences,OTHER,ALL,18 Years,65 Years
NCT07754370,Levothyroxine Dosing in Neonatal Congenital Hypothyroidism,COMPLETED,PHASE4,INTERVENTIONAL,101.0,2025-11-02,2026-07-20,Menoufia University,OTHER,ALL,0 Days,28 Days
NCT00844870,Exploring New Approaches in Reaching Behavior Post Stroke,COMPLETED,NA,INTERVENTIONAL,24.0,2007-04,2008-09,University of the Sciences in Philadelphia,OTHER,ALL,,
NCT02560870,Compare the Efficacy of Aloe Vera Mouthwash With Non- Alcoholic Chlorhexidine Mouthwash on Periodontal Diseases,COMPLETED,PHASE2,INTERVENTIONAL,32.0,2014-03,2015-05,"Islamic Azad University, Sanandaj",OTHER,,,
NCT01551069,Multicenter Study Assessing the Efficacy & Safety of Hydroxychloroquine Sulfate in Patients With Systemic Lupus Erythematosus or Cutaneous Lupus Erythematosus With Active Lupus Erythematosus Specific Skin Lesion,COMPLETED,PHASE3,INTERVENTIONAL,103.0,2012-03,2014-04,Sanofi,INDUSTRY,ALL,18 Years,
NCT07007169,Mediterranean Diet and Inequality in Early Breast Cancer,RECRUITING,PHASE2,INTERVENTIONAL,105.0,2025-03-27,2036-03,Esbjerg Hospital - University Hospital of Southern Denmark,OTHER,ALL,18 Years,
NCT07603973,Effect of an Information- and Self-management App for People With Knee Osteoarthritis,RECRUITING,NA,INTERVENTIONAL,204.0,2025-10-30,2035-12-31,Diakonhjemmet Hospital,OTHER,ALL,50 Years,
NCT05062369,Tdcs And cogNitive traininG cOmbined for AUD (TANGO),RECRUITING,NA,INTERVENTIONAL,40.0,2022-03-03,2027-09-30,University of Minnesota,OTHER,ALL,18 Years,65 Years
NCT00180583,Vision II: Evaluation of GALILEO Intravascular Radiotherapy System,COMPLETED,PHASE4,INTERVENTIONAL,268.0,2002-02,2005-07,Abbott Medical Devices,INDUSTRY,ALL,18 Years,
NCT06656273,Habit Building Software Application to Increase Engagement of Vulnerable Populations in the National Diabetes Prevention Program (NDPP) Lifestyle Change Program (LCP),COMPLETED,NA,INTERVENTIONAL,450.0,2021-02-01,2022-10-12,The Institute for Iterative Thinking,INDUSTRY,ALL,18 Years,
NCT01644773,Study of the Combination of Crizotinib and Dasatinib in Pediatric Research Participants With Diffuse Pontine Glioma (DIPG) and High-Grade Glioma (HGG),COMPLETED,PHASE1,INTERVENTIONAL,36.0,2012-11-27,2018-09-28,St. Jude Children's Research Hospital,OTHER,ALL,2 Years,21 Years
NCT07681973,Cognitive and Immunologic Profiles of Patients With Olfactory Dysfunction After Smell Training,RECRUITING,NA,INTERVENTIONAL,52.0,2025-12-09,2027-03-31,The Cleveland Clinic,OTHER,ALL,18 Years,
NCT02883673,Safety and Effectiveness of the Jada System in Treating Primary Postpartum Hemorrhage,COMPLETED,NA,INTERVENTIONAL,107.0,2017-09-17,2020-03-25,Alydia Health,INDUSTRY,FEMALE,18 Years,
NCT06245369,SWITCH Diets Study: Self-monitoring With Internet Technology to Choose Healthy Diets,COMPLETED,NA,INTERVENTIONAL,106.0,2024-04-15,2025-03-18,University of South Carolina,OTHER,ALL,18 Years,65 Years
NCT01678469,"Lipophilic Micronutrients, Adipokines and Gestational Diabetes Mellitus",COMPLETED,NA,INTERVENTIONAL,348.0,2011-11-28,2022-10-27,Assistance Publique Hopitaux De Marseille,OTHER,FEMALE,18 Years,
NCT00001269,"Phase I Trial of FLAC (5-Fluorouracil, Leucovorin, Adriamycin, Cytoxan) Plus GM-CSF (Granulocyte-Macrophage Colony Stimulating Factor) Plus Dose Escalation of IL-3 (Interleukin-3) in Metastatic Breast Cancer",COMPLETED,PHASE1,INTERVENTIONAL,100.0,1991-05,2001-02,National Cancer Institute (NCI),NIH,ALL,,
NCT04640883,Effects of Including Sprints During Low-intensity Cycling Exercises on Performance and Muscle/Blood Characteristics,COMPLETED,NA,INTERVENTIONAL,18.0,2017-10-23,2017-12-23,Inland Norway University of Applied Sciences,OTHER,MALE,18 Years,40 Years
NCT01230983,Combination Chemotherapy in Treating Patients With Acute Lymphoblastic Leukemia or Advanced Lymphoblastic Non-Hodgkin's Lymphoma,COMPLETED,PHASE3,INTERVENTIONAL,573.0,1996-06,2004-10,Children's Oncology Group,NETWORK,ALL,,21 Years
NCT04072783,Neurodevelopmental Outcomes in Craniosynostosis Repair,TERMINATED,NA,INTERVENTIONAL,9.0,2021-07-08,2024-12-31,University of Arkansas,OTHER,ALL,,4 Years
NCT05939973,A Feasibility Study for the Treatment of Primary Obesity Cross-over Arm,COMPLETED,NA,INTERVENTIONAL,3.0,2023-01-19,2024-06-14,USGI Medical,INDUSTRY,ALL,22 Years,60 Years
NCT07724873,Study to Evaluate the Safety and Effectiveness of Withaferin A as a Treatment to Prevent GvHD in Transplant Patients,RECRUITING,PHASE1,INTERVENTIONAL,54.0,2025-01-28,2029-12-03,Tata Memorial Centre,OTHER,ALL,18 Years,
NCT04324073,Cohort Multiple Randomized Controlled Trials Open-label of Immune Modulatory Drugs and Other Treatments in COVID-19 Patients - Sarilumab Trial - CORIMUNO-19 - SARI,COMPLETED,PHASE2,INTERVENTIONAL,239.0,2020-03-27,2020-09-24,Assistance Publique - Hôpitaux de Paris,OTHER,ALL,18 Years,
NCT04144673,A Study Investigating the Safety and Efficacy of Bio-Active Silver Hydrosol™ in Providing Immune Support,COMPLETED,NA,INTERVENTIONAL,60.0,2019-11-14,2020-06-01,Natural Immunogenics Corp.,INDUSTRY,ALL,19 Years,65 Years
NCT05267769,Clinical Trial on Pharmacokinetics and Tolerability of AP707,COMPLETED,PHASE1,INTERVENTIONAL,12.0,2022-03-02,2022-04-03,CannaXan GmbH,INDUSTRY,MALE,30 Years,60 Years
NCT00374569,Dynamic Posturographic Testing and Motor Learning Predictability in Gymnasts,COMPLETED,EARLY_PHASE1,INTERVENTIONAL,300.0,2005-06,2006-09,Carrick Institute for Graduate Studies,OTHER,ALL,10 Years,30 Years
NCT02201069,My Health Coach Study,COMPLETED,NA,INTERVENTIONAL,82.0,2014-08,2016-08,University of Michigan,OTHER,ALL,21 Years,100 Years
NCT04530669,The Effect of High Tone Power Therapy on Fatigue and Functional Outcomes in Multiple Sclerosis,COMPLETED,NA,INTERVENTIONAL,40.0,2020-09-01,2020-12-30,Lama Saad El-Din Mahmoud,OTHER,ALL,18 Years,50 Years
NCT03689569,"Effects of Prebiotic Supplementation and Exercise on Inflammatory Markers, Vascular Function and Cognition in CKD",COMPLETED,NA,INTERVENTIONAL,68.0,2018-09-18,2021-05-26,Springfield College,OTHER,ALL,30 Years,75 Years
NCT03130569,Skin Health Online for Melanoma: Better Risk Assessment,COMPLETED,NA,INTERVENTIONAL,600.0,2015-08-26,2017-08-31,University of New Mexico,OTHER,ALL,18 Years,
NCT01981369,Effect of Intravenous Dexmedetomidine on Analgesic Duration of Infraclavicular Block,COMPLETED,NA,INTERVENTIONAL,100.0,2014-01,2016-12,London Health Sciences Centre Research Institute OR Lawson Research Institute of St. Joseph's,OTHER,ALL,16 Years,80 Years
NCT03477669,Infantile Colic: Study of the Efficacy of Lactobacillus GG (ATCC 53103) Plus Chamomile in Breastfeeding Infants,TERMINATED,NA,INTERVENTIONAL,1.0,2018-05-18,2019-02-25,University of Nebraska,OTHER,ALL,3 Weeks,16 Weeks
NCT02273973,A Study of Neoadjuvant Letrozole + Taselisib Versus Letrozole + Placebo in Post-Menopausal Women With Breast Cancer (LORELEI),COMPLETED,PHASE2,INTERVENTIONAL,334.0,2014-11-12,2017-03-13,"Genentech, Inc.",INDUSTRY,FEMALE,18 Years,
NCT04581369,Cirrhosis Medical Home,COMPLETED,NA,INTERVENTIONAL,44.0,2020-09-17,2023-05-31,Indiana University,OTHER,ALL,18 Years,
NCT02442869,Developing Adaptive Interventions for Suicidal College Students Seeking Treatment - SMART,COMPLETED,NA,INTERVENTIONAL,62.0,2015-06-16,2016-12-30,"University of Nevada, Reno",OTHER,ALL,18 Years,25 Years
NCT00006183,Comparison of Hematocrit Levels in Infant Heart Surgery,COMPLETED,PHASE3,INTERVENTIONAL,120.0,2000-07,2005-07,"National Heart, Lung, and Blood Institute (NHLBI)",NIH,ALL,,1 Year
NCT00320983,Study of Adjuvant Topotecan and Cisplatin With Concurrent Radiation Therapy for Advanced Cervical Cancer,COMPLETED,PHASE1,INTERVENTIONAL,11.0,2002-03,2005-12,University of New Mexico,OTHER,FEMALE,,
NCT05346341,Evaluation of the Effect of Minimally Invasive Procedures Used in Management of Salivary Ductal Pathologies on Patients' Symptomatology and Gland Function,COMPLETED,NA,INTERVENTIONAL,31.0,2021-02-11,2022-03-20,Aya Sakr,OTHER,,,
NCT00174941,Long-Term Safety of Febuxostat in Subjects With Gout.,COMPLETED,PHASE2,INTERVENTIONAL,116.0,2001-03,2006-12,Takeda,INDUSTRY,ALL,18 Years,85 Years
NCT07509411,Anti-TNFα Therapy for Improving Pregnancy Rates in Endometriosis Patients With Failed ICSI,COMPLETED,PHASE2,INTERVENTIONAL,145.0,2025-08-15,2026-08-07,Benha University,OTHER,FEMALE,19 Years,40 Years
NCT05784311,Standard Versus Prolonged Antibiotic Prophylaxis After Pancreatoduodenectomy (SPARROW),RECRUITING,PHASE4,INTERVENTIONAL,344.0,2023-03-06,2026-01,Leiden University Medical Center,OTHER,ALL,18 Years,90 Years
NCT05397171,A First-in-human Study to Evaluate the Safety and Tolerability of AZD8853 in Participants With Selected Advanced/Metastatic Solid Tumours,TERMINATED,PHASE1,INTERVENTIONAL,17.0,2022-06-07,2023-06-06,AstraZeneca,INDUSTRY,ALL,18 Years,130 Years
NCT03209271,Hemodynamic Effects of Cold Versus Warm Fluid Bolus,COMPLETED,NA,INTERVENTIONAL,21.0,2017-02-03,2017-05-27,Karolinska Institutet,OTHER,ALL,18 Years,
NCT05676671,Microbiological Evaluation and Clinical 24-month Follow-up of Adhesive Systems on Carious Dentin,COMPLETED,NA,INTERVENTIONAL,104.0,2010-02,2020-02,University of Sao Paulo,OTHER,ALL,6 Years,9 Years
NCT02353871,Efficacy and Safety of Clostridium Botulinum Toxin Type A to Improve Appearance of Moderate to Severe Glabellar Lines,COMPLETED,PHASE3,INTERVENTIONAL,185.0,2015-01,2015-08,Ipsen,INDUSTRY,ALL,18 Years,65 Years
NCT02068144,"The Effect of Cranberry Extract Supplementation on Cardiovascular Risk Factors in Obese, Insulin Resistant Humans",COMPLETED,NA,INTERVENTIONAL,35.0,2014-02,2018-07-11,Pennington Biomedical Research Center,OTHER,ALL,20 Years,
NCT02080871,A Study of the Gore VIABAHN BX for Treatment of Occlusive Disease in the Iliac Arteries.,COMPLETED,NA,INTERVENTIONAL,134.0,2014-07,2018-10,W.L.Gore & Associates,INDUSTRY,ALL,18 Years,
NCT01739244,Dose Finding Clinical Trial With SYL040012 to Evaluate the Tolerability and Effect on Intraocular Pressure in Subjects With Ocular Hypertension or Open Angle Glaucoma,COMPLETED,PHASE2,INTERVENTIONAL,80.0,2012-07,2013-05,"Sylentis, S.A.",INDUSTRY,ALL,18 Years,
NCT01697644,Growth Hormone Treatment of Children Diagnosed of Intrauterine Growth Retardation,COMPLETED,PHASE4,INTERVENTIONAL,75.0,1990-10,2005-05,Novo Nordisk A/S,INDUSTRY,ALL,3 Years,11 Years
NCT06095271,MultiSCRIPT-Cycle 1: Personalized Medicine in Multiple Sclerosis - Pragmatic Platform Trial Embedded Within the SMSC,ACTIVE_NOT_RECRUITING,NA,INTERVENTIONAL,920.0,2023-02-05,2027-05,"University Hospital, Basel, Switzerland",OTHER,ALL,18 Years,
NCT01181934,"The Effect of Nicotine on Arousal, Cognition and Social Cognition in Young and Elderly Healthy Subjects.",COMPLETED,EARLY_PHASE1,INTERVENTIONAL,32.0,2010-05,2011-02,"Janssen Pharmaceutica N.V., Belgium",INDUSTRY,ALL,18 Years,75 Years
NCT06635434,An English/Spanish Mobile Augmented Reality Pain Assessment App for Hispanic/Latino Pediatric Cancer Patients,ACTIVE_NOT_RECRUITING,EARLY_PHASE1,INTERVENTIONAL,16.0,2023-02-05,2024-11-30,"ALTality, Inc.",INDUSTRY,ALL,7 Years,17 Years
NCT06554834,Effects of Osteopathic Technique on Autonomic Nervous System Activity,RECRUITING,NA,INTERVENTIONAL,109.0,2024-06-20,2024-11-10,SomaticMed,OTHER,ALL,20 Years,65 Years
NCT02540434,Trial of RiaSTAP Versus Cryoprecipitate to Lower Operative Transfusions,TERMINATED,NA,INTERVENTIONAL,19.0,2015-10,2017-12,Weill Medical College of Cornell University,OTHER,ALL,18 Years,100 Years
NCT06601764,Circuit and Resistance Training in COPD,COMPLETED,NA,INTERVENTIONAL,48.0,2024-08-30,2025-01-30,Riphah International University,OTHER,ALL,40 Years,70 Years
NCT06792344,Clinical Study of CD19 CAR-T in the Treatment of Refractory Systemic Sclerosis,RECRUITING,PHASE1,INTERVENTIONAL,12.0,2024-12-15,2027-12-30,The Children's Hospital of Zhejiang University School of Medicine,OTHER,ALL,5 Years,18 Years
NCT03390244,Foldable Capsular Vitreous Body Implantation Study,COMPLETED,NA,INTERVENTIONAL,2.0,2017-05-02,2020-05-05,Universitaire Ziekenhuizen KU Leuven,OTHER,ALL,18 Years,
NCT02754544,Electrocorticography in Mapping Functional Brain Areas During Surgery in Patients With Brain Tumors,RECRUITING,NA,INTERVENTIONAL,75.0,2016-07-22,2028-01-01,M.D. Anderson Cancer Center,OTHER,ALL,18 Years,
NCT04583644,Pilot Trial of Fetoscopic Endoluminal Tracheal Occlusion (FETO) in Severe Left Congenital Diaphragmatic Hernia (CDH),RECRUITING,NA,INTERVENTIONAL,10.0,2020-10-02,2028-04,Hanmin Lee,OTHER,FEMALE,18 Years,
NCT04746664,Effects of Nutrition Counselling on Old Age People's Nutritional Status and Quality of Life,COMPLETED,NA,INTERVENTIONAL,210.0,2022-01-28,2022-05-26,Bahir Dar University,OTHER,ALL,60 Years,
NCT06765564,Clinical Study of Induced Pluripotent Stem Cells Derived Motor Neuron Precursor Cell Therapy for Amyotrophic Lateral Sclerosis (ALS),RECRUITING,NA,INTERVENTIONAL,3.0,2024-03-13,2025-05-13,Shanghai East Hospital,OTHER,ALL,18 Years,60 Years
NCT04981964,Altered Back Geometry and Mobility Function After Backward Walking Training in Children With Cerebral Palsy,COMPLETED,NA,INTERVENTIONAL,33.0,2021-08-01,2021-10-30,Cairo University,OTHER,ALL,5 Years,7 Years
NCT05117034,Pre-emptive Intravenous Morphine for Acute Post-craniotomy Pain.,ACTIVE_NOT_RECRUITING,NA,INTERVENTIONAL,115.0,2022-02-16,2025-05-01,Tel-Aviv Sourasky Medical Center,OTHER_GOV,ALL,18 Years,80 Years
NCT03850509,Efficacy and Safety of Oral OPS-2071 in Participants With Crohn's Disease Showing Symptoms of Active Inflammation,TERMINATED,PHASE2,INTERVENTIONAL,3.0,2020-02-25,2020-05-22,"Otsuka Pharmaceutical Development & Commercialization, Inc.",INDUSTRY,ALL,18 Years,70 Years
NCT00170209,Rifampin Versus Isoniazid for the Treatment of Latent Tuberculosis Infection in Children (P4v9),COMPLETED,PHASE3,INTERVENTIONAL,844.0,2011-08,2015-05,McGill University,OTHER,ALL,,18 Years
NCT02723799,Hope Promotion Program: Effectiveness in Palliative Patients,COMPLETED,NA,INTERVENTIONAL,26.0,2012-01,2013-10,Instituto Politécnico de Leiria,OTHER,ALL,18 Years,
NCT04095299,Standard Dose Versus High Dose of Radiotherapy in Rectal Preservation With Chemo-radiotherapy in Rectal Cancer Patients,RECRUITING,PHASE3,INTERVENTIONAL,162.0,2020-01-20,2033-12,Vejle Hospital,OTHER,ALL,18 Years,
NCT04431999,Evaluation of a Transfusion Therapy Using Whole Blood in the Management of Coagulopathy in Patients With Acute Traumatic Hemorrhage,COMPLETED,PHASE3,INTERVENTIONAL,200.0,2021-12-04,2025-10-20,Direction Centrale du Service de Santé des Armées,OTHER,ALL,18 Years,
NCT00520299,Study of ADI-PEG 20 in Patients With Advanced Melanoma,COMPLETED,PHASE1,INTERVENTIONAL,31.0,2007-07,2010-03,Ludwig Institute for Cancer Research,OTHER,ALL,18 Years,
NCT04312399,Hormone Replacement Trial Against ALzheimers' Disease,RECRUITING,NA,INTERVENTIONAL,600.0,2018-04-17,2028-12-31,"University Hospital, Ghent",OTHER,FEMALE,40 Years,65 Years
NCT03912532,"Evaluation of Efficacy, Safety and Tolerability of Aldafermin in a Phase 2b, Randomized, Double-blind, Placebo-controlled, Multi-center Study In Subjects With Nonalcoholic Steatohepatitis and Stage 2/3 Fibrosis (ALPINE 2/3)",COMPLETED,PHASE2,INTERVENTIONAL,171.0,2019-05-16,2021-03-29,"NGM Biopharmaceuticals, Inc",INDUSTRY,ALL,18 Years,75 Years
NCT00737932,Laquinimod Phase IIa Study in Active Crohn's Disease,COMPLETED,PHASE2,INTERVENTIONAL,180.0,2010-05,2011-12,"Teva Branded Pharmaceutical Products R&D, Inc.",INDUSTRY,ALL,18 Years,75 Years
NCT06980532,Glumetinib Combined With Fruquintinib in the Treatment of MET Amplification or Protein Overexpression in Third-Line Unresectable Metastatic Colorectal Cancer,RECRUITING,PHASE1,INTERVENTIONAL,42.0,2025-04-25,2028-12-30,Liu Huang,OTHER,ALL,18 Years,
NCT02764632,Facilitation of NGT Insertion,COMPLETED,NA,INTERVENTIONAL,150.0,2015-08,2016-03,Mansoura University,OTHER,ALL,20 Years,60 Years
NCT03028532,Administration of Clomiphene: Short and Long Term Metabolism in an Anti-Doping Setting,COMPLETED,PHASE1,INTERVENTIONAL,12.0,2017-03-13,2018-10-15,Stuart Willick,OTHER,MALE,18 Years,40 Years
NCT07099898,A Study of GSK5764227 in Participants With Relapsed Small Cell Lung Cancer (SCLC),RECRUITING,PHASE3,INTERVENTIONAL,420.0,2025-08-11,2029-09-28,GlaxoSmithKline,INDUSTRY,ALL,18 Years,
NCT03626298,Efficacy and Tolerability of Nicotinamide Plus Cream for Moderate Acne Vulgaris in Indonesia,COMPLETED,PHASE4,INTERVENTIONAL,125.0,2016-08-01,2018-04-30,Rumah Sakit Pusat Angkatan Darat Gatot Soebroto,OTHER,ALL,12 Years,50 Years
NCT01327898,Risk Reduction for Urban Substance Using Men Who Have Sex With Men (MSM),COMPLETED,PHASE2,INTERVENTIONAL,515.0,2008-11,2014-07,Nova Southeastern University,OTHER,MALE,18 Years,55 Years
NCT07368998,To Study the Effect of Inavolisib in Combination With Fulvestrant in Participants With Breast Cancer,RECRUITING,PHASE2,INTERVENTIONAL,80.0,2026-02-18,2031-10-31,Hoffmann-La Roche,INDUSTRY,ALL,18 Years,
NCT02496663,Osimertinib and Necitumumab in Treating Patients With EGFR-Mutant Stage IV or Recurrent Non-small Cell Lung Cancer Who Have Progressed on a Previous EGFR Tyrosine Kinase Inhibitor,ACTIVE_NOT_RECRUITING,PHASE1,INTERVENTIONAL,138.0,2016-05-11,2027-06-30,National Cancer Institute (NCI),NIH,ALL,18 Years,
NCT04346563,Effect of Kinesio Taping on Upper Extremity Performance in Individuals With Rounded Shoulders,COMPLETED,NA,INTERVENTIONAL,26.0,2021-01-07,2023-05-31,Mahidol University,OTHER,ALL,25 Years,70 Years
NCT07456163,Influence of Zirconia Abutments on Peri-Implant Tissues in Single-Tooth Restorations,RECRUITING,NA,INTERVENTIONAL,71.0,2025-04-30,2027-12-01,"University of Campinas, Brazil",OTHER,ALL,18 Years,70 Years
NCT06982963,"Randomized, Double Blind, Placebo-controlled Phase 2 Study in Adults With Celiac Disease",RECRUITING,PHASE2,INTERVENTIONAL,100.0,2025-08-04,2027-02-28,"Forte Biosciences, Inc.",INDUSTRY,ALL,18 Years,70 Years
NCT07322263,Intravesical GEM/DOCE for HR BCG-Unresponsive NMIBC,RECRUITING,PHASE2,INTERVENTIONAL,174.0,2026-04-10,2033-01-01,Michael A. O'Donnell,OTHER,ALL,18 Years,99 Years
NCT02176863,Study of the Efficacy and Safety of Immune Globulin Intravenous (Human) Flebogamma® 5% Dual Inactivation and Filtration (DIF) in Participants With Post-polio Syndrome,TERMINATED,PHASE2,INTERVENTIONAL,191.0,2014-09-23,2022-11-24,"Instituto Grifols, S.A.",INDUSTRY,ALL,18 Years,75 Years
NCT02428387,"Evaluation of ""My Tools 4 Care"" for Family Caregivers of Persons With Dementia",COMPLETED,NA,INTERVENTIONAL,199.0,2015-04,2017-04-12,University of Alberta,OTHER,ALL,18 Years,
NCT03559387,"Randomized Phase 2, Dose-finding Efficacy, Safety Study of ANF-RHO™ Versus Neulasta® in Chemotherapy-Induced Neutropenia",TERMINATED,PHASE2,INTERVENTIONAL,9.0,2017-08-03,2018-05-22,Prolong Pharmaceuticals,INDUSTRY,FEMALE,18 Years,
NCT00821587,Cyclosporine in Hepatitis C Infection Viral Clearance Following Liver Transplantation,COMPLETED,PHASE4,INTERVENTIONAL,39.0,2004-06,2008-05,University of Florida,OTHER,ALL,18 Years,
NCT02382393,Reliability and Validity of Online Cognitive Assessments,COMPLETED,NA,INTERVENTIONAL,1152.0,2015-03,2015-11,"Lumos Labs, Inc.",INDUSTRY,ALL,18 Years,90 Years
NCT05486793,Treatment for Antepartum Posttraumatic Stress Disorder/PTSD Study,RECRUITING,NA,INTERVENTIONAL,240.0,2023-03-01,2027-07-31,Boston University,OTHER,FEMALE,18 Years,50 Years
NCT03492593,Lycopene and Beta-carotene Metabolism in the Digestive Tract of Healthy Men,COMPLETED,NA,INTERVENTIONAL,20.0,2014-09,2016-03,"Institut National de Recherche pour l'Agriculture, l'Alimentation et l'Environnement",OTHER,MALE,18 Years,50 Years
NCT06049693,Iron Prehabilitation in Endometrial Cancer,COMPLETED,PHASE4,INTERVENTIONAL,156.0,2023-01-01,2024-01-01,National and Kapodistrian University of Athens,OTHER,FEMALE,18 Years,79 Years
NCT00061893,"Vinblastine, Celecoxib, and Combination Chemotherapy in Treating Patients With Newly-Diagnosed Metastatic Ewing's Sarcoma Family of Tumors",COMPLETED,PHASE2,INTERVENTIONAL,38.0,2004-04,2013-12,Children's Oncology Group,NETWORK,ALL,,50 Years
NCT02874287,Efficacy Study of Hydroxychloroquine to Treat High-risk Coronary Artery Disease.,COMPLETED,PHASE4,INTERVENTIONAL,35.0,2017-10-08,2019-06-01,First Affiliated Hospital Xi'an Jiaotong University,OTHER,ALL,18 Years,75 Years
NCT03248687,Distal Radius Buckle Fracture Follow up Study,COMPLETED,NA,INTERVENTIONAL,149.0,2018-04-01,2019-11-30,The Hospital for Sick Children,OTHER,ALL,5 Years,17 Years
NCT06937593,"A Study to Evaluate Safety, Pharmacokinetics (PK), and Pharmacodynamics (PD) of Multiple Doses of VIS954",COMPLETED,PHASE1,INTERVENTIONAL,24.0,2025-03-13,2026-02-03,"Otsuka Pharmaceutical Development & Commercialization, Inc.",INDUSTRY,ALL,18 Years,55 Years
NCT00970593,"Study Evaluating Safety, Tolerability, And Action Of OAP-189 In Subjects With Type 2 Diabetes On Metformin",COMPLETED,PHASE1,INTERVENTIONAL,92.0,2009-09-02,2011-07-25,Pfizer,INDUSTRY,ALL,18 Years,65 Years
NCT07177521,Primary Stability and Peri-implant Outcomes of Short Implants in Post-extraction Single-tooth Sites,RECRUITING,NA,INTERVENTIONAL,10.0,2025-01-10,2026-08-10,University of Bari Aldo Moro,OTHER,ALL,18 Years,75 Years
NCT06348121,Impact of Probiotics on Children With ADHD,COMPLETED,NA,INTERVENTIONAL,50.0,2024-09-01,2025-03-01,"Wecare Probiotics Co., Ltd.",INDUSTRY,ALL,6 Years,12 Years
NCT06537921,Comorbid Obesity and Depression With an Anti-inflammatory Medication,RECRUITING,NA,INTERVENTIONAL,35.0,2024-10-01,2027-09-01,King's College London,OTHER,ALL,18 Years,65 Years
NCT00203021,Glatiramer Acetate (Copaxone®) Study to Follow Participants From the First Original Study for Safety and Effectiveness,COMPLETED,PHASE4,INTERVENTIONAL,208.0,1994-03-26,2018-02-28,"Teva Branded Pharmaceutical Products R&D, Inc.",INDUSTRY,ALL,18 Years,
NCT01578421,Investigation on the Middle Size Molecule Elimination Characteristics of the FXCorDiax 100 in Relation to the FX 100 and the Polyflux 210 H Dialyser,COMPLETED,NA,INTERVENTIONAL,31.0,2012-02,2012-12,Kantonsspital Aarau,OTHER,ALL,18 Years,
NCT07225114,Translation of Acoustic Angiography: Contrast Enhanced Super Resolution (CESR) Imaging,RECRUITING,PHASE2,INTERVENTIONAL,40.0,2025-11-04,2028-12,UNC Lineberger Comprehensive Cancer Center,OTHER,ALL,18 Years,
NCT01792414,Transcranial Electrical Stimulation (TES) for the Treatment of Depression.,COMPLETED,NA,INTERVENTIONAL,70.0,2013-01,2016-12,The University of New South Wales,OTHER,ALL,18 Years,
NCT01791114,The Effect of Brown Adipose Tissue Activation on Insulin Sensitivity in Humans,COMPLETED,NA,INTERVENTIONAL,39.0,2012-01,2018-12-30,Rutgers University,OTHER,ALL,18 Years,75 Years
NCT05984914,Stress Management and Biological Age in Breast Cancer Patients.RCT,COMPLETED,NA,INTERVENTIONAL,120.0,2022-06-04,2025-09-01,Maria Charalampopoulou,OTHER,FEMALE,18 Years,70 Years
NCT00602914,"A Pilot Study to Assess the Safety, PK and PD of Insulin Injected Via MicronJet or Conventional Needle",COMPLETED,EARLY_PHASE1,INTERVENTIONAL,23.0,2008-03,2009-07,NanoPass Technologies Ltd,INDUSTRY,MALE,18 Years,70 Years
NCT01355016,"A Trial to Assess the Safety, Tolerability, and Pharmacokinetics of MDT-637 in Healthy Volunteers",COMPLETED,PHASE1,INTERVENTIONAL,48.0,2011-09,2011-11,"MicroDose Therapeutx, Inc",INDUSTRY,ALL,18 Years,50 Years
NCT07379216,Efficacy Evaluation Study of Vitamin C and Glutathione Liquid Sachet,RECRUITING,NA,INTERVENTIONAL,30.0,2026-01-24,2026-06-01,"TCI Co., Ltd.",INDUSTRY,ALL,18 Years,65 Years
NCT06777316,A Study of an FGFR2/3 Inhibitor (CGT4859) in Patients With Cholangiocarcinoma and Other Advanced Solid Tumors,ACTIVE_NOT_RECRUITING,PHASE1,INTERVENTIONAL,110.0,2025-01-22,2027-06,"Cogent Biosciences, Inc.",INDUSTRY,ALL,18 Years,
NCT00036816,Vaccine Therapy in Treating Patients With Melanoma of the Eye,TERMINATED,PHASE3,INTERVENTIONAL,13.0,2002-02,,European Organisation for Research and Treatment of Cancer - EORTC,NETWORK,ALL,18 Years,
NCT02956616,Enhanced Recovery at Cesarean Birth to Improve Postoperative Outcomes and Reduce Postoperative Length of Stay,COMPLETED,PHASE2,INTERVENTIONAL,118.0,2017-09-01,2018-06-15,Montefiore Medical Center,OTHER,FEMALE,18 Years,
NCT05017116,A Single and Repeated Dose Escalation of RBD1016 in Subjects with Chronic Hepatitis B Virus (HBV) Infection,COMPLETED,PHASE1,INTERVENTIONAL,40.0,2021-08-09,2023-10-25,Suzhou Ribo Life Science Co. Ltd.,INDUSTRY,ALL,18 Years,55 Years
NCT03416816,A Study of DSP-0337 in Patients With Advanced Solid Tumors to Determine the Safety and the Pharmacokinetic Profile,TERMINATED,PHASE1,INTERVENTIONAL,23.0,2018-05-15,2020-06-15,"Sumitomo Pharma America, Inc.",INDUSTRY,ALL,18 Years,
NCT03850106,"Effects of INDUS810 on Body Composition, Muscular Performance, and Training Adaptations",COMPLETED,NA,INTERVENTIONAL,67.0,2018-07-11,2019-04-30,"The Center for Applied Health Sciences, LLC",INDUSTRY,MALE,18 Years,45 Years
NCT00815906,Study Evaluating Single Doses Of SBI-087 In Japanese Subjects With Rheumatoid Arthritis,COMPLETED,PHASE1,INTERVENTIONAL,20.0,2008-12,2012-05,Pfizer,INDUSTRY,ALL,20 Years,70 Years
NCT02726906,Lifestyle Enriching Activities for Research in Neuroscience Intervention Trial: LEARNit Study,COMPLETED,NA,INTERVENTIONAL,66.0,2016-08-21,2022-07-15,University of Southern California,OTHER,ALL,55 Years,80 Years
NCT01599806,Ceftazidime-Avibactam Compared With Doripenem Followed by Oral Therapy for Hospitalized Adults With Complicated UTIs (Urinary Tract Infections),COMPLETED,PHASE3,INTERVENTIONAL,641.0,2012-10,2014-08,Pfizer,INDUSTRY,ALL,18 Years,90 Years
NCT02793284,Advanced Prostate Imaging of Recurrent Cancer After Radiotherapy,COMPLETED,NA,INTERVENTIONAL,80.0,2017-01-09,2022-02-15,London Health Sciences Centre Research Institute OR Lawson Research Institute of St. Joseph's,OTHER,MALE,18 Years,
NCT00893984,Alternative in Beta Blocker Intolerance: The ABBI Trial,TERMINATED,PHASE4,INTERVENTIONAL,6.0,2009-05,2012-06,Minneapolis Heart Institute Foundation,OTHER,ALL,21 Years,
NCT05307484,"Effects of a Serious Game on Knowledge, Attitude and Practice in Vector Control and Dengue Prevention Among Adults in Primary Care",COMPLETED,NA,INTERVENTIONAL,400.0,2021-03-03,2021-09-17,SingHealth Polyclinics,OTHER,ALL,21 Years,60 Years
NCT01534884,Demonstrate the Equivalence of CT-P10 to MabThera With Respect to the Pharmacokinetic Profile in Patients With Rheumatoid Arthritis,COMPLETED,PHASE1,INTERVENTIONAL,154.0,2012-02,2014-02,Celltrion,INDUSTRY,ALL,18 Years,75 Years
NCT00271284,Efficacy Study on the Control of Blood Glucose Concentration in Type 1 Diabetic Patients,COMPLETED,PHASE3,INTERVENTIONAL,88.0,2005-10,2008-09,Sanofi,INDUSTRY,ALL,18 Years,
NCT00210184,Evaluation of Efficacy and Safety of FOLFIRI Association Treatment in Patients 70 Years of Age and Older With Gastric Cancer,COMPLETED,PHASE2,INTERVENTIONAL,42.0,2004-07-21,2010-04,Institut Bergonié,OTHER,ALL,70 Years,100 Years
NCT05356533,Coping Skills for Alcohol Use,COMPLETED,NA,INTERVENTIONAL,120.0,2022-04-04,2022-12-30,University of Washington,OTHER,ALL,18 Years,25 Years
NCT01955733,Safety and Efficacy of BI 695500 in Patients With Moderately to Severely Active Rheumatoid Arthritis,TERMINATED,PHASE3,INTERVENTIONAL,91.0,2013-05-31,2016-11-07,Boehringer Ingelheim,INDUSTRY,ALL,18 Years,82 Years
NCT00805233,Combination Ranibizumab and Bromfenac for Neovascular Age-related Macular Degeneration,COMPLETED,PHASE2,INTERVENTIONAL,30.0,2008-12,2010-09,Oregon Health and Science University,OTHER,ALL,50 Years,
NCT00321152,A Study of 6(S)-5-MTHF Among Serotonin Reuptake Inhibitor(SSRI)-Resistant Outpatients With Major Depressive Disorder (MDD),COMPLETED,PHASE4,INTERVENTIONAL,150.0,2006-11,2010-06,Massachusetts General Hospital,OTHER,ALL,18 Years,65 Years
NCT06715852,Moving on! A Tailored Treatment in a Primary Care Setting for Individuals With Anxiety Disorders?,RECRUITING,NA,INTERVENTIONAL,450.0,2025-03-17,2027-12-31,Vastra Gotaland Region,OTHER_GOV,ALL,18 Years,65 Years
NCT04046952,Comparing TR Band to Statseal in Conjunction With TR Band II,TERMINATED,NA,INTERVENTIONAL,443.0,2019-10-10,2020-12-15,VA Long Beach Healthcare System,FED,ALL,18 Years,
NCT00019747,Surgery With or Without Thalidomide in Treating Patients With Recurrent or Metastatic Colorectal Cancer,TERMINATED,PHASE2,INTERVENTIONAL,39.0,1999-08,2008-12,National Institutes of Health Clinical Center (CC),NIH,ALL,18 Years,
NCT06953947,Interscalene Versus Costoclavicular Blocks for Shoulder Surgery,COMPLETED,NA,INTERVENTIONAL,62.0,2022-10-01,2024-03-16,Sakarya University,OTHER,ALL,18 Years,75 Years
NCT05438147,Effects of a CT-100 DiNaMo Component on Cognitive Functioning and Mood Symptoms,COMPLETED,NA,INTERVENTIONAL,114.0,2022-05-13,2022-09-06,"Click Therapeutics, Inc.",INDUSTRY,ALL,22 Years,75 Years
NCT02351947,Structural and Functional Brain Changes in Response to Post-Stroke Rehabilitation,COMPLETED,NA,INTERVENTIONAL,24.0,2009-04,2018-12,Louis Stokes VA Medical Center,FED,ALL,21 Years,
NCT00880347,Blood Gene Expression Signature in Patients Diagnosed With Probable Alzheimer's Disease Compared to Patients Suffering From Other Types of Dementia,COMPLETED,NA,INTERVENTIONAL,550.0,2008-02,2011-02,Exonhit,INDUSTRY,ALL,40 Years,
NCT05676047,Cognitive Rehabilitation for Long COVID,COMPLETED,NA,INTERVENTIONAL,100.0,2023-05-01,2025-01-21,McMaster University,OTHER,ALL,18 Years,100 Years
NCT01261247,Panobinostat in Treating Patients With Relapsed or Refractory Non-Hodgkin Lymphoma,COMPLETED,PHASE2,INTERVENTIONAL,41.0,2011-01-17,2019-12-02,Mayo Clinic,OTHER,ALL,18 Years,
NCT07609849,Comparison of Isolated Meniscus Repair Versus Combined Meniscus Repair and Notch Microfracture: A Randomized Controlled Trial Evaluating Functional and Imaging Outcomes,ACTIVE_NOT_RECRUITING,NA,INTERVENTIONAL,30.0,2025-12-01,2026-08-15,Ain Shams University,OTHER,ALL,18 Years,50 Years
NCT05592249,The Effect of Dual Tasks on ADL in Stroke,COMPLETED,NA,INTERVENTIONAL,29.0,2022-12-26,2024-02-20,Istanbul University - Cerrahpasa,OTHER,ALL,18 Years,
NCT07195149,Comparing High and lOw-dose asPirin With Dual anTIplatelet Therapy for Three Months Using prasUgrel and aSpirin Following Coronary Artery Bypass Grafting. (OPTIMUS-CABG Trial),RECRUITING,PHASE3,INTERVENTIONAL,1703.0,2025-11-25,2030-11-30,Dolnośląskie Centrum Chorób Serca im.prof. Zbigniewa Religi MEDINET Sp. z o.o.,OTHER,ALL,18 Years,
NCT00766649,Pilot Study of the Evaluation of Subconjunctival Sirolimus in the Treatment of Bilateral GA Associated With AMD,COMPLETED,PHASE1,INTERVENTIONAL,11.0,2008-10,2012-07,National Eye Institute (NEI),NIH,ALL,55 Years,
NCT02589249,The Effect of AyuFlex® Supplementation on Joint Health,COMPLETED,NA,INTERVENTIONAL,105.0,2015-11,2017-02-07,"The Center for Applied Health Sciences, LLC",INDUSTRY,ALL,35 Years,70 Years
NCT00544349,"Leucovorin, Fluorouracil, Cetuximab, and Oxaliplatin in Treating Patients With Stage IV Colorectal Cancer and Liver Metastases That Cannot Be Removed by Surgery",COMPLETED,PHASE2,INTERVENTIONAL,45.0,2006-10,,"Gustave Roussy, Cancer Campus, Grand Paris",OTHER,ALL,18 Years,75 Years
NCT07558538,"A Single Dose, Dose Escalation Clinical Trial on the Safety, Tolerability and Efficacy of Lyophilized Powder for Inhalation of Recombinant Human Keratinocyte Growth Factor-2 (Rh-KGF-2) in The Treatment of Patients With Acute Respiratory Distress Syndrome",RECRUITING,EARLY_PHASE1,INTERVENTIONAL,24.0,2026-05-14,2026-12-30,Shanghai Zhongshan Hospital,OTHER,ALL,18 Years,80 Years
NCT00923338,Clinical Evaluation of the Surgisis Biodesign Vesico-Vaginal Fistula Plug,COMPLETED,NA,INTERVENTIONAL,20.0,2009-09,2012-04,Cook Group Incorporated,INDUSTRY,FEMALE,10 Years,
NCT01159938,A Study of Postprandial Hyperglycemia in Participants With Type 2 Diabetes,COMPLETED,PHASE4,INTERVENTIONAL,72.0,2010-10,2013-02,Eli Lilly and Company,INDUSTRY,MALE,45 Years,70 Years
NCT04698538,TSC Remote Assessment and Intervention,COMPLETED,NA,INTERVENTIONAL,54.0,2020-10-31,2024-10-28,"University of California, Los Angeles",OTHER,ALL,12 Months,36 Months
NCT03968458,Effect of Exercise Timing on Energy Intake and Appetite in Adolescents With Obesity: the TIMEX 3 Study,COMPLETED,NA,INTERVENTIONAL,18.0,2019-08-31,2019-10-30,"University Hospital, Clermont-Ferrand",OTHER,ALL,12 Years,16 Years
NCT00419458,Inspiratory Muscle Training in Ventilator Dependent Patients,COMPLETED,PHASE1,INTERVENTIONAL,150.0,2004-02,2009-07,Eunice Kennedy Shriver National Institute of Child Health and Human Development (NICHD),NIH,ALL,16 Years,
NCT02993458,DASH-Sodium Trial in Adolescents,TERMINATED,NA,INTERVENTIONAL,79.0,2016-10,2017-10-18,Purdue University,OTHER,ALL,11 Years,15 Years
NCT01766258,Efficacy and Safety Proof of Concept Study in Patients With Parkinson's Disease and End-of-dose Motor Fluctuations,COMPLETED,PHASE2,INTERVENTIONAL,117.0,2011-05,2012-09,"Orion Corporation, Orion Pharma",INDUSTRY,ALL,30 Years,
NCT06331858,The Effect of Adding Instrumented Hip Concentric Abductor Strengthening Exercise in Knee Osteoarthritis,COMPLETED,NA,INTERVENTIONAL,70.0,2023-09-20,2024-03-29,Kutahya Health Sciences University,OTHER,ALL,45 Years,70 Years
NCT02157558,An Open-Label Drug-Drug Interaction Study of Telotristat Etiprate and Fexofenadine in Healthy Subjects,COMPLETED,PHASE1,INTERVENTIONAL,24.0,2014-07,,Lexicon Pharmaceuticals,INDUSTRY,ALL,18 Years,55 Years
NCT04799158,A Study to Evaluate the Efficacy and Safety of Vonoprazan Compared to Placebo in Participants With Symptomatic Non-Erosive Gastroesophageal Reflux Disease,COMPLETED,PHASE2,INTERVENTIONAL,458.0,2021-03-25,2022-01-17,"Phathom Pharmaceuticals, Inc.",INDUSTRY,ALL,18 Years,
NCT01965158,Efficacy and Safety of Naldemedine in the Treatment of Opioid-induced Constipation,COMPLETED,PHASE3,INTERVENTIONAL,547.0,2013-08-29,2015-01-22,Shionogi,INDUSTRY,ALL,18 Years,80 Years
NCT05956158,RISE: A Remote Study of Insomnia Treatment in Crohn's Disease,ACTIVE_NOT_RECRUITING,NA,INTERVENTIONAL,83.0,2023-11-28,2027-02-28,Dartmouth-Hitchcock Medical Center,OTHER,ALL,18 Years,
NCT04952948,Pilates Method on Functional Capacity and Blood Pressure of Elderly Women With Type 2 Diabetes,COMPLETED,NA,INTERVENTIONAL,22.0,2016-08-23,2016-12-19,Universidade Federal do vale do São Francisco,OTHER,FEMALE,60 Years,
NCT00874848,Efficacy/Safety of Imprime PGG With Cetuximab & Paclitaxel/Carboplatin Therapy in Pts With Untreated Advanced Non-Small Cell Lung Cancer,COMPLETED,PHASE2,INTERVENTIONAL,90.0,2009-08,2015-08,"HiberCell, Inc.",INDUSTRY,ALL,18 Years,75 Years
NCT05599048,Hyperpolarized 13C MRI as a Biomarker in Advanced Solid Tumors,RECRUITING,PHASE1,INTERVENTIONAL,65.0,2022-12-15,2027-01-31,"Robert Bok, MD, PhD",OTHER,ALL,18 Years,
NCT04231448,Phase III Study of Tucidinostat in Combination With R-CHOP in Patients With Newly Diagnosed Double-Expressor DLBCL,COMPLETED,PHASE3,INTERVENTIONAL,423.0,2020-05-21,2025-06-29,"Chipscreen Biosciences, Ltd.",INDUSTRY,ALL,18 Years,80 Years
NCT02862548,Efficacy and Safety of Tenofovir Alafenamide (TAF) Versus Tenofovir Disoproxil Fumarate (TDF)-Containing Regimens in Participants With Chronic Hepatitis B Virus (HBV) Infection and Stage 2 or Greater Chronic Kidney Disease Who Have Received a Liver Transplant,COMPLETED,PHASE2,INTERVENTIONAL,51.0,2016-09-16,2021-05-05,Gilead Sciences,INDUSTRY,ALL,18 Years,
NCT02765048,Violence Prevention for Adolescent Girls With Prior Maltreatment,COMPLETED,NA,INTERVENTIONAL,312.0,2010-08,2014-08,Washington University School of Medicine,OTHER,ALL,12 Years,
NCT02648048,A Study of Oral Vismodegib in Combination With Pirfenidone in Participants With Idiopathic Pulmonary Fibrosis,COMPLETED,PHASE1,INTERVENTIONAL,21.0,2016-01-15,2016-11-30,Hoffmann-La Roche,INDUSTRY,ALL,40 Years,80 Years
NCT07525648,Comparison of the Effects of Sevoflurane and Desflurane on Optic Nerve Sheath Diameter During Laparoscopic Surgery,COMPLETED,NA,INTERVENTIONAL,63.0,2026-04-15,2026-07-15,Medipol University,OTHER,FEMALE,18 Years,85 Years
NCT04110548,Emotion and Craving Regulation Among Individuals With Internet Gaming Disorders,COMPLETED,NA,INTERVENTIONAL,60.0,2019-09-26,2020-05-30,Beijing Normal University,OTHER,ALL,18 Years,30 Years
NCT02024555,"Phase II Investigation of Antimycobacterial Therapy on Progressive, Pulmonary Sarcoidosis",COMPLETED,PHASE2,INTERVENTIONAL,97.0,2014-03,2019-04-01,Vanderbilt University,OTHER,ALL,18 Years,
NCT02358655,Canadian Community Utilization of Stroke Prevention Study - Emergency Department,COMPLETED,NA,INTERVENTIONAL,360.0,2015-06-01,2018-03-08,Population Health Research Institute,OTHER,ALL,,
NCT06740526,Trial of the Impact of Sibeprenlimab on Immunoglobulin A Nephropathy Kidney Tissue,RECRUITING,PHASE2,INTERVENTIONAL,25.0,2024-11-19,2029-04-17,"Otsuka Pharmaceutical Development & Commercialization, Inc.",INDUSTRY,ALL,16 Years,
NCT03129126,"The Safety, Tolerability and Efficacy of LP-10 in Subjects With Refractory Moderate to Severe Hemorrhagic Cystitis",COMPLETED,PHASE2,INTERVENTIONAL,13.0,2020-10-01,2023-09-29,"Lipella Pharmaceuticals, Inc.",INDUSTRY,ALL,18 Years,
NCT05548426,Linezolid for Syphilis Pilot Study,ACTIVE_NOT_RECRUITING,PHASE2,INTERVENTIONAL,24.0,2023-09-28,2026-08,University of Southern California,OTHER,ALL,16 Years,
NCT05233826,Safety and Immunogenicity of COVI-VAC as a Booster Dose in Adults Previously Vaccinated Against COVID-19,COMPLETED,PHASE1,INTERVENTIONAL,20.0,2022-04-14,2022-12-22,"Codagenix, Inc",INDUSTRY,ALL,18 Years,65 Years
NCT01999426,Safety and Efficacy of Emergency On-call Respiratory Physiotherapy Services in the Paediatric Intensive Care Unit,COMPLETED,NA,INTERVENTIONAL,93.0,2006-07,2009-08,Great Ormond Street Hospital for Children NHS Foundation Trust,OTHER,ALL,,16 Years
NCT07269626,PULSAR in Systemic Therapy for Pancreatic Cancer,RECRUITING,PHASE2,INTERVENTIONAL,47.0,2025-11-14,2028-12-31,Samsung Medical Center,OTHER,ALL,19 Years,
NCT03075878,A Safety Study of SYNT001 in Participants With Warm Autoimmune Hemolytic Anemia (WAIHA),TERMINATED,PHASE1,INTERVENTIONAL,8.0,2018-01-10,2019-08-06,"Alexion Pharmaceuticals, Inc.",INDUSTRY,ALL,18 Years,
NCT07034378,"Comparison Between Extended Cryoablation, Standard Cryoablation, and Radiofrequency Ablation",COMPLETED,NA,INTERVENTIONAL,288.0,2021-09-28,2025-02-28,Asan Medical Center,OTHER,ALL,18 Years,80 Years
NCT00670878,"Studying the Benefits of Adjuvant Sequential vs. Combined Taxane Based Chemotherapy, Followed by Different Biological Treatment Strategies in Early, HER2-positive Breast Cancer",COMPLETED,PHASE3,INTERVENTIONAL,799.0,2008-06,,Ludwig-Maximilians - University of Munich,OTHER,FEMALE,18 Years,
NCT00958685,Safety Study of Feeding With Ginger Extract in Acute Respiratory Distress Syndrome,COMPLETED,PHASE2,INTERVENTIONAL,32.0,2007-01,2009-01,Shahid Beheshti University,OTHER,ALL,18 Years,
NCT01492985,Lipopeptide Immunisation With GTU-multiHIV Trial,COMPLETED,PHASE2,INTERVENTIONAL,103.0,2013-07,2017-04-08,"ANRS, Emerging Infectious Diseases",OTHER_GOV,ALL,18 Years,59 Years
NCT00931385,Characterization of 24 Hour Spirometry Profiles of Inhaled BI 1744 CL and Inhaled Foradil in Patients With Chronic Obstructive Pulmonary Disease,COMPLETED,PHASE3,INTERVENTIONAL,99.0,2009-06,,Boehringer Ingelheim,INDUSTRY,ALL,40 Years,
NCT05959785,Diaphragmatic Exercises As Treatment of Referred Pain After Total Laparoscopic Hysterectomy: Randomized Clinical Trial.,COMPLETED,NA,INTERVENTIONAL,74.0,2023-02-02,2025-02-10,University of Seville,OTHER,FEMALE,18 Years,65 Years
NCT02662985,Study of Power Doppler Ultrasound (PDUS) to Measure Response of Secukinumab Treatment in Patients With Active Psoriatic Arthritis (PsA),COMPLETED,PHASE3,INTERVENTIONAL,166.0,2016-08-22,2020-11-10,Novartis Pharmaceuticals,INDUSTRY,ALL,18 Years,
NCT02640885,The Foley's Catheter Balloon to the Bleeding From Placenta Previa,COMPLETED,NA,INTERVENTIONAL,15.0,2015-05,2015-11,Assiut University,OTHER,FEMALE,20 Years,40 Years
NCT06933043,"A Study on the Safety, Tolerability, Bioavailability and Mechanism of Action of Intravenous NAV-240 in Adults.",COMPLETED,PHASE1,INTERVENTIONAL,24.0,2025-05-20,2025-11-20,"Navigator Medicines, Inc.",INDUSTRY,ALL,18 Years,65 Years
NCT05911243,"Feasibility of Auricular Acupressure for Appetite and Weight in Patients With Stage II-IV Gastric, Esophageal, and Pancreatic Cancer",TERMINATED,NA,INTERVENTIONAL,3.0,2024-07-22,2025-07-09,University of Washington,OTHER,ALL,18 Years,65 Years
NCT06069843,Single-dose Ketamine Treatment to Improve Depression in Mild Cognitive Impairment,ACTIVE_NOT_RECRUITING,PHASE2,INTERVENTIONAL,15.0,2024-11-01,2025-09,Icahn School of Medicine at Mount Sinai,OTHER,ALL,50 Years,90 Years
NCT06947343,Effect of Action Observation Therapy in Comparison to Motor Relearning Program on Balance and Mobility Among Subacute Stroke Patients,RECRUITING,NA,INTERVENTIONAL,30.0,2024-07-22,2025-06-15,Foundation University Islamabad,OTHER,ALL,45 Years,
NCT04135443,"Evaluation of 3T, a Sex-Positive HIV/STI Mobile App Intervention for Young Black Men Ages 14-19 Attracted to Men",COMPLETED,NA,INTERVENTIONAL,178.0,2021-03-01,2022-11-29,ETR Associates,OTHER,MALE,14 Years,19 Years
NCT02057315,Study to Determine the Efficacy and Safety of ELS-M11 in Acute Migraine,COMPLETED,PHASE1,INTERVENTIONAL,48.0,2014-03,2014-11,Achelios Therapeutics,INDUSTRY,ALL,18 Years,65 Years
NCT02778815,"The Development and Initial Evaluation of a Web-based, Compassion-focussed Course for New Mothers",COMPLETED,NA,INTERVENTIONAL,272.0,2016-09,2017-05-11,Canterbury Christ Church University,OTHER,FEMALE,18 Years,
NCT01828515,Vilazodone for Corticosteroid-Induced Memory Impairment,COMPLETED,PHASE2,INTERVENTIONAL,24.0,2012-12,2014-04,University of Texas Southwestern Medical Center,OTHER,ALL,18 Years,50 Years
NCT04983615,Opioid vs. Benzodiazepine-based Sedation for Mechanically Ventilated Patients in the Internal Medicine Ward,COMPLETED,NA,INTERVENTIONAL,50.0,2021-08-01,2024-08-01,Meir Medical Center,OTHER,ALL,18 Years,99 Years
NCT06235515,Additional Benefits of Virtual Reality Therapy for Individuals With Neck Pain,COMPLETED,NA,INTERVENTIONAL,62.0,2024-03-15,2024-09-16,Kirsehir Ahi Evran Universitesi,OTHER,ALL,18 Years,65 Years
NCT00769535,Relationship Between Polymorphism of Heat Shock Protein 70 Gene and Hepatocellular Carcinoma,COMPLETED,NA,INTERVENTIONAL,600.0,2006-01,2008-06,Kaohsiung Medical University Chung-Ho Memorial Hospital,OTHER,ALL,,
NCT03854435,Determination of Heart Rate in Infants Needing Resuscitation at Birth,COMPLETED,NA,INTERVENTIONAL,60.0,2019-02-25,2019-04-02,University Hospital Padova,OTHER,ALL,,30 Days
NCT04236635,Histopathology Following CCH Injection,COMPLETED,PHASE2,INTERVENTIONAL,10.0,2019-12-20,2020-10-26,"Endo USA Inc., a Keenova Therapeutics Company",INDUSTRY,FEMALE,18 Years,55 Years
NCT02870608,Interest of Measuring Lung Elasticity ELASTOgraphy in the Fetus in the Case of PreMAture Childbirth Threat,COMPLETED,NA,INTERVENTIONAL,103.0,2016-04,2017-03-14,Centre Hospitalier Universitaire de Besancon,OTHER,FEMALE,18 Years,
NCT01067508,Effects of Naturally Silicon-Rich Water on Bone Metabolism in Women,COMPLETED,NA,INTERVENTIONAL,19.0,2007-06,2011-02,"University of California, Los Angeles",OTHER,FEMALE,,
NCT06857708,The Management of Necrotizing Soft Tissue Infection Wounds With Cytal® Wound Matrix and MicroMatrix®,RECRUITING,NA,INTERVENTIONAL,50.0,2025-03-05,2026-12-31,Benjamin T. Miller,OTHER,ALL,18 Years,
NCT01035008,Confocal Endomicroscopy of Pancreatic InVivo,COMPLETED,NA,INTERVENTIONAL,20.0,2009-12,2011-11,Mayo Clinic,OTHER,ALL,18 Years,
NCT04665908,PT-led Triage for Patients With Hip o Knee Osteoarthritis,ACTIVE_NOT_RECRUITING,NA,INTERVENTIONAL,675.0,2020-10-26,2025-12-31,Sahlgrenska University Hospital,OTHER,ALL,,
NCT01688908,Efficacy of Endoscopy Screening on Esophageal Cancer in China (ESECC),ACTIVE_NOT_RECRUITING,NA,INTERVENTIONAL,33948.0,2012-01-01,2027-12-31,Peking University,OTHER,ALL,45 Years,69 Years
NCT07652125,RGL-270 + ICI in Advanced NSCLC,RECRUITING,NA,INTERVENTIONAL,40.0,2025-10-25,2027-12-31,Guangdong Association of Clinical Trials,OTHER,ALL,18 Years,
NCT03238625,Painless Local Anaesthesia With Bicarbonate Admixture,COMPLETED,PHASE2,INTERVENTIONAL,48.0,2017-08-01,2017-10-18,University of Zurich,OTHER,ALL,18 Years,75 Years
NCT02177825,Study of Imatinib Mesylate in Neurofibromatosis Type I Patients Aged 2 to 21 With Plexiform Neurofibromas,TERMINATED,PHASE2,INTERVENTIONAL,5.0,2014-06,2019-03-01,St. Justine's Hospital,OTHER,ALL,2 Years,21 Years
NCT04123925,Preoperative Nivolumab in Patients With Locally Advanced Colon Cancer (T3 or T4): a Window-of-opportunity Study,COMPLETED,PHASE2,INTERVENTIONAL,22.0,2018-06-12,2019-09-02,"National Cancer Institute, Naples",OTHER,ALL,18 Years,
NCT01676025,Comparison Between Posterior Retroperitoneoscopic Adrenalectomy and Laparoscopic Adrenalectomy,COMPLETED,NA,INTERVENTIONAL,83.0,2012-09,2016-02-28,Seoul National University Hospital,OTHER,ALL,18 Years,79 Years
NCT02149225,GAPVAC Phase I Trial in Newly Diagnosed Glioblastoma Patients,COMPLETED,PHASE1,INTERVENTIONAL,16.0,2014-10,2018-06,Immatics Biotechnologies GmbH,INDUSTRY,ALL,18 Years,
NCT05465525,Quadratus Lumborum Block vs Erector Spinae Plane Block in Laparoscopic Hysterectomy,COMPLETED,NA,INTERVENTIONAL,81.0,2022-07-25,2023-04-01,Namik Kemal University,OTHER,FEMALE,18 Years,75 Years
NCT01312025,Conventional Versus Modified Laparoscopic Cholecystectomy,COMPLETED,NA,INTERVENTIONAL,,,,Mansoura University,OTHER,ALL,10 Years,90 Years
NCT02517125,Evaluation of the Contribution of Transoral Robotic-assisted Surgery Using Da Vinci Xi for Head and Neck Tumors,COMPLETED,NA,INTERVENTIONAL,100.0,2015-04,2025-11-04,"Gustave Roussy, Cancer Campus, Grand Paris",OTHER,ALL,18 Years,
NCT02344225,Synergistic Pharmacologic Intervention for Prevention of ROP (SPIPROP Study),COMPLETED,PHASE2,INTERVENTIONAL,14.0,2015-01-01,2018-06-30,State University of New York - Downstate Medical Center,OTHER,ALL,,28 Weeks
NCT02592525,Implementing Shared Decision Making in Interprofessional Home Care Teams,COMPLETED,NA,INTERVENTIONAL,653.0,2015-11,2018-12,CHU de Quebec-Universite Laval,OTHER,ALL,,
NCT07098325,Biological Reaction of Direct 3d Printed Retainers,RECRUITING,NA,INTERVENTIONAL,26.0,2025-10-01,2027-06-01,Al-Azhar University,OTHER,ALL,,
NCT04083625,the Effect of Carbetocin in Decreasing Intraoperative Blood Loss in Abdominal Myomectomy,COMPLETED,PHASE4,INTERVENTIONAL,138.0,2019-09-10,2020-02-20,Cairo University,OTHER,FEMALE,25 Years,50 Years
NCT02930876,Feasibility of Home vs. Hospital Based Resistance Training for Advanced Cancer Patients,COMPLETED,PHASE2,INTERVENTIONAL,15.0,2016-07,2017-02-08,King's College London,OTHER,ALL,18 Years,
NCT03527576,Block Duration After Spinal Block and iv Dexamethasone.,COMPLETED,PHASE4,INTERVENTIONAL,50.0,2018-05-01,2022-04-01,Eric Albrecht,OTHER,ALL,18 Years,
NCT07559617,Ozonated Oil Emulsion for Seborrhea in Women,COMPLETED,NA,INTERVENTIONAL,66.0,2024-04-06,2024-05-18,Chadi Khatib,OTHER,FEMALE,18 Years,40 Years
NCT07221617,Oral Methadone in Cardiac Surgery,RECRUITING,PHASE4,INTERVENTIONAL,100.0,2026-01-13,2026-08,Mayo Clinic,OTHER,ALL,18 Years,
NCT07512817,"The Effect of Online Solution- Focused Group Counseling On Adjustment, Psychological Well- Being and Resilience",ACTIVE_NOT_RECRUITING,NA,INTERVENTIONAL,48.0,2025-12-17,2026-12-01,Gazi University,OTHER,ALL,18 Years,
NCT01921517,Micromechanical Modeling Using Low Magnitude Mechanical Stimulation,COMPLETED,NA,INTERVENTIONAL,117.0,2012-09,2019-06-20,University of Pennsylvania,OTHER,FEMALE,45 Years,65 Years
NCT00115440,BNCT to Treat Glioma That Has Progressed Following Radiotherapy,COMPLETED,PHASE1,INTERVENTIONAL,22.0,2001-03,2009-01,Boneca Corporation,INDUSTRY,ALL,18 Years,
NCT02195440,"An Open Label, Single Arm, Dose Escalation Phase 1 Trial of PRI-724 in Patients With HCV-induced Cirrhosis",COMPLETED,PHASE1,INTERVENTIONAL,14.0,2014-08,2017-03-31,Komagome Hospital,OTHER,ALL,20 Years,74 Years
NCT00290940,"Evaluation of Glucose Lowering Effect, Safety and Tolerability of CS-917",COMPLETED,PHASE2,INTERVENTIONAL,400.0,2006-01,2007-04,Daiichi Sankyo,INDUSTRY,ALL,18 Years,70 Years
NCT04769440,Effect of mgso4 on Oxygenation and Lung Mechanics in Morbidly Obese Patients During Bariatric Surgery,COMPLETED,PHASE2,INTERVENTIONAL,40.0,2021-03-01,2022-02-21,Ain Shams University,OTHER,ALL,21 Years,60 Years
NCT03724617,Clinical Study of Umbilical Cord Mesenchymal Stem Cells Combined With Collagen Scaffold in the Treatment of Thin Endometrium,COMPLETED,NA,INTERVENTIONAL,18.0,2018-10-29,2020-12-31,Sir Run Run Shaw Hospital,OTHER,FEMALE,20 Years,40 Years
NCT04482517,Reproductive Outcomes of Different Sperm Selection Techniques for ICSI Patients With Abnormal Sperm DNA Fragmentation.,COMPLETED,NA,INTERVENTIONAL,320.0,2017-03-01,2018-12-01,Ganin Fertility Center,OTHER,ALL,18 Years,60 Years
NCT03056417,Impact of Lifestyle Changes on Telomeric Activity in Patients With Chronic Pain,COMPLETED,NA,INTERVENTIONAL,67.0,2017-01-10,2019-05,Ohio University,OTHER,ALL,40 Years,70 Years
NCT03439917,Effects of Carnitine Supplementation on Liver and Muscle,COMPLETED,NA,INTERVENTIONAL,30.0,2018-04-02,2021-11-01,University of Nottingham,OTHER,MALE,18 Years,50 Years
NCT02030717,Randomized Study of Spinal Anesthesia Compared With Traditional Epidural Anesthesia Concerning Peroperative and Postoperative Pain After Open Nephrectomy in Patients With Renal Cell Carcinoma,COMPLETED,PHASE2,INTERVENTIONAL,120.0,2012-02,2015-05,Umeå University,OTHER,ALL,18 Years,
NCT03342040,Transverse Abdominis Plane Block in Laparoscopic Ventral Hernia Repair,COMPLETED,NA,INTERVENTIONAL,90.0,2017-10-15,2019-02-01,GEM Hospital & Research Center,OTHER,ALL,15 Years,75 Years
NCT03951740,Validation of Two Wrist-worn Devices for the Assessment of Energy Expenditure in Cardiac Patients.,COMPLETED,NA,INTERVENTIONAL,39.0,2017-10-11,2018-06-27,Maxima Medical Center,OTHER,ALL,18 Years,
NCT00786344,USC Well Elderly Study 2,COMPLETED,NA,INTERVENTIONAL,460.0,2004-11,2008-10,University of Southern California,OTHER,ALL,60 Years,
NCT07304544,Roy Adaptation Model in Post-Colostomy Care: Mind & Life Impact,COMPLETED,NA,INTERVENTIONAL,115.0,2022-12-01,2024-12-30,West China Hospital,OTHER,ALL,18 Years,75 Years
NCT05454644,Effectiveness of a Person-centred Prescription Model at the End of Life,COMPLETED,NA,INTERVENTIONAL,114.0,2018-02-15,2021-02-28,Matia Foundation,OTHER,ALL,65 Years,
NCT00539344,"A Phase 1, Open-Label, Dose Escalation Study of ANG1005 in Patients With Malignant Glioma",COMPLETED,PHASE1,INTERVENTIONAL,63.0,2007-10,2010-03,Angiochem Inc,INDUSTRY,ALL,18 Years,
NCT04023344,Efficacy and Safety of Insulin Lispro Biphasic 25 Compared to Humalog® Mix 25 in Type 2 Diabetes Mellitus Patients,COMPLETED,PHASE3,INTERVENTIONAL,210.0,2018-03-14,2019-04-18,Geropharm,INDUSTRY,ALL,18 Years,65 Years
NCT04635644,Ultrasound Guided ESP Block Versus Intrathecal Morphine for Postoperative Analgesia in Major HPB Surgery.,COMPLETED,NA,INTERVENTIONAL,40.0,2021-11-15,2023-03-15,Assiut University,OTHER,ALL,18 Years,65 Years
NCT06619834,Financial Navigation and Peer Support to Improve Diabetes Outcomes,COMPLETED,NA,INTERVENTIONAL,61.0,2025-02-11,2026-02-04,University of Michigan,OTHER,ALL,18 Years,75 Years
NCT06995144,Comparing Natriuretic Effects of ER Torsemide to IR Torsemide in Patients With Heart Failure,COMPLETED,PHASE4,INTERVENTIONAL,20.0,2025-05-28,2025-12-30,"Sarfez Pharmaceuticals, Inc.",INDUSTRY,ALL,18 Years,
NCT06287944,"225Ac-DOTA-Anti-CD38 Daratumumab Monoclonal Antibody With Fludarabine, Melphalan and Total Marrow and Lymphoid Irradiation as Conditioning Treatment for Donor Stem Cell Transplant in Patients With High-Risk Acute Myeloid Leukemia, Acute Lymphoblastic Leukemia and Myelodysplastic Syndrome",RECRUITING,PHASE1,INTERVENTIONAL,15.0,2025-07-01,2028-05-19,City of Hope Medical Center,OTHER,ALL,18 Years,70 Years
NCT07401134,Improving Postoperative Recovery: A Study of Multimodal Perineal Analgesia Protocol (MPAP) After Vaginal Surgery,RECRUITING,PHASE4,INTERVENTIONAL,70.0,2026-02-18,2027-02,University of Miami,OTHER,FEMALE,18 Years,
NCT00438334,Real-World Benefit From Directional Hearing Aids,COMPLETED,NA,INTERVENTIONAL,105.0,2001-04,2004-03,Vanderbilt University,OTHER,ALL,,
NCT06959134,Community Health Workers-led Multicomponent Intervention for Hypertension Control in Rwanda,COMPLETED,NA,INTERVENTIONAL,200.0,2024-12-01,2025-01-30,University of Rwanda,OTHER,ALL,21 Years,75 Years
NCT07586111,Effects of Plant Foods on Gastrointestinal and Cardiometabolic Health,RECRUITING,NA,INTERVENTIONAL,248.0,2026-04,2028-11,King's College London,OTHER,ALL,30 Years,70 Years
NCT03897309,Safety & Immunogenicity Study of Ad5 Based Oral Norovirus Vaccines,COMPLETED,PHASE1,INTERVENTIONAL,86.0,2019-03-20,2021-04-01,Vaxart,INDUSTRY,ALL,18 Years,49 Years
NCT04409964,the Effect of Opioid-free General Anesthesia,COMPLETED,NA,INTERVENTIONAL,78.0,2020-06-01,2021-09-20,The Catholic University of Korea,OTHER,FEMALE,20 Years,65 Years
NCT03170609,"A Phase 1/2, Randomized, Placebo-controlled, Observer-blinded Trial To Evaluate The Safety, Tolerability, And Immunogenicity Of A Multivalent Group B Streptococcus Vaccine In Healthy Adults 18 To 49 Years Of Age",COMPLETED,PHASE2,INTERVENTIONAL,365.0,2017-06-05,2018-06-25,Pfizer,INDUSTRY,ALL,18 Years,49 Years
NCT00198809,Use of Herbal Supplements in Weight Loss and Weight Maintenance,TERMINATED,NA,INTERVENTIONAL,250.0,2002-11,2004-02,Johns Hopkins Bloomberg School of Public Health,OTHER,ALL,18 Years,60 Years
NCT03866109,A Study Evaluating Temferon in Patients With Glioblastoma & Unmethylated MGMT,TERMINATED,PHASE1,INTERVENTIONAL,25.0,2019-03-05,2026-05-27,Genenta Science,INDUSTRY,ALL,18 Years,70 Years
NCT02074709,TAP Block With Plain Bupivacaine Versus Wound Infiltration With Exparel for Postoperative Pain Management,COMPLETED,PHASE4,INTERVENTIONAL,60.0,2014-01,2015-02,University of Texas Southwestern Medical Center,OTHER,FEMALE,18 Years,80 Years
NCT03222609,A Study Evaluating Tolerability and Efficacy of Navitoclax Alone or in Combination With Ruxolitinib in Participants With Myelofibrosis,COMPLETED,PHASE2,INTERVENTIONAL,191.0,2017-10-31,2025-01-29,AbbVie,INDUSTRY,ALL,18 Years,
NCT00240799,An Effectiveness and Safety Study of Acetaminophen Extended Release Caplets in the Treatment of Osteoarthritis of the Hip or Knee.,COMPLETED,PHASE3,INTERVENTIONAL,542.0,,2004-10,Johnson & Johnson Consumer and Personal Products Worldwide,INDUSTRY,ALL,40 Years,
NCT06352099,Dietary Supplementation and Cognitive Functions in the Elderly,COMPLETED,NA,INTERVENTIONAL,36.0,2024-05-02,2025-02-17,Fondazione Policlinico Universitario Agostino Gemelli IRCCS,OTHER,ALL,50 Years,99 Years
NCT00004799,"Phase III Randomized, Double-Blind, Placebo-Controlled Study of Acellular and Whole-Cell Pertussis Vaccines",COMPLETED,PHASE3,INTERVENTIONAL,10000.0,1991-04,,National Institute of Allergy and Infectious Diseases (NIAID),NIH,ALL,2 Months,3 Months
NCT04669899,"Study of JTX-8064, as Monotherapy and in Combination With a PD-1 Inhibitor, in Adult Subjects With Advanced Refractory Solid Tumors",COMPLETED,PHASE1,INTERVENTIONAL,190.0,2021-01-12,2023-11-28,"Jounce Therapeutics, Inc.",INDUSTRY,ALL,18 Years,
NCT06071299,Impact of Family-Centered Care for Intimate Partner Violence (IPV),ACTIVE_NOT_RECRUITING,NA,INTERVENTIONAL,95.0,2024-01-10,2026-11-15,Yale University,OTHER,ALL,,
NCT01074099,Feasibility Study of BMAC Enhanced CABG,TERMINATED,PHASE1,INTERVENTIONAL,5.0,2011-02,2013-04,Harvest Technologies,INDUSTRY,ALL,18 Years,
NCT06821932,Evaluation of the Bone Structure Surrounding Photofunctionalized Implants,COMPLETED,NA,INTERVENTIONAL,21.0,2021-05-15,2022-10-22,Ankara University,OTHER,ALL,18 Years,
NCT05687032,A Study of Inotuzumab Ozogamicin in Chinese Patients With Relapsed or Refractory Acute Lymphoblastic Leukemia,COMPLETED,PHASE4,INTERVENTIONAL,44.0,2023-02-24,2025-11-06,Pfizer,INDUSTRY,ALL,18 Years,
NCT00314132,Safety Study of ChimeriVax™-JE Vaccine to Prevent Japanese Encephalitis.,COMPLETED,PHASE3,INTERVENTIONAL,2004.0,2005-10,2006-11,Sanofi,INDUSTRY,ALL,18 Years,
NCT00082732,Behavior-Based Dietary Intervention in Treating Patients With Hormone-Refractory Prostate Cancer,COMPLETED,PHASE1,INTERVENTIONAL,56.0,2000-07-28,2006-02-27,M.D. Anderson Cancer Center,OTHER,MALE,,
NCT07588932,Relying on Pharmacotherapy to Improve Motor Gains in Chronic Stroke Survivors,RECRUITING,EARLY_PHASE1,INTERVENTIONAL,50.0,2026-05-18,2028-12-31,Spaulding Rehabilitation Hospital,OTHER,ALL,21 Years,80 Years
NCT00867932,Eculizumab Pharmacokinetics/Pharmacodynamics Study in Pediatric/Adolescent Paroxysmal Nocturnal Hemoglobinuria (PNH),COMPLETED,PHASE4,INTERVENTIONAL,7.0,2009-10-02,2011-05-12,"Alexion Pharmaceuticals, Inc.",INDUSTRY,ALL,2 Years,17 Years
NCT00002632,Paclitaxel in Treating Patients With Metastatic or Recurrent Salivary Gland Cancer,COMPLETED,PHASE2,INTERVENTIONAL,32.0,1995-05-30,,Eastern Cooperative Oncology Group,NETWORK,ALL,18 Years,120 Years
NCT00206232,Novel Treatment for Diastolic Heart Failure in Women,COMPLETED,PHASE4,INTERVENTIONAL,48.0,2004-07,2010-07,Baylor College of Medicine,OTHER,FEMALE,18 Years,
NCT04528732,Suubi4Stigma: Addressing HIV-Associated Stigma Among Adolescents,COMPLETED,NA,INTERVENTIONAL,89.0,2020-11-26,2022-06-30,Washington University School of Medicine,OTHER,ALL,10 Years,14 Years
NCT02717663,WalkIT Arizona: Walking Interventions Through Texting,COMPLETED,NA,INTERVENTIONAL,512.0,2016-05,2020-08,Arizona State University,OTHER,ALL,18 Years,60 Years
NCT06986863,Use of a Digital Snapshot to Reduce Use of Restraints During Emergency Department Visits and Improve Experience of Care for PWIDD,RECRUITING,NA,INTERVENTIONAL,1500.0,2025-09-24,2027-12-31,Northwell Health,OTHER,ALL,18 Years,
NCT05012163,Lottery Incentive Nudges to Increase Influenza Vaccinations,COMPLETED,NA,INTERVENTIONAL,57581.0,2021-09-04,2022-12-31,"National Bureau of Economic Research, Inc.",OTHER,ALL,18 Years,
NCT02809963,Mineralocorticoid Receptor Antagonists in Type 2 Diabetes,COMPLETED,PHASE4,INTERVENTIONAL,140.0,2015-11,2017-11,Herlev Hospital,OTHER,ALL,18 Years,85 Years
NCT04546087,Impact of Labor and Delivery on Ultrasound Measured Cricothyroid Membrane Depth and Height,COMPLETED,NA,INTERVENTIONAL,50.0,2020-09-01,2022-11-02,"Samuel Lunenfeld Research Institute, Mount Sinai Hospital",OTHER,FEMALE,18 Years,50 Years
NCT05618587,Effect of Lithium Therapy on Long COVID Symptoms,COMPLETED,PHASE2,INTERVENTIONAL,52.0,2022-11-28,2023-07-21,State University of New York at Buffalo,OTHER,ALL,18 Years,80 Years
NCT04569487,"Identification of Relevant Biological, Imaging, Mobility and Clinical Markers for Clinical Research in Sarcopenia",COMPLETED,NA,INTERVENTIONAL,16.0,2021-02-11,2024-04-02,Artialis,INDUSTRY,MALE,65 Years,
NCT02637687,A Study to Test the Safety and Efficacy of the Drug Larotrectinib for the Treatment of Tumors With NTRK-fusion in Children,ACTIVE_NOT_RECRUITING,PHASE1,INTERVENTIONAL,154.0,2015-12-16,2026-09-30,Bayer,INDUSTRY,ALL,,21 Years
NCT01003093,A Safety and Immunogenicity Trial With an Adjuvanted Tuberculosis(TB) Subunit Vaccine,COMPLETED,PHASE1,INTERVENTIONAL,36.0,2005-11,2008-06,Statens Serum Institut,OTHER,MALE,18 Years,55 Years
NCT06379893,A Real-World Evidence Study to Evaluate the Effects of Voltaren Use on Mobility and Quality of Life in Participants With Knee Osteoarthritis Pain,COMPLETED,PHASE4,INTERVENTIONAL,196.0,2024-04-25,2024-10-29,HALEON,INDUSTRY,ALL,40 Years,85 Years
NCT02269293,"Selective Inhibitor of Nuclear Export, Selinexor (KPT-330) in Combination With Paclitaxel and Carboplatin in Patients With Advanced Ovarian or Endometrial Cancers",COMPLETED,PHASE1,INTERVENTIONAL,23.0,2014-10-13,2021-04-20,Memorial Sloan Kettering Cancer Center,OTHER,FEMALE,18 Years,
NCT05689593,Comparison of Low-intensity Extracorporeal Shockwave Therapy and Low-intensity Laser Effects in Adhesive Capsulitis,COMPLETED,NA,INTERVENTIONAL,65.0,2023-01-21,2023-08-02,Ahi Evran University Education and Research Hospital,OTHER,ALL,18 Years,65 Years
NCT07132021,Efficacy of Trans-auricular Vagus Nerve Stimulation on Upper Extremity Motor Recovery in Stroke Survivors,RECRUITING,NA,INTERVENTIONAL,30.0,2025-08-01,2026-12-01,Universidade Federal de Pernambuco,OTHER,ALL,18 Years,75 Years
NCT00000721,An Escalating Dose Tolerance Trial of BG8962 (rCD4) in Patients Who Are HIV Antibody Positive,COMPLETED,PHASE1,INTERVENTIONAL,85.0,,1991-03,National Institute of Allergy and Infectious Diseases (NIAID),NIH,ALL,13 Years,
NCT03138421,Central Pain Study for ABX-1431,COMPLETED,PHASE1,INTERVENTIONAL,9.0,2017-08-01,2018-07-24,Abide Therapeutics,INDUSTRY,ALL,18 Years,
NCT05188521,Baricitinib (LY3009104) in the Treatment of Cutaneous Lichen Planus,COMPLETED,PHASE2,INTERVENTIONAL,12.0,2022-01-11,2023-05-17,Aaron R. Mangold,OTHER,ALL,18 Years,
NCT07431021,"Children's Health, Respiratory Inflammation and Short-term Air Pollution",RECRUITING,NA,INTERVENTIONAL,330.0,2025-10-20,2027-07-01,Queen Mary University of London,OTHER,ALL,7 Years,11 Years
NCT02185014,"Open Label Study to Evaluate Long Term Efficacy, Safety and Tolerability of Repeated Dosing in Subjects With Crohn's Disease and Who Participated and Successfully Completed M14-115",COMPLETED,PHASE3,INTERVENTIONAL,252.0,2014-08-12,2017-11-03,AbbVie,INDUSTRY,ALL,18 Years,75 Years
NCT01951014,Text for Prenatal Health Study,COMPLETED,NA,INTERVENTIONAL,30.0,2013-09,2014-10,Cornell University,OTHER,ALL,13 Years,
NCT00697216,Immunogenicity and Safety of GSK Biologicals' HBV-MPL Vaccine and Engerix™-B in Healthy Adults (15-40 Yrs).,COMPLETED,PHASE3,INTERVENTIONAL,340.0,1997-03,,GlaxoSmithKline,INDUSTRY,ALL,15 Years,40 Years
NCT05763914,A 24-week Single-blind Trial of Prevention of Hand Eczema in Cleaners,COMPLETED,NA,INTERVENTIONAL,234.0,2022-11-14,2023-06-24,Zealand University Hospital,OTHER,ALL,18 Years,
NCT06575114,COVID-19 Vaccination Willingness in Older Adults Based on Self-determination Theory,COMPLETED,NA,INTERVENTIONAL,264.0,2023-09-01,2023-11-17,Jing-Shan Deng,OTHER,ALL,60 Years,
NCT00855816,Post Traumatic Stress Disorder (PTSD) Hyperarousal Symptoms Treated With Physiological Stress Management,COMPLETED,PHASE2,INTERVENTIONAL,80.0,2010-02,2013-07,US Department of Veterans Affairs,FED,ALL,18 Years,65 Years
NCT02760316,"A Study to Assess the Safety, Tolerability, Pharmacokinetics and Pharmacodynamics of Multiple Ascending Doses of AZD9567.",COMPLETED,PHASE1,INTERVENTIONAL,64.0,2016-05-02,2017-09-11,AstraZeneca,INDUSTRY,ALL,18 Years,55 Years
NCT01474616,Mobility of Vulnerable Elders (MOVE): Translating Knowledge to Health Care Aides in Long-term Care Facilities,COMPLETED,NA,INTERVENTIONAL,113.0,2011-08,2013-06,University of Alberta,OTHER,ALL,,
NCT00594516,Study on the Safety and Effectiveness of Switching Between Two Forms of Tapentadol in Patients With Chronic Low Back Pain,COMPLETED,PHASE3,INTERVENTIONAL,117.0,2007-12,2008-05,"Johnson & Johnson Pharmaceutical Research & Development, L.L.C.",INDUSTRY,ALL,18 Years,
NCT00753116,Renal Denervation in End Stage Renal Disease Patients With Refractory Hypertension,COMPLETED,PHASE1,INTERVENTIONAL,20.0,2008-09,2009-12,Medtronic Vascular,INDUSTRY,ALL,18 Years,
NCT00837616,Estrogen Dosing in Turner Syndrome: Pharmacology and Metabolism,COMPLETED,PHASE4,INTERVENTIONAL,41.0,2009-01,2012-12,Nemours Children's Clinic,OTHER,FEMALE,13 Years,20 Years
NCT01010906,A Study Investigating the Influence of Hepatic Insufficiency on the Pharmacokinetics of Vaniprevir (MK-7009-005),COMPLETED,PHASE1,INTERVENTIONAL,60.0,2009-07-01,2010-06-21,Merck Sharp & Dohme LLC,INDUSTRY,ALL,45 Years,65 Years
NCT07028606,Vertical Ridge Augmentation Using Computer-guided Sandwich Osteotomy Technique,ACTIVE_NOT_RECRUITING,PHASE1,INTERVENTIONAL,12.0,2024-05-09,2025-06-10,Al-Azhar University,OTHER,ALL,30 Years,45 Years
NCT00368706,"A Double-Blind, Paralleled Study Comparing Efficacy/Safety of Solifenacin to Tolterodine in Overactive Bladder Patients",COMPLETED,PHASE3,INTERVENTIONAL,246.0,2006-09,2008-03,Astellas Pharma Inc,INDUSTRY,ALL,18 Years,75 Years
NCT00156806,Investigating the Therapeutic Effectiveness of Aloe Barbadensis in Reducing Cutaneous Side-Effects of Radiation Treatment for Breast Cancer.,COMPLETED,PHASE3,INTERVENTIONAL,231.0,2002-03,2006-05,AHS Cancer Control Alberta,OTHER,FEMALE,18 Years,
NCT05943106,"BCG in Combination With Durvalumab in Adult BCG-naïve, High-risk NMIBC Participants",ACTIVE_NOT_RECRUITING,PHASE3,INTERVENTIONAL,100.0,2023-08-11,2027-03-31,AstraZeneca,INDUSTRY,ALL,18 Years,130 Years
NCT00532506,Phase II Dose-Finding Study of SK-0403 With Type 2 Diabetes Mellitus,COMPLETED,PHASE2,INTERVENTIONAL,,,,"Sanwa Kagaku Kenkyusho Co., Ltd.",INDUSTRY,ALL,20 Years,74 Years
NCT03311906,Evaluation of the Efficacy of 0.8% Hyaluronic Acid Gel,COMPLETED,PHASE4,INTERVENTIONAL,24.0,2017-02-15,2017-10-02,Riyadh Colleges of Dentistry and Pharmacy,OTHER,ALL,,
NCT00438204,"Pemetrexed Disodium, Gemcitabine, and Bevacizumab in Treating Patients With Stage IIIB or Stage IV Non-Small Cell Lung Cancer",TERMINATED,PHASE2,INTERVENTIONAL,39.0,2006-05,2016-06,Barbara Ann Karmanos Cancer Institute,OTHER,ALL,18 Years,
NCT06501404,PREMAPROB. Probiotics to Prevent Necrotizing Enterocolitis,COMPLETED,NA,INTERVENTIONAL,583.0,2015-01-10,2020-03-20,José Antonio Hurtado Suazo,OTHER,ALL,,72 Hours
NCT01820104,Effects of Lansoprazole on Sitagliptin Glucose-lowering Ability in Healthy Males: a Randomised Crossover Study,COMPLETED,PHASE1,INTERVENTIONAL,16.0,2013-03,2013-05,Xijing Hospital,OTHER,MALE,18 Years,50 Years
NCT06232304,Transforming Care for Individuals With Childhood-onset Systemic Lupus Erythematosus,RECRUITING,NA,INTERVENTIONAL,175.0,2024-09-12,2027-09-30,Michigan State University,OTHER,ALL,12 Years,22 Years
NCT04495504,Administration of Ropivacaine by Bi-laterosternal Multiperforated Catheters Placed Before a Sternotomy for Cardiac Surgery,COMPLETED,PHASE2,INTERVENTIONAL,32.0,2020-07-22,2021-07-12,"University Hospital, Clermont-Ferrand",OTHER,ALL,18 Years,85 Years
NCT00317304,Mindfulness Based Stress Reduction for Hot Flashes,COMPLETED,PHASE1,INTERVENTIONAL,110.0,2005-01,2012-08,"University of Massachusetts, Worcester",OTHER,FEMALE,40 Years,69 Years
NCT02034604,Efficacy and Safety of Naftopidil in Patient With Neurogenic Lower Urinary Tract Dysfunction Not Caused by Benign Prostatic Hyperplasia,COMPLETED,PHASE4,INTERVENTIONAL,194.0,2013-12,2017-08,Samsung Medical Center,OTHER,ALL,20 Years,80 Years
NCT00236184,E3810-A001-313: Efficacy and Safety of 10 mg Rabeprazole for Treating Heartburn in Frequent Sufferers,COMPLETED,PHASE3,INTERVENTIONAL,629.0,2005-10,2008-06,Eisai Inc.,INDUSTRY,ALL,19 Years,
NCT07076784,Topical Icariin on Acne and Acne Scars,COMPLETED,NA,INTERVENTIONAL,25.0,2023-03-21,2025-12-31,Seoul National University Hospital,OTHER,ALL,19 Years,39 Years
NCT04154384,Life Care Specialists (LCS) With a Focus on Patient Pain Management and Prevention of Substance Misuse,COMPLETED,NA,INTERVENTIONAL,333.0,2020-02-21,2022-12-19,Emory University,OTHER,ALL,18 Years,
NCT05899933,Comparison of the Effectiveness of Two Different Surgical Therapeutic Protocols of Peri-implantitis,RECRUITING,NA,INTERVENTIONAL,45.0,2023-07-28,2026-12,National and Kapodistrian University of Athens,OTHER,ALL,18 Years,80 Years
NCT06414733,HER-2 B Cell Peptide Vaccine,RECRUITING,PHASE1,INTERVENTIONAL,42.0,2025-01-17,2030-12-31,Pravin T.P Kaumaya,OTHER,ALL,18 Years,
NCT06704633,Sacubitril-valsartan in Patients With Heart Failure With Reduced Ejection Fraction From Rural Tanzania,RECRUITING,PHASE4,INTERVENTIONAL,298.0,2026-06-30,2028-11-30,Martin Rohacek,OTHER,ALL,18 Years,
NCT02639533,Brain Response to Single Dose of Pregabalin in Fibromyalgia,COMPLETED,PHASE2,INTERVENTIONAL,27.0,2014-12,2017-01,Hospital de Clinicas de Porto Alegre,OTHER,FEMALE,18 Years,65 Years
NCT06289933,"A Study to Compare the Pharmacokinetics and the Safety Between a Fixed-dose Combination Administration of ""BR3005"" and Co-administration of ""BR3005-1"" and ""BR3005-2"" Under Fed Conditions in Healthy Adult Volunteers",COMPLETED,PHASE1,INTERVENTIONAL,40.0,2024-03-05,2024-04-03,"Boryung Pharmaceutical Co., Ltd",INDUSTRY,ALL,19 Years,
NCT02094352,Randomized Controlled Trial of Ketamine Infusion With Continuous Epidural Infusion for Treatment of Complex Regional Pain Syndrome,TERMINATED,PHASE2,INTERVENTIONAL,3.0,2014-03-24,2015-04-20,"Hospital for Special Surgery, New York",OTHER,ALL,18 Years,65 Years
NCT01436747,Efficacy and Safety of Paricalcitol for Reduction of Proteinuria in Kidney Transplant Recipients,COMPLETED,PHASE3,INTERVENTIONAL,168.0,2012-07,2015-07,University Medical Centre Ljubljana,OTHER,ALL,18 Years,
NCT06339047,"The Effect of Projector Kaleidoscope and Cartoons on Anxiety, Fear, and Pain in Children",COMPLETED,NA,INTERVENTIONAL,90.0,2024-06-01,2024-11-19,Tarsus University,OTHER,ALL,4 Years,10 Years
NCT07068347,"Comparison Of VR & CPT, With And Without Lifestyle Modification, On ULD In Breast Cancer Survivors",ACTIVE_NOT_RECRUITING,NA,INTERVENTIONAL,60.0,2025-04-17,2026-06-01,Superior University,OTHER,FEMALE,30 Years,60 Years
NCT06290947,BFR Walking for Insulin and Aerobic Improvement in Type 2 Diabetes,COMPLETED,NA,INTERVENTIONAL,60.0,2022-03-06,2024-01-08,Arab American University (Palestine),OTHER,MALE,40 Years,65 Years
NCT07221747,PathToScale: The PERSIST Trial,RECRUITING,NA,INTERVENTIONAL,9900.0,2026-02-16,2026-11,Georgetown University,OTHER,ALL,15 Years,110 Years
NCT06080347,Effect of Anti-inflammatory Diet in Osteoarthritis,RECRUITING,NA,INTERVENTIONAL,72.0,2023-10-01,2026-01-01,"University of California, San Diego",OTHER,ALL,18 Years,
NCT00973947,Customized Headrest or Standard Headrest in Holding Patients Still While Undergoing Radiation Therapy for Head and Neck Cancer,COMPLETED,NA,INTERVENTIONAL,40.0,2008-01,2010-08,Cancer Trials Ireland,NETWORK,ALL,18 Years,
NCT07160647,"The Efficacy and Safety of Neoadjuvant Therapy With Iparomlimab and Tuvonralimab in Locally Advanced MSI-H/dMMR Colorectal Cancer: An Prospective, Single-Arm Study (Neo-IT)",ACTIVE_NOT_RECRUITING,PHASE2,INTERVENTIONAL,29.0,2025-08-20,2030-08-30,Sir Run Run Shaw Hospital,OTHER,ALL,18 Years,
NCT00220649,Safety Study of Combination Chemotherapy in Patients With Metastatic Solid Tumors or Adenocarcinoma of the Pancreas,COMPLETED,PHASE1,INTERVENTIONAL,25.0,2004-03,,St. Luke's-Roosevelt Hospital Center,OTHER,ALL,18 Years,
NCT04638049,Intestinal Microbiota in Prostate Cancer Patients as a Biomarker for Radiation-INduced Toxicity (IMPRINT),COMPLETED,NA,INTERVENTIONAL,50.0,2020-08-25,2022-08-08,"University Hospital, Ghent",OTHER,MALE,18 Years,
NCT00446238,Treatment of Depressed Adolescents With Physical Illness,COMPLETED,NA,INTERVENTIONAL,41.0,2002-09,2007-08,University of Pittsburgh,OTHER,ALL,11 Years,17 Years
NCT01707238,Multi-Centre Clinical Evaluation Of Two Daily Disposable Contact Lenses,COMPLETED,NA,INTERVENTIONAL,100.0,2012-10,2013-03,"CooperVision, Inc.",INDUSTRY,ALL,16 Years,45 Years
NCT07415538,Effects of Mulligan SNAG in Chronic Nonspecific Low Back Pain,COMPLETED,NA,INTERVENTIONAL,30.0,2026-01-05,2026-02-20,Biruni University,OTHER,ALL,18 Years,65 Years
NCT03227458,DHEA Augmentation of Musculoskeletal Adaptations to Exercise in Older Women,COMPLETED,NA,INTERVENTIONAL,152.0,2018-02-12,2024-06-19,"University of Colorado, Denver",OTHER,FEMALE,55 Years,85 Years
NCT00363038,"Effects of Topical Vitamin K, Vitamin K and Retinol, and Arnica on Post-Laser Bruising",COMPLETED,NA,INTERVENTIONAL,16.0,2006-07,2006-08,Northwestern University,OTHER,ALL,20 Years,60 Years
NCT01969838,Momelotinib Versus Ruxolitinib in Subjects With Myelofibrosis,COMPLETED,PHASE3,INTERVENTIONAL,432.0,2013-12-06,2019-05-02,Sierra Oncology LLC - a GSK company,INDUSTRY,ALL,18 Years,
NCT02182258,Safety and Tolerability Study of BIBF 1120 as Intravenous Infusion and Absolute Bioavailability of BIBF 1120 as Soft Gelatine Capsule in Healthy Subjects,COMPLETED,PHASE1,INTERVENTIONAL,30.0,2009-06,,Boehringer Ingelheim,INDUSTRY,MALE,18 Years,50 Years
NCT02622958,Feasibility Study of PH94B Nasal Spray for Acute Treatment of Social Anxiety Disorder (SAD),COMPLETED,PHASE3,INTERVENTIONAL,23.0,2014-03,2015-03,"Pherin Pharmaceuticals, Inc.",INDUSTRY,ALL,18 Years,65 Years
NCT03591458,Amitriptyline in Treating Hypoglycemia,TERMINATED,PHASE2,INTERVENTIONAL,2.0,2018-08-01,2019-06-03,University of Utah,OTHER,ALL,21 Years,60 Years
NCT04928248,"Design, Implementation and Evaluation of Scalable Decision Support for Diabetes Care",COMPLETED,NA,INTERVENTIONAL,25915.0,2021-09-23,2022-11-01,University of Utah,OTHER,ALL,18 Years,
NCT04040348,Alzheimer's Disease Stem Cells Multiple Infusions,COMPLETED,PHASE1,INTERVENTIONAL,6.0,2019-10-08,2023-04-25,Bernard (Barry) Baumel,OTHER,ALL,50 Years,85 Years
NCT03740048,A Pilot Trial of Twice-weekly Versus Thrice-weekly Hemodialysis in Patients With Incident End-stage Kidney Disease,COMPLETED,PHASE3,INTERVENTIONAL,51.0,2019-06-19,2021-11-04,Wake Forest University Health Sciences,OTHER,ALL,18 Years,
NCT02638948,Efficacy and Safety Study of BMS-986142 in Patients With Moderate to Severe Rheumatoid Arthritis,COMPLETED,PHASE2,INTERVENTIONAL,508.0,2016-02-16,2018-05-03,Bristol-Myers Squibb,INDUSTRY,ALL,18 Years,120 Years
NCT06952348,HYPERtension Reduction Through WALKing Stairs Versus Brisk Walking,RECRUITING,NA,INTERVENTIONAL,450.0,2025-11-27,2029-05,Karolinska Institutet,OTHER,ALL,35 Years,
NCT05344248,"Safety, Tolerance, Efficacy and Pharmacokinetics of JS005 Multiple Dosing",COMPLETED,PHASE1,INTERVENTIONAL,183.0,2021-01-20,2022-11-01,"Shanghai Junshi Bioscience Co., Ltd.",OTHER,ALL,18 Years,75 Years
NCT01808755,D Mannose in Recurrent Urinary Tract Infections,COMPLETED,PHASE3,INTERVENTIONAL,60.0,2012-01,2012-10,Fondazione IRCCS Policlinico San Matteo di Pavia,OTHER,FEMALE,22 Years,75 Years
NCT03195855,Foot and Ankle Mobilisation in Diabetic Peripheral Neuropathy,COMPLETED,NA,INTERVENTIONAL,61.0,2018-05-11,2022-01-02,University of Plymouth,OTHER,ALL,18 Years,80 Years
NCT02151955,Social-emotional Under 4's Screening & Intervention S.U.S.I.,COMPLETED,NA,INTERVENTIONAL,139.0,2014-06,2016-11,South London and Maudsley NHS Foundation Trust,OTHER,ALL,3 Months,4 Years
NCT00169455,"Assess the Immunogenicity of the Human Rotavirus (HRV) Vaccine After Reconstitution Without Buffering Agent; & Evaluate the Immunogenicity, Reactogenicity & Safety of the Vaccine After Storage for 7 d at 37°C Following 2 Doses in Healthy Infants",COMPLETED,PHASE3,INTERVENTIONAL,450.0,2005-03,2005-12,GlaxoSmithKline,INDUSTRY,ALL,6 Weeks,12 Weeks
NCT02751255,Daratumumab in Combination With ATRA,COMPLETED,PHASE1,INTERVENTIONAL,60.0,2016-07-06,2022-10-18,"Amsterdam UMC, location VUmc",OTHER,ALL,18 Years,
NCT05491226,Reinvigorating TNBC Response to Immunotherapy With Combination Myeloid Inhibition and Radiation,RECRUITING,PHASE2,INTERVENTIONAL,35.0,2023-11-17,2026-12-01,Stephen Shiao,OTHER,FEMALE,18 Years,
NCT02185326,Microflare Protocol in Poor Responders,COMPLETED,PHASE4,INTERVENTIONAL,145.0,2014-07,2014-12,"Woman's Health University Hospital, Egypt",OTHER,FEMALE,20 Years,45 Years
NCT04954326,A Study Comparing the Blood Levels of Both Pegaspargase (S95014) Formulations (Liquid vs Lyophilized) in the Treatment of Paediatric Patients With Acute Lymphoblastic Leukemia (ALL),COMPLETED,PHASE2,INTERVENTIONAL,89.0,2021-05-07,2022-05-20,Institut de Recherches Internationales Servier,OTHER,ALL,1 Year,17 Years
NCT03064126,RANGER™ Paclitaxel Coated Balloon vs Standard Balloon Angioplasty,COMPLETED,PHASE3,INTERVENTIONAL,440.0,2017-03-02,2023-10-25,Boston Scientific Corporation,INDUSTRY,ALL,20 Years,
NCT02275078,Innovations in Treating COPD Exacerbations: Pilot Project on Action Plans Using New Technology.,COMPLETED,NA,INTERVENTIONAL,40.0,2013-10-15,2017-11-29,McGill University Health Centre/Research Institute of the McGill University Health Centre,OTHER,ALL,40 Years,
NCT03183778,Use of Patiromer to Transition Chronic Kidney Disease Patients With Hyperkalemia to a Plant-rich Diet.,COMPLETED,PHASE4,INTERVENTIONAL,3.0,2018-03-12,2019-08-01,NYU Langone Health,OTHER,ALL,18 Years,80 Years
NCT07601178,"QUEEN-APPLE: A Single-Arm, Multicenter, Prospective Phase II Clinical Study of Iparomlimab and Tuvonralimab (QL1706) in Combination With Anlotinib Hydrochloride and Nab-Paclitaxel as First-Line Treatment for Advanced Triple-Negative Breast Cancer",RECRUITING,PHASE2,INTERVENTIONAL,34.0,2026-04-17,2027-09-15,Jiangsu Cancer Institute & Hospital,OTHER,ALL,18 Years,75 Years
NCT00067678,Soy Protein in Early Diabetic Nephropathy,COMPLETED,PHASE1,INTERVENTIONAL,,2001-07,2003-06,National Center for Complementary and Integrative Health (NCCIH),NIH,ALL,18 Years,40 Years
NCT01888978,Molecularly Tailored Therapy for Pancreas Cancer,COMPLETED,PHASE2,INTERVENTIONAL,19.0,2012-12,2018-01-24,Georgetown University,OTHER,ALL,18 Years,
NCT00387985,Bioequivalence Study in Healthy Volunteers,COMPLETED,PHASE1,INTERVENTIONAL,,2006-08,2006-09,"Bausch Health Americas, Inc.",INDUSTRY,ALL,18 Years,50 Years
NCT06672185,ARC101 in Advanced Solid Tumors,RECRUITING,PHASE1,INTERVENTIONAL,70.0,2025-02-05,2028-08-01,Third Arc Bio,INDUSTRY,ALL,18 Years,
NCT07684885,NIBP Study for Neonate and Pediatric Subject Populations,RECRUITING,NA,INTERVENTIONAL,110.0,2025-05-14,2026-12-31,GE Healthcare,INDUSTRY,ALL,,18 Years
NCT04350385,Dose Response of Plyometric Training on Agility in Cricket Players,COMPLETED,NA,INTERVENTIONAL,40.0,2019-08-01,2020-02-20,Riphah International University,OTHER,MALE,18 Years,25 Years
NCT01236885,Computer-Guided Glucose Management Systems in Treating Patients With Hyperglycemia Who Have Undergone Blood and Bone Marrow Transplant,COMPLETED,NA,INTERVENTIONAL,19.0,2012-12,,Fred Hutchinson Cancer Center,OTHER,ALL,18 Years,
NCT01429285,Safety and Efficacy of Intravenous Hydromorphone in Elderly Emergency Department Patients With Acute Severe Pain,COMPLETED,PHASE4,INTERVENTIONAL,350.0,2009-07,2012-06,Montefiore Medical Center,OTHER,ALL,65 Years,120 Years
NCT00906243,RNActive®-Derived Therapeutic Vaccine,TERMINATED,PHASE1,INTERVENTIONAL,6.0,2009-05,2010-12,University of Florida,OTHER,MALE,18 Years,75 Years
NCT03667443,Myo-inositol Plus Alpha-lactalbumin in PCOS Myo-inositol-resistant Patients,COMPLETED,NA,INTERVENTIONAL,50.0,2022-06-13,2022-12-19,Lo.Li.Pharma s.r.l,INDUSTRY,FEMALE,,
NCT01161043,New Glucose Sensor Pediatric,COMPLETED,NA,INTERVENTIONAL,83.0,2010-07,2010-11,"Medtronic MiniMed, Inc.",INDUSTRY,ALL,7 Years,17 Years
NCT01365143,Prospective Randomized Trial Comparing Robotic Versus Open Radical Prostatectomy,TERMINATED,PHASE4,INTERVENTIONAL,10.0,2011-05,2014-02,Mayo Clinic,OTHER,MALE,18 Years,
NCT05782543,Renal Ex Vivo Warm Advanced Resuscitation Through Machine Perfusion,RECRUITING,NA,INTERVENTIONAL,240.0,2024-12-15,2028-05-01,University Medical Center Groningen,OTHER,ALL,50 Years,100 Years
NCT06699043,Study of Two Different Putty Bone Grafts in Treatment of Intrabony Defects with the Aid of Intramarrow Penetration Technique,ACTIVE_NOT_RECRUITING,NA,INTERVENTIONAL,20.0,2024-06-01,2025-06,Afaf Mansour Dao Abdelslam,OTHER,ALL,25 Years,55 Years
NCT03870243,Feasibility and Acceptability Followed by Effectiveness of bCPAP for Treatment of Children Aged 1-59 Months With Severe Pneumonia in Ethiopia,COMPLETED,NA,INTERVENTIONAL,1240.0,2019-09-02,2022-07-27,"International Centre for Diarrhoeal Disease Research, Bangladesh",OTHER,ALL,1 Month,59 Months
NCT03339843,Multiorgan Metabolic Imaging Response Assessment of Abemaciclib,COMPLETED,PHASE2,INTERVENTIONAL,85.0,2018-12-19,2023-12-20,Jules Bordet Institute,OTHER,ALL,18 Years,
NCT01151943,Comparison of Two Types of Pain Relief After Cesarean Delivery,TERMINATED,PHASE4,INTERVENTIONAL,77.0,2010-10,2012-07,Hopital Foch,OTHER,FEMALE,18 Years,40 Years
NCT00566215,Treatment of Type 2 Diabetes Mellitus by Duodenal Exclusion Associated With Omentectomy: Clinical and Hormonal Study,TERMINATED,PHASE1,INTERVENTIONAL,6.0,2007-07,2009-06,"University of Campinas, Brazil",OTHER,ALL,18 Years,60 Years
NCT04541615,Orsi Surgical Skills E-learning Trial,COMPLETED,NA,INTERVENTIONAL,48.0,2020-08-25,2020-09-20,Orsi Academy,OTHER,ALL,18 Years,
NCT06912815,Ustekinumab With Semi-EN vs Exclusive EN for Preoperative Crohn's Disease Optimization.,RECRUITING,NA,INTERVENTIONAL,184.0,2024-08-01,2026-09,Xiang Gao,OTHER,ALL,18 Years,65 Years
NCT04779515,Effect of Low-pressure Pneumoperitoneum on Pain and Inflammation Post Laparoscopic Cholecystectomy,COMPLETED,NA,INTERVENTIONAL,100.0,2020-01-20,2021-01-22,University of Jordan,OTHER,ALL,12 Years,
NCT07495215,"A Clinical Study on the Safety, Tolerability and Efficacy of Neoantigen-based Personalized mRNA Therapy iNeo-Vac-R01 Plus PD-1 Inhibitor in Adjuvant Treatment of Liver Cancer Post Radical Resection",RECRUITING,PHASE1,INTERVENTIONAL,20.0,2025-09-11,2028-12-31,Yinghua Xu,OTHER,ALL,18 Years,75 Years
NCT04932915,Safety and Efficacy of Intranasal Administration of Niclosamide (UNI91103) in Adults With Asymptomatic or Mild COVID-19,TERMINATED,PHASE2,INTERVENTIONAL,4.0,2021-09-03,2022-01-10,UNION therapeutics,INDUSTRY,ALL,45 Years,80 Years
NCT01603615,BOTOX® Open-Label Treatment in Pediatric Upper Limb Spasticity,COMPLETED,PHASE3,INTERVENTIONAL,220.0,2012-10-30,2018-09-03,Allergan,INDUSTRY,ALL,2 Years,17 Years
NCT07210515,Evaluation of IV AMBTX-01 (Neridronate) for Treatment of CRPS Type 1 (CRPS-RISE),RECRUITING,PHASE3,INTERVENTIONAL,270.0,2026-04-14,2028-01,"Ambros Therapeutics, Inc.",INDUSTRY,ALL,18 Years,
NCT05362435,Makoyoh'Sokoi - The Wolf Trail Program Expansion Project - Supporting Indigenous Women to Celebrate Good Health,RECRUITING,NA,INTERVENTIONAL,1250.0,2021-11-22,2025-06,University of Calgary,OTHER,FEMALE,18 Years,
NCT05875935,Assessment of Awake Surgery With Electrocorticographic Recordings in the Management of Gliomas and Correlation With Imaging Data (ECoG),TERMINATED,NA,INTERVENTIONAL,1.0,2021-12-17,2022-05-31,GCS Ramsay Santé pour l'Enseignement et la Recherche,OTHER,ALL,18 Years,
NCT01595035,A Clinical Trial of a Psycho-educational Intervention to Improve Pain Management After Day Surgery,COMPLETED,NA,INTERVENTIONAL,200.0,2012-05,2021-02,Oslo Metropolitan University,OTHER,ALL,18 Years,
NCT05965635,The Uninfected Ixodes Scapularis Human Tick Challenge Model,COMPLETED,NA,INTERVENTIONAL,11.0,2023-07-25,2026-03-02,Academisch Medisch Centrum - Universiteit van Amsterdam (AMC-UvA),OTHER,ALL,18 Years,
NCT04438135,Children With Aluminium Contact Allergy: Cutaneous Exposure Study,COMPLETED,NA,INTERVENTIONAL,15.0,2020-06-10,2022-04-07,"National Allergy Research Center, Denmark",OTHER,ALL,2 Years,10 Years
NCT01467908,Navigated Brain Stimulation in Diagnosis of Minimally Conscious State,COMPLETED,NA,INTERVENTIONAL,6.0,2011-06,2012-10,"Clinical Institute of the Brain, Russia",OTHER,ALL,20 Years,85 Years
NCT06548308,Comparison of Corneal Incision Versus Toric Intraocular Lens Techniques Used in Cataract Surgery,ACTIVE_NOT_RECRUITING,NA,INTERVENTIONAL,368.0,2020-10-01,2024-09-30,Superior University,OTHER,ALL,35 Years,70 Years
NCT03927508,First - In - Man Study to Assess the Safety and Feasibility of The Bashir™ Endovascular Catheter for the Treatment of Acute Pulmonary Embolism,COMPLETED,PHASE1,INTERVENTIONAL,9.0,2019-03-14,2020-01-23,"Thrombolex, Inc.",INDUSTRY,ALL,18 Years,75 Years
NCT07360808,Safety and Efficacy of Adipose-Derived Regenerative Cells (ADRCs) for Improving Hand Dysfunction in Systemic Sclerosis,RECRUITING,NA,INTERVENTIONAL,48.0,2025-12-31,2027-12-31,Cytori Therapeutics,INDUSTRY,ALL,18 Years,70 Years
NCT02303808,Positive Expiratory Pressure During Inhalation of Hypertonic Saline in Patients With Cystic Fibrosis,COMPLETED,NA,INTERVENTIONAL,20.0,2014-12,2015-11,Universidad San Jorge,OTHER,ALL,16 Years,
NCT04426708,A Clinical Study to Access the Pharmacokinetics of HMS5552 in Hepatic Impaired Subjects and Healthy Volunteers,COMPLETED,PHASE1,INTERVENTIONAL,25.0,2019-02-18,2020-07-03,Hua Medicine Limited,INDUSTRY,ALL,18 Years,65 Years
NCT04538508,Radiofrecuency and Supervised Exercise Versus Supervised Exercise in the Treatment of Patellofemoral Pain Syndrome.,COMPLETED,NA,INTERVENTIONAL,56.0,2020-09-07,2020-10-02,University of Jaén,OTHER,ALL,18 Years,50 Years
NCT03971825,A Safety Study of CC-92252 in Healthy Adult Subjects and Adult Subjects With Psoriasis,TERMINATED,PHASE1,INTERVENTIONAL,131.0,2018-07-24,2021-08-05,Celgene,INDUSTRY,ALL,18 Years,60 Years
NCT01386125,"A Study of the Effectiveness and Safety of Mometasone Furoate Nasal Spray (MFNS, SCH 032088) for the Treatment of Nasal Polyps (P05604)",COMPLETED,PHASE3,INTERVENTIONAL,748.0,2011-06,2013-02,Organon and Co,INDUSTRY,ALL,18 Years,
NCT06751225,Evaluation of Wear Experience With a Weekly Replacement Soft Contact Lens in Neophyte Lens Wearers With Astigmatism,COMPLETED,NA,INTERVENTIONAL,40.0,2025-01-21,2025-11-04,Ohio State University,OTHER,ALL,18 Years,40 Years
NCT03770325,A Mechanistic Randomized Controlled Trial on the Cardiovascular Effect of Berberine,COMPLETED,PHASE2,INTERVENTIONAL,84.0,2019-04-01,2020-11-01,The University of Hong Kong,OTHER,MALE,20 Years,65 Years
NCT02615925,Descriptive Study of Mental Activity,COMPLETED,NA,INTERVENTIONAL,564.0,2014-11-04,2016-04-11,"University Hospital, Montpellier",OTHER,ALL,18 Years,
NCT03412825,"Diet, Nutrient Status, and Food Insecurity",COMPLETED,NA,INTERVENTIONAL,50.0,2017-12-01,2018-11-30,"University of Arkansas, Fayetteville",OTHER,ALL,7 Years,100 Years
NCT01539525,Screening to Augment Referral to Treatment- Project START,COMPLETED,NA,INTERVENTIONAL,439.0,2011-09-05,2015-01-28,Yale University,OTHER,FEMALE,18 Years,60 Years
NCT00390325,"Sorafenib Tosylate in Treating Patients With Metastatic, Locally Advanced, or Recurrent Medullary Thyroid Cancer",COMPLETED,PHASE2,INTERVENTIONAL,21.0,2006-11-03,2022-12-22,National Cancer Institute (NCI),NIH,ALL,18 Years,
NCT02612025,Effects of Resistance and Endurance Training in Pediatric Cancer Patients During Intensive Treatment Phase,COMPLETED,NA,INTERVENTIONAL,35.0,2015-11,2018-09,Johannes Gutenberg University Mainz,OTHER,ALL,4 Years,18 Years
NCT04780776,Evaluating the Effect of SOLIUS UV Light Source in Improving Vitamin D Status,COMPLETED,NA,INTERVENTIONAL,69.0,2022-02-23,2023-11-02,Boston University,OTHER,ALL,22 Years,
NCT01053676,Bioequivalence Study of BAY77-1931 Granule,COMPLETED,PHASE1,INTERVENTIONAL,59.0,2010-01,2010-04,Bayer,INDUSTRY,MALE,20 Years,45 Years
NCT01508676,Effects of Pennsaid on Clinical Neuropathic Pain,COMPLETED,NA,INTERVENTIONAL,35.0,2011-11,2016-01,Massachusetts General Hospital,OTHER,ALL,18 Years,80 Years
NCT05507476,Nasal Desmopressin Versus Topical Epinephrine in Endonasal Dacryocystorhinostomy,COMPLETED,NA,INTERVENTIONAL,52.0,2022-09-01,2023-06-01,Zagazig University,OTHER_GOV,ALL,18 Years,45 Years
NCT01534676,Effects of Transfusion of Older Stored Red Cells,TERMINATED,NA,INTERVENTIONAL,3.0,2012-02,2013-03,Columbia University,OTHER,ALL,1 Year,65 Years
NCT02559076,The Eat Right Emirates Healthy Lifestyle Study,COMPLETED,NA,INTERVENTIONAL,150.0,2014-09,2015-09,Great Ormond Street Hospital for Children NHS Foundation Trust,OTHER,ALL,2 Years,6 Years
NCT07218276,Passive Robots for Stroke Rehabilitation: A Feasibility Study,RECRUITING,NA,INTERVENTIONAL,4.0,2025-11-05,2027-10-01,University of Michigan,OTHER,ALL,18 Years,75 Years
NCT05909917,Deploying Emergency Bystander Internet Training,COMPLETED,NA,INTERVENTIONAL,658.0,2023-07-15,2024-08-31,University of Michigan,OTHER,ALL,18 Years,
NCT01388517,"Clinical Trial of 0.0003% Calcitriol, 0.1% Tacrolimus, and Petrolatum for the Treatment of Pityriasis Alba",COMPLETED,PHASE4,INTERVENTIONAL,39.0,2008-01,2011-01,Universidad Autonoma de San Luis Potosí,OTHER,ALL,2 Years,18 Years
NCT01093417,Study of Vitamin D and Effect on Heart Disease and Insulin Resistance,COMPLETED,PHASE2,INTERVENTIONAL,45.0,2010-01,2010-10,University Hospitals Cleveland Medical Center,OTHER,ALL,18 Years,
NCT03593317,Blockade of the Renin-angiotensin-aldosterone System in Patients With ARVD,RECRUITING,PHASE2,INTERVENTIONAL,120.0,2024-12-20,2029-12,Hospices Civils de Lyon,OTHER,ALL,18 Years,
NCT00418717,"Open Label, Dose-Regimen Study Evaluating Etanercept 50 mg Once-Weekly In Japanese Subjects With RA",COMPLETED,PHASE3,INTERVENTIONAL,42.0,2007-02,2007-12,Wyeth is now a wholly owned subsidiary of Pfizer,INDUSTRY,ALL,20 Years,75 Years
NCT01995617,Safety and Immunogenicity Study of Prophylactic Streptococcus Pneumoniae Vaccine,COMPLETED,PHASE1,INTERVENTIONAL,90.0,2013-11,2015-02,"Genocea Biosciences, Inc.",INDUSTRY,ALL,18 Years,55 Years
NCT04439240,Testing AZD4547 as a Potential Targeted Treatment in Cancers With FGFR Genetic Changes (MATCH-Subprotocol W),COMPLETED,PHASE2,INTERVENTIONAL,52.0,2016-05-31,2020-06-30,National Cancer Institute (NCI),NIH,ALL,18 Years,
NCT05289817,Effects of Transcutaneous Electrical Stimulation on the Autonomous Nerve System in Healthy Young People,COMPLETED,NA,INTERVENTIONAL,30.0,2022-03-22,2022-06-29,Universidade da Coruña,OTHER,ALL,18 Years,35 Years
NCT00561340,Study of the Effect of Calorie Supplementation on Growth in Young Children on ADHD Medication,COMPLETED,NA,INTERVENTIONAL,29.0,2006-01-02,2010-09-01,University of Nebraska,OTHER,ALL,5 Years,9 Years
NCT03789240,Response-Adapted Therapy With Copanlisib and Rituximab in Untreated Follicular Lymphoma,ACTIVE_NOT_RECRUITING,PHASE2,INTERVENTIONAL,33.0,2019-08-22,2027-01-01,National Cancer Institute (NCI),NIH,ALL,18 Years,
NCT00983840,Family Eats:Cancer Prevention for Families,COMPLETED,NA,INTERVENTIONAL,151.0,2009-09,2012-10,Baylor College of Medicine,OTHER,ALL,8 Years,10 Years
NCT00276640,Radiation Therapy or Combination Chemotherapy in Treating Patients With Clinically or Radiologically Progressive Low-Grade Gliomas,COMPLETED,NA,INTERVENTIONAL,3417.0,2004-04-01,2017-05-31,Societe Internationale d'Oncologie Pediatrique,OTHER,ALL,1 Day,18 Years
NCT00817440,Effects of Fasting and Exercise on Insulin and GH Signaltransduction in Muscle and Fat,COMPLETED,NA,INTERVENTIONAL,8.0,2008-12,,University of Aarhus,OTHER,MALE,18 Years,45 Years
NCT00990340,Comparison of a Needle-free Injection Method With a Needle-syringe Injection Method,COMPLETED,PHASE4,INTERVENTIONAL,52.0,2009-09,2010-08,"Teva Branded Pharmaceutical Products R&D, Inc.",INDUSTRY,MALE,7 Years,17 Years
NCT07403240,"The Effect of Haptonomy Practice on Risk Perception, Distress and Attachment in Pregnant Women With Prenatal Loss",COMPLETED,NA,INTERVENTIONAL,126.0,2023-09-20,2024-06-30,Inonu University,OTHER,FEMALE,,
NCT05600140,Viewing Strategy Training in Children With (Cerebral) Visual Impairment,RECRUITING,NA,INTERVENTIONAL,60.0,2024-10-25,2026-12,Royal Dutch Visio,OTHER,ALL,5 Years,12 Years
NCT01763840,Contrast Enhanced Ultrasound for Evaluation of Pediatric Abdominal Trauma,COMPLETED,PHASE1,INTERVENTIONAL,18.0,2013-04,2015-10,David Mooney,OTHER,ALL,2 Years,35 Years
NCT04486989,Treatment for Teachers With Vocal Fatigue,COMPLETED,NA,INTERVENTIONAL,31.0,2020-02-04,2023-06-06,East Tennessee State University,OTHER,FEMALE,21 Years,60 Years
NCT05989789,Radioactive Seed-guided Resection of Cholangiocellular Carcinoma in Cirrhotic Patients,COMPLETED,NA,INTERVENTIONAL,2.0,2020-06-15,2021-06-30,Clarunis - Universitäres Bauchzentrum Basel,OTHER,MALE,18 Years,85 Years
NCT04150068,Study to Evaluate the Safety and Efficacy of Lenacapavir (GS-6207) in Combination With an Optimized Background Regimen (OBR) in Heavily Treatment Experienced Participants Living With HIV-1 Infection With Multidrug Resistance,ACTIVE_NOT_RECRUITING,PHASE2,INTERVENTIONAL,72.0,2019-11-21,2027-01,Gilead Sciences,INDUSTRY,ALL,12 Years,
NCT01210950,Distraction Osteogenesis in Limb-length Discrepancy With Mesenchymal Cell Transplantation,COMPLETED,PHASE1,INTERVENTIONAL,6.0,2009-09,2013-12,Royan Institute,OTHER_GOV,ALL,18 Years,65 Years
NCT01759511,Long-Term Safety Study of GS-6624 in Adults With Idiopathic Pulmonary Fibrosis (IPF),TERMINATED,PHASE2,INTERVENTIONAL,34.0,2012-10-18,2016-02-19,Gilead Sciences,INDUSTRY,ALL,18 Years,
NCT03103711,Promotion of Emotional Well-being in Hospitalized Cancer Patients by Virtual Reality,COMPLETED,NA,INTERVENTIONAL,76.0,2010-07,2011-12,University of Valencia,OTHER,ALL,18 Years,
NCT05391971,Effects of Stellate Ganglion Block in Post-traumatic Stress Disorder,ACTIVE_NOT_RECRUITING,PHASE4,INTERVENTIONAL,79.0,2022-08-01,2026-06-30,NYU Langone Health,OTHER,ALL,18 Years,65 Years
NCT01451164,A Dose-finding Trial of OPC-34712 in Patients With Schizophrenia,COMPLETED,PHASE2,INTERVENTIONAL,459.0,2011-10,,"Otsuka Pharmaceutical Co., Ltd.",INDUSTRY,ALL,18 Years,65 Years
NCT00193011,Weekly Docetaxel and CMF in the Adjuvant Treatment of Elderly Women With High-Risk Breast Cancer,COMPLETED,PHASE3,INTERVENTIONAL,150.0,2002-03,2004-08,"SCRI Development Innovations, LLC",OTHER,FEMALE,18 Years,
NCT03373071,Anti-CD19 CAR T Cells in Pediatric Patients Affected by Relapsed/Refractory CD19+ ALL and NHL,COMPLETED,PHASE1,INTERVENTIONAL,29.0,2017-12-23,2025-01-24,Bambino Gesù Hospital and Research Institute,OTHER,ALL,6 Months,25 Years
NCT00595244,Safety and Efficacy Study of PB127 Ultrasound Contrast Agent in Patients With Suspected Coronary Artery Disease,COMPLETED,PHASE3,INTERVENTIONAL,456.0,2002-07,2003-10,Point Biomedical,INDUSTRY,ALL,18 Years,
NCT05821244,Exercise Timing in Breast Cancer Patients,COMPLETED,NA,INTERVENTIONAL,32.0,2023-07-05,2024-08-05,University of Utah,OTHER,FEMALE,18 Years,
NCT00000344,Buprenorphine/Naloxone for Treatment of Opiate Dependence - 9,COMPLETED,PHASE2,INTERVENTIONAL,40.0,,2000-08,National Institute on Drug Abuse (NIDA),NIH,ALL,21 Years,50 Years
NCT00240071,Study of Avastin (Bevacizumab) to Reverse Acquired Estrogen Independence in Previously Hormone Responsive Metastatic Breast Ca.,COMPLETED,PHASE2,INTERVENTIONAL,30.0,2005-10,2011-04,University of Alabama at Birmingham,OTHER,FEMALE,19 Years,80 Years
NCT04116671,Stimulation Combined With Powered Motorized Orthoses for Walking After Stroke,ACTIVE_NOT_RECRUITING,NA,INTERVENTIONAL,5.0,2020-04-01,2026-11-01,VA Office of Research and Development,FED,ALL,18 Years,75 Years
NCT05690971,Psychosocial Mobile App for Chronic Graft-Versus-Host Disease,ACTIVE_NOT_RECRUITING,NA,INTERVENTIONAL,120.0,2023-01-23,2027-06-01,Massachusetts General Hospital,OTHER,ALL,18 Years,
NCT05044871,Biomarker-driven Targeted Therapy in Patients With Recurrent Platinum-resistant Epithelial Ovarian Cancer,COMPLETED,PHASE2,INTERVENTIONAL,108.0,2022-07-22,2025-02-17,Tongji Hospital,OTHER,FEMALE,18 Years,
NCT00332371,COMPACT - COMbining Plasma-filtration and Adsorption Clinical Trial,TERMINATED,NA,INTERVENTIONAL,184.0,2006-12,2011-07,Gruppo Italiano per la Valutazione degli Interventi in Terapia Intensiva,OTHER,ALL,18 Years,
NCT00931944,"Open-Label, Safety and Tolerability Extension Study of KNS-760704 in Amyotrophic Lateral Sclerosis (ALS) (CL211)",COMPLETED,PHASE2,INTERVENTIONAL,74.0,2009-07,2013-07,Knopp Biosciences,INDUSTRY,ALL,21 Years,80 Years
NCT00014144,"S0031, ZD 1839 in Treating Patients With Advanced Cancer of the Urinary Tract",COMPLETED,PHASE2,INTERVENTIONAL,31.0,2001-02,2007-12,SWOG Cancer Research Network,NETWORK,ALL,,
NCT05854771,Effects Of Yoga Before vs After Eccentric Exercise On Delayed Onset Muscle Soreness,COMPLETED,NA,INTERVENTIONAL,42.0,2022-10-28,2023-07-08,Riphah International University,OTHER,ALL,18 Years,30 Years
NCT03980444,Effectiveness Basket Wires for the Maintenance of Stone and Pneumatic Probe in the Treatment of Ureteral Stones,COMPLETED,NA,INTERVENTIONAL,124.0,2015-04-29,2018-04-20,Mohammad Sadegh Bagheri Baghdasht,OTHER,ALL,30 Years,60 Years
NCT00762164,Comparison of the Effect of Vytorin 10/80 Tablet Split Into 4 and Simvastatin 20 Milligrams on Low-density Lipoprotein (LDL) Cholesterol,COMPLETED,PHASE4,INTERVENTIONAL,34.0,2007-03,2009-05,Bronx VA Medical Center,FED,ALL,18 Years,
NCT00447109,"Time Interval for Changing Closed System Suction Catheters, Effect on Ventilator Associated Pneumonia",COMPLETED,NA,INTERVENTIONAL,344.0,2003-09,2004-04,Bayside Health,OTHER_GOV,ALL,18 Years,
NCT00467909,Nutrition and Cognition in Indian Children,COMPLETED,NA,INTERVENTIONAL,600.0,2005-11-01,2007-03-31,St. John's Research Institute,OTHER,ALL,7 Years,9 Years
NCT02346409,Cerebello-thalamo-cortical Coupling in Essential Tremor,COMPLETED,NA,INTERVENTIONAL,20.0,2015-02-04,2018-02-16,"Institut National de la Santé Et de la Recherche Médicale, France",OTHER_GOV,ALL,18 Years,75 Years
NCT01990209,Orteronel as Monotherapy in Patients With Metastatic Breast Cancer (MBC) That Expresses the Androgen Receptor (AR),COMPLETED,PHASE2,INTERVENTIONAL,71.0,2014-03,2021-05-01,"SCRI Development Innovations, LLC",OTHER,ALL,18 Years,
NCT01202409,CAPOX in KRAS Wild-Type Advanced Adenocarcinoma of the Small Bowel or Ampulla of Vater,COMPLETED,PHASE2,INTERVENTIONAL,19.0,2010-11-02,2018-07-03,M.D. Anderson Cancer Center,OTHER,ALL,18 Years,
NCT01094899,Abnormal Structure and Bone Density in Diabetes,COMPLETED,NA,INTERVENTIONAL,79.0,2010-03-10,2014-07-10,"Institut National de la Santé Et de la Recherche Médicale, France",OTHER_GOV,MALE,30 Years,70 Years
NCT00494299,Phase III Study of BAY43-9006 in Patients With Advanced Hepatocellular Carcinoma (HCC) Treated After Transcatheter Arterial Chemoembolization (TACE),COMPLETED,PHASE3,INTERVENTIONAL,458.0,2006-04,2010-11,Bayer,INDUSTRY,ALL,18 Years,
NCT06570499,"Comparison of Conventional Impressions, Intraoral Scanners and Digital Photogrammetry for Full-arch Implant Prosthesis.",RECRUITING,NA,INTERVENTIONAL,20.0,2024-06-18,2024-12-15,Centre Hospitalier Universitaire de Liege,OTHER,ALL,18 Years,
NCT06355999,Levari Exp.20: 2D - Partial Feedback,COMPLETED,NA,INTERVENTIONAL,55.0,2021-05-01,2021-06-01,Brigham and Women's Hospital,OTHER,ALL,18 Years,80 Years
NCT07366099,Al18F-NOTA-LM3 PET/CT in Patients With TIO,RECRUITING,NA,INTERVENTIONAL,40.0,2023-03-30,2026-05-30,Peking Union Medical College Hospital,OTHER,ALL,18 Years,80 Years
NCT03133299,A Study Evaluating Vitamin D in Allergic Bronchopulmonary Aspergillosis Complicating Asthma,COMPLETED,PHASE2,INTERVENTIONAL,30.0,2016-12-01,2018-06-30,"Post Graduate Institute of Medical Education and Research, Chandigarh",OTHER,ALL,18 Years,65 Years
NCT02252432,The Effects of Ketamine and Methadone on Postoperative Pain for Laminectomy,TERMINATED,PHASE4,INTERVENTIONAL,13.0,2013-02,2023-01,Cedars-Sinai Medical Center,OTHER,ALL,18 Years,80 Years
NCT04402632,Embolization of the Middle Meningeal Artery With ONYX™ Liquid Embolic System for Subacute and Chronic Subdural Hematoma,COMPLETED,NA,INTERVENTIONAL,600.0,2020-10-27,2025-04-03,Medtronic Neurovascular Clinical Affairs,INDUSTRY,ALL,18 Years,90 Years
NCT00357032,PXD101 in Treating Patients With Acute Myeloid Leukemia,COMPLETED,PHASE2,INTERVENTIONAL,12.0,2006-05,2010-07,National Cancer Institute (NCI),NIH,ALL,18 Years,
NCT06240832,Aerobic Capacity Muscle Strength and Health Related Quality of Life in Children With Chronic Liver Disease,COMPLETED,NA,INTERVENTIONAL,18.0,2022-06-22,2023-06-22,Cairo University,OTHER,ALL,7 Years,14 Years
NCT00151632,Reduction of Tacrolimus Dose in Association With Mycophenolate Mofetil After Liver Transplantation,TERMINATED,PHASE3,INTERVENTIONAL,195.0,2003-05,2009-05,Rennes University Hospital,OTHER,ALL,18 Years,
NCT04524832,"Research Study Comparing New Tablets of Semaglutide in New Doses, in Healthy People",COMPLETED,PHASE1,INTERVENTIONAL,290.0,2020-09-29,2022-02-25,Novo Nordisk A/S,INDUSTRY,ALL,18 Years,64 Years
NCT07131098,Early Enteral Feeding and Clinical Outcomes in ICU Patients,COMPLETED,NA,INTERVENTIONAL,80.0,2024-01-01,2024-04-30,Loai Muawiah Zabin,OTHER,ALL,18 Years,
NCT04007198,"A Study of Itolizumab (EQ001) to Evaluate the Safety, Tolerability, PK, PD, and Clinical Activity in Uncontrolled Asthma",COMPLETED,PHASE1,INTERVENTIONAL,18.0,2019-06-20,2021-10-12,Biocon Limited,INDUSTRY,ALL,18 Years,75 Years
NCT05360498,Symptom Management for Rural-Urban Cancer Survivors and Caregivers,COMPLETED,NA,INTERVENTIONAL,555.0,2022-08-22,2026-01-12,University of Arizona,OTHER,ALL,18 Years,
NCT01258998,Study of Akt Inhibitor MK2206 in Patients With Relapsed Lymphoma,COMPLETED,PHASE2,INTERVENTIONAL,60.0,2010-12,2015-08,National Cancer Institute (NCI),NIH,ALL,18 Years,
NCT06750198,Effects of Hip Focused Exercises in Patients With Post Operative Anterior Cruciate Ligament Rehabilitation,COMPLETED,NA,INTERVENTIONAL,47.0,2024-10-15,2024-11-20,Riphah International University,OTHER,ALL,18 Years,45 Years
NCT00924898,"Treatment of Acute HIV With Emtricitabine, Tenofovir and Efavirenz (CID 0805)",COMPLETED,PHASE4,INTERVENTIONAL,92.0,2005-01,2013-12,"University of North Carolina, Chapel Hill",OTHER,ALL,18 Years,
NCT06594198,"Evaluation of the BRAINDEX Brain Monitor in Cardiac Surgery, Interventional Comparative Study",COMPLETED,NA,INTERVENTIONAL,40.0,2024-09-09,2025-03-03,Braindex,INDUSTRY,ALL,18 Years,
NCT00151463,QEQ Treatment Responsiveness Evaluation Study,COMPLETED,PHASE4,INTERVENTIONAL,100.0,2005-01,,Pfizer's Upjohn has merged with Mylan to form Viatris Inc.,INDUSTRY,MALE,18 Years,
NCT04295863,Comparing Dosing Intervals of Nivolumab or Pembrolizumab in Locally Advanced or Metastatic Cancers,RECRUITING,PHASE1,INTERVENTIONAL,264.0,2020-06-25,2026-04-12,University of Chicago,OTHER,ALL,18 Years,
NCT04116463,Testing the Effects of the CDSMP Among Lower-to-Middle Wage Workers,COMPLETED,NA,INTERVENTIONAL,327.0,2015-06-29,2018-09-26,"University of North Carolina, Chapel Hill",OTHER,ALL,40 Years,64 Years
NCT02534363,Neurocognitive Effectiveness in Treatment of First-episode Non-affective Psychosis: 1-year Follow-up,COMPLETED,PHASE4,INTERVENTIONAL,136.0,2005-10,2013-01,Fundación Marques de Valdecilla,OTHER,ALL,15 Years,60 Years
NCT03898063,90 DAYS: An Entertainment Education Intervention to Evaluate a Short Film About HIV Status Disclosure,COMPLETED,NA,INTERVENTIONAL,148.0,2019-06-17,2020-05-31,University of Miami,OTHER,FEMALE,18 Years,50 Years
NCT00290563,Safety and Efficacy of MK0594 to Treat Overactive Bladder (0594-003),COMPLETED,PHASE2,INTERVENTIONAL,557.0,2006-02-21,2007-09-24,Vyne Therapeutics Inc.,INDUSTRY,ALL,40 Years,74 Years
NCT04524663,Oral Camostat Compared With Standard Supportive Care in Mild-Moderate COVID-19 Patients,COMPLETED,PHASE2,INTERVENTIONAL,49.0,2020-12-19,2021-05-15,Stanford University,OTHER,ALL,18 Years,80 Years
NCT04773587,Trial of PDE4 Inhibition With Roflumilast for the Management of Atopic Dermatitis,COMPLETED,PHASE3,INTERVENTIONAL,654.0,2021-01-27,2022-08-30,"Arcutis Biotherapeutics, Inc.",INDUSTRY,ALL,6 Years,
NCT01822587,Enhancing Disrupted Reconsolidation: Impact on Cocaine Craving,COMPLETED,PHASE2,INTERVENTIONAL,181.0,2013-09,2018-11-05,Medical University of South Carolina,OTHER,ALL,18 Years,
NCT06193993,Effect of Low-dose 500 mg Abiraterone Acetate in Treatment of Metastatic Prostate Cancer Patients,ACTIVE_NOT_RECRUITING,PHASE1,INTERVENTIONAL,10.0,2021-11-30,2026-09,"National University Hospital, Singapore",OTHER,MALE,21 Years,99 Years
NCT00406393,Sirolimus/Tacrolimus Versus Tacrolimus/Methotrexate for Preventing Graft-Versus-Host Disease (GVHD) (BMT CTN 0402),COMPLETED,PHASE3,INTERVENTIONAL,304.0,2006-11,2015-10,Medical College of Wisconsin,OTHER,ALL,2 Years,60 Years
NCT00707993,Efficacy and Safety of Alogliptin Compared to Glipizide in Elderly Diabetics,COMPLETED,PHASE3,INTERVENTIONAL,441.0,2008-06,2010-08,Takeda,INDUSTRY,ALL,65 Years,90 Years
NCT06508021,A Study of Andecaliximab in Participants With Fibrodysplasia Ossificans Progressiva (FOP),ACTIVE_NOT_RECRUITING,PHASE2,INTERVENTIONAL,92.0,2024-10-25,2029-02-04,Ashibio Inc,INDUSTRY,ALL,2 Years,
NCT05026593,A Study of IBI110 in Combination With Sintilimab and Chemotherapy in Patients With Untreated Extensive-Stage Small Cell Lung Cancer,COMPLETED,PHASE1,INTERVENTIONAL,60.0,2021-09-07,2023-06-26,Innovent Biologics (Suzhou) Co. Ltd.,INDUSTRY,ALL,18 Years,
NCT01407393,Safety and Efficacy of Glucosanol in Reducing Body Weight in Overweight and Obese Subjects,COMPLETED,PHASE4,INTERVENTIONAL,124.0,2011-05,2011-12,InQpharm Group,INDUSTRY,ALL,18 Years,60 Years
NCT05180721,A Multi-level Intervention to Increase Access and Use of the Patient Portal,COMPLETED,NA,INTERVENTIONAL,26.0,2022-10-03,2024-07-02,Yale University,OTHER,ALL,18 Years,
NCT00152321,Strategies Targeting Osteoporosis to Prevent Recurrent Fractures,COMPLETED,NA,INTERVENTIONAL,242.0,2003-09,2010-03,University of Alberta,OTHER,ALL,50 Years,
NCT01660321,Pharmacokinetic (PK) and Tolerance Study of Natroba Topical Suspension in Pediatrics With an Active Head Lice Infestation,COMPLETED,PHASE4,INTERVENTIONAL,26.0,2011-09,2012-03,ParaPRO LLC,INDUSTRY,ALL,6 Months,4 Years
NCT03404921,Efficacy and Safety of Endoscopic Submucosal Tunnel Dissection for Superficial Esophageal Squamous Cell Carcinoma,COMPLETED,NA,INTERVENTIONAL,160.0,2018-01-01,2018-07-31,Xijing Hospital of Digestive Diseases,OTHER,ALL,18 Years,
NCT02269514,Comparison of Nicotine Plasma Concentrations and Subjective Effects for Three Electronic Cigarettes vs Combustible Cigarettes and Nicotine Gum,COMPLETED,NA,INTERVENTIONAL,45.0,2014-05,2015-01,R.J. Reynolds Vapor Company,INDUSTRY,ALL,21 Years,60 Years
NCT03784014,Molecular Profiling of Advanced Soft-tissue Sarcomas,COMPLETED,PHASE3,INTERVENTIONAL,603.0,2019-10-19,2026-01-20,"Institut National de la Santé Et de la Recherche Médicale, France",OTHER_GOV,ALL,18 Years,
NCT00634114,Reflux Esophagitis Phase III Study (Maintenance Treatment),COMPLETED,PHASE3,INTERVENTIONAL,540.0,2008-01,2009-05,AstraZeneca,INDUSTRY,ALL,20 Years,
NCT03089814,Changes in Tissue Microcirculation During Ischemic Conditioning: Pilot Study,COMPLETED,NA,INTERVENTIONAL,20.0,2017-03-23,2017-07-10,Seoul National University Hospital,OTHER,ALL,20 Years,80 Years
NCT01209416,The Effect of Pharmacological Antilipolysis on the Metabolic Effects of Ghrelin,COMPLETED,NA,INTERVENTIONAL,8.0,2012-06,2015-10,University of Aarhus,OTHER,MALE,18 Years,65 Years
NCT03934216,Safety and Efficacy of Deucravacitinib in Participants With Moderate to Severe Ulcerative Colitis,COMPLETED,PHASE2,INTERVENTIONAL,131.0,2019-07-01,2023-04-04,Bristol-Myers Squibb,INDUSTRY,ALL,18 Years,80 Years
NCT06444516,Study of Safety and Performance of a Novel Ocular Lubricant in Subjects With Dry Eye Disease,COMPLETED,NA,INTERVENTIONAL,188.0,2024-09-04,2025-02-07,Alcon Research,INDUSTRY,ALL,18 Years,
NCT05875116,Virtual Reality Versus Constraint-induced Movement on Hemiparesis in Cerebrovascular Event,RECRUITING,NA,INTERVENTIONAL,119.0,2018-08-17,2024-08-21,"Coordinación de Investigación en Salud, Mexico",OTHER_GOV,ALL,35 Years,70 Years
NCT03591406,To Assess the Impact of Ferric Carboxymaltose Compared With Iron Sucrose in Chinese Subjects on Correcting Iron Deficiency Anaemia,COMPLETED,PHASE3,INTERVENTIONAL,371.0,2017-07-03,2019-02-25,Vifor (International) Inc.,INDUSTRY,ALL,18 Years,
NCT04473404,Effect of a Probiotic Water on Oral Health in Adults,COMPLETED,NA,INTERVENTIONAL,48.0,2020-07-20,2020-08-26,Dose Biosystems Inc.,INDUSTRY,ALL,18 Years,65 Years
NCT00985504,A Study of Patients With Major Depressive Disorder and Residual Apathy,COMPLETED,PHASE4,INTERVENTIONAL,483.0,2009-09,2010-12,Eli Lilly and Company,INDUSTRY,ALL,18 Years,
NCT02130804,Using Salsalate to Target Adipocyte Macrophage Infiltration,COMPLETED,PHASE1,INTERVENTIONAL,30.0,2011-07,2013-10,University of Southern California,OTHER,ALL,18 Years,35 Years
NCT05878704,Study of GBT021601 in Participants With Renal Impairment,TERMINATED,PHASE1,INTERVENTIONAL,8.0,2023-06-29,2024-07-29,Pfizer,INDUSTRY,ALL,18 Years,
NCT07112404,Pain Intervention With Needling: Pilot Of Integrated Neuromodulation Techniques,RECRUITING,NA,INTERVENTIONAL,42.0,2025-10-23,2027-09,"The University of Texas Medical Branch, Galveston",OTHER,ALL,18 Years,65 Years
NCT00325104,Cinacalcet to Treat Familial Primary Hyperparathyroidism,COMPLETED,PHASE3,INTERVENTIONAL,25.0,2006-05-09,2007-03-31,National Institute of Diabetes and Digestive and Kidney Diseases (NIDDK),NIH,ALL,18 Years,
NCT02493504,Effects of Heparin on Arteriovenous Fistula Patency,COMPLETED,PHASE4,INTERVENTIONAL,150.0,2011-01,2013-01,Fatemeh Hoseinzadegan,OTHER,ALL,,
NCT06759584,Management of Temporomandibular Disorders (TMD),COMPLETED,NA,INTERVENTIONAL,80.0,2023-04-28,2024-02-28,Minia University,OTHER,ALL,20 Years,50 Years
NCT05224284,BPA Levels Relationship With IVF/ICSI Outcomes in Patients With Male Factor,COMPLETED,NA,INTERVENTIONAL,75.0,2019-05-01,2019-10-30,Sanliurfa Mehmet Akif Inan Education and Research Hospital,OTHER,MALE,23 Years,45 Years
NCT06437184,Increased Tuberculosis Case Detection - DiOpTB,RECRUITING,NA,INTERVENTIONAL,1584.0,2024-06-03,2026-03-31,Aarhus University Hospital,OTHER,ALL,15 Years,120 Years
NCT02555033,Effects of Simultaneous Balance and Resistance Training in Older Adults,COMPLETED,NA,INTERVENTIONAL,75.0,2014-02,2014-09,University of Kassel,OTHER,ALL,65 Years,80 Years
NCT04349033,Virtual Human Technology for Patients With Chronic Pain,COMPLETED,NA,INTERVENTIONAL,94.0,2021-02-10,2021-08-01,Wayne State University,OTHER,ALL,18 Years,
NCT07753733,Flexible Nephroscopy-Assisted Single-Tract Versus Multi-Tract Percutaneous Nephrolithotomy for Complex Renal Stones,RECRUITING,NA,INTERVENTIONAL,470.0,2026-08-13,2028-08-30,Al-Azhar University,OTHER,ALL,18 Years,70 Years
NCT06366633,Web-based Mind-body Program for Comorbid Nontraumatic Upper-extremity Condition and Risky Substance Use,COMPLETED,NA,INTERVENTIONAL,5.0,2024-10-29,2025-07-31,Jafar Bakhshaie,OTHER,ALL,18 Years,
NCT04546633,"Efficacy, Safety and Tolerability of KAF156 in Combination With Lumefantrine Solid Dispersion Formulation (LUM-SDF) in Pediatric Population With Uncomplicated Plasmodium Falciparum Malaria",COMPLETED,PHASE2,INTERVENTIONAL,295.0,2021-02-16,2024-08-28,Novartis Pharmaceuticals,INDUSTRY,ALL,6 Months,17 Years
NCT02913352,Latarjet Versus Modified Eden-Hybinette for Anterior Shoulder Dislocation,RECRUITING,NA,INTERVENTIONAL,60.0,2016-09-01,2029-12-01,University of Sao Paulo,OTHER,ALL,16 Years,
NCT03978052,Prevention of Cognitive Decline in ApoE4 Carriers With Subjective Cognitive Decline After EGCG and a Multimodal Intervention,COMPLETED,NA,INTERVENTIONAL,129.0,2019-10-30,2023-06-28,Parc de Salut Mar,OTHER,ALL,60 Years,80 Years
NCT02184247,Bioavailability of Two Sustained-release Theophylline Products in Healthy Males,COMPLETED,PHASE1,INTERVENTIONAL,22.0,1998-04,,Boehringer Ingelheim,INDUSTRY,MALE,18 Years,45 Years
NCT01305447,Getting Physical on Cigarettes - Smoking Cessation & Relapse Prevention,COMPLETED,PHASE2,INTERVENTIONAL,413.0,2009-10,2014-04,"University of Western Ontario, Canada",OTHER,FEMALE,18 Years,65 Years
NCT07502547,The Effect of a Mindfulness-Based Stress Reduction Program on Feelings of Being a Geriatric Burden in Older Women,ACTIVE_NOT_RECRUITING,NA,INTERVENTIONAL,72.0,2026-01-15,2026-05-27,Istanbul Aydın University,OTHER,FEMALE,60 Years,
NCT02263547,Rapid Elimination Procedure of Teriflunomide With Colestipol Hydrochloride,TERMINATED,PHASE1,INTERVENTIONAL,14.0,2015-03,2016-06,Derrick Scott Robertson,OTHER,ALL,18 Years,45 Years
NCT01981447,IV Lacosamide: The Safety of Intravenous Lacosamide,COMPLETED,PHASE3,INTERVENTIONAL,40.0,2010-04,2012-08,Le Bonheur Children's Hospital,OTHER,ALL,4 Years,35 Years
NCT00123747,Study of 18F-Fluorodeoxyglucose (FluGlucoScan) in Patients Receiving a Treatment Planning Study of 3 Dimensional Conformal Radiation Therapy Guided by Breath Held CT and PET Imaging for Patients With Non-Small Cell Lung Cancer,COMPLETED,PHASE2,INTERVENTIONAL,23.0,2005-08,2008-10,AHS Cancer Control Alberta,OTHER,ALL,18 Years,
NCT01861847,7-Keto DHEA for the Treatment of PTSD,COMPLETED,PHASE2,INTERVENTIONAL,71.0,2013-02,2014-12,Humanetics Corporation,INDUSTRY,ALL,18 Years,64 Years
NCT04844047,Does Fall Arrest Strategy Training Improve Capacity to Prevent Fall-Related Injury in Older Women?,COMPLETED,NA,INTERVENTIONAL,40.0,2016-08-24,2017-04-18,University of Saskatchewan,OTHER,FEMALE,60 Years,
NCT06675149,Diacutaneus Fibrolysis on Tempromandibular Joint Pain and Trismus Post Oral Surgery,COMPLETED,NA,INTERVENTIONAL,60.0,2024-08-20,2025-02-27,Cairo University,OTHER,ALL,18 Years,40 Years
NCT05048849,"A Study to Evaluate the Safety, Tolerability, and Immunogenicity of COVID-19 Vaccine, CT-COV-21 Extension Study",COMPLETED,PHASE2,INTERVENTIONAL,274.0,2021-07-19,2022-04-12,Medigen Vaccine Biologics Corp.,INDUSTRY,ALL,20 Years,
NCT04743349,Steam Inhalations in COVID-19 Patients,TERMINATED,NA,INTERVENTIONAL,143.0,2021-01-26,2021-06-06,Meyer Children's Hospital IRCCS,OTHER,ALL,18 Years,100 Years
NCT03761849,A Study to Evaluate the Efficacy and Safety of Intrathecally Administered RO7234292 (RG6042) in Participants With Manifest Huntington's Disease,COMPLETED,PHASE3,INTERVENTIONAL,899.0,2019-01-23,2022-03-24,Hoffmann-La Roche,INDUSTRY,ALL,25 Years,65 Years
NCT01312649,Feeling of Being in Control of One's Own Action,COMPLETED,NA,INTERVENTIONAL,198.0,2011-04,2017-07-04,"University Hospital, Strasbourg, France",OTHER,ALL,18 Years,55 Years
NCT02013349,DESolve Post-Approval Study,COMPLETED,NA,INTERVENTIONAL,102.0,2014-04-22,2019-04-01,Elixir Medical Corporation,INDUSTRY,ALL,18 Years,
NCT03104049,Pilot Study on the Effects of Neuromuscular Taping in Parkinson's Disease Patients,COMPLETED,NA,INTERVENTIONAL,46.0,2015-11-20,2017-01-08,IRCCS San Raffaele Roma,OTHER,ALL,60 Years,80 Years
NCT01364649,Vortioxetine (Lu AA21004) 10 and 20 mg for Treatment of Major Depressive Disorder With Sexual Dysfunction,COMPLETED,PHASE3,INTERVENTIONAL,447.0,2011-06,2013-12,Takeda,INDUSTRY,ALL,18 Years,55 Years
NCT03747549,Acupuncture for Insertional Achilles Tendinopathy Effectiveness,COMPLETED,NA,INTERVENTIONAL,38.0,2018-12-12,2021-03-16,Mike O'Callaghan Military Hospital,FED,ALL,18 Years,
NCT01782638,Effect of Deep Brain Stimulation on Gait of Patients With Parkinson's Disease Depending on Electrode Location in Subthalamic Area,COMPLETED,PHASE4,INTERVENTIONAL,11.0,2012-09,2013-04-23,"University Hospital, Clermont-Ferrand",OTHER,ALL,45 Years,85 Years
NCT06128538,Implementing Group Battlefield Acupuncture in CCRCs for the Treatment of Chronic Lower Back Pain,COMPLETED,NA,INTERVENTIONAL,11.0,2024-10-30,2025-08-15,Korey Kennelty,OTHER,ALL,18 Years,115 Years
NCT07528638,Intraoperative Neuromonitoring (IONM) and Bipolar Electrocautery (BE) During Axillary Lymph Node Dissection (ALND),RECRUITING,NA,INTERVENTIONAL,6.0,2026-06-29,2027-12-01,University of Cincinnati,OTHER,ALL,18 Years,70 Years
NCT01115738,Clopidogrel to Prasugrel in Acute Coronary Syndrome (ACS) Patients,COMPLETED,PHASE2,INTERVENTIONAL,282.0,2010-05,2011-11,Eli Lilly and Company,INDUSTRY,ALL,18 Years,74 Years
NCT07423338,Monitoring Respiratory Muscle Function in Acute Respiratory Failure Patients on Non Invasive Respiratory Support,RECRUITING,NA,INTERVENTIONAL,50.0,2026-02-26,2027-05-02,Queen Mary University of London,OTHER,ALL,18 Years,
NCT05308238,Pre-Active PD: Looking At Physical Activity Behavior Change in Parkinson's Disease,COMPLETED,NA,INTERVENTIONAL,50.0,2022-04-18,2024-03-13,San Jose State University,OTHER,ALL,18 Years,85 Years
NCT01055938,"Bioequivalence Study of Dr. Reddy's Divalproex Sodium Capsules (Sprinkle), 125 mg Under Fasting Conditions",COMPLETED,PHASE1,INTERVENTIONAL,34.0,2006-12,2007-03,Dr. Reddy's Laboratories Limited,INDUSTRY,ALL,18 Years,45 Years
NCT06379958,Drug-Drug Interaction (DDI) Study of Leramistat in Healthy Adult Subjects,RECRUITING,PHASE1,INTERVENTIONAL,48.0,2024-04-08,2024-09-30,Modern Biosciences Ltd,INDUSTRY,ALL,18 Years,55 Years
NCT03832348,Dynamics of 18-FDG Uptake in Stage III/IV Non Small Cell Lung Cancer During First Line Pembrolizumab Treatment,COMPLETED,NA,INTERVENTIONAL,40.0,2019-06-17,2024-07-03,Centre Henri Becquerel,OTHER,ALL,18 Years,
NCT01186848,Fractional Laser and Ultrasound for Striae Distensae,COMPLETED,NA,INTERVENTIONAL,30.0,2010-08,2011-06,Northwestern University,OTHER,ALL,18 Years,60 Years
NCT02173158,Efficacy and Safety of Lomitapide in Japanese Patients With HoFH on Concurrent Lipid-Lowering Therapy,COMPLETED,PHASE3,INTERVENTIONAL,9.0,2014-04-02,2015-12-17,"Aegerion Pharmaceuticals, Inc.",INDUSTRY,ALL,18 Years,
NCT00338858,The Connection Between Gait Variability Parameters and Balance Performance in Children With Physical Disability,COMPLETED,NA,INTERVENTIONAL,60.0,2006-06,2008-04,Alyn Pediatric & Adolescent Rehabilitation Hospital,OTHER,ALL,3 Years,16 Years
NCT02773758,Study to Investigate the Efficacy of an Occluding Dentifrice in Providing Relief From Dentine Hypersensitivity,COMPLETED,PHASE4,INTERVENTIONAL,143.0,2016-01-01,2016-03-11,GlaxoSmithKline,INDUSTRY,ALL,18 Years,65 Years
NCT00422058,The Effect of Liraglutide on Body Weight in Obese Subjects Without Diabetes,COMPLETED,PHASE2,INTERVENTIONAL,564.0,2007-01-10,2009-04-30,Novo Nordisk A/S,INDUSTRY,ALL,18 Years,65 Years
NCT06332755,"Study to Evaluate LB-LR1109, Administered Alone for the Treatment of Solid Tumor and in Combination With Atezolizumab for the Treatment of NSCLC",RECRUITING,PHASE1,INTERVENTIONAL,76.0,2024-06-05,2028-03,LG Chem,INDUSTRY,ALL,18 Years,
NCT07588555,"Comparative Analysis of Two Transforaminal Lumbar Interbody Fusion (TLIF) Procedures in the Treatment of Single-Level Lumbar Spinal Stenosis (LSS): A Single-Center, Prospective, Randomized Controlled Trial",RECRUITING,NA,INTERVENTIONAL,276.0,2026-03-18,2031-12-31,The Third Affiliated Hospital of Southern Medical University,OTHER_GOV,ALL,40 Years,70 Years
NCT04575155,Development & Pilot of the Technology-Enabled Alliance for Medication Therapy Management,COMPLETED,NA,INTERVENTIONAL,119.0,2020-10-23,2022-10-31,Northwestern University,OTHER,ALL,50 Years,
NCT00016926,"Capecitabine in Treating Patients With Advanced, Persistent, or Recurrent Cervical Cancer",COMPLETED,PHASE2,INTERVENTIONAL,,2001-04,,Gynecologic Oncology Group,NETWORK,FEMALE,,
NCT04297826,Reducing Chronic Disease Health Disparities in the Deep South,COMPLETED,NA,INTERVENTIONAL,137.0,2021-03-01,2022-11-30,University of Alabama at Birmingham,OTHER,ALL,65 Years,
NCT00126126,Evidence Based Amputee Rehabilitation (EBAR) Program,COMPLETED,NA,INTERVENTIONAL,20.0,2005-01,2008-05,US Department of Veterans Affairs,FED,ALL,40 Years,80 Years
NCT00829426,Alprazolam Extended-Release 3mg Tablets Bioequivalence Study Under Fasting Conditions,COMPLETED,PHASE1,INTERVENTIONAL,32.0,2005-06,2005-06,Teva Pharmaceuticals USA,INDUSTRY,ALL,18 Years,
NCT01868126,Multi-center Study Assessing the Safety and Efficacy of DE-117 Ophthalmic Solution in Subjects With Primary Open-angle Glaucoma or Ocular Hypertension,COMPLETED,PHASE2,INTERVENTIONAL,91.0,2013-05,2013-09,Santen Inc.,INDUSTRY,ALL,18 Years,
NCT07572578,Radicle Women's HealthTM: A Study Assessing the Impact of Health and Wellness Products on Fatigue and Related Health Outcomes Among Women Experiencing Menopausal Symptoms,COMPLETED,NA,INTERVENTIONAL,502.0,2026-05-07,2026-08-05,Radicle Science,INDUSTRY,FEMALE,35 Years,60 Years
NCT03660826,"Testing the Combination of Olaparib and Durvalumab, Cediranib and Durvalumab, Olaparib and Capivasertib, and Cediranib Alone in Recurrent or Refractory Endometrial Cancer Following the Earlier Phase of the Study That Tested Olaparib and Cediranib in Comparison to Cediranib Alone, and Olaparib Alone",ACTIVE_NOT_RECRUITING,PHASE2,INTERVENTIONAL,288.0,2018-09-27,2027-07-01,National Cancer Institute (NCI),NIH,FEMALE,18 Years,
NCT00347685,"A One-year, Open-label Study to Assess the Safety and Effectiveness of Extended Release Tramadol HCl in the Treatment of Chronic, Non-malignant Pain.",COMPLETED,PHASE3,INTERVENTIONAL,650.0,2000-10,2003-02,"Bausch Health Americas, Inc.",INDUSTRY,ALL,18 Years,
NCT06367985,CAPA-IVM Culture With Low Oxygen Tension,COMPLETED,NA,INTERVENTIONAL,20.0,2024-05-13,2025-06-01,Mỹ Đức Hospital,OTHER,FEMALE,18 Years,42 Years
NCT02136485,Mindfulness-based Stress Reduction in Multiple Sclerosis,COMPLETED,NA,INTERVENTIONAL,50.0,2014-06-02,2016-08-31,NHS Greater Glasgow and Clyde,OTHER,ALL,18 Years,
NCT06222385,Applied Cognition Benchmarking Study,COMPLETED,NA,INTERVENTIONAL,34.0,2022-11-07,2023-06-08,Applied Cognition,INDUSTRY,ALL,55 Years,65 Years
NCT05581485,Dex vs SLNB in Spontaneous Breathing Via THRIVE for Laryngeal Surgery,COMPLETED,NA,INTERVENTIONAL,46.0,2022-11-29,2025-07-31,Kaohsiung Veterans General Hospital.,OTHER,ALL,20 Years,80 Years
NCT04532385,Effect of Green Tea Extract on Lipids in Patients With Type 2 Diabetes,COMPLETED,NA,INTERVENTIONAL,20.0,2018-06-12,2019-01-14,"Centro Universitario de Ciencias de la Salud, Mexico",OTHER,ALL,40 Years,65 Years
NCT03089385,Use of a Hypertension Tool to Manage Blood Pressure in Hemodialysis,COMPLETED,NA,INTERVENTIONAL,38.0,2016-02-22,2021-04-09,"University Health Network, Toronto",OTHER,ALL,,
NCT01664585,Exercise Training With Physically Active Lifestyle to Reduce Headache and Quality of Life,COMPLETED,NA,INTERVENTIONAL,116.0,2012-09-17,2015-07-03,UKK Institute,OTHER,FEMALE,18 Years,60 Years
NCT00988585,Evaluation of the Safety and Biologic Effects of an Eicosapentaenoic (EPA)-Enriched Oil,COMPLETED,PHASE1,INTERVENTIONAL,120.0,2009-04,2009-12,Cardiovascular Research Associates,NETWORK,ALL,21 Years,70 Years
NCT05412615,PRC With Meniscal Allograft Arthroplasty for Wrist Osteoarthritis,RECRUITING,NA,INTERVENTIONAL,20.0,2023-09-01,2026-12-31,"University of Colorado, Denver",OTHER,ALL,30 Years,80 Years
NCT03482115,Brain Network Disruptions Related to Traumatic Coma,COMPLETED,NA,INTERVENTIONAL,59.0,2018-03-07,2022-02-07,"University Hospital, Toulouse",OTHER,ALL,18 Years,75 Years
NCT01614015,Building Outcomes With Observation-Based Supervision: An FFT Effectiveness Trial,COMPLETED,PHASE2,INTERVENTIONAL,328.0,2010-09,2016-06,Oregon Research Institute,OTHER,ALL,12 Years,18 Years
NCT03177915,Median Nerve Hydro-dissection Using Single Injection of Hyalase as a Novel Treatment of Carpal Tunnel Syndrome,COMPLETED,NA,INTERVENTIONAL,60.0,2016-03,2017-02,Assiut University,OTHER,ALL,18 Years,60 Years
NCT01361815,Prospective Multicenter Trial to Explore the Tolerability and Safety of the H-Coil Deep TMS in Combination With Serotonin Selective Reuptake Inhibitor(SSRI),COMPLETED,NA,INTERVENTIONAL,75.0,2011-07,2014-12,Brainsway,INDUSTRY,ALL,22 Years,68 Years
NCT01980615,"Phase I Study Evaluating the Safety and Pharmacokinetics of Budesonide, Glycopyrronium, and Formoterol Fumarate Inhalation Aerosol (BGF MDI) in Healthy Volunteers",COMPLETED,PHASE1,INTERVENTIONAL,84.0,2013-11,2013-12,"Pearl Therapeutics, Inc.",INDUSTRY,ALL,18 Years,45 Years
NCT04251715,mFOLFIRINOX Followed by Hepatic Arterial Infusion of Floxuridine and Dexamethasone With Systemic mFOLFIRI for Unresectable Liver-dominant Intrahepatic Cholangiocarcinoma,TERMINATED,PHASE2,INTERVENTIONAL,5.0,2021-04-28,2024-03-20,OHSU Knight Cancer Institute,OTHER,ALL,18 Years,
NCT05036525,Evaluation of the Efficacy and Safety of a Hyaluronic Acid Gel in Adhesion Prevention After Open Thyroidectomy.,COMPLETED,NA,INTERVENTIONAL,100.0,2022-06-17,2023-04-17,HAN Biomedical Inc,INDUSTRY,ALL,20 Years,70 Years
NCT03178825,Hybrid Fractional Laser for Symptoms of Genitourinary Syndrome of Menopause,COMPLETED,NA,INTERVENTIONAL,60.0,2017-05-19,2020-02-25,Sciton,INDUSTRY,FEMALE,40 Years,70 Years
NCT02722525,Cardiac MRI in Measuring the Impact of Anti-androgen Treatment on Cardiac Function in Patients With Prostate Cancer,ACTIVE_NOT_RECRUITING,NA,INTERVENTIONAL,23.0,2014-12,2026-12-31,Ohio State University Comprehensive Cancer Center,OTHER,MALE,,
NCT00753935,Aspirin Resistance in Coronary Artery Disease,COMPLETED,EARLY_PHASE1,INTERVENTIONAL,92.0,2006-06,2014-03,Vanderbilt University,OTHER,ALL,40 Years,
NCT05478135,A Remote Evaluation of NAVIFY Oncology Hub Using Clinical Simulation,COMPLETED,NA,INTERVENTIONAL,27.0,2022-05-15,2022-11-03,Prova Health Limited,OTHER,ALL,18 Years,65 Years
NCT05201235,Visual Attention Span Mobilisation for Dyslexia,COMPLETED,NA,INTERVENTIONAL,74.0,2022-01-17,2023-07-05,Humans Matter,INDUSTRY,ALL,8 Years,11 Years
NCT03343535,OCS Lung System EXPAND II Trial,TERMINATED,NA,INTERVENTIONAL,46.0,2018-03-12,2022-07-06,TransMedics,INDUSTRY,ALL,18 Years,75 Years
NCT04561635,Effects of Multiple-micronutrients Supplementation on Growth and Iron Status of Indigenous Children in Malaysia,COMPLETED,NA,INTERVENTIONAL,98.0,2017-09-01,2019-04-30,Universiti Putra Malaysia,OTHER,ALL,6 Months,24 Months
NCT06077435,Comparative Analysis of AI Software for Enhanced Polyp Detection and Diagnosis,RECRUITING,NA,INTERVENTIONAL,915.0,2023-03-01,2026-06-01,Sahlgrenska University Hospital,OTHER,ALL,50 Years,90 Years
NCT05892835,Attitude and Knowledge of Basic Life Support of Professional Soccer Players and Coaches in Valencian Community,COMPLETED,NA,INTERVENTIONAL,206.0,2021-01-05,2021-03-31,Isabel Almodóvar Fernández,OTHER,ALL,18 Years,65 Years
NCT06696508,Comparison Between Classic Laparoscopic Dismembered Pyeloplasty and Insitu Spatulation with Pre-Dismembering Ureteropelvic Angle Suturing.,COMPLETED,NA,INTERVENTIONAL,50.0,2022-01-01,2024-08-30,Cairo University,OTHER,ALL,3 Years,60 Years
NCT06514508,Mobilization of Stem Cells With Motixafortide (BL-8040) in Combination With G-CSF in Multiple Myeloma Patients,RECRUITING,PHASE3,INTERVENTIONAL,60.0,2025-12-01,2027-05-31,"Guangzhou Gloria Biosciences Co., Ltd.",INDUSTRY,ALL,18 Years,78 Years
NCT04617925,A Study of Belantamab Mafodotin in Patients With Relapsed or Refractory AL Amyloidosis,COMPLETED,PHASE2,INTERVENTIONAL,35.0,2021-02-26,2025-07-17,Stichting European Myeloma Network,NETWORK,ALL,18 Years,
NCT00074425,BufferGel and PRO 2000/5: Vaginal Gels to Prevent HIV Infection in Women,COMPLETED,PHASE2,INTERVENTIONAL,3101.0,2005-01,2008-09,National Institute of Allergy and Infectious Diseases (NIAID),NIH,FEMALE,18 Years,
NCT06188325,A Study to Evaluate Pharmacokinetic Parameters of Eliglustat in Healthy Volunteers Who Are CYP2D6 Extensive or Poor Metabolizers,COMPLETED,PHASE1,INTERVENTIONAL,18.0,2018-01-01,2018-03-26,Sanofi,INDUSTRY,ALL,18 Years,65 Years
NCT00039208,Combination Chemotherapy in Treating Patients With Colorectal Cancer,COMPLETED,PHASE2,INTERVENTIONAL,,2002-02,,European Organisation for Research and Treatment of Cancer - EORTC,NETWORK,ALL,18 Years,
NCT06883708,Feasibility & Preliminary Impacts of an Online Psychoeducational Program (iSupport-Malaysia) for Informal Dementia Caregivers,RECRUITING,NA,INTERVENTIONAL,70.0,2025-02-05,2026-12,Sunway University,OTHER,ALL,18 Years,100 Years
NCT02691208,Acupuncture and Breast Cancer Rehabilitation,COMPLETED,NA,INTERVENTIONAL,48.0,2011-08,2015-12,Federal University of São Paulo,OTHER,FEMALE,18 Years,
NCT03486925,Oxytocin Effect on Attention Inhibition,COMPLETED,NA,INTERVENTIONAL,71.0,2017-12-19,2018-08-28,University of Electronic Science and Technology of China,OTHER,MALE,18 Years,30 Years
NCT00675025,"Evaluating The Safety Of Donepezil Hydrochloride (Aricept) For Up To 1 Year In The Treatment Of The Cognitive Dysfunction Exhibited By Children With Down Syndrome - Follow-Up To A 10-Week, Double-Blind, Placebo-Controlled Trial",TERMINATED,PHASE2,INTERVENTIONAL,117.0,2008-04-04,2008-12-15,Eisai Inc.,INDUSTRY,ALL,10 Years,17 Years
NCT00349076,Neoadjuvant Chemoradiotherapy and Adjuvant Chemotherapy With 5-Fluorouracil and Oxaliplatin Versus 5-Fluorouracil Alone in Rectal Cancer,COMPLETED,PHASE3,INTERVENTIONAL,1256.0,2006-07,2016-06,University of Erlangen-Nürnberg Medical School,OTHER,ALL,18 Years,
NCT07632976,"A Phase I, Dose Escalation, Open-label, Multicenter Study of EA5 Injection in Adults With APS and Recurrent Thrombosis",ACTIVE_NOT_RECRUITING,PHASE1,INTERVENTIONAL,12.0,2026-05-25,2027-12-31,"Shanghai Lanyi Therapeutics Co., Ltd.",INDUSTRY,ALL,18 Years,
NCT00631176,"""Just-In-Time Training"" in Pediatric Airway Management",COMPLETED,NA,INTERVENTIONAL,13.0,2007-06,2009-12,Children's Hospital of Philadelphia,OTHER,ALL,,
NCT01395576,Evaluation of the Genu Neurexa Orthosis in Post Stroke Patients,TERMINATED,PHASE2,INTERVENTIONAL,60.0,2011-02,2014-04,Hadassah Medical Organization,OTHER,ALL,18 Years,65 Years
NCT06264817,Auto-Adjustable MOBIDERm Autofit Armsleeve in the Management of Upper Limb Lymphedema.,RECRUITING,NA,INTERVENTIONAL,40.0,2024-03-15,2025-04-15,Thuasne,INDUSTRY,FEMALE,18 Years,
NCT06462417,Efficacy and Safety of Arbidol in the Treatment of Allergic Rhinitis,RECRUITING,NA,INTERVENTIONAL,15.0,2024-07-11,2025-06-30,Zheng Liu,OTHER,ALL,18 Years,65 Years
NCT05878717,A Study of the Efficacy and Safety of Belimumab in Adults With Systemic Sclerosis Associated Interstitial Lung Disease,RECRUITING,PHASE2,INTERVENTIONAL,300.0,2023-09-13,2029-07-12,GlaxoSmithKline,INDUSTRY,ALL,18 Years,
NCT07037017,"CBT Effects on Neural, Physiological, and Attentional Responses in Anorexia Nervosa",RECRUITING,NA,INTERVENTIONAL,60.0,2025-05-15,2025-10-15,Istanbul Nisantasi University,OTHER,FEMALE,18 Years,35 Years
NCT07690540,DETERMINANTS OF IMMUNOTHERAPY EFFICACY IN ENDOMETRIAL CANCER,RECRUITING,NA,INTERVENTIONAL,510.0,2026-04-14,2029-04,European Institute of Oncology,OTHER,FEMALE,18 Years,
NCT06636240,Prebiotic Effects of Mulberry Fruit in Children and Adolescents With Atopic Dermatitis,RECRUITING,NA,INTERVENTIONAL,120.0,2025-03-17,2026-04-30,Taipei Medical University Shuang Ho Hospital,OTHER,ALL,6 Years,17 Years
NCT01874717,Midazolam Sedation in Dentally Anxious Patients,COMPLETED,PHASE3,INTERVENTIONAL,131.0,2005-06,2007-08,"University Hospital, Clermont-Ferrand",OTHER,ALL,8 Years,60 Years
NCT02529917,The Benefits of Hemp Protein Supplementation During Resistance Training,COMPLETED,NA,INTERVENTIONAL,34.0,2015-08,2015-12,University of Saskatchewan,OTHER,ALL,18 Years,45 Years
NCT06947317,Relevance of Osteochondral Lesions in Ankle Microinstability,COMPLETED,NA,INTERVENTIONAL,71.0,2020-08-05,2024-12-16,RAUL FIGA BARRIOS,OTHER,ALL,18 Years,
NCT06880289,Chemo-Radiotherapy Boost Treatment Guided by Perfusion MRI on Hypoxic Zones in Head and Neck Cancer,ACTIVE_NOT_RECRUITING,PHASE2,INTERVENTIONAL,91.0,2020-09-16,2027-07-31,Regina Elena Cancer Institute,OTHER,ALL,18 Years,
NCT03808740,Orthostatic Intolerance After Bariatric Surgery,TERMINATED,PHASE1,INTERVENTIONAL,10.0,2018-07-01,2021-05-31,Vanderbilt University Medical Center,OTHER,ALL,18 Years,60 Years
NCT02646540,AiDing Diuresis wIth Tolvaptan (ADD-IT),COMPLETED,PHASE1,INTERVENTIONAL,14.0,2016-01,2018-12-30,Emory University,OTHER,ALL,18 Years,
NCT04753840,Long-term of Remote Ischemic Preconditioning and Mindfulness in Patients With Mild Hypertension,RECRUITING,NA,INTERVENTIONAL,400.0,2021-07-03,2030-12-01,Henan Institute of Cardiovascular Epidemiology,OTHER,ALL,18 Years,80 Years
NCT07209189,Neoadjuvant Chemotherapy and Programmed Cell Death Protein 1(PD-1) Inhibition for Head and Neck Cancer Treatment De-escalation (NeoScorch HN),RECRUITING,PHASE2,INTERVENTIONAL,75.0,2026-02-18,2030-12-01,Sidney Kimmel Comprehensive Cancer Center at Johns Hopkins,OTHER,ALL,18 Years,
NCT00065689,High Intensity Light Therapy in Alzheimer's Disease,COMPLETED,PHASE3,INTERVENTIONAL,107.0,2003-03,2005-09,National Center for Complementary and Integrative Health (NCCIH),NIH,ALL,55 Years,
NCT03389789,Newborn Cortical Response to Pain and Non Pharmacological Analgesia,COMPLETED,NA,INTERVENTIONAL,80.0,2016-11-02,2017-05-31,IRCCS Burlo Garofolo,OTHER,ALL,3 Days,3 Days
NCT00191984,A Study of the Combination of Pemetrexed and Irinotecan Every Two Weeks in Metastatic Colorectal Cancer,COMPLETED,PHASE2,INTERVENTIONAL,46.0,2004-06,2008-05,Eli Lilly and Company,INDUSTRY,ALL,18 Years,
NCT07535684,Impact of Early Essential Newborn Care (EENC) on Maternal and Neonatal Outcomes in a Tertiary Care Hospital,COMPLETED,NA,INTERVENTIONAL,162.0,2025-05-05,2025-10-05,Sheikh Zayed Medical College,OTHER_GOV,FEMALE,18 Years,40 Years
NCT00598533,Efficacy Study of Rapamycin- vs. Zotarolimus-Eluting Stents to Reduce Coronary Restenosis,COMPLETED,PHASE4,INTERVENTIONAL,3002.0,2008-02,2010-09,Deutsches Herzzentrum Muenchen,OTHER,ALL,18 Years,
NCT07047833,Plyometric Training With or Without Hamstring Strengthening for Preventing ACL Injuries in Female Amateur Athletes,COMPLETED,NA,INTERVENTIONAL,60.0,2024-05-21,2025-03-25,University of Lahore,OTHER,FEMALE,18 Years,30 Years
NCT05248633,Chemotherapy Combined With Radiotherapy Versus Radiotherapy Alone for Solitary Plasmacytoma,RECRUITING,PHASE2,INTERVENTIONAL,220.0,2022-04-21,2026-10,Peking Union Medical College Hospital,OTHER,ALL,18 Years,80 Years
NCT01677533,Program for Research on the Outcomes of VA Education,COMPLETED,NA,INTERVENTIONAL,5000.0,2009-09-01,2015-08-31,VA New York Harbor Healthcare System,FED,ALL,,
NCT06357533,"Phase III, Open-label, Study of First-line Dato-DXd in Combination With Rilvegostomig for Advanced Non-squamous NSCLC With High PD-L1 Expression (TC ≥ 50%) and Without Actionable Genomic Alterations",RECRUITING,PHASE3,INTERVENTIONAL,675.0,2024-04-11,2029-12-28,AstraZeneca,INDUSTRY,ALL,18 Years,
NCT02787252,Stimwave HF SCS Pilot Study,COMPLETED,NA,INTERVENTIONAL,6.0,2016-06,2017-05,Curonix LLC,INDUSTRY,ALL,18 Years,
NCT05600452,Comparison of a Novel Condensed Heat Acclimation Programme With a Traditional Longer-term Heat Acclimation Programme,COMPLETED,NA,INTERVENTIONAL,37.0,2020-01-17,2023-01-04,University of Portsmouth,OTHER,MALE,18 Years,45 Years
NCT04611152,"A Trial to Evaluate the Efficacy, Durability, and Safety of KSI-301 Compared to Aflibercept in Participants With Diabetic Macular Edema (DME)",TERMINATED,PHASE3,INTERVENTIONAL,460.0,2020-09-30,2023-08-31,Kodiak Sciences Inc,INDUSTRY,ALL,18 Years,
NCT05278052,Standard Maintenance Therapy (SMT) vs Local Consolidative Radiation Therapy and SMT in OM-NSCLC,RECRUITING,PHASE3,INTERVENTIONAL,190.0,2020-04-20,2028-04-20,Tata Memorial Hospital,OTHER_GOV,ALL,18 Years,99 Years
NCT05516147,SAFE at Home: A Service to Provide Social Engagement to Community-Dwelling Persons With Dementia,COMPLETED,NA,INTERVENTIONAL,12.0,2024-01-19,2024-04-10,Hopeful Aging,INDUSTRY,ALL,18 Years,
NCT02829047,"Tolerability, Safety and Efficacy of a New Frequency of Vibrant Capsule Administration",TERMINATED,NA,INTERVENTIONAL,25.0,2016-08,2017-03,Vibrant Ltd.,INDUSTRY,ALL,22 Years,
NCT02652247,"Serial, Non-invasive Analysis of Exhaled Breath Condensate in Ventilated Trauma Patients",TERMINATED,NA,INTERVENTIONAL,110.0,2016-01,2022-06,Vanderbilt University Medical Center,OTHER,ALL,18 Years,
NCT05596747,A Study of LY3209590 in Chinese Participants With Type 2 Diabetes Mellitus,COMPLETED,PHASE1,INTERVENTIONAL,31.0,2022-11-30,2023-10-10,Eli Lilly and Company,INDUSTRY,ALL,18 Years,70 Years
NCT03350347,A Study of Molidustat for Maintenance Treatment of Renal Anemia in Non-dialysis Subjects,COMPLETED,PHASE3,INTERVENTIONAL,164.0,2017-12-13,2019-11-28,Bayer,INDUSTRY,ALL,20 Years,
NCT01994447,The Train Study: Parental Understanding of Informed Consent,TERMINATED,NA,INTERVENTIONAL,12.0,2013-11,2014-12,University of Calgary,OTHER,ALL,,14 Years
NCT06028347,"Safety, Reactogenicity, and Immunogenicity Study of a Self-Amplifying MRNA Influenza Vaccine in Healthy Adults",COMPLETED,PHASE1,INTERVENTIONAL,96.0,2023-10-05,2024-10-13,Seqirus,INDUSTRY,ALL,18 Years,85 Years
NCT03742947,Haemostasis and Tranexamic Acid in Caesarean Delivery,COMPLETED,NA,INTERVENTIONAL,34.0,2019-01-10,2020-01-17,"University Hospital, Bordeaux",OTHER,FEMALE,18 Years,65 Years
NCT05239247,Effects of Eldoa Versus Meckenzie Exercise on Non-specific Low Back Pain Patients,COMPLETED,NA,INTERVENTIONAL,48.0,2021-10-30,2021-12-31,Riphah International University,OTHER,FEMALE,40 Years,69 Years
NCT07191249,Trial to Evaluate Efficacy and Safety of Subcutaneous Mosunetuzumab in Previously Untreated Low Tumor Burden Follicular Lymphoma .,RECRUITING,PHASE2,INTERVENTIONAL,40.0,2026-01-05,2030-03-01,Tel-Aviv Sourasky Medical Center,OTHER_GOV,ALL,18 Years,
NCT06773949,Feasibility Trial of Exercise as a Priming Strategy for rTMS Treatment in Difficult-to-Treat Depression,RECRUITING,NA,INTERVENTIONAL,20.0,2025-12-15,2027-01-31,The Royal Ottawa Mental Health Centre,OTHER,ALL,18 Years,75 Years
NCT00606749,Use of KC706 for the Treatment of Pemphigus Vulgaris,COMPLETED,PHASE2,INTERVENTIONAL,20.0,2007-11,2008-06,"Kemia, Inc",INDUSTRY,ALL,18 Years,
NCT06530849,A Study of GC012F Injection in Subjects With Refractory Systemic Lupus Erythematosus,ACTIVE_NOT_RECRUITING,PHASE1,INTERVENTIONAL,20.0,2024-08-22,2027-02-01,"Gracell Biotechnologies (Shanghai) Co., Ltd.",INDUSTRY,ALL,18 Years,70 Years
NCT04875949,"Anti-Cholinergic Receptors Antibodies, Autonomic Profile and Dysautonomia Symptoms in PAF, ALS and POTS (DISAUT-AB)",COMPLETED,NA,INTERVENTIONAL,75.0,2016-04,2019-04,Istituto Clinico Humanitas,OTHER,ALL,18 Years,
NCT06272149,An Exploratory Clinical Trial of VGN-R08b in Patients With Type II Gaucher Disease,RECRUITING,EARLY_PHASE1,INTERVENTIONAL,6.0,2023-03-01,2029-02-28,"Xinhua Hospital, Shanghai Jiao Tong University School of Medicine",OTHER,ALL,0 Months,24 Months
NCT03657849,Evaluation of 19-gauge vs 21-gauge EBUS TBNA in Assessing Thoracic Lymphadenopathy,COMPLETED,NA,INTERVENTIONAL,60.0,2018-07-18,2019-08-31,HealthPartners Institute,OTHER,ALL,18 Years,
NCT01320449,Identification of New Serum Markers for Detection of Abuse With Erythropoietin,COMPLETED,NA,INTERVENTIONAL,35.0,2011-08,2012-07,University of Aarhus,OTHER,MALE,18 Years,35 Years
NCT03656549,Dose Individualization of Pemetrexed - IMPROVE-I,COMPLETED,PHASE4,INTERVENTIONAL,6.0,2019-02-01,2023-12-29,Radboud University Medical Center,OTHER,ALL,18 Years,
NCT00656149,In-home Telerehabilitation for Quadriplegic Hand Function,COMPLETED,PHASE2,INTERVENTIONAL,13.0,2007-05,2010-12,University of Alberta,OTHER,ALL,18 Years,
NCT03443349,"""Vibwife One"" a New Medical Device to Support Delivering Women in Their Mobilization",COMPLETED,NA,INTERVENTIONAL,72.0,2018-01-23,2018-11-06,"University Hospital, Basel, Switzerland",OTHER,FEMALE,18 Years,
NCT00942149,An Open Label Study to Describe the Pharmacokinetics of Daptomycin in Infants,COMPLETED,PHASE1,INTERVENTIONAL,20.0,2010-01,2011-12,Duke University,OTHER,ALL,48 Hours,120 Days
NCT00883649,Efficacy and Safety Study of Nutritional Supplements for Treatments of Dry Eye,COMPLETED,NA,INTERVENTIONAL,62.0,2008-09,,Virginia Eye Consultants,OTHER,FEMALE,40 Years,
NCT05496049,Efficacy of Triburter on Respiratory Muscle Function in Patients After CABG in Cardiac Rehabilitation Phase II,COMPLETED,NA,INTERVENTIONAL,30.0,2022-08-01,2023-12-23,Fundación Cardiovascular de Colombia,OTHER,ALL,18 Years,100 Years
NCT06789549,Epinephrine Nasal Drops for Epistaxis During Nasal Intubation,COMPLETED,PHASE2,INTERVENTIONAL,40.0,2024-01-01,2024-04-01,Universitas Padjadjaran,OTHER,ALL,18 Years,50 Years
NCT05653349,Study of Ianalumab Versus Placebo in Addition to First-line Corticosteroids in Primary Immune Thrombocytopenia (ITP),ACTIVE_NOT_RECRUITING,PHASE3,INTERVENTIONAL,226.0,2023-02-03,2029-01-05,Novartis Pharmaceuticals,INDUSTRY,ALL,18 Years,100 Years
NCT05791149,Epigenetic Biomarkers in the Saliva for the Diagnosis of Squamous Cells Carcinoma of the Oral Cavity,RECRUITING,NA,INTERVENTIONAL,60.0,2022-03-03,2027-10,"Centre Hospitalier Universitaire, Amiens",OTHER,ALL,18 Years,
NCT04103749,Global Prospective Case Series Using a Single-Use Duodenoscope,COMPLETED,NA,INTERVENTIONAL,551.0,2021-03-22,2023-01-05,Boston Scientific Corporation,INDUSTRY,ALL,18 Years,
NCT04900649,Resistance Exercise in Children With Post-operative Congenital Diaphragmatic Hernia,COMPLETED,NA,INTERVENTIONAL,32.0,2020-05-01,2021-04-05,Qassim University,OTHER,ALL,10 Years,14 Years
NCT05991349,"A Study of IBI129 in Subjects With Unresectable, Locally Advanced or Metastatic Solid Tumors",COMPLETED,PHASE1,INTERVENTIONAL,36.0,2024-03-12,2025-05-31,Innovent Biologics (Suzhou) Co. Ltd.,INDUSTRY,ALL,18 Years,
NCT00894049,A Study Comparing Non Myeloablative (Flu-TBI) and Reduced Intensity (FLU-BU-ATG) Conditioning in Allogenic Transplantation,COMPLETED,PHASE2,INTERVENTIONAL,148.0,2002-11,2013-02,Institut Paoli-Calmettes,OTHER,ALL,18 Years,65 Years
NCT05493449,Impact of School Milk Program on Nutritional Status of Primary School Children,COMPLETED,NA,INTERVENTIONAL,7799.0,2021-12-01,2022-12-16,"University of Veterinary and Animal Sciences, Lahore - Pakistan",OTHER,ALL,4 Years,16 Years
NCT00743249,Punctal Plug Study to Determine the Safety and Retention Times of Various Lengths of Canalicular Stents in Volunteers,COMPLETED,NA,INTERVENTIONAL,60.0,2008-10,2009-02,Alcon Research,INDUSTRY,ALL,45 Years,
NCT01142349,Cognitive Behavioral Therapy for Arthritis Pain and Insomnia in Older Adults,COMPLETED,NA,INTERVENTIONAL,367.0,2009-01,2013-08,University of Washington,OTHER,ALL,60 Years,
NCT01220349,Alteration of Myocardial Deformations in Diabetes: Relationship to Micro-angiopathy,COMPLETED,NA,INTERVENTIONAL,61.0,2011-01,2012-10,"University Hospital, Bordeaux",OTHER,ALL,18 Years,45 Years
NCT05340049,Craniosacral Therapy Improves Infant Neurodevelopment,COMPLETED,NA,INTERVENTIONAL,120.0,2021-12-18,2022-04-30,Clinica Gema Leon,OTHER,ALL,3 Years,8 Years
NCT01107249,A Trial of Esophageal and Gastric Stenting for Leak or Perforation,COMPLETED,PHASE2,INTERVENTIONAL,10.0,2010-05,2014-10,The Methodist Hospital Research Institute,OTHER,ALL,18 Years,
NCT04589949,Early Convalescent Plasma Therapy for High-risk Patients With COVID-19 in Primary Care (the CoV-Early Study),TERMINATED,PHASE3,INTERVENTIONAL,420.0,2020-10-12,2022-03-01,Erasmus Medical Center,OTHER,ALL,50 Years,
NCT06446349,Brief Motivational Intervention (BMI) on the Deprescription of Benzodiazepines and Related Substances in Adult Chronic Drug Users,RECRUITING,NA,INTERVENTIONAL,300.0,2024-12-02,2026-12-01,"University Hospital, Grenoble",OTHER,ALL,18 Years,
NCT06178549,Emergency Room HPV Self-Sampling Study (ACT NOW),COMPLETED,NA,INTERVENTIONAL,100.0,2023-11-15,2024-10-11,Baylor College of Medicine,OTHER,FEMALE,25 Years,65 Years
NCT00158249,Effects of Citicoline on Brain Function and Behavior in Marijuana-Dependent Individuals,COMPLETED,PHASE2,INTERVENTIONAL,21.0,2009-09,2014-10,Mclean Hospital,OTHER,ALL,18 Years,45 Years
NCT03442049,Effects of Core Stability Training on Gait in Multiple Sclerosis Patients,COMPLETED,NA,INTERVENTIONAL,68.0,2015-01-01,2016-05-01,Hacettepe University,OTHER,ALL,18 Years,
NCT05239949,Effects of Hypopressive Exercises in Comparison With Routine Pelvic Floor Exercises in Women With Urinary Incontinence,COMPLETED,NA,INTERVENTIONAL,20.0,2021-03-15,2022-02-20,Riphah International University,OTHER,FEMALE,20 Years,65 Years
NCT02591849,GLP-1 Effects on Insulin and Glucagon in PTDM,COMPLETED,NA,INTERVENTIONAL,24.0,2014-10,2015-03,Oslo University Hospital,OTHER,ALL,18 Years,
NCT01627249,"Comparative Effectiveness Study of Intravitreal Aflibercept, Bevacizumab, and Ranibizumab for Diabetic Macular Edema",COMPLETED,PHASE3,INTERVENTIONAL,660.0,2012-08,2019-04-18,Jaeb Center for Health Research,OTHER,ALL,18 Years,
NCT00242749,IRESSA in Combination With Cisplatin & Radiotherapy in Patients With Advanced Head & Neck Carcinoma,COMPLETED,PHASE2,INTERVENTIONAL,47.0,2002-12,2007-07,AstraZeneca,INDUSTRY,ALL,18 Years,70 Years
NCT01117649,Plasma Volume Replacement (PVR) Therapy With Colloid and Crystalloid Solutions,COMPLETED,PHASE4,INTERVENTIONAL,63.0,2010-05,2013-07,B. Braun Melsungen AG,INDUSTRY,ALL,18 Years,80 Years
NCT07063849,Pilot Influenza Challenge Study,ACTIVE_NOT_RECRUITING,PHASE1,INTERVENTIONAL,12.0,2025-05-20,2026-06-30,"Daniel Hoft, MD, PhD",OTHER,ALL,18 Years,45 Years
NCT00133549,9-valent CRM 197 Pneumococcal,COMPLETED,PHASE2,INTERVENTIONAL,180.0,2000-11,2002-12,National Institute of Allergy and Infectious Diseases (NIAID),NIH,ALL,65 Years,
NCT01867138,Neonatal Suspected Sepsis Treated With Cefazolin or Vancomycin,COMPLETED,PHASE3,INTERVENTIONAL,109.0,2007-03,2011-01,Hospital Italiano de Buenos Aires,OTHER,ALL,4 Days,4 Months
NCT01262638,A Study to Assess the Efficacy and Safety of ETC-1002 in Subjects With Elevated Blood Cholesterol and Either Normal or Elevated Triglycerides,COMPLETED,PHASE2,INTERVENTIONAL,177.0,2010-12,2011-08-23,"Esperion Therapeutics, Inc.",INDUSTRY,ALL,18 Years,80 Years
NCT04456738,Cascading Dissemination of a Foster Parent Intervention,COMPLETED,NA,INTERVENTIONAL,704.0,2000-07,2005-06,Oregon Social Learning Center,OTHER,ALL,5 Years,12 Years
NCT04140838,Cost-utility and Physiological Effects of ACT and BATD in Patients With Chronic Pain and Depression,COMPLETED,NA,INTERVENTIONAL,234.0,2020-07-01,2022-12-31,Fundació Sant Joan de Déu,OTHER,ALL,18 Years,70 Years
NCT00553358,Neo ALTTO (Neoadjuvant Lapatinib and/or Trastuzumab Treatment Optimisation) Study,COMPLETED,PHASE3,INTERVENTIONAL,455.0,2008-01-05,2019-12-23,Novartis Pharmaceuticals,INDUSTRY,FEMALE,18 Years,
NCT02626858,Optimizing the Delineation of the Tumour Bed in Breast Irradiation,COMPLETED,NA,INTERVENTIONAL,25.0,2012-02,2015-07,Universitaire Ziekenhuizen KU Leuven,OTHER,FEMALE,,
NCT06681558,Procedural Oxygen Mask vs. Nasal Cannula for Hypoxemia Prevention During Endoscopic Retrograde Cholangiopancreatography,COMPLETED,NA,INTERVENTIONAL,150.0,2024-11-12,2025-02-06,Kocaeli City Hospital,OTHER_GOV,ALL,18 Years,75 Years
NCT03240848,Comparison of Artificial Intelligent Clinic and Normal Clinic,COMPLETED,NA,INTERVENTIONAL,350.0,2017-08-09,2018-05-25,Sun Yat-sen University,OTHER,ALL,1 Month,14 Years
NCT00649558,Fasting Study of Pioglitazone HCl Tablets 45 mg and Actos® Tablets 45 mg,COMPLETED,PHASE1,INTERVENTIONAL,36.0,2003-02,2003-03,Mylan Pharmaceuticals Inc,INDUSTRY,ALL,18 Years,
NCT05376358,Evaluation of MoodRing on Improving the Quality of Depression Management in Adolescents,TERMINATED,NA,INTERVENTIONAL,73.0,2022-05-12,2024-06-20,Ana Radovic,OTHER,ALL,12 Years,18 Years
NCT01989455,"A Blinded, Placebo-Controlled Study of the Safety and Pharmacokinetics of Single Doses of Intravenous Deferiprone in Healthy Volunteers",COMPLETED,PHASE1,INTERVENTIONAL,64.0,2013-11,2014-03,ApoPharma,INDUSTRY,ALL,18 Years,50 Years
NCT02800226,Pilot Study Comparing 10hz vs Theta Burst Stimulation,COMPLETED,PHASE3,INTERVENTIONAL,20.0,2014-03,2015-05,University of British Columbia,OTHER,ALL,18 Years,65 Years
NCT07393126,Effects of the Consumption of Test Product on Urination in Healthy Japanese Adults,RECRUITING,NA,INTERVENTIONAL,76.0,2025-12-08,2026-06-19,Indena S.p.A,INDUSTRY,ALL,18 Years,
NCT03178526,The Effect of Lovastatin Gel in the Treatment of Chronic Periodontitis,COMPLETED,PHASE2,INTERVENTIONAL,15.0,2015-12-24,2016-02-13,"Islamic Azad University, Sanandaj",OTHER,ALL,35 Years,50 Years
NCT00215826,Study of Alferon® LDO (Low Dose Oral) in Normal Volunteers,COMPLETED,PHASE2,INTERVENTIONAL,10.0,2004-11,2006-04,AIM ImmunoTech Inc.,INDUSTRY,ALL,18 Years,80 Years
NCT03936426,Peptide Receptor Radionuclide Therapy Administered to Participants With Meningioma With 67Cu-SARTATE™,COMPLETED,PHASE1,INTERVENTIONAL,5.0,2018-07-09,2019-09-19,Clarity Pharmaceuticals Ltd,INDUSTRY,ALL,50 Years,
NCT04124926,Efficacy and Safety of Vonoprazan Compared to Lansoprazole in Participants With Erosive Esophagitis,COMPLETED,PHASE3,INTERVENTIONAL,1027.0,2019-10-28,2021-08-24,"Phathom Pharmaceuticals, Inc.",INDUSTRY,ALL,18 Years,
NCT04349878,Anaysis of Phytotherapy Agent Against Periodontitis,COMPLETED,NA,INTERVENTIONAL,34.0,2019-09-01,2020-03-05,University of Messina,OTHER,ALL,32 Years,70 Years
NCT06761378,Ideal Time of Stenting Prior to Ureteral Access Sheath for Stone Disease,COMPLETED,NA,INTERVENTIONAL,60.0,2024-01-01,2024-12-04,Menoufia University,OTHER,ALL,,
NCT04967378,Homebound Elderly People Psychotherapeutic Intervention,COMPLETED,NA,INTERVENTIONAL,51.0,2020-06-01,2021-12-31,University of Coimbra,OTHER,ALL,65 Years,
NCT01474785,RYGB and the Gastric Adipose Axis,COMPLETED,PHASE1,INTERVENTIONAL,49.0,2012-01,2015-07,Vanderbilt University,OTHER,ALL,18 Years,65 Years
NCT01162785,1B Intravesical Administration of SCH 721015 (Ad-IFNa) in Admixture With SCH 209702 (Syn3) for The Treatment of BCG Refractory Superficial Bladder Cancer,COMPLETED,PHASE1,INTERVENTIONAL,7.0,2011-04,2016-11,M.D. Anderson Cancer Center,OTHER,ALL,18 Years,
NCT02311985,Comparison of Three Transfusion Strategies for Central Venous Catheterization in Cirrhotics: A Randomized Clinical Trial,TERMINATED,NA,INTERVENTIONAL,57.0,2014-09,2016-12,Hospital Israelita Albert Einstein,OTHER,ALL,18 Years,
NCT05159778,Phase 2 Study of Imprime PGG and Pembrolizumab in Patients With HR+/HER2- Metastatic Breast Cancer (mBCA),COMPLETED,PHASE2,INTERVENTIONAL,26.0,2021-11-09,2023-04-12,"HiberCell, Inc.",INDUSTRY,ALL,18 Years,
NCT02148185,"Pharmacokinetics (PK), Pharmacodynamics (PD) and Safety Study of MT-1303 in Subjects With Crohn's Disease",COMPLETED,PHASE1,INTERVENTIONAL,1.0,2014-05,2014-06,Tanabe Pharma Corporation,INDUSTRY,ALL,20 Years,65 Years
NCT06737185,Comparison of Speech Understanding Between Tonotopy-based Fitting and Setting Based on Evolutionary Algorithms,RECRUITING,NA,INTERVENTIONAL,22.0,2025-01-15,2028-01-15,MED-EL Elektromedizinische Geräte GesmbH,INDUSTRY,ALL,18 Years,
NCT04547985,Naltrexone Treatment for Prolonged Grief Disorder (PGD),TERMINATED,PHASE4,INTERVENTIONAL,9.0,2021-01-05,2023-10-16,Weill Medical College of Cornell University,OTHER,ALL,18 Years,
NCT06724185,Effects of LP28 on Immunity Enhancement in the Elderly,COMPLETED,NA,INTERVENTIONAL,102.0,2024-07-09,2026-05-14,Synbio Tech Inc.,INDUSTRY,ALL,50 Years,75 Years
NCT01046643,Early Menopause Hormone Treatment and Cognition,COMPLETED,NA,INTERVENTIONAL,30.0,2010-05,2012-03,University of Michigan,OTHER,FEMALE,45 Years,55 Years
NCT00886015,Modified Instrumentation for Surgery to Correct Trichiasis,COMPLETED,NA,INTERVENTIONAL,1927.0,2009-05,2012-06,Johns Hopkins University,OTHER,ALL,18 Years,
NCT04145115,A Study Testing the Effect of Immunotherapy (Ipilimumab and Nivolumab) in Patients With Recurrent Glioma With Elevated Mutational Burden,ACTIVE_NOT_RECRUITING,PHASE2,INTERVENTIONAL,37.0,2020-12-24,2026-12-31,National Cancer Institute (NCI),NIH,ALL,18 Years,
NCT03999515,Erdafitinib and Abiraterone Acetate or Enzalutamide in Treating Patients With Double Negative Prostate Cancer,TERMINATED,PHASE2,INTERVENTIONAL,3.0,2020-04-27,2021-06-06,University of Washington,OTHER,MALE,18 Years,
NCT04125615,Resident Physician Burnout and Well-being,COMPLETED,NA,INTERVENTIONAL,19.0,2017-09-01,2018-06-30,University of Minnesota,OTHER,ALL,18 Years,
NCT07253415,Effects of Thoracic Spine Exercises on Spinal Alignment and Mobility in Male Soccer Players,COMPLETED,NA,INTERVENTIONAL,42.0,2024-04-25,2024-08-02,Izmir Katip Celebi University,OTHER,MALE,18 Years,
NCT00292435,"Efficacy and Tolerability CVI (A 12-week, Double-blind, Randomised, Placebo-controlled, Multicentre Trial (CVI)",COMPLETED,PHASE3,INTERVENTIONAL,202.0,2006-03,,Boehringer Ingelheim,INDUSTRY,,,
NCT03937635,"Lenalidomide, and Dexamethasone With or Without Daratumumab in Treating Patients With High-Risk Smoldering Myeloma",RECRUITING,PHASE3,INTERVENTIONAL,288.0,2019-09-16,2029-12-31,ECOG-ACRIN Cancer Research Group,NETWORK,ALL,18 Years,
NCT01055535,Safety and Efficacy Study of Microplasmin in for Non-Surgical Treatment of Focal Vitreomacular Adhesion,COMPLETED,PHASE2,INTERVENTIONAL,17.0,2010-01,2011-04,ThromboGenics,INDUSTRY,ALL,18 Years,
NCT01284335,A Safety Study in Participants With Advanced Solid Tumors,TERMINATED,PHASE1,INTERVENTIONAL,234.0,2008-07,2016-05,Eli Lilly and Company,INDUSTRY,ALL,18 Years,
NCT01687608,Open-Label Single Ascending Dose of Adeno-associated Virus Serotype 8 Factor IX Gene Therapy in Adults With Hemophilia B,ACTIVE_NOT_RECRUITING,PHASE1,INTERVENTIONAL,30.0,2013-02-11,2030-01-17,Baxalta now part of Shire,INDUSTRY,MALE,18 Years,75 Years
NCT04946708,Virtual Exercise Program in Interstitial Lung Disease (ILD) Patients,COMPLETED,NA,INTERVENTIONAL,14.0,2021-09-01,2022-05-17,University of Manitoba,OTHER,ALL,18 Years,
NCT00777608,A Study to Test the Performance of the CogState Computerized Neuropsychological Battery in Patients With Alzheimer's Disease (0000-086)(COMPLETED),COMPLETED,PHASE1,INTERVENTIONAL,106.0,2008-12,2010-04,Merck Sharp & Dohme LLC,INDUSTRY,ALL,55 Years,
NCT01465308,The Effect of Honey on Xerostomia and Oral Mucositis,COMPLETED,PHASE2,INTERVENTIONAL,72.0,2011-08,2014-10,Cyprus University of Technology,OTHER,ALL,18 Years,70 Years
NCT00006708,S0019 Combination Chemotherapy With or Without Rituximab in Treating Patients With Relapsed or Refractory Non-Hodgkin's Lymphoma,TERMINATED,PHASE3,INTERVENTIONAL,7.0,2000-10,2006-11,SWOG Cancer Research Network,NETWORK,ALL,18 Years,
NCT07628608,Safety and User Experience of BP-CBB,RECRUITING,NA,INTERVENTIONAL,60.0,2026-06-16,2026-12-01,Bactolife A/S,INDUSTRY,ALL,18 Years,65 Years
NCT01147276,Vildagliptin and the Glucagon Response to Hypoglycemia in Type 1 Diabetes,COMPLETED,PHASE4,INTERVENTIONAL,28.0,2010-09,2011-12,Lund University,OTHER,ALL,18 Years,65 Years
NCT00607776,Artificial Tears Study in Mild to Moderate Dry Eye Patients,COMPLETED,PHASE2,INTERVENTIONAL,110.0,2007-01,2007-04,Abbott Medical Optics,INDUSTRY,ALL,18 Years,
NCT00536276,Evaluation of Vitamin D Status in Children With Acute Burns,COMPLETED,PHASE1,INTERVENTIONAL,50.0,2003-03,2011-04,Shriners Hospitals for Children,OTHER,ALL,6 Months,18 Years
NCT07262476,Open-Label Extension Study of MHB018A in Subjects With Thyroid Eye Disease,RECRUITING,PHASE3,INTERVENTIONAL,258.0,2026-01-09,2030-01-31,Minghui Pharmaceutical (Hangzhou) Ltd,INDUSTRY,ALL,18 Years,75 Years
NCT01968876,Is a Smartphone Application Effective as an Oral Medication Adherence Aid,TERMINATED,EARLY_PHASE1,INTERVENTIONAL,68.0,2013-10-30,2017-11-14,University of Arkansas,OTHER,ALL,18 Years,
NCT00581776,Phase II Study of VcR-CVAD With Rituximab Consolidation and Maintenance for Untreated Mantle Cell Lymphoma,COMPLETED,PHASE2,INTERVENTIONAL,30.0,2005-05,2015-05,"University of Wisconsin, Madison",OTHER,ALL,18 Years,
NCT00115076,"Study of the Drug Efalizumab (Raptiva), for Adult Patients With Moderate to Severe Plaque Psoriasis",COMPLETED,PHASE3,INTERVENTIONAL,31.0,2003-08-04,2011-04-06,Rockefeller University,OTHER,ALL,18 Years,70 Years
NCT07385417,Electroporation Treatment for Early AF Management in Heart Failure With Preserved Ejection Fraction (HFpEF) Pilot Study,RECRUITING,NA,INTERVENTIONAL,200.0,2023-04-12,2026-04-12,Cardioangiologisches Centrum Bethanien,OTHER,ALL,18 Years,80 Years
NCT00436917,"Zoledronate in Treating Osteopenia or Osteoporosis in Postmenopausal Women Receiving Letrozole for Stage I, Stage II, or Stage IIIA Primary Breast Cancer",COMPLETED,NA,INTERVENTIONAL,60.0,2006-04,2016-05-09,Mayo Clinic,OTHER,FEMALE,18 Years,120 Years
NCT04762017,OCS-05 in Patients With Optic Neuritis,COMPLETED,PHASE2,INTERVENTIONAL,36.0,2021-02-10,2024-09-16,Oculis,INDUSTRY,ALL,18 Years,60 Years
NCT02061917,Switching From Usual Brand Cigarettes to a Tobacco-heating Cigarette or Snus,COMPLETED,NA,INTERVENTIONAL,163.0,2007-02,2009-11,R.J. Reynolds Tobacco Company,INDUSTRY,ALL,28 Years,55 Years
NCT07377617,Individualized Education and Exercise on Foot Health,COMPLETED,NA,INTERVENTIONAL,70.0,2024-01-01,2026-01-01,University of Yalova,OTHER,ALL,18 Years,
NCT05318417,Investigation to Evaluate the Safety and Effectiveness of Cochlear Implantation in Children and Adults With Unilateral Hearing Loss/Single-sided Deafness,RECRUITING,NA,INTERVENTIONAL,60.0,2022-08-19,2027-06,Cochlear,INDUSTRY,ALL,5 Years,
NCT05935540,ACP-Family Programme for Palliative Care Patients and Their Family Member,RECRUITING,NA,INTERVENTIONAL,170.0,2023-09-19,2025-11-30,The Hong Kong Polytechnic University,OTHER,ALL,18 Years,120 Years
NCT06355440,Pilot Study of Financial Navigation Program for Improving Financial Toxicity Among Breast Cancer in China,COMPLETED,NA,INTERVENTIONAL,26.0,2024-02-18,2024-05-07,Fudan University,OTHER,FEMALE,18 Years,
NCT03712540,An Investigational Study of Experimental Medication BMS-986278 Given With the Antibiotic Rifampin in Healthy Participants,COMPLETED,PHASE1,INTERVENTIONAL,39.0,2018-09-06,2018-11-08,Bristol-Myers Squibb,INDUSTRY,ALL,21 Years,65 Years
NCT02556840,Impact on Birth Weight of Two Therapeutic Strategies (Insulin Therapy From the Beginning of Pregnancy vs. Insulin Therapy Initiated According to Fetal Growth Evaluated by Ultrasonography Measurements) in Pregnant Women With Monogenic Diabetes,COMPLETED,NA,INTERVENTIONAL,46.0,2016-04-25,2020-12-09,Assistance Publique - Hôpitaux de Paris,OTHER,FEMALE,18 Years,
NCT05597540,"Efficacy of 7 Days Versus 14 Days of Antibiotic Therapy for Acute Pyelonephritis in Kidney Transplant Recipients, a Multicentre Randomized Non-inferiority Trial.",RECRUITING,PHASE3,INTERVENTIONAL,470.0,2024-02-22,2027-08-22,Assistance Publique - Hôpitaux de Paris,OTHER,ALL,18 Years,
NCT04207840,"Study of Drug Exposure in Systemic Circulation of Primatene Mist by Oral Inhalation, Versus Epinephrine Injection by Intramuscular Injection and ProAir by Oral Inhalation in Healthy Individuals",COMPLETED,PHASE4,INTERVENTIONAL,28.0,2019-12-09,2019-12-23,"Amphastar Pharmaceuticals, Inc.",INDUSTRY,ALL,18 Years,50 Years
NCT05195840,Personalized Treatment for Eating Disorders Versus CBT-E Trial,COMPLETED,NA,INTERVENTIONAL,80.0,2022-04-06,2026-01-29,University of Louisville,OTHER,ALL,18 Years,65 Years
NCT02640989,Safety and Immunogenicity of Three Seasonal Trivalent Influenza Vaccines in China Military,COMPLETED,PHASE4,INTERVENTIONAL,292.0,2014-10,2015-04,Center for Disease Prevention and Control of Beijing Military Region,OTHER,ALL,18 Years,34 Years
NCT05715489,Pectopexy Surgery Without Mesh,COMPLETED,NA,INTERVENTIONAL,38.0,2022-05-11,2024-05-11,Gaziosmanpasa Research and Education Hospital,OTHER_GOV,FEMALE,30 Years,75 Years
NCT05731089,IVI Aflibercept Before and After Phaco in DME.,COMPLETED,NA,INTERVENTIONAL,40.0,2019-09-01,2022-12-01,Al Hadi Hospital,OTHER,ALL,18 Years,
NCT02309489,Involving Men in Maternity Care in Burkina Faso,COMPLETED,NA,INTERVENTIONAL,1144.0,2015-01,2016-07,London School of Hygiene and Tropical Medicine,OTHER,FEMALE,16 Years,
NCT06703489,Safety and Performance Assessment of the Sphere-9™ Catheter and Affera™ Ablation System for the Treatment of Ventricular Tachycardia (Sphere-9 VT EFS),RECRUITING,NA,INTERVENTIONAL,60.0,2025-03-18,2027-01,Medtronic Cardiac Ablation Solutions,INDUSTRY,ALL,18 Years,85 Years
NCT00031889,Exemestane With or Without Bicalutamide in Treating Patients With Stage IV Prostate Cancer,COMPLETED,PHASE2,INTERVENTIONAL,5.0,2001-08,2002-06,Swiss Cancer Institute,OTHER,MALE,18 Years,
NCT05936489,Plasma Pharmacokinetics and Safety of LNZ101 and LNZ100 Ophthalmic Solutions in Healthy Adult Subjects With Presbyopia,COMPLETED,PHASE1,INTERVENTIONAL,30.0,2023-07-06,2023-10-03,"LENZ Therapeutics, Inc",OTHER,ALL,45 Years,75 Years
NCT04847089,Motor Imagery BCI Rehabilitation After Stroke,COMPLETED,NA,INTERVENTIONAL,16.0,2022-04-14,2025-07-01,Mälardalen University,OTHER,ALL,18 Years,
NCT00437489,A Clinical Trial Comparing The Efficacy And Safety Of 2 Different Initial Dose Prescriptions For Exubera.,TERMINATED,PHASE4,INTERVENTIONAL,49.0,2007-06,2007-12,Pfizer,INDUSTRY,ALL,18 Years,
NCT01803789,Single Versus Double Kirschner Wires for Intramedullary Fixation of Metacarpal V Fractures,COMPLETED,NA,INTERVENTIONAL,292.0,2013-05,2017-07,University Medicine Greifswald,OTHER,ALL,18 Years,
NCT07289789,Comparative Effects of Buteyko Versus Pilates Breathing Combined With McKenzie Neck Exercises on Lung Function and Chest Expansion in Asthmatic Patients With Forward Head Posture,RECRUITING,NA,INTERVENTIONAL,22.0,2025-08-20,2026-02-01,Foundation University Islamabad,OTHER,ALL,18 Years,40 Years
NCT06011889,Study of the Efficacy and Safety of Etanercept Treatment in Patients With SAPHO Syndrome,RECRUITING,PHASE2,INTERVENTIONAL,60.0,2024-09-04,2028-10-18,"National Institute of Geriatrics, Rheumatology and Rehabilitation, Poland",NETWORK,ALL,18 Years,
NCT03315689,Safety and Pharmacokinetic Study of ATI-50002 in Subjects With Alopecia Universalis (AU) and Alopecia Totalis (AT),COMPLETED,PHASE2,INTERVENTIONAL,11.0,2017-12-14,2019-06-20,"Aclaris Therapeutics, Inc.",INDUSTRY,ALL,18 Years,
NCT06072768,Dynamic Treatment Regiments for Glucocorticoid Tapering,RECRUITING,PHASE2,INTERVENTIONAL,200.0,2023-03-09,2030-03-01,VA Office of Research and Development,FED,ALL,18 Years,
NCT00525668,Sunphenon Epigallocatechin-gallate (EGCg) in Relapsing-remitting Multiple Sclerosis (SuniMS Study),COMPLETED,PHASE1,INTERVENTIONAL,120.0,2007-09,2012-11,"Charite University, Berlin, Germany",OTHER,ALL,18 Years,60 Years
NCT03250468,Sleep to Your Heart's Content - Insomnia Intervention for Cardiac Patients,TERMINATED,NA,INTERVENTIONAL,52.0,2018-04-19,2020-03-02,Ottawa Heart Institute Research Corporation,OTHER,ALL,18 Years,
NCT04190368,Team Clinic: Virtual Expansion of an Innovative Multi-Disciplinary Care Model for Adolescents and Young Adults With Type 1 Diabetes,COMPLETED,NA,INTERVENTIONAL,79.0,2021-09-07,2024-11-30,Children's Hospital Los Angeles,OTHER,ALL,10 Years,17 Years
NCT04026568,A Single Dose Pharmaco-Diagnostic for Peripheral Nerve Continuity After Trauma,TERMINATED,PHASE2,INTERVENTIONAL,1.0,2021-08-17,2022-07-18,Milton S. Hershey Medical Center,OTHER,ALL,18 Years,
NCT00450450,Donor Bone Marrow Transplant With or Without G-CSF in Treating Young Patients With Hematologic Cancer or Other Diseases,COMPLETED,PHASE3,INTERVENTIONAL,27.0,2007-12-31,2022-03-31,Children's Oncology Group,NETWORK,ALL,,21 Years
NCT00606450,"Double-Blind, Randomized, Placebo-controlled Comparison of CC-10004 in Subjects With Moderate to Severe Plaque Type Psoriasis",COMPLETED,PHASE2,INTERVENTIONAL,260.0,2006-04-01,2007-05-01,Amgen,INDUSTRY,ALL,18 Years,
NCT01901250,Xylitol for Caries Prevention in Inner-City Children,COMPLETED,NA,INTERVENTIONAL,562.0,2007-08,2011-12,Case Western Reserve University,OTHER,ALL,5 Years,6 Years
NCT01014650,"Single Ascending Dose Safety, Tolerability and Pharmacokinetics Study of GLYX-13 in Normal Volunteers",COMPLETED,PHASE1,INTERVENTIONAL,53.0,2009-11,2015-10,"Naurex, Inc, an affiliate of Allergan plc",INDUSTRY,ALL,18 Years,55 Years
NCT02333591,Effect of Intact GLP-1 (7-36) and GLP-1 Metabolite (9-36) on Coronary and Peripheral Vascular Function in Adults,COMPLETED,PHASE4,INTERVENTIONAL,25.0,2016-07,2018-06,Mette Zander,OTHER,ALL,35 Years,70 Years
NCT02069691,The Cycling Exercise With Virtual Reality Visual Stimulation for Rehabilitation in CVA Patients,COMPLETED,NA,INTERVENTIONAL,13.0,2012-08,2013-05,Chung Shan Medical University,OTHER,ALL,25 Years,80 Years
NCT01443091,Oropharyngeal Colostrum for Immune Stimulation in Very Low Birth Weight Infants,COMPLETED,NA,INTERVENTIONAL,43.0,2011-01,2013-12,Milton S. Hershey Medical Center,OTHER,ALL,,3 Days
NCT07108491,Balance Training With Progressive Intermittent Visual Occlusions in Chronic Ankle Instability(RCT),COMPLETED,NA,INTERVENTIONAL,28.0,2025-02-24,2025-04-04,Sahmyook University,OTHER,ALL,20 Years,39 Years
NCT05092191,Cannabis as a Complementary Treatment in Multiple Sclerosis,RECRUITING,PHASE2,INTERVENTIONAL,250.0,2022-11-10,2025-05-10,Centre hospitalier de l'Université de Montréal (CHUM),OTHER,ALL,21 Years,
NCT00712491,Phase 1/2 Study of an Ocular Sirolimus (Rapamycin) Formulation in Patients With Age-Related Macular Degeneration,TERMINATED,PHASE1,INTERVENTIONAL,20.0,2008-09,2010-03,Santen Inc.,INDUSTRY,ALL,50 Years,
NCT04260191,Study of AMG 910 in Subjects With CLDN18.2-Positive Gastric and Gastroesophageal Junction Adenocarcinoma,TERMINATED,PHASE1,INTERVENTIONAL,15.0,2020-06-29,2022-06-02,Amgen,INDUSTRY,ALL,18 Years,99 Years
NCT07273084,Multidisciplinary Intervention for Non-Cancer Chronic Pain: Pilot Study,COMPLETED,NA,INTERVENTIONAL,12.0,2025-07-01,2026-02-01,Victor Ortiz Mallasen,OTHER,ALL,18 Years,79 Years
NCT03480984,Continuous Versus Intermittent Bolus Infusion of Paravertebral Blocks for Thoracic Surgery,COMPLETED,NA,INTERVENTIONAL,50.0,2018-02-05,2020-01-31,Mayo Clinic,OTHER,ALL,18 Years,
NCT00137033,Celebrex Low Dose ASA Study Examining the Incidence of Gastroduodenal Ulcers in a Healthy Population,COMPLETED,PHASE4,INTERVENTIONAL,605.0,2004-09,2005-07,Pfizer's Upjohn has merged with Mylan to form Viatris Inc.,INDUSTRY,ALL,50 Years,75 Years
NCT04984733,Temozolomide + Nivolumab in MGMT Methylated Oesophagogastric Cancer,COMPLETED,PHASE2,INTERVENTIONAL,13.0,2021-09-28,2024-10-23,University of Southampton,OTHER,ALL,18 Years,
NCT06362252,A Study of I-DXd in Combination With Atezolizumab With or Without Carboplatin as First-Line Induction or Maintenance in Subjects With Extensive Stage-Small Cell Lung Cancer (IDeate-Lung03),RECRUITING,PHASE1,INTERVENTIONAL,123.0,2024-07-22,2026-12-30,Daiichi Sankyo,INDUSTRY,ALL,18 Years,
NCT02593552,Video Intervention to Enhance the Safety Of Cognitively Impaired Older Drivers,COMPLETED,PHASE1,INTERVENTIONAL,12.0,2011-09,2014-07,Rhode Island Hospital,OTHER,ALL,68 Years,90 Years
NCT06895733,Study of Pazopanib Combined With Palbociclib for Refractory Solid Tumors With Co-amplified in the 11q13(FGF3/4/19/CCND1),RECRUITING,PHASE1,INTERVENTIONAL,65.0,2024-11-27,2025-12-31,Tianjin Medical University Second Hospital,OTHER,ALL,18 Years,
NCT07554833,Effects of Accelerated rTMS On Motor and Cognitive Function in Parkinson's Disease,RECRUITING,NA,INTERVENTIONAL,40.0,2026-06-03,2027-12-31,San Francisco Neurology and Sleep Center,OTHER,ALL,50 Years,90 Years
NCT06938152,Effects of Cycle Therapy vs Sequential Therapy With Romosozumab and Denosumab in Postmenopausal Osteoporosis Patients,RECRUITING,PHASE4,INTERVENTIONAL,70.0,2025-04-08,2029-12-31,National Taiwan University Hospital,OTHER,FEMALE,50 Years,90 Years
NCT01950247,Evaluate the Utility of Serum Hepcidin Levels to Predict Response to Oral or IV Iron,COMPLETED,PHASE4,INTERVENTIONAL,1025.0,2013-08-15,2015-06,"American Regent, Inc.",INDUSTRY,ALL,18 Years,
NCT05286047,Probiotic on Atopic Dermatitis in Infant,COMPLETED,NA,INTERVENTIONAL,100.0,2022-09-23,2025-05-28,"Glac Biotech Co., Ltd",INDUSTRY,ALL,3 Months,3 Years
NCT02338947,Off-pump Versus On-pump Coronary Artery Bypass Grafting in Frail Patients,ACTIVE_NOT_RECRUITING,NA,INTERVENTIONAL,440.0,2019-01-01,2025-12-31,University of Sao Paulo General Hospital,OTHER,ALL,60 Years,
NCT00600847,A Study to Assess and Compare the Effects of 5 mg vs. 20 mg Desloratadine on the Development of Cold Urticaria Lesions,COMPLETED,PHASE4,INTERVENTIONAL,33.0,2006-11,,"Charite University, Berlin, Germany",OTHER,ALL,18 Years,75 Years
NCT06541249,MethoTRExATE in MyelOpRolifErative Neoplasms (TREATMORE) Trial,RECRUITING,PHASE2,INTERVENTIONAL,54.0,2024-10-02,2027-12,Icahn School of Medicine at Mount Sinai,OTHER,ALL,18 Years,
NCT01438749,A Study of The Abuse Liability Potential of RO4917838 in Recreational Drug Users,COMPLETED,PHASE1,INTERVENTIONAL,177.0,2011-10,2012-05,Hoffmann-La Roche,INDUSTRY,ALL,18 Years,55 Years
NCT03626649,Evaluation for the Characterization of the Safety Profile of the DiamondTemp™ System for Fast Treatment of Patients With Atrial Fibrillation,COMPLETED,NA,INTERVENTIONAL,60.0,2018-05-29,2019-08-08,Medtronic Cardiac Rhythm and Heart Failure,INDUSTRY,ALL,18 Years,
NCT02837549,Novel Rehabilitation Strategies to Improve Arm Function in Patients With Scleroderma,COMPLETED,NA,INTERVENTIONAL,21.0,2016-07,2017-09,University of Michigan,OTHER,ALL,18 Years,
NCT00533949,High-Dose or Standard-Dose Radiation Therapy and Chemotherapy With or Without Cetuximab in Treating Patients With Newly Diagnosed Stage III Non-Small Cell Lung Cancer That Cannot Be Removed by Surgery,COMPLETED,PHASE3,INTERVENTIONAL,544.0,2007-11,2022-05-20,Radiation Therapy Oncology Group,NETWORK,ALL,18 Years,
NCT02713438,"Effects of Individual, Dyadic, and Collaborative Plans on Physical Activity in Parent-Child Dyads",COMPLETED,NA,INTERVENTIONAL,496.0,2016-04,2023-12,"University of Social Sciences and Humanities, Warsaw",OTHER,ALL,10 Years,100 Years
NCT05087238,CBT for Premature Ventricular Contractions,COMPLETED,NA,INTERVENTIONAL,19.0,2021-01-14,2022-05-10,Karolinska Institutet,OTHER,ALL,18 Years,70 Years
NCT04636138,Pharmacogenomic Modulators of Impaired Exercise Adaptation in Statin Users,ACTIVE_NOT_RECRUITING,NA,INTERVENTIONAL,5.0,2021-06-03,2026-07-30,University of Kansas Medical Center,OTHER,ALL,35 Years,65 Years
NCT01167738,Combination Chemotherapy With or Without Metformin Hydrochloride in Treating Patients With Metastatic Pancreatic Cancer,TERMINATED,PHASE2,INTERVENTIONAL,60.0,2010-07,2015-04,IRCCS San Raffaele,OTHER,ALL,18 Years,75 Years
NCT02162758,Effect of Dexlansoprazole 60 mg QD and 60 mg BID on Recurrence of Intestinal Metaplasia in Subjects Who Have Achieved Complete Eradication of Barrett's Esophagus With Radiofrequency Ablation,TERMINATED,PHASE2,INTERVENTIONAL,6.0,2014-07,2016-04,Takeda,INDUSTRY,ALL,18 Years,80 Years
NCT05694858,Transdermal Microneedle Lignocaine Delivery Versus EMLA Patch for Topical Analgesia Before Venepuncture Procedure To Adults in Clinical Setting,RECRUITING,PHASE1,INTERVENTIONAL,154.0,2025-02-17,2026-12-11,Universiti Kebangsaan Malaysia Medical Centre,OTHER,ALL,18 Years,
NCT01018758,Study With Palonosetron Alone in Preventing Chemotherapy-induced Nausea and Vomiting in Untreated Patients With Aggressive Non Hodgkin's Lymphomas Who Underwent Moderately Emetogenic Chemotherapy,COMPLETED,PHASE2,INTERVENTIONAL,86.0,2006-07,2008-07,Gruppo Italiano Studio Linfomi,OTHER,ALL,18 Years,
NCT06662058,Remote Audiometry to Monitor for Treatment-Related Hearing Loss in Patients With H&N SCC Receiving Cisplatin and/or Radiation,RECRUITING,NA,INTERVENTIONAL,118.0,2025-08-25,2029-08-01,Emory University,OTHER,ALL,18 Years,
NCT04834258,Effects of Walking and Respiratory Muscle Training on Pulmonary Function and Functional Exercise Capacity in PD,COMPLETED,NA,INTERVENTIONAL,30.0,2010-01-05,2011-09-15,Marmara University,OTHER,ALL,40 Years,85 Years
NCT00128258,Autologous/Allogeneic Progenitor Stem Cell Therapy for Congestive Heart Failure,TERMINATED,PHASE1,INTERVENTIONAL,10.0,2005-05-01,2016-12-01,"Amit, Patel N, M.D.",OTHER,ALL,18 Years,
NCT05937048,Coagulation Parameters With Albumin in Decompensated Cirrhosis (CoPA-D).,COMPLETED,NA,INTERVENTIONAL,120.0,2023-07-30,2024-11-25,"Institute of Liver and Biliary Sciences, India",OTHER,ALL,18 Years,70 Years
NCT03104348,Screening for COPD in Primary Care: a Synergistic Approach - Dentists - Pharmacists -Physiotherapists - Nurses - Physicians,TERMINATED,NA,INTERVENTIONAL,179.0,2017-04-07,2018-11-09,"University Hospital, Brest",OTHER,ALL,40 Years,
NCT03827148,"Impact of Pharmacist Intervention on Disease Knowledge, Rehabilitation and Medication Adherence, Treatment Induced Direct Cost, Health-related Quality of Life and Satisfaction in Patients With Rheumatoid Arthritis",COMPLETED,NA,INTERVENTIONAL,714.0,2018-11-17,2019-07-01,Universiti Sains Malaysia,OTHER,ALL,18 Years,
NCT00027248,Safety and Efficacy of MBI 226 for the Prevention of Central Venous Catheter-Related Bloodstream Infections,COMPLETED,PHASE3,INTERVENTIONAL,1400.0,2000-09,2003-07,BioWest Therapeutics Inc,INDUSTRY,ALL,16 Years,
NCT01450748,Efficacy and Safety of Alginos Oral Suspension to Treat Laryngopharyngeal Reflux,COMPLETED,PHASE3,INTERVENTIONAL,80.0,2011-10,2015-03,TTY Biopharm,INDUSTRY,ALL,12 Years,75 Years
NCT06785948,"tDCS Effect on Psychotic Symptoms in Dementia With Lewy Bodies (DLB), and Impacts on Caregiver Burden",RECRUITING,NA,INTERVENTIONAL,30.0,2025-01-10,2026-11,Association de Recherche Bibliographique pour les Neurosciences,OTHER,ALL,60 Years,
NCT06821048,Study of CEA Targeting CAR-T (PTC13) in the Treatment of CEA-Positive Advanced Malignant Solid Tumors,RECRUITING,PHASE1,INTERVENTIONAL,18.0,2024-07-24,2027-12-01,"Weijia Fang, MD",OTHER,ALL,18 Years,
NCT00467948,Comparison of 2 Cefazolin Prophylactic Protocol in Laryngectomy Patients,COMPLETED,PHASE3,INTERVENTIONAL,90.0,2004-06,2006-03,Tehran University of Medical Sciences,OTHER,ALL,,
NCT03171948,Effects of a Limited Almond Consumption After a Weight Loss Plan on Weight Maintenance,COMPLETED,NA,INTERVENTIONAL,120.0,2017-06-10,2019-01-17,Novindiet Clinic,OTHER,FEMALE,18 Years,45 Years
NCT06211348,Genomic Sequencing in Anatomically Normal Fetuses,RECRUITING,NA,INTERVENTIONAL,1000.0,2024-01-01,2030-01,"University of California, San Francisco",OTHER,ALL,18 Years,64 Years
NCT01851148,Clinical Effectiveness of Osteopathic Manipulative Treatment in Chronic Migraine,COMPLETED,NA,INTERVENTIONAL,105.0,2010-03,2012-03,European Institute for Evidence Based Osteopathic Medicine,OTHER,ALL,18 Years,60 Years
NCT02959255,10-day Versus 14-day Concomitant PAMC as First-line Treatment Strategy for the Eradication of H. Pylori Infection,COMPLETED,PHASE4,INTERVENTIONAL,364.0,2017-01-30,2017-12-30,Elpen Pharmaceutical Co. Inc.,INDUSTRY,ALL,18 Years,80 Years
NCT02477826,"An Investigational Immuno-therapy Trial of Nivolumab, or Nivolumab Plus Ipilimumab, or Nivolumab Plus Platinum-doublet Chemotherapy, Compared to Platinum Doublet Chemotherapy in Patients With Stage IV Non-Small Cell Lung Cancer (NSCLC)",COMPLETED,PHASE3,INTERVENTIONAL,2747.0,2015-08-05,2024-10-25,Bristol-Myers Squibb,INDUSTRY,ALL,18 Years,
NCT01220726,Botox for the Treatment of Overactive Bladder Secondary to Benign Prostatic Obstruction,COMPLETED,PHASE3,INTERVENTIONAL,30.0,2009-06,2012-11-13,Weill Medical College of Cornell University,OTHER,MALE,40 Years,90 Years
NCT06493578,"A Study to Evaluate the Efficacy, Safety, and Pharmacokinetics of VYN201 Gel in Subjects With Non-segmental Vitiligo.",TERMINATED,PHASE2,INTERVENTIONAL,205.0,2024-06-04,2025-09-30,Vyne Therapeutics Inc.,INDUSTRY,ALL,18 Years,75 Years
NCT03913078,Comparative Effectiveness of Social Physical Play and Traditional Exercise Programming,COMPLETED,NA,INTERVENTIONAL,431.0,2019-05-29,2022-10-31,Milton S. Hershey Medical Center,OTHER,ALL,18 Years,
NCT04098978,Before-after Comparison of Pharmacist Drug Therapy Management in Pediatric Hypertension,COMPLETED,NA,INTERVENTIONAL,266.0,2020-01-14,2021-12-31,University of Louisiana Monroe,OTHER,ALL,4 Years,20 Years
NCT02574078,A Study of Nivolumab in Advanced Non-Small Cell Lung Cancer (NSCLC),COMPLETED,PHASE1,INTERVENTIONAL,341.0,2015-11-23,2020-04-15,Bristol-Myers Squibb,INDUSTRY,ALL,18 Years,
NCT00906685,Bevacizumab for Central Retinal Vein Occlusion Study,COMPLETED,PHASE3,INTERVENTIONAL,60.0,2009-05,2011-09,Anders Kvanta,OTHER,ALL,,
NCT05582785,Low Field Magnetic Resonance Imaging Assessment With Outpatients,RECRUITING,NA,INTERVENTIONAL,500.0,2022-09-01,2026-12-31,Children's Mercy Hospital Kansas City,OTHER,ALL,0 Years,22 Years
NCT07235085,A Study to Evaluate the Efficacy and Safety of OTX-TKI (Axitinib Implant) in Participants With Non-Proliferative Diabetic Retinopathy,RECRUITING,PHASE3,INTERVENTIONAL,930.0,2025-11-17,2027-03,"Ocular Therapeutix, Inc.",INDUSTRY,ALL,18 Years,
NCT02825485,Minimizing the Utilization of Voiding Cystourethrography for Patients With Antenatal Hydronephrosis,TERMINATED,NA,INTERVENTIONAL,24.0,2016-07-27,2019-05-24,University of Virginia,OTHER,ALL,0 Months,5 Years
NCT04746885,Effect of DHA on Proinflammatory Cytokines Including Platelets Activating Factor (PAF) in Preterm Neonates,COMPLETED,NA,INTERVENTIONAL,80.0,2017-09-21,2021-01-01,Ain Shams University,OTHER,ALL,1 Day,28 Days
NCT02120443,ivWatch Model 400: Device Validation for Non-Infiltrated Tissues,COMPLETED,NA,INTERVENTIONAL,43.0,2014-01,2014-01,"ivWatch, LLC",INDUSTRY,ALL,18 Years,
NCT02210715,Raltegravir-based Antiretroviral Versus Maintaining Any Other Antiretroviral Therapy in HIV Mono-infected Patients,COMPLETED,PHASE4,INTERVENTIONAL,31.0,2015-03,2023-01-30,McGill University Health Centre/Research Institute of the McGill University Health Centre,OTHER,ALL,18 Years,
NCT03900715,"An Efficacy and Safety Study of Luspatercept (ACE-536) for the Treatment of Anemia Due to IPSS-R Very Low, Low or Intermediate Risk Myelodysplastic Syndromes (MDS) in Japanese Subjects Who Are Not Requiring Red Blood Cell Transfusion",COMPLETED,PHASE2,INTERVENTIONAL,21.0,2019-05-20,2023-03-01,Celgene,INDUSTRY,ALL,20 Years,
NCT05256615,Exercise Timing and Gestational Diabetes,COMPLETED,NA,INTERVENTIONAL,41.0,2020-01-01,2024-06-07,University of Alberta,OTHER,FEMALE,18 Years,45 Years
NCT06827015,Laughter Yoga's Impact on Children's Anger and Well-Being,COMPLETED,NA,INTERVENTIONAL,96.0,2025-03-16,2025-05-25,Mersin University,OTHER,ALL,8 Years,11 Years
NCT00354835,Combination Chemotherapy and Radiation Therapy in Treating Patients With Newly Diagnosed Rhabdomyosarcoma,COMPLETED,PHASE3,INTERVENTIONAL,481.0,2006-12-26,2022-12-31,Children's Oncology Group,NETWORK,ALL,,49 Years
NCT05617235,Kinesiology Taping After Thoracotomy,COMPLETED,NA,INTERVENTIONAL,88.0,2019-02-06,2022-11-01,Akdeniz University,OTHER,ALL,20 Years,75 Years
NCT05438225,Text Message Reminders for Hearing Healthcare,COMPLETED,NA,INTERVENTIONAL,41.0,2022-10-17,2023-10-25,Stanford University,OTHER,ALL,65 Years,
NCT01266525,Effect of Different Doses of SAR110894 on Cognition in Patients With Mild to Moderate Alzheimer's Disease on Donepezil,COMPLETED,PHASE2,INTERVENTIONAL,291.0,2011-02,2013-01,Sanofi,INDUSTRY,ALL,55 Years,
NCT02844725,Evaluate the Analgesic Efficacy and Safety of VVZ-149 Injection for Post-operative Pain Following Gastrectomy,COMPLETED,PHASE2,INTERVENTIONAL,60.0,2016-06,2017-02,"Vivozon, Inc.",INDUSTRY,ALL,25 Years,70 Years
NCT01634308,Efficacy and Safety of Bongros-BMP Compared to Bio-oss for Regeneration of Alveolar Bone Tissue After Maxillary Sinus Floor Augmentation,COMPLETED,PHASE3,INTERVENTIONAL,,2010-06,2012-06,Daewoong Pharmaceutical Co. LTD.,INDUSTRY,ALL,40 Years,70 Years
NCT02695225,Tobacco Cessation Interventions With Ohio Appalachian Smokers,COMPLETED,NA,INTERVENTIONAL,707.0,2010-11,2014-10,Ohio State University,OTHER,ALL,18 Years,
NCT00633425,Continuous Glucose Monitoring System (CGMS) in Type 2 Diabetic Patients Inadequately Controlled by Metformine Monotherapy; Analyze of Glycemic Profile Before and After Association of Glimepiride,COMPLETED,PHASE4,INTERVENTIONAL,43.0,2002-10,2003-10,Sanofi,INDUSTRY,ALL,35 Years,70 Years
NCT06382025,Preoperative Information With Storybook for Pediatric Anesthesia,COMPLETED,NA,INTERVENTIONAL,168.0,2018-03-09,2020-05-29,Trakya University,OTHER,ALL,5 Years,10 Years
NCT04418908,"Estrogen, Diabetes, and Endothelial Function",COMPLETED,NA,INTERVENTIONAL,40.0,2010-11-24,2018-10-22,"University of Colorado, Denver",OTHER,FEMALE,18 Years,45 Years
NCT06709625,Comparison of Erector Spinae Plane Block and Transversus Thoracic Muscle Plane Block in Coronary Artery Surgery,COMPLETED,NA,INTERVENTIONAL,92.0,2023-09-01,2024-04-01,Ankara City Hospital Bilkent,OTHER,ALL,18 Years,80 Years
NCT00148525,The Study of Automated Telephone Programs for the Maintenance of Dietary Change,COMPLETED,PHASE1,INTERVENTIONAL,1049.0,2006-07,2011-07,Robert H. Friedman,OTHER,ALL,18 Years,
NCT02648425,Safety and Tolerability of ASLAN001 in Combination With Cisplatin and 5-FU or Cisplatin and Capecitabine,COMPLETED,PHASE1,INTERVENTIONAL,31.0,2014-08-05,2017-09-15,ASLAN Pharmaceuticals,OTHER,ALL,20 Years,
NCT07605676,Acupoint TENS vs Resistance Training for Iron Deficiency Anemia,RECRUITING,PHASE4,INTERVENTIONAL,60.0,2026-01-15,2026-10-15,Cairo University,OTHER,FEMALE,20 Years,30 Years
NCT01377376,"A Phase 3, Randomized, Double-Blinded, Placebo-Controlled Study of ARQ 197 Plus Erlotinib Versus Placebo Plus Erlotinib",TERMINATED,PHASE3,INTERVENTIONAL,,2011-07,,"Kyowa Kirin Co., Ltd.",INDUSTRY,ALL,20 Years,
NCT01236976,SCIPA Full-On :Intensive Exercise Program After Spinal Cord Injury,COMPLETED,PHASE3,INTERVENTIONAL,116.0,2010-12,2016-06,University of Melbourne,OTHER,ALL,18 Years,
NCT01248676,An Evaluation of the Usability and Usefulness of a Multi-language Online Patient Education Module,COMPLETED,NA,INTERVENTIONAL,10.0,2010-12,2011-04,Sunnybrook Health Sciences Centre,OTHER,ALL,,
NCT06914076,Evaluating The Effectiveness Of Structured Psychosocial Counseling On Mental Health And FI Individuals With Low Vision,ACTIVE_NOT_RECRUITING,NA,INTERVENTIONAL,28.0,2025-03-20,2026-02-20,Superior University,OTHER,ALL,18 Years,80 Years
NCT05611476,Cognitive Muscular Therapy for Low Back Pain,COMPLETED,NA,INTERVENTIONAL,15.0,2022-12-08,2023-08-01,University of Salford,OTHER,ALL,18 Years,
NCT04717076,PrevA Study - Evaluation of an App-based Nutritional Concept,COMPLETED,NA,INTERVENTIONAL,80.0,2021-04-12,2021-10-12,University of Jena,OTHER,ALL,20 Years,69 Years
NCT06733376,Evaluating Evidenced Based Options for PTSD Treatment,RECRUITING,NA,INTERVENTIONAL,400.0,2025-10-06,2030-06-01,Rush University Medical Center,OTHER,ALL,18 Years,
NCT03290417,Correlative Analysis of the Genomics of Vitamin D and Omega-3 Fatty Acid Intake in Prostate Cancer,COMPLETED,NA,INTERVENTIONAL,37.0,2017-09-07,2019-12-20,Case Comprehensive Cancer Center,OTHER,MALE,,
NCT05898217,Vitamin and Mineral Absorption From Milk and PBMAs,ACTIVE_NOT_RECRUITING,NA,INTERVENTIONAL,60.0,2023-06-01,2025-12-30,"Clinical Nutrition Research Center, Illinois Institute of Technology",INDUSTRY,ALL,25 Years,70 Years
NCT01512017,Clinical Study on Veloderm for the Treatment of Split-thickness Skin Graft Donor Sites,COMPLETED,PHASE3,INTERVENTIONAL,96.0,2008-06,2010-05,Lee's Pharmaceutical Limited,INDUSTRY,ALL,18 Years,65 Years
NCT00173017,The Physiological Impact of N95 Masks on Medical Staff,COMPLETED,NA,INTERVENTIONAL,20.0,2003-08,2005-06,National Taiwan University Hospital,OTHER,ALL,20 Years,50 Years
NCT02533089,Training Lay Healthcare Workers to Optimize TB Care and Improve Outcomes in Malawi,COMPLETED,NA,INTERVENTIONAL,1153.0,2016-05,2018-02,Dignitas International,OTHER,ALL,,
NCT02338089,Investigating the Effect of Pulsatile Administration of Oxytocin on the Desensitization of Human Myometrium In-vitro,COMPLETED,NA,INTERVENTIONAL,18.0,2015-01,2015-06,"Samuel Lunenfeld Research Institute, Mount Sinai Hospital",OTHER,FEMALE,16 Years,40 Years
NCT05203289,A Study in Healthy People to Test How 2 Different Formulations of BI 695501 Are Taken up by the Body When Given as an Injection,COMPLETED,PHASE1,INTERVENTIONAL,200.0,2022-02-18,2022-08-29,Boehringer Ingelheim,INDUSTRY,ALL,18 Years,55 Years
NCT04267289,Happy@Home: Delivering iCBT With Homecare Workers to At-Home Seniors,COMPLETED,NA,INTERVENTIONAL,28.0,2019-05-30,2020-03-30,University of Michigan,OTHER,ALL,60 Years,
NCT06309589,The Effectiveness of Combining Ursodeoxycholic Acid With Vitamin D in Treating Patients With Primary Biliary Cholangitis,COMPLETED,NA,INTERVENTIONAL,60.0,2021-05-01,2023-12-31,Yilihamu·Abilitifu,OTHER,ALL,18 Years,
NCT06097689,A Pilot Study to Assess the Feasibility of a Novel Non-invasive Technology to Measure Changing Blood Glucose Levels in Adults with Type-1 Diabetes Mellitus,COMPLETED,NA,INTERVENTIONAL,21.0,2023-11-24,2024-05-16,Liom Health AG,INDUSTRY,ALL,18 Years,60 Years
NCT07032389,A Polypill for Acute Coronary Syndrome,RECRUITING,PHASE2,INTERVENTIONAL,1000.0,2025-12-05,2030-07-31,University of Texas Southwestern Medical Center,OTHER,ALL,18 Years,
NCT05958589,Caudal Block for Inguinal Hernioplasty in Children,COMPLETED,PHASE3,INTERVENTIONAL,70.0,2022-01-08,2024-07-20,University of Novi Sad,OTHER,MALE,3 Years,5 Years
NCT07317089,Facial Contouring With Monopolar RF and Continuous Water Cooling,COMPLETED,NA,INTERVENTIONAL,22.0,2023-07-01,2023-09-13,Yonsei University,OTHER,FEMALE,38 Years,50 Years
NCT04538989,An Open-Label Multiple Dose Study of RZ358 in Patients With Congenital Hyperinsulinism,COMPLETED,PHASE2,INTERVENTIONAL,23.0,2020-02-24,2022-08-19,Rezolute,OTHER,ALL,2 Years,45 Years
NCT07008989,A VIRTUAL Three-month Intervention Study of the Effects of a Smartphone Application (HippoCamera) on Memory in Teens and Young Adults With Down Syndrome,RECRUITING,NA,INTERVENTIONAL,40.0,2025-06-01,2027-03-31,Boston College,OTHER,ALL,15 Years,35 Years
NCT02880189,EUS Guided Core Liver Biopsy and IGB Placement for the Diagnosis and Management of NASH and Obesity,COMPLETED,NA,INTERVENTIONAL,21.0,2016-12,2018-03-13,Mayo Clinic,OTHER,ALL,22 Years,69 Years
NCT02050789,"Flexibility In Duty Hour Requirements for Surgical Trainees Trial - ""the FIRST Trial""",COMPLETED,NA,INTERVENTIONAL,152.0,2014-07,2017-06-30,Northwestern University,OTHER,ALL,,
NCT03069989,Single Doses of GSK3008348 in Idiopathic Pulmonary Fibrosis (IPF) Participants Using Positron Emission Tomography (PET) Imaging,TERMINATED,PHASE1,INTERVENTIONAL,8.0,2017-06-13,2018-07-18,GlaxoSmithKline,INDUSTRY,ALL,50 Years,
NCT06886789,SMART to Optimize an Intervention to Maintain Health Improvements After Cardiac Rehabilitation,RECRUITING,NA,INTERVENTIONAL,400.0,2026-04-01,2030-08,The Miriam Hospital,OTHER,ALL,18 Years,
NCT03638089,Fall Recovery Training for Individuals With Chronic Stroke,COMPLETED,NA,INTERVENTIONAL,19.0,2015-09-11,2019-07-07,University of Delaware,OTHER,ALL,18 Years,
NCT00494468,Single Dose Pharmacokinetic and Pharmacodynamic Evaluation of Three Different Doses of Zolpidem in Children,COMPLETED,PHASE1,INTERVENTIONAL,63.0,2002-10,2004-03,Eunice Kennedy Shriver National Institute of Child Health and Human Development (NICHD),NIH,ALL,2 Years,18 Years
NCT03962868,Endoscopic Submucosal Dissection (ESD) Versus Endoscopic Mucosal Resection (EMR) for Large Non Pedunculated Colonic Adenomas: a Randomized Comparative Trial,COMPLETED,NA,INTERVENTIONAL,360.0,2019-09-17,2025-03-19,"University Hospital, Limoges",OTHER,ALL,18 Years,
NCT04436068,Hyperfine Portable MRI in Hydrocephalus and Other Conditions Prompting Outpatient Brain Imaging,COMPLETED,NA,INTERVENTIONAL,100.0,2019-06-28,2026-01-31,University of Pennsylvania,OTHER,ALL,18 Years,
NCT03133468,"Study to Evaluate the Safety, Tolerability, Pharmacokinetics, and Pharmacodynamics of AJM347 in Healthy Male Caucasian and Japanese Subjects in the Fasted and Fed State",COMPLETED,PHASE1,INTERVENTIONAL,200.0,2017-07-25,2018-07-06,"EA Pharma Co., Ltd.",INDUSTRY,MALE,18 Years,45 Years
NCT04013568,Exercise Post-Diagnosis of Breast Cancer,COMPLETED,NA,INTERVENTIONAL,62.0,2019-08-28,2026-03-06,University of Hawaii,OTHER,FEMALE,18 Years,
NCT07716150,Reliability of Custom-Made Platform for Trunk Flexion Isometric Strength Assessment,COMPLETED,NA,INTERVENTIONAL,20.0,2026-05-01,2026-07-30,Riphah International University,OTHER,MALE,18 Years,25 Years
NCT07229950,"A Phase 2 Clinical Study to Evaluate the Efficacy, Safety, and Pharmacokinetics of HRS-7085 Tablets in Patients With Inflammatory Bowel Disease",RECRUITING,PHASE2,INTERVENTIONAL,48.0,2025-10-17,2026-12,"Shandong Suncadia Medicine Co., Ltd.",INDUSTRY,ALL,18 Years,75 Years
NCT05786950,Neural Respiratory Drive of Patients With Chronic Obstructive Pulmonary Disease,COMPLETED,NA,INTERVENTIONAL,44.0,2023-01-01,2024-09-01,The First Affiliated Hospital of Guangzhou Medical University,OTHER,ALL,35 Years,85 Years
NCT07084350,Combination of Lactulose and Polyethylene Glycol Electrolytes Powder (PEG-ELS) for Bowel Preparation in Type II Diabetes Mellitus Patients,COMPLETED,NA,INTERVENTIONAL,300.0,2025-09-04,2026-05-18,General Hospital of Shenyang Military Region,OTHER,ALL,18 Years,
NCT03537950,Shifting Brain Excitation-Inhibition Balance in Autism Spectrum Disorder,COMPLETED,NA,INTERVENTIONAL,38.0,2016-08-22,2017-03-01,King's College London,OTHER,MALE,18 Years,50 Years
NCT05575050,Impact of Teeth Brushing in Ventilated COVID-19 Patients.,COMPLETED,NA,INTERVENTIONAL,56.0,2021-09-01,2022-01-31,University Hospital in Krakow,OTHER,ALL,18 Years,90 Years
NCT04802850,"Investigation of Immediate, Short and Long Term Effects of Mulligan Mobilization With Movement Techniques in Nonspesific Chronic Low Back Pain",COMPLETED,NA,INTERVENTIONAL,36.0,2013-01-01,2015-04-01,Suleyman Demirel University,OTHER,ALL,18 Years,50 Years
NCT02310750,"A Safety, Tolerability, Pharmacokinetics And Pharmacodynamics Study Of PF-06700841, With Bioavailability/Food Effect Investigation",COMPLETED,PHASE1,INTERVENTIONAL,96.0,2014-11,2016-02,Pfizer,INDUSTRY,ALL,18 Years,65 Years
NCT00005774,Early Surfactant to Reduce Use of Mechanical Breathing in Low Birth Weight Infants,TERMINATED,PHASE3,INTERVENTIONAL,61.0,2000-05,2002-07,NICHD Neonatal Research Network,NETWORK,ALL,,12 Hours
NCT00237874,Aripiprazole Treatment of Prodromal Patients,COMPLETED,PHASE2,INTERVENTIONAL,15.0,2004-02,2007-02,Yale University,OTHER,ALL,13 Years,40 Years
NCT01879774,Characterisation of Neuropsychological and Motoric Performance in Patients With Hyponatremia,COMPLETED,NA,INTERVENTIONAL,189.0,2012-06,2022-04,University of Cologne,OTHER,ALL,18 Years,
NCT07546474,Telemedicine-Assisted vs Conventional Telephone Instruction in Cardiopulmonary Resuscitation,COMPLETED,NA,INTERVENTIONAL,108.0,2025-02-01,2025-12-31,Siriraj Hospital,OTHER,ALL,18 Years,
NCT04484974,"Effects of Pecan Nut Snacks v Equicaloric Snacks on Appetite, Food Intake, Metabolism, Hormones and Biomarkers",COMPLETED,NA,INTERVENTIONAL,21.0,2020-06-23,2023-09-19,"University of Colorado, Denver",OTHER,ALL,20 Years,50 Years
NCT05101018,Treatment With Romosozumab Versus Denosumab to Improve Bone Mineral Density and Architecture in Subacute SCI,ACTIVE_NOT_RECRUITING,PHASE4,INTERVENTIONAL,40.0,2021-11-01,2027-11-01,James J. Peters Veterans Affairs Medical Center,FED,ALL,18 Years,55 Years
NCT05251818,Effect of Acupressure on Bowel Functions After Cesarean Section,COMPLETED,NA,INTERVENTIONAL,61.0,2021-07-10,2022-03-09,Aydin Adnan Menderes University,OTHER,FEMALE,18 Years,35 Years
NCT03019718,Implementation of the Internet-based Aftercare Program 'GSA-Online Plus',COMPLETED,NA,INTERVENTIONAL,88.0,2016-07,2017-10-31,Johannes Gutenberg University Mainz,OTHER,ALL,,
NCT01273818,Effectiveness of Topical Antibiotic Prophylaxis in Inguinal Hernia Repair,COMPLETED,PHASE4,INTERVENTIONAL,276.0,2011-01,2013-03,Diskapi Teaching and Research Hospital,OTHER,ALL,16 Years,80 Years
NCT01060618,Double-method Comparative Study in Order to Predict the Use of Co-receptors From Type 1 HIV: Phenotypic Study (Trofile ESTA®) and Virologic Response to a CCR5 Antagonist in the Short Term,COMPLETED,PHASE2,INTERVENTIONAL,58.0,2009-05,2011-12,Asociacion para el Estudio de las Enfermedades Infecciosas,NETWORK,ALL,18 Years,
NCT05833490,The Effect of rPMS on Motor Skill Performance in Persons With a Stroke.,COMPLETED,NA,INTERVENTIONAL,36.0,2023-04-24,2023-12-01,University of Illinois at Chicago,OTHER,ALL,18 Years,
NCT04465890,A Phase II Study of Subcutaneously Injected PD-L1 Antibody ASC22 in Chronic Hepatitis B Patients,COMPLETED,PHASE2,INTERVENTIONAL,207.0,2020-07-17,2024-08-09,"Ascletis Pharmaceuticals Co., Ltd.",INDUSTRY,ALL,18 Years,65 Years
NCT05039190,Evaluate the Efficacy and Safety of HBM9161(HL161)Subcutaneous Injection in Patients With Generalized MG Patients,COMPLETED,PHASE3,INTERVENTIONAL,132.0,2021-09-25,2023-01-14,Harbour BioMed (Guangzhou) Co. Ltd.,INDUSTRY,ALL,18 Years,99 Years
NCT01995890,Effect of Nepafenac Eye Drops on Intraocular Pressure in Normal Eyes,COMPLETED,PHASE4,INTERVENTIONAL,327.0,2012-12,2013-04,Dr T V Patel Eye Institute,OTHER,ALL,,
NCT00095290,Irbesartan Versus Placebo in Combination With Ramipril for Treatment of Albuminuria,COMPLETED,PHASE4,INTERVENTIONAL,400.0,2004-09,2005-11,Bristol-Myers Squibb,INDUSTRY,ALL,55 Years,
NCT02523690,Evaluating Muscle Weakness Improvement With Lorcaserin in ICU,TERMINATED,PHASE1,INTERVENTIONAL,5.0,2015-12,2017-12,Johns Hopkins University,OTHER,ALL,18 Years,
NCT01349413,BRAVO Study for Functional Dyspepsia,COMPLETED,PHASE4,INTERVENTIONAL,130.0,2011-08-24,2018-07-19,Chinese University of Hong Kong,OTHER,ALL,18 Years,
NCT05600413,Citrulline Supplementation On Vascular Responsiveness and Function in Postmenopausal Women,COMPLETED,NA,INTERVENTIONAL,26.0,2020-07-07,2022-04-27,Texas Tech University,OTHER,FEMALE,50 Years,79 Years
NCT07582913,Manual Versus Autoflow Ventilation During Anesthesia Inductıon in Geriatric Patients,RECRUITING,NA,INTERVENTIONAL,106.0,2026-05-13,2026-12-05,Ankara City Hospital Bilkent,OTHER,ALL,65 Years,
NCT05856513,Pharmacokinetics of ZSP1273 in Participants With Hepatic Impairment,COMPLETED,PHASE1,INTERVENTIONAL,24.0,2023-06-15,2023-07-04,"Guangdong Raynovent Biotech Co., Ltd",INDUSTRY,ALL,18 Years,68 Years
NCT04531813,Study to Determine Skin Irritation Potential of an Antifungal Cream Containing Trolamine After Repeated Skin Application (Cumulative Irritation Patch Test),COMPLETED,PHASE3,INTERVENTIONAL,32.0,2013-06-10,2013-07-01,Bayer,INDUSTRY,ALL,18 Years,79 Years
NCT04134013,Nutrient Nutritional Advise for Low Back Pain Patients Seeking Chiropractic Care,COMPLETED,NA,INTERVENTIONAL,9.0,2019-10-14,2020-11-26,Parker University,OTHER,ALL,21 Years,65 Years
NCT00036413,"A 12-week, Multicenter, Safety and Dose-ranging Study of 3 Oral Doses of TCH346 in Patients With Amyotrophic Lateral Sclerosis",COMPLETED,PHASE2,INTERVENTIONAL,44.0,2002-01,2002-10,Novartis Pharmaceuticals,INDUSTRY,ALL,40 Years,75 Years
NCT01277913,"The Effect of Supplementation With Two Different Doses of Vitamin D on Bone Mineral Density, Vitamin D Levels and Hand Grip Strength in Children With Diabetes Mellitus Type 1",COMPLETED,PHASE4,INTERVENTIONAL,60.0,2011-01,2013-11,Medical University of Warsaw,OTHER,ALL,8 Years,11 Years
NCT01552213,Early Screening and Treatment of Women With Prediabetes in Pregnancy,COMPLETED,NA,INTERVENTIONAL,95.0,2012-03,2014-09,Stanford University,OTHER,FEMALE,18 Years,55 Years
NCT00120913,Continuous Oral Contraceptives (COCs): Are Bleeding Patterns Dependent on the Hormones Given?,COMPLETED,NA,INTERVENTIONAL,160.0,,2004-08,Oregon Health and Science University,OTHER,FEMALE,18 Years,49 Years
NCT00778713,Bioequivalence Study of Fosinopril Sodium / Hydrochlorothiazide 20/ 12.5 mg Tablets Under Fed Conditions,COMPLETED,NA,INTERVENTIONAL,33.0,2003-03,2003-04,Ranbaxy Laboratories Limited,INDUSTRY,ALL,18 Years,
NCT02327013,Investigating the Effect of Vortioxetine in Adult ADHD Patients,COMPLETED,PHASE2,INTERVENTIONAL,227.0,2014-12,2016-09,H. Lundbeck A/S,INDUSTRY,ALL,18 Years,55 Years
NCT03272113,SKIP-IT Smoking Cessation in Pregnancy,COMPLETED,NA,INTERVENTIONAL,28.0,2017-12-05,2019-08-31,University of Stirling,OTHER,FEMALE,16 Years,
NCT05677113,A Study of QBECO Versus Placebo in the Treatment of Colorectal Cancer That Has Spread to the Liver,ACTIVE_NOT_RECRUITING,PHASE2,INTERVENTIONAL,115.0,2023-08-01,2031-02-01,Sunnybrook Health Sciences Centre,OTHER,ALL,18 Years,
NCT07001813,Clinical and Radiographic Assessment of the Outcomes of Dental Implant Inserted After Xenograft Socket Preservation in Posterior Maxilla,COMPLETED,NA,INTERVENTIONAL,16.0,2022-08-01,2024-12-01,Suez Canal University,OTHER,MALE,20 Years,40 Years
NCT06960213,STOP-HAE: A Phase 3 Study of ADX-324 in HAE,RECRUITING,PHASE3,INTERVENTIONAL,90.0,2025-08-28,2027-12-31,"ADARx Pharmaceuticals, Inc.",INDUSTRY,ALL,18 Years,
NCT05131113,Stratification of Patients in Oncogeriatrics and Personalization of Interventions,COMPLETED,NA,INTERVENTIONAL,186.0,2022-01-27,2024-05-03,Biogipuzkoa Health Research Institute,OTHER,ALL,70 Years,100 Years
NCT02688413,Study Evaluating the MindMotionPRO for Early Post-stroke Upper-limb Rehabilitation,TERMINATED,NA,INTERVENTIONAL,9.0,2016-08,2018-02,Mindmaze SA,INDUSTRY,ALL,18 Years,
NCT07693413,Investigation of the Effects of Mixed Reality Application on the Upper Extremity in Individuals With Hemiparetic Stroke,COMPLETED,NA,INTERVENTIONAL,42.0,2026-01-01,2026-05-30,Emine Ece Bedir Ayar,OTHER,ALL,18 Years,65 Years
NCT02687113,Pre-procedure Planning for Radiofrequency Ablation Using CT or MR/US Fusion,COMPLETED,NA,INTERVENTIONAL,240.0,2013-03,2015-03,Seoul National University Hospital,OTHER,ALL,,
NCT04044313,HAIC Plus Lenvatinib and Toripalimab for Advanced HCC,COMPLETED,PHASE2,INTERVENTIONAL,36.0,2019-08-01,2022-02-28,Shi Ming,OTHER,ALL,18 Years,75 Years
NCT00191113,Somatropin Treatment to Final Height in Turner Syndrome,COMPLETED,PHASE3,INTERVENTIONAL,154.0,1989-02,2007-12,Eli Lilly and Company,INDUSTRY,FEMALE,7 Years,13 Years
NCT06780813,Supplemental High Flow Oxygen to Reduce Infections in Obese Gynecological Cancer Patients,RECRUITING,NA,INTERVENTIONAL,400.0,2025-01-10,2026-05-01,National and Kapodistrian University of Athens,OTHER,FEMALE,18 Years,85 Years
NCT03599713,A Study of INCMGA00012 in Metastatic Merkel Cell Carcinoma (POD1UM-201),COMPLETED,PHASE2,INTERVENTIONAL,107.0,2019-02-25,2024-06-28,Incyte Corporation,INDUSTRY,ALL,18 Years,
NCT01530360,Cerebral Oxygenation to Guide Medical Interventions in Extremely Preterm Infants,COMPLETED,PHASE1,INTERVENTIONAL,10.0,2011-09,2012-03,Gorm Greisen,OTHER,ALL,,3 Hours
NCT03514160,Relationships Between Exercise and Emotion Regulation on Physical Activity in Frail Older Adults,COMPLETED,NA,INTERVENTIONAL,20.0,2015-04,2016-01,Northeastern University,OTHER,ALL,60 Years,90 Years
NCT06831760,A RCT Evaluating Efficacy of Type-I Collagen Skin Substitute vs. Human Amnion Membrane in Treatment of Venous Leg Ulcers,COMPLETED,NA,INTERVENTIONAL,60.0,2025-02-01,2025-07-10,"Dr Naveen Narayan MS, MCh (Plastic Surgery)",OTHER,ALL,18 Years,80 Years
NCT02152852,Peer Support for Achieving Independence in Diabetes,COMPLETED,NA,INTERVENTIONAL,287.0,2011-11,2016-12,Public Health - Seattle and King County,OTHER_GOV,ALL,30 Years,70 Years
NCT07065552,Tirzepatide in Obesity-Driven Endometrial Cancer,RECRUITING,EARLY_PHASE1,INTERVENTIONAL,20.0,2026-04-27,2028-07,UNC Lineberger Comprehensive Cancer Center,OTHER,FEMALE,18 Years,
NCT05896852,Healthy Lifestyles: A Home Based Physical Activity Intervention in Persons Living With HIV,COMPLETED,NA,INTERVENTIONAL,40.0,2023-10-01,2025-06-11,Georgetown University,OTHER,ALL,18 Years,
NCT02317952,Formula for Children With Cow's Milk Allergy,COMPLETED,NA,INTERVENTIONAL,90.0,2014-05,2016-12,Perrigo Nutritionals,INDUSTRY,ALL,,13 Years
NCT01304147,Intranasal Ketamine in Treatment-Resistant Depression,COMPLETED,NA,INTERVENTIONAL,20.0,2011-10,2014-10,James Murrough,OTHER,ALL,21 Years,65 Years
NCT04162847,Harnessing Mobile Technology to Reduce Mental Health Disorders in College Populations,COMPLETED,NA,INTERVENTIONAL,6205.0,2019-10-07,2023-12-31,Washington University School of Medicine,OTHER,ALL,18 Years,
NCT05009849,Role of Exercise in Breast Cancer Patient Undergoing Treatment,ACTIVE_NOT_RECRUITING,NA,INTERVENTIONAL,850.0,2010-11-23,2030-05-30,Tata Memorial Centre,OTHER,FEMALE,18 Years,60 Years
NCT02880449,Promoting Physical Activity Among Older Women Living in Socio-economically Disadvantaged Areas,COMPLETED,NA,INTERVENTIONAL,40.0,2016-09,2017-04,"Queen's University, Belfast",OTHER,ALL,50 Years,
NCT04508049,A Study to Evaluate Renal Fibrosis Using MRI Techniques,ACTIVE_NOT_RECRUITING,NA,INTERVENTIONAL,24.0,2020-10-01,2026-12,Mayo Clinic,OTHER,ALL,40 Years,80 Years
NCT02907749,Spironolactone on Fibrosis Progrssion-Portal Hypertension(FP-PH)in Cirrhosis,COMPLETED,PHASE4,INTERVENTIONAL,96.0,2018-01-01,2020-07-31,Changqing Yang,OTHER,ALL,18 Years,75 Years
NCT02709538,Long Term Safety and Efficacy of Fixed Dose Combination GSP 301 Nasal Spray (NS) in the Treatment of Perennial Allergic Rhinitis (PAR),COMPLETED,PHASE3,INTERVENTIONAL,601.0,2016-04,2017-07,Glenmark Specialty S.A.,INDUSTRY,ALL,12 Years,
NCT01785238,Nephronic Reduction After Neonatal Acute Renal Failure in Preterm,COMPLETED,NA,INTERVENTIONAL,75.0,2013-02,2013-10,Nantes University Hospital,OTHER,ALL,3 Years,10 Years
NCT04762238,Does the Diacutaneous Fibrolysis Change Ultrasonographic Measurements in Patients With Carpal Tunnel Syndrome?,COMPLETED,NA,INTERVENTIONAL,60.0,2021-02-10,2021-07-10,Universidad de Zaragoza,OTHER,ALL,18 Years,65 Years
NCT00208338,Pilot Study to Evaluate the Restore Orthobiologic Implant in Rotator Cuff Tear Repair,COMPLETED,PHASE4,INTERVENTIONAL,33.0,2005-07,2015-04,DePuy International,INDUSTRY,ALL,40 Years,
NCT03194438,Urban Zen Integrative Therapy for Persons With Pulmonary Hypertension,COMPLETED,NA,INTERVENTIONAL,14.0,2017-06-19,2018-06-05,Ohio State University,OTHER,ALL,18 Years,
NCT02784938,Vocational Empowerment Photovoice (VEP),COMPLETED,NA,INTERVENTIONAL,147.0,2015-11-11,2020-05-12,Boston University Charles River Campus,OTHER,ALL,18 Years,
NCT03480438,Treatment of Older Patients With B-precursor ALL With Sequential Dose Reduced Chemotherapy and Blinatumomab,COMPLETED,PHASE2,INTERVENTIONAL,52.0,2018-06-01,2024-01-10,Goethe University,OTHER,ALL,56 Years,74 Years
NCT00367458,Randomized Placebo-Controlled Trial of Atorvastatin in HIV-Positive Patients Not on Antiretroviral Therapy,COMPLETED,PHASE2,INTERVENTIONAL,24.0,2006-10-18,2008-06-19,National Institute of Allergy and Infectious Diseases (NIAID),NIH,ALL,18 Years,
NCT05819658,GV1001 Subcutaneous(SC) for the Treatment of Progressive Supranuclear Palsy (PSP),COMPLETED,PHASE2,INTERVENTIONAL,78.0,2023-06-14,2024-10-11,GemVax & Kael,INDUSTRY,ALL,41 Years,85 Years
NCT06646458,A Explorative Pilot Study to Gain Insights for a New Senior Milk Powder,COMPLETED,NA,INTERVENTIONAL,30.0,2025-02-07,2025-03-14,Danone Nutricia,INDUSTRY,ALL,50 Years,70 Years
NCT03077048,Short-term Metabolic Effects of Ketosteril® Supplemented Low Protein Diet in Pre-dialysis Chronic Kidney Disease (CKD) Patients,COMPLETED,PHASE1,INTERVENTIONAL,23.0,2017-03-30,2018-05-02,Fresenius Kabi,INDUSTRY,ALL,40 Years,75 Years
NCT05119348,Transmission of Coronavirus Disease 2019 (COVID19) in Crowded Environments,COMPLETED,NA,INTERVENTIONAL,245.0,2020-09-14,2021-10-21,Desmond Tutu HIV Foundation,OTHER,ALL,12 Years,
NCT06198348,Aerobic Training With and Without Resistance Training in Polycystic Ovarian Syndrome,COMPLETED,NA,INTERVENTIONAL,22.0,2023-03-15,2024-03-15,Riphah International University,OTHER,FEMALE,18 Years,40 Years
NCT06562348,The ctDNA-RECIST Trial Part One,RECRUITING,PHASE2,INTERVENTIONAL,167.0,2025-01-15,2030-09-01,Karen-Lise Garm Spindler,OTHER,ALL,18 Years,
NCT04297748,Bioimaging Study of 89Zr-M7824 in NSCLC,TERMINATED,PHASE1,INTERVENTIONAL,5.0,2020-06-01,2022-11-30,Olivia Newton-John Cancer Research Institute,OTHER,ALL,18 Years,
NCT00523848,"Bortezomib, Doxorubicin Hydrochloride Liposome, and Thalidomide as First-line Therapy in Treating Patients With Previously Untreated Stage I, II, or III Multiple Myeloma",COMPLETED,PHASE2,INTERVENTIONAL,46.0,2006-06,2012-10,Roswell Park Cancer Institute,OTHER,ALL,18 Years,120 Years
NCT02554955,A Study of Daclizumab (Zenapax) in Combination With Mycophenolate Mofetil (CellCept) and Sirolimus in Prevention of Acute Rejection in Heart Transplant Participants,COMPLETED,PHASE4,INTERVENTIONAL,36.0,2004-02,2007-12,Hoffmann-La Roche,INDUSTRY,ALL,18 Years,
NCT03557255,Levosimendan for Cardiac Patients Undergoing Major Abdominal Cancer Surgeries,COMPLETED,PHASE2,INTERVENTIONAL,60.0,2017-08-01,2018-04-23,"National Cancer Institute, Egypt",OTHER,ALL,18 Years,75 Years
NCT06436326,The Impact of Continuous Glucose Monitoring on Maternal and Infant's Outcomes in Gestational Diabetes,RECRUITING,NA,INTERVENTIONAL,120.0,2024-08-22,2027-12-31,National Taiwan University Hospital,OTHER,FEMALE,18 Years,
NCT00377026,FirstWIND: Weight Loss Interventions After Delivery,COMPLETED,NA,INTERVENTIONAL,50.0,2006-09,2008-03,Johns Hopkins University,OTHER,FEMALE,18 Years,
NCT06735326,Fluzoparib With or Without Bevacizumab for Neoadjuvant Therapy in Advanced Ovarian Cancer,RECRUITING,PHASE2,INTERVENTIONAL,105.0,2024-11-27,2028-10-01,Qilu Hospital of Shandong University,OTHER,FEMALE,18 Years,
NCT06442826,Non-invasive Auricular Simulation for Exam Anxiety and Depression in University Students,COMPLETED,NA,INTERVENTIONAL,20.0,2024-05-01,2024-06-21,Fundació Tecnocampus Mataró-Maresme,OTHER,ALL,18 Years,
NCT02294526,A Sardine Diet Intervention Study to Assess Benefits to the Metabolic Profile in Type 2 Diabetes Mellitus Patients,COMPLETED,NA,INTERVENTIONAL,35.0,2012-11,2013-11,Spanish Biomedical Research Centre in Diabetes and Associated Metabolic Disorders,OTHER,ALL,40 Years,85 Years
NCT06060626,Optimization of Sedation Protocol for Endoscopic Procedures Using Impedance Ventilation Monitor.,COMPLETED,NA,INTERVENTIONAL,50.0,2023-11-16,2025-01-22,"Charles University, Czech Republic",OTHER,ALL,18 Years,65 Years
NCT06002126,Optimization of Cervical Cancer Screening Among Women Living With HIV in Latin American Countries,ACTIVE_NOT_RECRUITING,NA,INTERVENTIONAL,1001.0,2023-08-02,2027-03-31,Weill Medical College of Cornell University,OTHER,FEMALE,25 Years,65 Years
NCT03862326,Pilot Study - Patient Education and Pelvic Strength Exercises in Elderly Women With Incontinence.,COMPLETED,NA,INTERVENTIONAL,46.0,2016-08-01,2019-03-01,University College of Northern Denmark,OTHER,FEMALE,,
NCT05517226,Pharmacokinetics of Cotadutide in Participants With Hepatic Impairment,TERMINATED,PHASE1,INTERVENTIONAL,24.0,2022-09-06,2023-02-27,AstraZeneca,INDUSTRY,ALL,18 Years,85 Years
NCT01691378,Window to Hope-Evaluating a Psychological Treatment for Hopelessness Among Veterans With Traumatic Brain Injury,COMPLETED,NA,INTERVENTIONAL,44.0,2012-01,2018-09-01,Lisa Brenner,FED,ALL,18 Years,89 Years
NCT05972278,Investigating the Effect of Obicetrapib on Lipoprotein Metabolism,ACTIVE_NOT_RECRUITING,PHASE1,INTERVENTIONAL,22.0,2023-12-01,2024-10-14,NewAmsterdam Pharma,INDUSTRY,ALL,18 Years,75 Years
NCT03916978,Autologous PRP Intra Ovarian Infusion to Restore Ovarian Function in Menopausal Women,RECRUITING,PHASE2,INTERVENTIONAL,100.0,2019-05-21,2028-07-30,Genesis Athens Clinic,OTHER,FEMALE,45 Years,55 Years
NCT06550778,Construction and Preliminary Application of Mindfulness-based Emotional Regulation Intervention Scheme for Adolescents With Anxiety Disorder and Caregivers,COMPLETED,NA,INTERVENTIONAL,78.0,2022-06-01,2024-03-01,Zhan Yuxin,OTHER,ALL,12 Years,50 Years
NCT03050385,Cognitive Rehabilitation During Transcranial Direct Current Stimulation,COMPLETED,NA,INTERVENTIONAL,20.0,2016-10,2017-08-18,"National Center of Neurology and Psychiatry, Japan",OTHER,ALL,55 Years,90 Years
NCT02479685,SORD-BILL Vs Conventional Options During Sacral Colpopexy for POP,COMPLETED,NA,INTERVENTIONAL,100.0,2014-06,2015-06,Catholic University of the Sacred Heart,OTHER,FEMALE,50 Years,80 Years
NCT00207285,"Sleep Disorders Management, Health and Safety in Police",COMPLETED,NA,INTERVENTIONAL,731.0,2005-05,2010-09,Brigham and Women's Hospital,OTHER,ALL,18 Years,
NCT07361185,A Sticker Reminder Intervention to Promote IV-to-PO Fluoroquinolone Switching,TERMINATED,NA,INTERVENTIONAL,168.0,2020-07-01,2024-12-31,Mahidol University,OTHER,ALL,18 Years,
NCT03397485,"Fortified Milk, Growth and Micronutrient Status in Mexican Toddlers (MilkGrowth)",COMPLETED,NA,INTERVENTIONAL,189.0,2011-01-01,2016-12-01,"Instituto Nacional de Salud Publica, Mexico",OTHER,ALL,12 Months,36 Months
NCT03736785,A Study of LY3209590 in Participants With Type 2 Diabetes Mellitus,COMPLETED,PHASE2,INTERVENTIONAL,399.0,2018-11-15,2020-02-18,Eli Lilly and Company,INDUSTRY,ALL,18 Years,
NCT06624943,Introducing Biosimilar Insulin Glargine to the Treatment Regimen of Children and Youth with Type 1 Diabetes in Mali,COMPLETED,PHASE4,INTERVENTIONAL,260.0,2022-03-14,2023-05-05,"Life for a Child Program, Diabetes Australia",OTHER,ALL,,25 Years
NCT05408078,Become Your Own SLEEPexpert: a Behavioral Treatment Program for Insomnia in Patients With Psychiatric Disorders,COMPLETED,NA,INTERVENTIONAL,68.0,2021-11-01,2025-12-31,University of Bern,OTHER,ALL,18 Years,
NCT04745078,Carboxytherapy for Periorbital Dark Circles,COMPLETED,NA,INTERVENTIONAL,80.0,2017-01-01,2021-05-15,Alexandria University,OTHER,ALL,18 Years,60 Years
NCT02530385,Fecal Microbiota Transplant for Improvement of Metabolism,COMPLETED,PHASE1,INTERVENTIONAL,24.0,2016-06,2018-06-27,Massachusetts General Hospital,OTHER,ALL,25 Years,60 Years
NCT06972485,Comparison of Hemodynamic Effects of Hypobaric and Hyperbaric Bupivacaine in Spinal Anesthesia in Geriatric Patients,COMPLETED,NA,INTERVENTIONAL,70.0,2025-05-15,2025-12-30,Eskisehir Osmangazi University,OTHER,ALL,65 Years,
NCT03835585,Gun Locks in Firearm Suicide Intervention,COMPLETED,NA,INTERVENTIONAL,30.0,2019-11-01,2022-04-02,Florida State University,OTHER,ALL,18 Years,
NCT00816985,Liposuction for Arm Lymphedema Following Breast Cancer Surgery,COMPLETED,NA,INTERVENTIONAL,7.0,2008-12-03,2021-06-22,H. Lee Moffitt Cancer Center and Research Institute,OTHER,FEMALE,18 Years,
NCT00439985,Improving Metabolic Control in Diabetic Young Children,TERMINATED,NA,INTERVENTIONAL,23.0,2006-09,2009-07,Icahn School of Medicine at Mount Sinai,OTHER,ALL,7 Years,11 Years
NCT00000743,"A Phase I, Dose-Escalating Safety and Tolerance Study of sCD4-PE40 in HIV-Infected Persons",COMPLETED,PHASE1,INTERVENTIONAL,64.0,,1995-05,National Institute of Allergy and Infectious Diseases (NIAID),NIH,ALL,18 Years,
NCT06938243,Wether VNS in Early Stage (3 Months) is Safe and More Beneficial for Post-stroke Motor Rehabilitation,RECRUITING,PHASE1,INTERVENTIONAL,100.0,2025-05-01,2026-12-30,Qilu Hospital of Shandong University,OTHER,ALL,30 Years,75 Years
NCT00625443,"Phase 2, Parallel Group, Rollover Study of AKR-501 in Patients With ChronicITP Who Completed 28 Days of Study Treatment in Protocol 501-CL-003",COMPLETED,PHASE2,INTERVENTIONAL,53.0,2007-05,2009-10,Eisai Inc.,INDUSTRY,ALL,18 Years,
NCT03974243,Chiauranib in Combination With Chidamide in Patients With Relapsed/Refractory Non-Hodgkin's Lymphoma,COMPLETED,PHASE1,INTERVENTIONAL,9.0,2019-07-11,2021-12-31,"Chipscreen Biosciences, Ltd.",INDUSTRY,ALL,18 Years,70 Years
NCT06922643,Study of the Efficacy and Safety of Pegnano Plus Barivir (Ribavirin) in Treatment-naïve Patients With Chronic Hepatitis C at KienGiang General Hospital,COMPLETED,PHASE4,INTERVENTIONAL,100.0,2011-03-01,2013-03-01,Nanogen Pharmaceutical Biotechnology Joint Stock Company,INDUSTRY,ALL,18 Years,65 Years
NCT02689843,"Effects of Cyproterone Compound-spironolactone, Metformin and Pioglitazone on Inflammatory Markers in PCOS",COMPLETED,EARLY_PHASE1,INTERVENTIONAL,90.0,2018-02-01,2018-12-30,Shiraz University of Medical Sciences,OTHER,FEMALE,18 Years,35 Years
NCT07570043,A Study to Evaluate the Efficacy of a Postbiotic Supplement on Menopausal Symptoms in Premenopausal Women,COMPLETED,NA,INTERVENTIONAL,80.0,2026-03-04,2026-05-27,"Able Biolabs, LLC",OTHER,FEMALE,35 Years,55 Years
NCT01410643,Puberty Related Intervention to Improve Metabolic Outcomes (The PRIMO Study),COMPLETED,NA,INTERVENTIONAL,92.0,2011-03,2015-03,University of Alabama at Birmingham,OTHER,FEMALE,7 Years,11 Years
NCT02546843,Depth of Neuromuscular Blockade and the Perioperative Conditions in Laparoscopic Surgery in Pediatric Population,COMPLETED,NA,INTERVENTIONAL,66.0,2015-12,2019-05,Brno University Hospital,OTHER,ALL,2 Years,18 Years
NCT04028843,A Smartphone Intervention for WIC Mothers to Improve Nutrition and Weight Gain During Pregnancy,COMPLETED,NA,INTERVENTIONAL,351.0,2019-07-12,2025-05-29,Pennington Biomedical Research Center,OTHER,FEMALE,18 Years,40 Years
NCT04357743,Pursed Lip Breathing With Arm Ergometry After Chin Supported Position in COPD Patients.,COMPLETED,NA,INTERVENTIONAL,74.0,2019-04-01,2020-02-10,Riphah International University,OTHER,ALL,40 Years,
NCT06046443,A Study to Assess Efficacy and Safety of LB54640 in Patients With Hypothalamic Obesity,COMPLETED,PHASE2,INTERVENTIONAL,28.0,2024-07-11,2026-02-09,"Rhythm Pharmaceuticals, Inc.",INDUSTRY,ALL,12 Years,
NCT00647543,Atorvastatin Study For The Treatment Of High Cholesterol In Patients From Thailand,COMPLETED,PHASE4,INTERVENTIONAL,242.0,2003-08,2004-04,Pfizer's Upjohn has merged with Mylan to form Viatris Inc.,INDUSTRY,ALL,18 Years,80 Years
NCT00513643,Metabolic Effect of Insulin Aspart and Human Insulin in Different Doses,COMPLETED,PHASE1,INTERVENTIONAL,16.0,2002-04,2002-06,Profil Institut für Stoffwechselforschung GmbH,INDUSTRY,ALL,18 Years,45 Years
NCT06683443,Assessing the Effects of Robotic Pets on Patients With Dementia in the Acute Care Hospital Setting,COMPLETED,NA,INTERVENTIONAL,106.0,2024-01-02,2025-12-29,Sarasota Memorial Health Care System,OTHER,ALL,65 Years,
NCT05514743,Response of Cardiovascular Parameters to Physical Therapy Post Liver Transplantation,COMPLETED,NA,INTERVENTIONAL,30.0,2019-04-17,2022-04-01,"General Committee of Teaching Hospitals and Institutes, Egypt",OTHER_GOV,MALE,40 Years,60 Years
NCT04418843,Cold EMR Vs Standard EMR for the Treatment of Large Nonpedunculated Homogeneous Colorectal Lesions,COMPLETED,NA,INTERVENTIONAL,229.0,2020-06-08,2023-03-31,Oscar Nogales,OTHER,ALL,18 Years,
NCT06769243,Cognitive Flexibility and Response to TMS Therapy,COMPLETED,NA,INTERVENTIONAL,30.0,2023-04-15,2024-03-15,Gulhane Training and Research Hospital,OTHER_GOV,ALL,18 Years,65 Years
NCT07534943,Effectiveness of Oleanolic Acid as Intracanal Medicament on Infectious/Inflammatory Contents in Teeth With Apical Periodontitis,ACTIVE_NOT_RECRUITING,NA,INTERVENTIONAL,36.0,2026-03-01,2026-06-01,Mansoura University,OTHER,ALL,20 Years,60 Years
NCT07583043,Effect of Diet Supplementation With Amaranth Protein on Mexican Children With Overweight and Obesity,COMPLETED,NA,INTERVENTIONAL,56.0,2018-03-10,2018-06-30,Instituto Potosino De Investigacion Cientifica Y Tecnologica AC,OTHER,ALL,8 Years,10 Years
NCT00542243,A Trial of PROSCAR (Finasteride) Versus Placebo in Men With an Initial Negative Prostate Biopsy,COMPLETED,PHASE3,INTERVENTIONAL,19.0,2008-02,2012-12,"University Health Network, Toronto",OTHER,MALE,18 Years,
NCT03768843,"Surgical Outcome of Type II Odontoid Fracture, Harms Technique",COMPLETED,NA,INTERVENTIONAL,12.0,2015-01-01,2018-01-01,Sohag University,OTHER,ALL,16 Years,65 Years
NCT00638443,Lumbar Stenosis Outcomes Research (LUSTOR),COMPLETED,PHASE4,INTERVENTIONAL,29.0,2008-03,2010-09,University of Rochester,OTHER,ALL,50 Years,
NCT01136915,Kidney Damage In Patients With Severe Fall In eGFR,TERMINATED,PHASE4,INTERVENTIONAL,15.0,2010-11,2012-11,"Bracco Diagnostics, Inc",INDUSTRY,ALL,18 Years,
NCT02239315,Study of Tumor RNA Disruption Assay™ (RDA),TERMINATED,NA,INTERVENTIONAL,1.0,2015-12,2017-05,University of Toronto,OTHER,FEMALE,18 Years,
NCT00802815,"Double-blind, Randomized, Placebo-controlled Trial of Etanercept for 12 Months in Subjects With Inclusion Body Myositis",COMPLETED,EARLY_PHASE1,INTERVENTIONAL,20.0,2005-04,2014-05,Washington University School of Medicine,OTHER,ALL,18 Years,80 Years
NCT02230215,Assessment of Conventional and Patient-specific Instrumentation in Total Knee Arthroplasty,COMPLETED,NA,INTERVENTIONAL,50.0,2015-06,2018-08,London Health Sciences Centre Research Institute OR Lawson Research Institute of St. Joseph's,OTHER,ALL,20 Years,80 Years
NCT00333515,Pharmacokinetic (PK) and Safety Study of Plasma-derived Human Butyrylcholinesterase Administered Intravenously,COMPLETED,PHASE1,INTERVENTIONAL,28.0,2007-01-01,2008-08-01,Baxalta now part of Shire,INDUSTRY,ALL,18 Years,55 Years
NCT03024515,Opioids Titration Study in Advanced Cancer Patients in Hong Kong,COMPLETED,NA,INTERVENTIONAL,2.0,2018-08-23,2020-12-07,Chinese University of Hong Kong,OTHER,ALL,18 Years,
NCT06385015,T-UP: Engaging Vulnerable Students in Diabetes Prevention,COMPLETED,NA,INTERVENTIONAL,80.0,2023-10-04,2025-07-10,"University of California, Los Angeles",OTHER,ALL,17 Years,25 Years
NCT06171035,Use of 3D Printing High-fidelity Craniofacial Manikin to Teach Noninvasive Positive Pressure Ventilation,RECRUITING,NA,INTERVENTIONAL,50.0,2023-12-07,2026-08-31,Fu Jen Catholic University,OTHER,ALL,18 Years,30 Years
NCT04221035,High-Risk Neuroblastoma Study 2 of SIOP-Europa-Neuroblastoma (SIOPEN),RECRUITING,PHASE3,INTERVENTIONAL,800.0,2019-11-05,2032-11,"Gustave Roussy, Cancer Campus, Grand Paris",OTHER,ALL,,21 Years
NCT01821235,Evaluation of Individual Bioequivalence of Gabasandoz® Relative to Neurontin® in Healthy Volunteers,COMPLETED,PHASE1,INTERVENTIONAL,51.0,2013-04,2013-11,"University Hospital, Ghent",OTHER,ALL,18 Years,55 Years
NCT05582135,Postoperative Analgesic Effect of Esketamine,COMPLETED,NA,INTERVENTIONAL,119.0,2021-05-05,2021-08-16,Xuanhan County People's Hospital,OTHER,FEMALE,20 Years,32 Years
NCT01146535,Interferon Alpha Lozenges Plus Oseltamivir for Influenza Treatment,COMPLETED,PHASE2,INTERVENTIONAL,40.0,2011-01,2012-12,"Ainos, Inc. (f/k/a Amarillo Biosciences Inc.",INDUSTRY,ALL,20 Years,65 Years
NCT06821308,A Randomized Controlled Clinical Trial to Assess Crestal Bone Remodeling of Four Different Implant Designs,COMPLETED,NA,INTERVENTIONAL,25.0,2015-09-18,2024-02-20,University Ghent,OTHER,ALL,21 Years,
NCT03027908,A Study to Measure the Effect of Two Fluoride Toothpastes on Gingival Health Over a Six Month Period,COMPLETED,NA,INTERVENTIONAL,239.0,2016-10-19,2017-05-08,Unilever R&D,INDUSTRY,ALL,18 Years,
NCT03096808,Adaptive Radiotherapy for Head and Neck Cancer,COMPLETED,PHASE2,INTERVENTIONAL,64.0,2017-03-15,2021-10-22,Memorial Sloan Kettering Cancer Center,OTHER,ALL,18 Years,
NCT02912208,Eltrombopag for the Treatment of Thrombocytopenia Due to Low- and Intermediate Risk Myelodysplastic Syndromes,ACTIVE_NOT_RECRUITING,PHASE2,INTERVENTIONAL,174.0,2011-06-11,2026-10,Associazione Qol-one,OTHER,ALL,18 Years,
NCT02429908,Post-Market Surveillance Study of the TM Ardis Interbody Fusion System,COMPLETED,PHASE4,INTERVENTIONAL,80.0,2014-03,2018-09-14,Zimmer Biomet,INDUSTRY,ALL,18 Years,
NCT01226108,The Akloma Tinnitus Patch in Patients With Manifested Tinnitus,COMPLETED,NA,INTERVENTIONAL,16.0,2010-10,,Akloma Bioscience AB,INDUSTRY,ALL,18 Years,
NCT02338908,Dry Needling and Exercises in Shoulder Pain,COMPLETED,NA,INTERVENTIONAL,50.0,2015-01,2016-03,Universidad Rey Juan Carlos,OTHER,ALL,18 Years,65 Years
NCT02526108,Energy Expenditure of High Intensity Functional Training,COMPLETED,NA,INTERVENTIONAL,21.0,2015-08,2015-12,University of Kansas Medical Center,OTHER,ALL,18 Years,50 Years
NCT05143008,A Pilot Study to Evaluate an Intervention for Gestational Weight Gain,COMPLETED,NA,INTERVENTIONAL,15.0,2015-08-13,2017-02-19,University of Pittsburgh,OTHER,FEMALE,14 Years,
NCT06735625,"Pilot Study ""AHSP as a Biomarker of Sickle Cell Disease in a Population of Adults and Children""",RECRUITING,NA,INTERVENTIONAL,100.0,2025-03-06,2027-01-20,Centre Hospitalier de Saint-Denis,OTHER,ALL,3 Years,
NCT05791825,Evaluation of the CHIME Intervention for Improving Early Head Start/Head Start Educator Well-being,COMPLETED,NA,INTERVENTIONAL,571.0,2023-03-13,2025-10-31,University of Nebraska Lincoln,OTHER,ALL,,
NCT05123625,Prognostic Effect of Whether Doing PLND During RC for High-risk NMIBC,RECRUITING,NA,INTERVENTIONAL,200.0,2021-07-01,2028-06-30,The First Affiliated Hospital with Nanjing Medical University,OTHER,ALL,18 Years,75 Years
NCT02042625,Optimal Positioning of Nasopharyngeal Temperature Probes: A Prospective Cohort Study,COMPLETED,NA,INTERVENTIONAL,36.0,2014-04,2015-10,The Cleveland Clinic,OTHER,ALL,18 Years,90 Years
NCT00736125,A Study to Determine if Carbon Dioxide Lavage During Total Knee Surgery Reduces Intraoperative Embolic Events,COMPLETED,NA,INTERVENTIONAL,20.0,2007-12,2011-03,Kinamed Incorporated,INDUSTRY,ALL,50 Years,
NCT01771276,ULTIMATE Study for Weight Loss,COMPLETED,NA,INTERVENTIONAL,10.0,2012-06,2013-12,USGI Medical,INDUSTRY,ALL,21 Years,60 Years
NCT03462576,Companion Protocol for Methacetin Breath Test (MBT) in Conatus Protocol IDN-6556-17,TERMINATED,,INTERVENTIONAL,199.0,2017-06-28,2019-07-15,"Meridian Bioscience, Inc.",INDUSTRY,ALL,18 Years,
NCT07122076,GT719 Injection for Moderate to Severe Refractory Autoimmune Diseases,RECRUITING,EARLY_PHASE1,INTERVENTIONAL,10.0,2025-08-22,2028-08-21,Grit Biotechnology,INDUSTRY,ALL,18 Years,65 Years
NCT00006276,Micellar Paclitaxel to Treat Severe Psoriasis,COMPLETED,PHASE2,INTERVENTIONAL,25.0,2000-09,2002-10,National Cancer Institute (NCI),NIH,ALL,,
NCT04749017,The Potential Effect of Avena Sativa L. on Wellness/Wellbeing During Smoking Reduction/Cessation Experience,COMPLETED,NA,INTERVENTIONAL,140.0,2021-01-20,2021-12-31,Universidad Católica San Antonio de Murcia,OTHER,ALL,18 Years,65 Years
NCT05785117,Vagal Nerve Stimulation as Therapeutic Approach on Metabolic Syndrome,COMPLETED,NA,INTERVENTIONAL,70.0,2023-03-01,2023-05-30,Rana Elbanna,OTHER,MALE,45 Years,55 Years
NCT01098240,"A Study Of The Efficacy And Safety Of CP-601,927 Augmentation Of Antidepressant Therapy In Major Depression",TERMINATED,PHASE2,INTERVENTIONAL,297.0,2010-06-14,2011-09-12,Pfizer,INDUSTRY,ALL,18 Years,65 Years
NCT01203540,Evaluation of the Effect and Tolerance of Preservative Free NAAGA on the Inflammatory Component and Symptoms of Dry Eye Syndrome in Allergic Conjunctivitis Patients,COMPLETED,PHASE4,INTERVENTIONAL,21.0,2010-10,2011-01,Laboratoires Thea,INDUSTRY,ALL,20 Years,
NCT05411289,The Effect of Acupressure on Labor Pain and Anxiety Levels During Labor in Primiparas Women,COMPLETED,NA,INTERVENTIONAL,60.0,2022-06-07,2022-07-15,Cairo University,OTHER,FEMALE,20 Years,30 Years
NCT03219840,Cetylpyridium Chloride (CPC) Based Chewing Gum and Gingivitis,COMPLETED,PHASE4,INTERVENTIONAL,70.0,2017-10-18,2018-09-08,"The University of Texas Health Science Center, Houston",OTHER,ALL,18 Years,
NCT07054489,UPBEAT: Using Polygenic Scores to Guide BB Therapy in HF With Mildly Reduced EF,RECRUITING,NA,INTERVENTIONAL,10.0,2026-03-30,2027-06,David Lanfear,OTHER,ALL,18 Years,89 Years
NCT02078089,Oxcarbazepine Plus Morphine in Patients With Refractory Cancer Pain,TERMINATED,PHASE1,INTERVENTIONAL,1.0,2014-03-06,2014-12-11,Costantine Albany,OTHER,ALL,18 Years,
NCT01014689,Comparison of Epiduo Associated With Lymecycline Versus Epiduo Vehicle Associated With Lymecycline in Acne Vulgaris,COMPLETED,PHASE3,INTERVENTIONAL,378.0,2009-08,2010-05,Galderma R&D,INDUSTRY,ALL,12 Years,35 Years
NCT05177289,Photobiomodulation Therapy in the Prevention and Management of Chemotherapy-Induced Alopecia,RECRUITING,NA,INTERVENTIONAL,72.0,2022-02-28,2030-01,Jessa Hospital,OTHER,FEMALE,18 Years,
NCT02726789,Combination Treatment With REP 2139-Ca and Pegasys in Patients With Chronic Hepatitis B,COMPLETED,PHASE2,INTERVENTIONAL,5.0,2012-10,2016-12,Replicor Inc.,INDUSTRY,ALL,18 Years,55 Years
NCT04770389,Randomized Study of Obicetrapib in Combination With Ezetimibe,COMPLETED,PHASE2,INTERVENTIONAL,112.0,2021-02-23,2021-06-30,NewAmsterdam Pharma,INDUSTRY,ALL,18 Years,70 Years
NCT06685289,Donafenib Combined With Capecitabine for Postoperative Adjuvant Therapy of Biliary Malignant Tumors With High-risk Recurrence Risk,RECRUITING,PHASE2,INTERVENTIONAL,70.0,2024-11-15,2027-11-15,The First Affiliated Hospital with Nanjing Medical University,OTHER,ALL,18 Years,75 Years
NCT04415489,SIS Versus Office Hysteroscopy for Uterine Cavity Evaluation Prior to IVF,COMPLETED,NA,INTERVENTIONAL,100.0,2019-12-06,2020-12-01,"University of North Carolina, Chapel Hill",OTHER,FEMALE,18 Years,50 Years
NCT00537368,First Study of the Safety of CNTO 888 in Patients With Solid Tumors,COMPLETED,PHASE1,INTERVENTIONAL,44.0,2007-09,2010-03,"Centocor, Inc.",INDUSTRY,ALL,18 Years,
NCT05725668,A Study of Dual-task Exercise Training to Prevent Falls Among Older Adults With Mild Cognitive Impairment,RECRUITING,NA,INTERVENTIONAL,336.0,2023-07-15,2028-01-31,Oregon Research Institute,OTHER,ALL,65 Years,95 Years
