nct_id,intervention_type,intervention_name
NCT00702507,DRUG,0.25 % Miconazole Nitrate Ointment
NCT02236000,DRUG,Neratinib
NCT02236000,DRUG,T-DM1
NCT02074007,DRUG,AR01
NCT02074007,DRUG,Placebo Comparator
NCT00762307,DEVICE,Zeltiq Dermal Cooling Device
NCT05500807,DRUG,Emicizumab
NCT02267707,DRUG,nab-paclitaxel
NCT02267707,DRUG,Gemcitabine
NCT05044507,DEVICE,BQ 2.0
NCT04715607,DIAGNOSTIC_TEST,Sequence of testing.
NCT03309007,DRUG,Metformin
NCT03309007,DRUG,Placebo Oral Tablet
NCT07522892,OTHER,Swaddle Bathing
NCT07522892,OTHER,Conventional Tub Bathing
NCT04670692,OTHER,5G-MCE examination
NCT04670692,OTHER,MCE examination
NCT02069392,BEHAVIORAL,Cognitive remediation training
NCT02069392,DRUG,Nicotine polacrilex lozenge
NCT05724992,GENETIC,Saliva swab testing
NCT04976192,COMBINATION_PRODUCT,TEV-45779
NCT04976192,COMBINATION_PRODUCT,XOLAIR® Injection
NCT05048992,OTHER,ELDOA method
NCT05048992,OTHER,Post-facilitation stretching
NCT06222892,DRUG,Camlipixant
NCT03644836,DRUG,Amino Acids
NCT03644836,DRUG,Placebos
NCT00164736,DRUG,Maternal zidovudine/lamivudine/lopinavir-ritonavir
NCT00164736,DRUG,Infant nevirapine
NCT00164736,DIETARY_SUPPLEMENT,Maternal protein and calorie supplement
NCT01563536,DRUG,ABT-267
NCT01563536,DRUG,ABT-450
NCT01563536,DRUG,ABT-333
NCT01563536,DRUG,Ritonavir
NCT01563536,DRUG,Ribavirin
NCT04223336,BEHAVIORAL,Brief physical activity and diet intervention
NCT05349136,OTHER,Synchronous telerehabilitation group
NCT05349136,OTHER,Asynchronous telerehabilitation group
NCT00444236,DRUG,Nexium
NCT00444236,DRUG,Placebo
NCT02367911,DRUG,122-0551 Foam
NCT02367911,DRUG,Vehicle Foam
NCT03836911,OTHER,serious game
NCT03836911,OTHER,classic program
NCT01320111,DRUG,Paclitaxel and Sorafenib
NCT01320111,DRUG,Paclitaxel
NCT07617207,BEHAVIORAL,Training to Aid Patients with Stroke (TAP-S) Program
NCT00230607,DRUG,agalsidase beta
NCT01911507,DRUG,INC280
NCT01911507,DRUG,erlotinib hydrochloride
NCT01960907,DEVICE,CHROMED monitoring system
NCT03023007,PROCEDURE,Loco-regional anaesthesia
NCT06999707,RADIATION,Photon radiotherapy
NCT06999707,DRUG,Tremelimumab
NCT06999707,DRUG,Durvalumab
NCT07379307,BEHAVIORAL,Maternal Positioning during NST
NCT04310592,BIOLOGICAL,CYNK-001
NCT03842592,DIAGNOSTIC_TEST,Treadmill Stress test
NCT03128892,DEVICE,Oxygen Reserve Index - RD Lite Sensors
NCT03494907,DRUG,Seltorexant
NCT03494907,OTHER,Placebo Matched to Seltorexant
NCT03494907,OTHER,Placebo Matched to Moxifloxacin
NCT03494907,DRUG,Moxifloxacin Dose 1
NCT05773807,OTHER,Bispectral index
NCT05773807,OTHER,Observer's assessment alert Sedation
NCT05773807,PROCEDURE,Gastroscopy
NCT05773807,DRUG,Propofol
NCT00762892,DRUG,Raltegravir and truvada
NCT00762892,DRUG,"Atazanavir, Norvir and Truvada"
NCT00601692,DRUG,cisplatin
NCT00601692,DRUG,docetaxel
NCT00601692,DRUG,irinotecan hydrochloride
NCT00601692,RADIATION,radiation therapy
NCT04382092,DIAGNOSTIC_TEST,FilmArray Pneumonia
NCT02655692,DRUG,Ketamine
NCT02655692,DRUG,Placebo/Saline
NCT07236892,BEHAVIORAL,"Participants will perform experimental tasks while undergoing non-invasive activity recordings, which may include EEG, EMG, IMUs, fNIRS, eye gaze, or pupillometry."
NCT03301792,BEHAVIORAL,Group prenatal care
NCT04617236,BEHAVIORAL,Cultivando La Salud
NCT00388011,DRUG,Intranasal Morphine (MNS075) 3.75 mg
NCT00388011,DRUG,Intravenous Morphine 7.5 mg
NCT00388011,DRUG,Intranasal morphine (MNS075) 7.5 mg
NCT00388011,DRUG,Intranasal morphine (MNS075) 15 mg
NCT00388011,DRUG,Intranasal morphine (MNS075) 30 mg
NCT00388011,DRUG,Intranasal placebo
NCT06494111,DRUG,Pravastatin
NCT06494111,DRUG,Pentoxifylline
NCT06494111,DRUG,Tocopherol
NCT03682211,DRUG,Fentanyl Citrate
NCT03682211,DRUG,Morphine sulphate
NCT01206036,DRUG,Docetaxel
NCT01206036,DRUG,Temsirolimus
NCT04384536,PROCEDURE,Neural therapy application
NCT03620136,DRUG,locoregional analgesia by a block on the adductor channel
NCT03620136,DRUG,locoregional analgesia by periarticular local infiltrations
NCT01975636,DRUG,E2609
NCT01341600,DRUG,Clopidogrel
NCT01341600,DRUG,Omeprazole/Clopidogrel
NCT00083707,DRUG,Thalidomide
NCT02323607,DRUG,Pacritinib
NCT02323607,DRUG,Cytarabine
NCT02323607,DRUG,Daunorubicin Hydrochloride
NCT02323607,DRUG,Decitabine
NCT02323607,OTHER,Laboratory Biomarker Analysis
NCT02323607,OTHER,Pharmacological Study
NCT01039207,OTHER,Laboratory Biomarker Analysis
NCT01039207,BIOLOGICAL,Rilotumumab
NCT01588392,BEHAVIORAL,Short bouts of structured physical activity
NCT01588392,BEHAVIORAL,Unstructured physical activity
NCT01610492,DRUG,belimumab
NCT03887936,DRUG,Testosterone gel 1.62%
NCT03887936,DRUG,Placebo
NCT00754936,DRUG,Escitalopram
NCT07322536,BEHAVIORAL,Haptic Glove-Based Virtual Reality Training
NCT05442736,DRUG,Ciprofloxacin
NCT00765336,DRUG,minocycline extended release
NCT00765336,DRUG,Placebo
NCT02543736,DEVICE,Instrumented Treadmill System
NCT00029536,BIOLOGICAL,Progesterone Lozenges
NCT00029536,OTHER,Matched Placebo Lozenges
NCT01057511,DRUG,Crinone 8%
NCT01057511,DRUG,Progesterone
NCT00343811,DRUG,Modafinil
NCT01849211,DRUG,rocuronium
NCT02119936,BEHAVIORAL,Heart Rate Variability Biofeedback Tool
NCT00715936,BEHAVIORAL,Control
NCT00715936,BEHAVIORAL,ECD
NCT00715936,BEHAVIORAL,Enhanced Nutrition
NCT06326307,BEHAVIORAL,Tell Show and Do Guidance
NCT06326307,BEHAVIORAL,Puppet Guidance
NCT03020407,PROCEDURE,IVC Ultrasound-guided
NCT03020407,DRUG,Antibiotics
NCT03020407,DRUG,Vasopressor
NCT01521507,DEVICE,LipiFlow System
NCT01521507,DEVICE,Warm Compress Therapy + Lid Scrub
NCT00491907,DRUG,folic acid 5mg/day
NCT05836207,BEHAVIORAL,Abstinence-focused Contingency Management (CM) - stand alone
NCT05836207,BEHAVIORAL,Standard Outpatient Cognitive Behavioural Therapy (CBT)
NCT07148492,PROCEDURE,Antireflux suture
NCT07148492,PROCEDURE,No Antireflux suture
NCT03629392,BEHAVIORAL,Low met/cys diet
NCT03629392,BEHAVIORAL,Moderate met/cys diet
NCT03629392,BEHAVIORAL,High met/cys diet
NCT07352592,BEHAVIORAL,Process-Based Approach
NCT04028492,DRUG,Tradipitant
NCT04028492,DRUG,Placebo
NCT04028492,DRUG,Open Label Tradipitant
NCT00006092,DRUG,Arsenic Trioxide
NCT05220592,BEHAVIORAL,Internet-based recovery training program
NCT01264536,DIETARY_SUPPLEMENT,lactoferrin
NCT01264536,DIETARY_SUPPLEMENT,Maltodextrin
NCT06616636,DRUG,Azacitidine
NCT06616636,DRUG,Rezatapopt
NCT04025736,DRUG,Tranexamic Acid 100Mg/Ml Inj Vil 10Ml
NCT04025736,DRUG,0.9% Sodium Chloride Injection
NCT01061736,DRUG,Sarilumab
NCT01061736,DRUG,Placebo (for sarilumab)
NCT01061736,DRUG,Methotrexate
NCT01061736,DRUG,Folic Acid
NCT00434811,BIOLOGICAL,Allogeneic Pancreatic Islet Cells
NCT00434811,BIOLOGICAL,Antithymocyte Globulin
NCT00434811,DRUG,Sirolimus
NCT00434811,DRUG,Tacrolimus
NCT00434811,BIOLOGICAL,Etanercept
NCT00434811,PROCEDURE,Islet Transplantation
NCT00434811,BIOLOGICAL,Basiliximab
NCT00280111,BIOLOGICAL,116E AGMK
NCT00280111,DRUG,I321
NCT00280111,DRUG,Placebo
NCT05065411,DRUG,Enobosarm & Abemaciclib Combo
NCT05065411,DRUG,"non-steroidal AI, or steroidal AI (exemestane with or without everolimus) or Fulvestrant"
NCT05846711,DIAGNOSTIC_TEST,BPPV diagnostic
NCT05846711,DEVICE,TRV chair
NCT05846711,DEVICE,VNG goggles
NCT05846711,DEVICE,IMU sensor
NCT05846711,PROCEDURE,Manual BPPV diagnostics
NCT00390611,DRUG,Sorafenib
NCT00390611,DRUG,Paclitaxel
NCT00390611,DRUG,Carboplatin
NCT05339100,DRUG,Anifrolumab
NCT05339100,DEVICE,Autoinjector
NCT05339100,DEVICE,Accessorized Pre-Filled Syringe
NCT01972100,DEVICE,Low-level laser therapy (808nm)
NCT01972100,OTHER,isokinetic exercise
NCT01972100,DEVICE,Placebo low-level laser therapy
NCT06417307,BEHAVIORAL,Supervised exercise training
NCT06417307,BEHAVIORAL,Control group
NCT05966207,BEHAVIORAL,Individual Cognitive Stimulation
NCT02621307,DIETARY_SUPPLEMENT,Salba
NCT02621307,DIETARY_SUPPLEMENT,Flax
NCT02621307,DIETARY_SUPPLEMENT,Control
NCT03832907,DEVICE,Dexcom G6 CGM - Continues Glucose Monitoring sensor system
NCT03832907,DIAGNOSTIC_TEST,POC BG - Point-of-Care Blood Glucose monitoring
NCT02250092,DEVICE,Transcranial Direct Current Stimulation (tDCS)
NCT02250092,DEVICE,Placebo Comparator
NCT07346092,OTHER,Preventive Intervention
NCT07346092,OTHER,Survey Administration
NCT02196792,DEVICE,E-Poly liner
NCT02196792,DEVICE,ArComXL liner
NCT02196792,DEVICE,32 mm femoral head
NCT02196792,DEVICE,36 mm femoral head
NCT04011592,DRUG,Ketamine 0.5 mg/kg
NCT04011592,DRUG,Ketamine 0.2 mg/kg
NCT03222492,BIOLOGICAL,Brentuximab Vedotin
NCT03222492,BIOLOGICAL,Placebo
NCT02203292,BEHAVIORAL,Liberal transfusion strategy
NCT02203292,BEHAVIORAL,Restrictive transfusion strategy
NCT05201092,DRUG,[14C]-Lu AG06466
NCT00942292,DIETARY_SUPPLEMENT,Lipidem- fish oil emulsion BBraun UK
NCT00942292,PROCEDURE,Digital Contrast MRI scan
NCT05311592,BEHAVIORAL,HERO Dads Program
NCT00000992,DRUG,Itraconazole
NCT03505411,DIETARY_SUPPLEMENT,melatonin supplementation
NCT03218111,OTHER,MR Imaging
NCT03218111,OTHER,CT-guidance
NCT05671211,OTHER,Task-Oriented Training
NCT05671211,OTHER,Conventional Therapy
NCT00549211,DRUG,GSK557296
NCT03943836,BEHAVIORAL,Music
NCT07579936,DRUG,SAL056 56.5μg
NCT07579936,DRUG,Intervention Group 1
NCT07579936,DRUG,Intervention Group 2
NCT07579936,DRUG,Intervention Group 3
NCT00663936,DRUG,T-817MA
NCT00663936,DRUG,Placebo
NCT06928311,OTHER,Exercise Environment
NCT07473700,DRUG,TX000045
NCT07411807,OTHER,Program (Systematic Minimal Early Intervention for Eating Disorders)
NCT03860207,BIOLOGICAL,Humanized 3F8 Bispecific Antibody
NCT03860207,OTHER,Blood draw
NCT01596907,DRUG,Ephedrine sulfate with caffeine
NCT01596907,DRUG,cellulose
NCT00125307,DRUG,tacrolimus
NCT04824807,OTHER,Yoga
NCT04824807,OTHER,Clinical Pilates
NCT04824807,OTHER,An educational booklet
NCT03258892,OTHER,Educational Intervention
NCT03258892,OTHER,Quality-of-Life Assessment
NCT03258892,OTHER,Survey Administration
NCT03847207,DRUG,HTL0030310
NCT03847207,DRUG,Pasireotide
NCT03847207,DRUG,Placebo
NCT06619392,DRUG,HRS-2129
NCT06619392,DRUG,HRS-2129 Placebo
NCT07303192,PROCEDURE,Free Gingival Graft (FGG)
NCT07303192,BIOLOGICAL,Injectable Platelet-Rich Fibrin (i-PRF)
NCT07303192,DEVICE,Low-Level Laser Therapy (LLLT)
NCT01285492,DRUG,QVA149
NCT01285492,DRUG,Tiotropium
NCT00814892,BIOLOGICAL,allogeneic tumor cell vaccine
NCT00814892,BIOLOGICAL,therapeutic autologous dendritic cells
NCT05301192,DRUG,Angiotensin-(1-7)
NCT05301192,DRUG,Saline
NCT00410592,DRUG,Esomeprazole 40mg
NCT00410592,DRUG,Pantoprazole 40mg
NCT00410592,DRUG,Lansoprazole 30mg
NCT01876992,DRUG,Metformin
NCT02129192,DRUG,Amlodipine 5mg capsule
NCT02129192,DRUG,T80/H12.5 mg FDC tablet
NCT02129192,DRUG,T80/A5/H12.5 mg FDC tablet
NCT07192692,DIETARY_SUPPLEMENT,fast
NCT07192692,DIETARY_SUPPLEMENT,low fat meal
NCT07192692,DIETARY_SUPPLEMENT,take meal after HSK47388 administration
NCT06766292,PROCEDURE,primary intervention
NCT06766292,PROCEDURE,open sinus lifting with xenograft only
NCT06518811,OTHER,Video-Based Exercise Programme
NCT01835236,DRUG,Trastuzumab
NCT01835236,DRUG,Pertuzumab
NCT01835236,DRUG,Paclitaxel
NCT01835236,DRUG,Vinorelbine
NCT01835236,DRUG,T-DM1
NCT00082836,BIOLOGICAL,rituximab
NCT00082836,RADIATION,yttrium Y 90 ibritumomab tiuxetan
NCT07762911,DIAGNOSTIC_TEST,MRI
NCT01517711,DRUG,Tramadol
NCT01517711,DRUG,Placebo
NCT00526292,BIOLOGICAL,natural killer cell therapy
NCT00526292,DRUG,cyclophosphamide
NCT00526292,DRUG,fludarabine
NCT02537392,DIETARY_SUPPLEMENT,Vitamin B Complex and Folic Acid
NCT02537392,DIETARY_SUPPLEMENT,Iron and Folic Acid
NCT02537392,DIETARY_SUPPLEMENT,Folic Acid
NCT02762292,DEVICE,Measurement of work of breathing using indirect calorimeter
NCT03531892,DRUG,AJM300
NCT03531892,DRUG,Placebo
NCT06361992,OTHER,Blue Cap Foam
NCT00731692,DRUG,FTY720
NCT00731692,DRUG,Placebo
NCT00626392,DRUG,niacin extended-release (NER)
NCT00626392,DRUG,aspirin (ASA)
NCT00626392,DRUG,aspirin placebo (ASA Pbo)
NCT02288936,DRUG,Enzalutamide
NCT07599436,BEHAVIORAL,Supportive Care
NCT01554111,DRUG,"Picosulfate sodium,"
NCT01554111,DRUG,phosphosoda rectal enema
NCT01554111,DRUG,Pico-Salax and Sodium phosphate enema
NCT01153711,DRUG,BI 1744
NCT01153711,DRUG,Ketoconazole
NCT01014936,DRUG,MSC2156119J
NCT01866111,DRUG,YKP3089
NCT01866111,DRUG,Placebo
NCT07565311,OTHER,Prolonged exposure and EMDR
NCT02181907,DRUG,UH-AC 62 XX tablet
NCT02181907,DRUG,UH-AC 62 XX capsule
NCT04163107,DRUG,Hydroxychloroquine
NCT04163107,DRUG,Carfilzomib Injection
NCT04163107,DRUG,Dexamethasone
NCT04342507,OTHER,conservative treatment
NCT04342507,DIETARY_SUPPLEMENT,probiotics
NCT00978107,BIOLOGICAL,"MVA-FCU1, flucytosine"
NCT03760107,BEHAVIORAL,Connect Smokers to Treatment 1
NCT03760107,BEHAVIORAL,Connect Smokers to Treatment 2
NCT03760107,BEHAVIORAL,Connect Smokers to Treatment 3
NCT03760107,BEHAVIORAL,Connect Smokers to Treatment 4
NCT03760107,BEHAVIORAL,Connect Smokers to Treatment 5
NCT03760107,BEHAVIORAL,Connect Smokers to Treatment 6
NCT04947007,DRUG,Bupivacaine hydrogen chloride (HCl) 0.025 % in 15+15 ML Injection
NCT04947007,DRUG,Bupivacaine HCl 0.025 % in 10+10 ML Injection
NCT04947007,DRUG,Bupivacaine HCl 0.025 % in 5+5 ML Injection
NCT04947007,DRUG,Isotonic solution
NCT00745407,DRUG,fenofibrate
NCT07389707,OTHER,seed therapy (su-jok)
NCT04544592,DRUG,CD19CAR-CD3Zeta-4-1BB-Expressing Autologous T-Lymphocyte Cells
NCT04519892,OTHER,PDRC
NCT04519892,OTHER,Coach guidance
NCT00149292,DRUG,LY2140023
NCT00149292,DRUG,olanzapine
NCT00149292,DRUG,placebo
NCT03414892,DRUG,Globalagliatin Hydrochloride
NCT03414892,DRUG,Placebo
NCT07598136,OTHER,P2613422
NCT07598136,OTHER,P2611222
NCT07598136,OTHER,P2615522
NCT07598136,OTHER,P2615122
NCT07598136,OTHER,P2615422
NCT06246136,PROCEDURE,ELIOS
NCT06246136,PROCEDURE,Competitor Device
NCT00858936,DRUG,IK-1001
NCT00858936,DRUG,Normal Saline
NCT02496936,OTHER,SFA
NCT02496936,OTHER,MUFA
NCT02496936,OTHER,PUFA-LA
NCT02496936,OTHER,ALA
NCT02496936,OTHER,LCn3
NCT01428336,PROCEDURE,1 ug ACTH stimulation test
NCT01428336,PROCEDURE,250 ug ACTH stimulation test
NCT01428336,PROCEDURE,25 ug Cortrosyn stimulation test
NCT01428336,PROCEDURE,Insulin tolerance test
NCT00748111,OTHER,Blood sample
NCT02729207,DRUG,Esflurbiprofen Hydrogel Patch
NCT06096207,DEVICE,Medtronic SenSight Directional DBS lead
NCT01288807,DRUG,Milnacipram
NCT03736707,DEVICE,HFOV
NCT03736707,DEVICE,CMV
NCT00455507,DRUG,Istradefylline
NCT00455507,DRUG,Placebo
NCT00789607,DEVICE,Transrectal APT Device or Transperineal Device will be used
NCT00789607,DEVICE,TRUS probe
NCT04915092,DEVICE,CoSIE app
NCT01874392,DRUG,Investigational inhaled insulin (Technosphere)
NCT01874392,DEVICE,Artificial Pancreas (AP) device (APS©)
NCT00563992,DRUG,Lithium
NCT00563992,DRUG,Valproic acid
NCT02844036,PROCEDURE,Percutaneous angioplasty
NCT02844036,PROCEDURE,Balloon angioplasty
NCT02844036,PROCEDURE,Right heart catheterization
NCT02844036,PROCEDURE,Echocardiography
NCT02844036,OTHER,A six-minute walking test
NCT02844036,PROCEDURE,Functional respiratory investigations
NCT02844036,PROCEDURE,Pulmonary tomography or pulmonary angiography
NCT02844036,OTHER,Biological parameters
NCT06764836,DRUG,IMM27M
NCT06764836,DRUG,IMM2510
NCT04449536,DRUG,Mesna
NCT01546636,OTHER,Hypocapnic group
NCT01546636,OTHER,Normocapnic group
NCT00810836,DRUG,BG00012
NCT00810836,DRUG,placebo
NCT05237336,BEHAVIORAL,Mindfulness-based Cognitive Therapy
NCT05237336,BEHAVIORAL,Counselling as usual
NCT01331811,OTHER,Development of a diagnosis algorithm
NCT06053411,DRUG,Diclofenac
NCT06053411,DIETARY_SUPPLEMENT,curcumin
NCT03968211,BIOLOGICAL,Salmonella typhi polysaccharide vaccine
NCT00924911,DRUG,GSK1322322
NCT03454711,DEVICE,fMRI
NCT03454711,DEVICE,Indirect calorimetry
NCT03454711,DEVICE,Bioimpedance
NCT03454711,BIOLOGICAL,"Lipid profile, glucose, HBA1c, metabolomic analysis"
NCT03454711,BEHAVIORAL,"YFAS questionnaire, Binge Eating Scale, Hospital Anxiety and Depression (HAD) scale, hedonic evaluation test (liking)"
NCT02829411,BEHAVIORAL,Workforce Readiness Program
NCT02829411,BEHAVIORAL,Relationship education
NCT06047600,OTHER,Uroconnect Follow Up Group
NCT03901807,DEVICE,Toraymyxin PMX 20R Extracorporeal Hemoperfusion Cartridge
NCT06835907,OTHER,Questionnaires
NCT00027807,BIOLOGICAL,Aldesleukin
NCT00027807,BIOLOGICAL,Sargramostim
NCT00027807,BIOLOGICAL,therapeutic autologous lymphocytes
NCT01254019,DRUG,GSK2402968 6mg/kg/week
NCT01141192,DIETARY_SUPPLEMENT,"vitamin D3, cholecalciferol"
NCT01141192,DIETARY_SUPPLEMENT,Inactive comparator
NCT01509092,PROCEDURE,vitrectomy surgery
NCT00096200,DRUG,Carboplatin
NCT00096200,DRUG,Paclitaxel
NCT00096200,DRUG,Sorafenib Tosylate
NCT02832700,DIETARY_SUPPLEMENT,Casein glycomacropeptide
NCT02832700,DIETARY_SUPPLEMENT,Placebo
NCT05697900,DIETARY_SUPPLEMENT,Creatine Monohydrate
NCT05697900,DIETARY_SUPPLEMENT,Placebo
NCT05697900,DIETARY_SUPPLEMENT,Creatine Hydrochloride
NCT02374736,DRUG,Privigen (Human normal immunoglobulin G (IgG > 98 % purity))
NCT01946607,DRUG,Citalopram
NCT01946607,DRUG,Placebo
NCT02088307,DIETARY_SUPPLEMENT,CardioLife
NCT02491307,OTHER,Ginger.io Smartphone Application
NCT05947799,OTHER,Baseline questionnaires
NCT05947799,OTHER,Post-questionnaire
NCT02160899,DRUG,ISIS-APO(a)Rx
NCT02160899,DRUG,Placebo
NCT06216899,OTHER,Whole-food based smoothie
NCT06216899,OTHER,Formula
NCT01725399,OTHER,Apple Juice
NCT01725399,OTHER,Water
NCT01376999,DRUG,FSH-r (Follicule stimulate hormone)
NCT03892499,DRUG,Olinciguat
NCT03892499,DRUG,Itraconazole
NCT07063199,DRUG,Daratumumab Injection
NCT04490499,BIOLOGICAL,HBVAXPRO™
NCT07321899,DEVICE,Medtronic Intrepid™ Transcatheter Tricuspid Valve Replacement (TTVR) System
NCT07321899,DEVICE,Edwards EVOQUE Tricuspid Valve Replacement (TTVR) System
NCT06195332,PROCEDURE,open TAR
NCT06195332,PROCEDURE,endoscopic TAR
NCT00550732,DRUG,Posaconazole
NCT06630598,BEHAVIORAL,Online Family Violence Education Resource
NCT03055832,DEVICE,iLux 2020 System
NCT03055832,DEVICE,LipiFlow Pulsation System
NCT06370832,OTHER,IMT and exercise training group
NCT01209832,DRUG,Tasisulam
NCT01209832,DRUG,Midazolam
NCT04452032,PROCEDURE,Dental avulsion
NCT04452032,RADIATION,Radiotherapy
NCT00796432,DRUG,OROS paliperidone
NCT04345432,DRUG,Gabapentin
NCT06517563,DRUG,VMX-C001
NCT06517563,DRUG,Rivaroxaban
NCT06517563,DRUG,UFH
NCT06517563,DRUG,Enoxaparin
NCT03406663,BEHAVIORAL,Group 1
NCT03406663,BEHAVIORAL,Group 2
NCT02993263,DEVICE,VectraplexECG System with CEB®
NCT03709563,DIETARY_SUPPLEMENT,Oral Nutraceutical Supplement
NCT03709563,DIETARY_SUPPLEMENT,Placebo
NCT00636363,DEVICE,Bausch & Lomb Multipurpose Solution - Rub Care
NCT00636363,DEVICE,Bausch & Lomb Multipurpose Solution - No Rub Care
NCT00636363,DEVICE,Ciba Vision Aquify Multipurpose Solution
NCT05290363,OTHER,Blood sampling
NCT05290363,OTHER,synovial aspiration
NCT05171387,DRUG,Darolutamide 600 mg twice daily
NCT05171387,DRUG,Androgen deprivation therapy (ADT)
NCT01488487,DRUG,Everolimus
NCT01488487,DRUG,Pasireotide
NCT06133387,DEVICE,Endoscopic submucosal dissection using the ELS System
NCT00644787,DRUG,Fentanyl 1-day transdermal patch (Titration Phase)
NCT00644787,DRUG,Fentanyl 1-day transdermal patch (Double Blind Phase)
NCT00644787,DRUG,Fentanyl 3-day transdermal patch (Double Blind Phase)
NCT00644787,DRUG,Placebo
NCT06175793,BEHAVIORAL,ASPIRE Intervention
NCT06188793,DEVICE,Virtual reality-directed BGBT
NCT03058393,OTHER,Teach-Back Lesson
NCT01416493,DRUG,s.c. injections of bovine intestinal Alkaline Phosphatase
NCT06672887,OTHER,MiLES
NCT05712187,DRUG,ALTO-100
NCT05712187,DRUG,Placebo
NCT04086693,DEVICE,Standard IV dressing
NCT04086693,DEVICE,Standard IV dressing plus a tissue adhesive peripheral IV securement device
NCT04844021,BEHAVIORAL,Nudge
NCT04844021,BEHAVIORAL,Nudge+
NCT06085521,DRUG,LNK01001 Dose A
NCT06085521,DRUG,LNK01001 Dose B
NCT06085521,DRUG,placebo
NCT00463021,DRUG,Hectorol (doxercalciferol capsules)
NCT00463021,DRUG,Zemplar (paricalcitol injection)
NCT03984721,DIAGNOSTIC_TEST,Amyloidosis typing using mass spectrometry-based proteomics
NCT05137821,DEVICE,Er: YSGG laser
NCT05137821,OTHER,no therapy
NCT05110521,BEHAVIORAL,PROMPTS
NCT05110521,BEHAVIORAL,MENTORS
NCT00992914,PROCEDURE,Sympathetic nerve block with 1% lidocaine 1-2 ml
NCT00992914,PROCEDURE,Superficial subcutaneous injection
NCT01480414,BIOLOGICAL,4times injection
NCT01480414,BIOLOGICAL,stem cell transplantation
NCT07547514,OTHER,Yoga intervention
NCT01194414,DRUG,tocilizumab SC
NCT01194414,DRUG,tocilizumab IV
NCT01194414,DRUG,placebo to tocilizumab SC
NCT01194414,DRUG,placebo to tocilizumab IV
NCT01194414,DRUG,Disease-modifying antirheumatic drugs (DMARDs)
NCT05083416,BEHAVIORAL,Prolonged Nightly Fasting
NCT05083416,BEHAVIORAL,Regular Eating pattern
NCT07652216,PROCEDURE,Impacted third molar extraction
NCT07652216,BIOLOGICAL,Advanced Platelet-Rich Fibrin (A-PRF)
NCT07652216,PROCEDURE,Mandibular dentigerous cyst enucleation
NCT07652216,BIOLOGICAL,Autogenous Demineralized Dentin Matrix (ADDM)
NCT03464916,BIOLOGICAL,CAR2 Anti-CD38 A2 CAR-T Cells
NCT04329416,OTHER,Predicted depth of insertion
NCT04329416,OTHER,Optimized depth of insertion
NCT04329416,OTHER,Adjustment of depth of insertion
NCT06960616,OTHER,Changes in traditional follow-up
NCT06960616,OTHER,Population mean mapping
NCT05492006,BEHAVIORAL,Indirect contact with nature
NCT05492006,BEHAVIORAL,Intentional contact with nature
NCT01500616,DRUG,Telaprevir
NCT02101606,DRUG,"Tenecteplase (TNK) (0.25 mg/kg, to maximum of 25mg)"
NCT05736406,COMBINATION_PRODUCT,5-ALA HCl intraoperative Photodynamic Therapy (PDT) at 200 J/cm^2
NCT05736406,COMBINATION_PRODUCT,5-ALA HCl intraoperative Photodynamic Therapy (PDT) at 400 J/cm^2
NCT05879406,DIETARY_SUPPLEMENT,VitaMedica® Clear Skin Formula capsules
NCT05879406,OTHER,Placebo Capsules
NCT05280106,PROCEDURE,Pre-dilution online hemodiafiltration with citrate dialysate
NCT05280106,PROCEDURE,Post-dilution hemodiafiltration with citrate dialysate
NCT01998906,DRUG,Trastuzumab
NCT01998906,DRUG,Doxorubicin
NCT01998906,DRUG,Paclitaxel
NCT01998906,DRUG,CMF
NCT04237506,BEHAVIORAL,Targeted ballet dance
NCT02491606,DRUG,Tafenoquine
NCT02491606,OTHER,Placebo
NCT00006206,DRUG,naltrexone (Revia)
NCT00006206,DRUG,acamprosate (Campral)
NCT03365804,DEVICE,3D Printed Brace
NCT02341404,DRUG,2-hydroxyflutamide (2-HOF)
NCT04128904,PROCEDURE,IVF
NCT04128904,PROCEDURE,ICSI
NCT01207804,DEVICE,ValenTx Endo Bypass System
NCT02992704,DRUG,Peginterferon Alfa-2A
NCT00493584,PROCEDURE,Primary Percutaneous Coronary Intervention
NCT00493584,PROCEDURE,Coronary angiography / Percutaneous coronary intervention
NCT01499784,BEHAVIORAL,pelvic floor muscle training
NCT02287584,DRUG,DSP-5423P Placebo
NCT02287584,DRUG,DSP-5423P 40mg
NCT02287584,DRUG,DSP-5423P 80mg
NCT02287584,DRUG,DSP-5423P Placebo-to-Flex
NCT02287584,DRUG,DSP-5423P Active-to-Flex
NCT06838884,OTHER,6 minutes step test and bicycle ergometer
NCT00332384,DRUG,brimonidine/timolol fixed combination
NCT05700084,DRUG,Utidelone Capsule (Part 1)
NCT05700084,DRUG,Drug A Utidelone Capsule (Part 2: Group A-B)
NCT05700084,DRUG,Drug A Utidelone Capsule (Part 2: Group B-A)
NCT05700084,DRUG,Drug B Utidelone Injection (Part 2: Group A-B)
NCT05700084,DRUG,Drug B Utidelone Injection (Part 2: Group B-A)
NCT05700084,DRUG,Capecitabine
NCT05700084,DRUG,Utidelone Capsule (Part 3)
NCT05688384,DRUG,Propofol + Alfentanil
NCT05427084,DRUG,Canagliflozin
NCT05427084,DRUG,Placebo
NCT06350084,BEHAVIORAL,Mother's Touch
NCT06350084,BEHAVIORAL,Nurse's Therapeutic Touch
NCT05414084,DIETARY_SUPPLEMENT,Oral (poly)phenol challenge test (OPCT)
NCT05272384,PROCEDURE,Biospecimen Collection
NCT05272384,PROCEDURE,Computed Tomography
NCT05272384,DRUG,Decitabine and Cedazuridine
NCT05272384,BIOLOGICAL,Nivolumab
NCT05272384,PROCEDURE,Positron Emission Tomography
NCT02538484,DRUG,Letrozole
NCT02538484,DIETARY_SUPPLEMENT,Fish Oil
NCT03033784,DRUG,8 International Units (IU) of Oxytocin
NCT03033784,DRUG,24IU of Oxytocin
NCT03033784,DRUG,48IU of Oxytocin
NCT03033784,DRUG,Placebo
NCT00001784,DRUG,Mexiletine
NCT03324984,DRUG,1% chloroprocaine
NCT03324984,DRUG,0.75% bupivacaine
NCT04766684,DEVICE,Jet injection of 1% lidocaine
NCT04766684,DRUG,4% liposomal lidocaine cream
NCT01863784,DRUG,JNJ-38518168
NCT02230384,DRUG,Active JNJ Drug
NCT02230384,DRUG,Placebo Pill
NCT07087184,BEHAVIORAL,Whole Milk-Skim Milk
NCT07087184,BEHAVIORAL,Skim Milk-Whole Milk
NCT06802484,OTHER,Experimental: Pre-Menopausic
NCT06802484,OTHER,Experimental: Post- Menopausic
NCT02947984,RADIATION,Standard Treatment
NCT02947984,RADIATION,Higher Dose
NCT01162733,DRUG,Vancomycin
NCT05983133,DRUG,PF-08046052
NCT02449733,BEHAVIORAL,Condom choices
NCT02449733,BEHAVIORAL,Condom-compatible lubricant choices
NCT02449733,BEHAVIORAL,Couples HIV counseling and testing (CVCT)
NCT02449733,DRUG,Emtricitabine/Tenofovir Disoproxil Fumarate (FTC/TDF)
NCT02449733,OTHER,HIV Testing
NCT02449733,OTHER,Linkage to care
NCT02449733,PROCEDURE,Post-exposure prophylaxis (PEP)
NCT02449733,BEHAVIORAL,Risk-reduction counseling
NCT03255733,DEVICE,Intense Therapeutic Ultrasound Treatment
NCT00686933,DRUG,ABT-089
NCT05416333,DRUG,azelaic acid
NCT05416333,OTHER,usual medication for CCCA
NCT07171333,DEVICE,Colonoscopy with CADe system
NCT00287833,OTHER,placebo
NCT00287833,DRUG,Bowman-Birk inhibitor concentrate
NCT00306449,BEHAVIORAL,Small group seminar-based educational intervention
NCT00563849,DRUG,Leflunomide
NCT00584649,PROCEDURE,electrophysiology study and radiofrequency ablation
NCT06979947,BEHAVIORAL,Structured Menopause Education Program
NCT01522547,DRUG,pomalidomide
NCT03836547,BEHAVIORAL,Coaching and Weight Loss for patients with dyspnea
NCT03836547,BEHAVIORAL,Active Control
NCT03597347,DRUG,Molgramostim nebulizer solution
NCT03597347,DEVICE,PARI eFlow nebulizer system
NCT03731247,DEVICE,OCTAV Patient
NCT03731247,DEVICE,OCTAV Control group
NCT01306747,BEHAVIORAL,The Stanford Chronic Pain Self-Management Programme
NCT03936647,PROCEDURE,"surgical clipping, simple coiling, high-porosity stenting with/ without coiling, intra-arterial flow diversion with/ without coiling"
NCT03936647,DEVICE,WEB embolization device
NCT04907149,DRUG,GLPG3970 film-coated tablet
NCT04907149,DRUG,[14C]GLPG3970 solution for infusion
NCT04907149,DRUG,[14]GLPG3970 oral solution
NCT06162949,DRUG,Vonoprazan
NCT06162949,DRUG,Amoxicillin
NCT06162949,DRUG,Clarithromycin
NCT06162949,DRUG,Esomeprazole
NCT05767749,DRUG,"lidocaine + epinephrine 1:100,000"
NCT05767749,DRUG,Ropivacaine 0.5% Injectable Solution
NCT05767749,DRUG,Bupivacaine 0.5% Injectable Solution
NCT06865638,PROCEDURE,Intraoperative leak testing
NCT01820338,BEHAVIORAL,Behavioral Child Tx Contacts
NCT01820338,BEHAVIORAL,Behavioral Parent-Tx Contacts
NCT01820338,OTHER,Dietary and Physical Activity Information
NCT06835738,DIETARY_SUPPLEMENT,Multiple Micronutrient Supplement (MMS) - dispensed in six 30-count bottles
NCT06835738,DIETARY_SUPPLEMENT,Multiple Micronutrient Supplement (MMS) - dispensed in one 180-count bottle
NCT06835738,DIETARY_SUPPLEMENT,Multiple Micronutrient Supplement (MMS) - dispensed in two 90-count bottles
NCT04471038,BIOLOGICAL,SAB-176
NCT04471038,OTHER,Normal Saline
NCT00171938,DRUG,imatinib mesylate
NCT03960658,DRUG,ketamine-enhanced prolonged exposure
NCT07284758,DRUG,Cemsidomide
NCT07284758,DRUG,Dexamethasone
NCT01516658,DEVICE,Hydrogel coil
NCT01516658,DEVICE,Bare platinum coil
NCT04332458,BEHAVIORAL,A focus group interview
NCT03653858,DEVICE,Vercise GEVIA deep brain stimulation (DBS) system
NCT07374848,DRUG,ZL-6201
NCT02632448,DRUG,LY2880070
NCT02632448,DRUG,Gemcitabine
NCT06780748,PROCEDURE,Identification rate of sentinel lymph node
NCT06433648,DEVICE,Ottobock CLeg4 + Ottobock foot
NCT06433648,DEVICE,SRALAB Hybrid Knee + Polycentric Ankle
NCT06433648,DEVICE,SRALAB Hybrid Knee + Passive Ankle
NCT06433648,DEVICE,Ottobock CLeg 4 + Polycentric Ankle
NCT05007548,DRUG,Ga68-Dolacga Injection
NCT07668648,PROCEDURE,Interscalene Brachial Plexus Block
NCT07668648,PROCEDURE,Serratus Posterior Superior Intercostal Plane Block
NCT07668648,DRUG,Bupivacaine
NCT04340648,DEVICE,Vital GlucoseDetect
NCT06958848,DEVICE,16 F chest tube
NCT06958848,DEVICE,24 F chest tube
NCT06958848,PROCEDURE,Early removal
NCT06958848,PROCEDURE,Standard removal
NCT05101148,DRUG,Selumetinib
NCT07347548,DRUG,GRT6019
NCT01575548,PROCEDURE,Computed Tomography
NCT01575548,PROCEDURE,Magnetic Resonance Imaging
NCT01575548,DRUG,Pazopanib Hydrochloride
NCT01575548,OTHER,Placebo Administration
NCT01575548,OTHER,Questionnaire Administration
NCT02295748,DRUG,Deflazacort
NCT01347255,DRUG,"LEO90100 cutaneous spray, ointment"
NCT01347255,DRUG,"LEO 90100 cutaneous spray, ointment, vehicle with betamethasone dipropionate"
NCT01347255,DRUG,"LEO 90100 cutaneous spray, ointment, vehicle"
NCT01347255,DRUG,Daivobet® ointment
NCT00258726,BIOLOGICAL,MMR-II
NCT00258726,BIOLOGICAL,Pro-Quad
NCT00258726,BIOLOGICAL,Varivax
NCT06761326,PROCEDURE,Ultrasound guided right infraclavicular approach of subclavian vein cannulation
NCT06761326,PROCEDURE,Ultrasound guided left infraclavicular approach of subclavian vein cannulation
NCT02676726,PROCEDURE,Extraperitoneal Laparoscopic aortic lymphadenectomy
NCT02676726,PROCEDURE,Transperitoneal Laparoscopic aortic lymphadenectomy
NCT00484926,DRUG,Aspirin monotherapy
NCT00484926,DRUG,"Aspirin,Clopidogrel"
NCT04208178,DRUG,Alpelisib
NCT04208178,DRUG,Alpelisib matching Placebo
NCT04208178,DRUG,Trastuzumab
NCT04208178,DRUG,Pertuzumab
NCT04916678,OTHER,R-TEP EMDR intervention
NCT02479178,DRUG,BIND-014 (docetaxel nanoparticles for injectable suspension)
NCT03573778,BEHAVIORAL,iHEAL
NCT03573778,BEHAVIORAL,Information about Community Services
NCT00135278,PROCEDURE,CSF Drainage
NCT00135278,PROCEDURE,No CSF Drainage
NCT00568178,DRUG,Losartan Potassium
NCT00568178,OTHER,Comparator: Placebo (Losartan)
NCT00568178,DRUG,Comparator: amlodipine besylate
NCT00568178,OTHER,Comparator: Placebo (amlodipine besylate)
NCT00568178,OTHER,Placebo (Losartan)
NCT00568178,DRUG,Enalapril Maleate
NCT06117085,DEVICE,CellFX® Percutaneous Electrode (PE) System
NCT02882685,PROCEDURE,Roux-en-y gastric bypass
NCT02882685,PROCEDURE,Single anastomosis gastric bypass
NCT02678585,DRUG,Nalbuphine
NCT02678585,DRUG,Lidocaine
NCT02549885,OTHER,PNF contract-relax
NCT02549885,OTHER,Static stretching
NCT02486185,OTHER,SCREENING TEST
NCT04467385,OTHER,VR training + Sensory Integration therapy + conventional therapy
NCT04467385,OTHER,VR training + conventional therapy
NCT00653185,DRUG,SYR-472
NCT00653185,DRUG,Placebo
NCT07714785,PROCEDURE,EEG-guided
NCT07714785,PROCEDURE,Standard
NCT00884585,DRUG,Cyclosporine Vehicle
NCT00884585,DRUG,Cyclosporine 0.010%
NCT03543943,PROCEDURE,Individualized treatment of Acute Achilles tendon rupture.
NCT03543943,PROCEDURE,Non-operative treatment
NCT03543943,PROCEDURE,Operative treatment
NCT02483585,DRUG,Erenumab
NCT02483585,DRUG,Placebo
NCT03472885,DRUG,Danicopan
NCT03472885,DRUG,Eculizumab
NCT07482943,DRUG,Dapagliflozin (5-10 mg daily) - SGLT2 Inhibitor Therapy
NCT05829915,DEVICE,ROXPro© system (A-Champs)
NCT05829915,OTHER,No exercise program
NCT06604715,DRUG,JNJ-87562761
NCT02202915,BEHAVIORAL,Behavioral Checklist
NCT05817435,BIOLOGICAL,efgartigimod PH20 SC as a prefilled syringe presentation
NCT05817435,BIOLOGICAL,efgartigimod PH20 SC as a vial + syringe presentation
NCT00714935,BEHAVIORAL,Decision Counseling Program (DCP)
NCT00714935,BEHAVIORAL,Coronary Artery Disease Decision Aid
NCT02135835,DRUG,Shenfu Zhusheye
NCT02135835,DRUG,5% glucose injection
NCT01710735,PROCEDURE,Dry needling
NCT03506425,DRUG,Triheptanoin
NCT00909025,DRUG,Claudiximab
NCT01134835,OTHER,placebo
NCT01134835,DRUG,IMP Pioglitozone
NCT06944808,OTHER,Sham-BFR + EMS
NCT06944808,OTHER,BFR + EMS
NCT07083908,DEVICE,THD® Anopress (Sensyprobe) first
NCT07083908,DEVICE,High Resolution Anorectal Manometry first
NCT01513135,BIOLOGICAL,Tat
NCT01513135,BIOLOGICAL,Placebo
NCT00716508,PROCEDURE,Repair with transpatellar tunnels
NCT00716508,PROCEDURE,Repair with suture anchors.
NCT06212908,OTHER,Basic Periodontal Therapy
NCT01921608,DEVICE,PrePex™ device
NCT00769808,DEVICE,Bausch & Lomb 217z Excimer Laser
NCT01898208,DEVICE,FilmArray testing
NCT01898208,BEHAVIORAL,Antimicrobial Stewardship
NCT01898208,OTHER,Bacterial culture
NCT01898208,OTHER,Susceptibility testing
NCT05564325,DEVICE,SmartGUIDE (deflectable guidewire)
NCT02220725,BIOLOGICAL,Andexanet
NCT02220725,OTHER,Placebo
NCT03141125,OTHER,Physalis angulata ethanol extract
NCT03141125,OTHER,Placebo
NCT01106625,DRUG,Canagliflozin
NCT01106625,DRUG,Placebo
NCT01106625,DRUG,Metformin
NCT01106625,DRUG,Sulphonylruea
NCT00252876,DRUG,tesaglitazar
NCT06566976,OTHER,Exercise Intervention
NCT06566976,OTHER,VAPAHCS Rehabilitation Core Components
NCT06569576,BEHAVIORAL,Wellness program
NCT00282217,DRUG,Sirolimus
NCT01578317,BIOLOGICAL,H5N1 vaccine plus AS03 adjuvant
NCT01578317,BIOLOGICAL,H5N1 vaccine without adjuvant
NCT04770740,DIETARY_SUPPLEMENT,Vitamin K2 in the form of Menaquinone-7 (MK-7)
NCT04770740,DIETARY_SUPPLEMENT,Placebo
NCT00241540,DRUG,Esomeprazole
NCT01636440,DEVICE,Conditioned Pain Modulation
NCT02289989,DRUG,Oregano extract cream
NCT02289989,DRUG,Hydrocortisone
NCT03735940,OTHER,"Spot monitoring device, excl. Sham"
NCT03485989,OTHER,Hazelnuts
NCT00716989,BIOLOGICAL,Tuberculin antigen
NCT00147589,DRUG,Eplerenone
NCT07642089,OTHER,Static Stretching
NCT07642089,OTHER,Static Stretching + Strength Training
NCT03301740,OTHER,UF profiling during HD
NCT03301740,OTHER,Conventional HD
NCT03202368,DRUG,Tocilizumab
NCT03982368,DRUG,rhNGF 20 μg/ml
NCT03982368,DRUG,rhNGF 20 μg/ml + vehicle
NCT03982368,OTHER,Vehicle
NCT07304050,DEVICE,PICTURE-Pediatric scores and alerts
NCT07304050,OTHER,Control Arm - Scores and alerts hidden
NCT03496350,BEHAVIORAL,Internet-delivered CBT
NCT06946550,DEVICE,1470nm non-ablative fractional laser
NCT00225550,DRUG,ADH -1 (Exherin™)
NCT03584750,OTHER,Floating
NCT03584750,OTHER,Placebo floating
NCT05032391,BIOLOGICAL,"The pentavalent rotavirus vaccine (live attenuated oral, freeze-dried)"
NCT05032391,DRUG,Placebo
NCT02672891,DEVICE,condom balloon catheter
NCT02666950,DRUG,Cytarabine
NCT02666950,OTHER,Laboratory Biomarker Analysis
NCT02666950,OTHER,Pharmacological Study
NCT02666950,OTHER,Quality-of-Life Assessment
NCT02666950,OTHER,Questionnaire Administration
NCT02666950,DRUG,WEE1 Inhibitor AZD1775
NCT01760317,PROCEDURE,Midline vs Parasagittal Lumbar Epidural Steroid Injection
NCT01921725,DEVICE,hydrophilic-based dressing (KoCarbonTM)
NCT02465840,PROCEDURE,custom-made dynamic hand splint
NCT02465840,PROCEDURE,custom-made protective hand splint
NCT02465840,OTHER,physical therapy and occupational therapy
NCT05201976,OTHER,Virtually administered Cardiac Rehab program
NCT05201976,OTHER,Standard of Care in person Cardiac Rehab Program
NCT03651076,DEVICE,"Traxi panniculus retraction (Clinical Innovations, LLC)"
NCT00916825,BEHAVIORAL,"rehabilitation programme ""getting better together"""
NCT02839525,DIETARY_SUPPLEMENT,Omega 3
NCT02839525,DIETARY_SUPPLEMENT,Isolate whey protein
NCT02839525,DIETARY_SUPPLEMENT,Omega 3 and Isolate whey protein
NCT02839525,OTHER,Eccentric exercise
NCT07401225,DEVICE,MagPro R30 with robotic arm
NCT01217476,DRUG,Trafermin 0.01% spray
NCT06179576,BEHAVIORAL,Connect to Baby
NCT05630417,OTHER,Feet and Back Massage
NCT01937117,PROCEDURE,Positron emission tomography (PET)
NCT01937117,DRUG,Trastuzumab
NCT01937117,DRUG,Pertuzumab
NCT02213289,DRUG,Trastuzumab
NCT02213289,DRUG,ABT-806
NCT02213289,DRUG,Bemarituzumab
NCT02213289,DRUG,Ramucirumab
NCT02213289,DRUG,Nivolumab
NCT02213289,DRUG,Standard cytotherapy
NCT07218289,DEVICE,Bright Green Light Therapy
NCT07218289,DEVICE,Dim White Light Therapy
NCT05585489,OTHER,Gait training with musical cue
NCT04335825,PROCEDURE,phacotrabeculectomy
NCT04335825,PROCEDURE,ExPress antiglaucoma surgery combined with phacoemulsification
NCT03736889,DRUG,Tislelizumab (BGB-A317)
NCT02205489,DRUG,Alemtuzumab GZ402673
NCT02205489,DRUG,cetirizine
NCT02205489,DRUG,ranitidine
NCT02205489,DRUG,methylprednisolone
NCT02205489,DRUG,aciclovir
NCT02205489,DRUG,esomeprazole
NCT02205489,DRUG,ibuprofen
NCT02205489,DRUG,paracetamol
NCT02455440,DRUG,Esmolol
NCT02455440,DRUG,Placebo
NCT02455440,DRUG,Propofol and sevoflurane
NCT06254040,DIETARY_SUPPLEMENT,Placebo
NCT06254040,DIETARY_SUPPLEMENT,mixture of extracts and DHA
NCT07115940,DEVICE,Endovascular Thrombectomy
NCT07115940,OTHER,Medical Management
NCT01796340,BEHAVIORAL,Food cue exposure
NCT01796340,BEHAVIORAL,Psycho-education
NCT01841840,OTHER,Low-Frequency Passive Vibration
NCT01841840,OTHER,High-Frequency Pasive Vibration
NCT05406791,OTHER,VIRA App
NCT05406791,OTHER,Mood Education App
NCT01117818,BIOLOGICAL,active: AFFITOPE AD02
NCT01117818,BIOLOGICAL,control: Placebo
NCT02885090,PROCEDURE,Blood sampling
NCT06639490,DEVICE,RUS GA
NCT06639490,PROCEDURE,standard treatment
NCT01370590,DRUG,Atorvastatin
NCT01370590,DRUG,Ezetimibe
NCT01370590,DRUG,Ezetimibe/atorvastatin
NCT01370590,DRUG,Placebo to atorvastatin
NCT01370590,DRUG,Placebo to ezetimibe
NCT01370590,DRUG,Placebo to ezetimibe/atorvastatin
NCT03008590,DRUG,Naltrexone
NCT03008590,DRUG,Placebo
NCT03356990,DIETARY_SUPPLEMENT,Resistant Starch
NCT04625790,DEVICE,Repetitive transcranial magnetic stimulation
NCT04625790,OTHER,Speech therapy
NCT00701597,DRUG,bosentan
NCT03022097,DRUG,Aclidinium bromide/formoterol Fixed-Dose Combination
NCT03022097,DRUG,Aclidinium bromide
NCT03022097,DRUG,Formoterol Fumarate
NCT03022097,DRUG,Placebo
NCT02632110,DRUG,ALA
NCT02632110,DRUG,Topical Solution Vehicle
NCT02632110,DEVICE,IBL 10 mW
NCT02632110,PROCEDURE,Microneedle lesion preparation
NCT02632110,DEVICE,IBL 20 mW
NCT07003113,DEVICE,Ischemic Preconditioning
NCT07003113,DEVICE,Sham Intervention
NCT05174013,DRUG,GSK3858279
NCT05174013,DRUG,Placebo
NCT00537810,DRUG,Sibutramine
NCT00537810,DRUG,Placebo
NCT00537810,BEHAVIORAL,Self-help CBT + Sibutramine
NCT00537810,BEHAVIORAL,Self-help CBT + Placebo
NCT06758713,BIOLOGICAL,CAR-T
NCT07629960,DRUG,BLU-924
NCT05822960,DEVICE,far-infrared radiation
NCT04168060,PROCEDURE,Crura dissection
NCT04168060,PROCEDURE,Sleeve gastrectomy
NCT04168060,PROCEDURE,Hiatal hernia repair
NCT00932360,DEVICE,TENS
NCT03589560,DRUG,Biodentine
NCT03589560,DRUG,Mineral Trioxide Aggregate
NCT03365960,DIETARY_SUPPLEMENT,Watermelon Rind
NCT03365960,DIETARY_SUPPLEMENT,Watermelon Flesh
NCT03365960,DIETARY_SUPPLEMENT,Watermelon Seeds
NCT03365960,DIETARY_SUPPLEMENT,Placebo
NCT01060020,DRUG,Sildenafil
NCT01669720,DRUG,Aflibercept
NCT03316820,DRUG,K0706
NCT06382220,DRUG,Bupivacain
NCT07586020,OTHER,McGill's Core Endurance Test Battery
NCT07586020,OTHER,Backward Overhead Medicine Ball Throw
NCT07586020,OTHER,Flamenco Balance Test
NCT01820520,DRUG,brilliant blue G
NCT02529020,DEVICE,Mouthguard
NCT02529020,DEVICE,No mouthguard
NCT04742920,DEVICE,Middle Meningeal Artery Embolization
NCT04742920,PROCEDURE,Standard Management
NCT03584282,BEHAVIORAL,Text Messaging
NCT03584282,BEHAVIORAL,Peer Navigation
NCT00401024,DRUG,imatinib mesylate
NCT00401024,OTHER,pharmacological study
NCT00401024,PROCEDURE,conventional surgery
NCT04824820,BEHAVIORAL,Vibrator
NCT02700282,BEHAVIORAL,Backpack Carrying
NCT06415682,DEVICE,SMA+M1 Transcranial Magnetic Stimulation
NCT06415682,DEVICE,M1 Transcranial Magnetic Stimulation
NCT06415682,DEVICE,Sham Transcranial Magnetic Stimulation
NCT01544920,BIOLOGICAL,peg-Interferon alfa-2a
NCT01544920,DRUG,Ribavirin
NCT01544920,DRUG,Boceprevir
NCT00799682,DRUG,Xalatan
NCT00799682,DRUG,Travatan Z
NCT03428282,PROCEDURE,VR Box
NCT03428282,PROCEDURE,Tablet Device
NCT03428282,DRUG,Anesthesia
NCT02654782,DRUG,Lactated Ringer's
NCT02654782,DRUG,5% Human Albumin
NCT00522782,DRUG,Nebulized Budesonide
NCT00522782,DEVICE,Nitric Oxide Analyzer
NCT02925624,PROCEDURE,Pulmonary vein isolation
NCT01710423,BEHAVIORAL,Peer mentoring intervention ('Cooking with Friends')
NCT00514423,OTHER,Psychoeducation by professonals
NCT00514423,OTHER,Psychoeducation by peer-moderators
NCT00514423,OTHER,Video-education
NCT00514423,OTHER,Noneducational video group (control group)
NCT01367223,DIETARY_SUPPLEMENT,solution of amino acids supplemented with glutamine
NCT01367223,DIETARY_SUPPLEMENT,amino acids not supplemented with glutamine
NCT03874923,OTHER,Fluid challenge
NCT05341323,DRUG,Ketamine.
NCT05341323,DRUG,Bupivacaine
NCT04255459,OTHER,Moist Snuff
NCT04255459,OTHER,Camel Snus
NCT04255459,OTHER,Cigarettes
NCT04255459,OTHER,No tobacco usage
NCT00577759,OTHER,Active Intervention
NCT00577759,OTHER,Passive Intervention
NCT00577759,OTHER,No intervention
NCT02044159,DRUG,Hydrocortisone
NCT02044159,OTHER,Placebo
NCT02215759,DRUG,BI 44370 TA
NCT02215759,DRUG,Placebo
NCT00623259,BIOLOGICAL,MVA-mBN120B
NCT07716059,DIETARY_SUPPLEMENT,Wheat bread with 30% finely milled chickpea flour
NCT07716059,DIETARY_SUPPLEMENT,Conventional white wheat bread
NCT07716059,DIETARY_SUPPLEMENT,Wheat bread with 30% coarse chickpea flour
NCT01903759,OTHER,Blood samples
NCT05727280,BEHAVIORAL,Progressive Relaxation Exercise Practices
NCT05157880,BEHAVIORAL,Recovering Together
NCT07473180,OTHER,Conventional rehabilitation therapy
NCT07473180,OTHER,Qi gong Baduanjin Exercises
NCT01503580,DRUG,"tolterodine, solifenacin"
NCT00750880,DRUG,tocilizumab [RoActemra/Actemra]
NCT02214979,DRUG,Telmisartan/Ramipril
NCT02214979,DRUG,Telmisartan
NCT02214979,DRUG,Ramipril capsule
NCT02214979,DRUG,Ramipril tablet
NCT07041879,PROCEDURE,"maxillary anterior teeth atraumatically extracted with piezotome extraction kit, and subsequent immediate implant placement"
NCT07041879,PROCEDURE,"maxillary anterior teeth atraumatically extracted with periotome, and subsequent immediate implant placment"
NCT02477579,DEVICE,NovaCross
NCT03516279,DRUG,Dasatinib
NCT03516279,DRUG,Imatinib Mesylate
NCT03516279,OTHER,Laboratory Biomarker Analysis
NCT03516279,DRUG,Nilotinib
NCT03516279,BIOLOGICAL,Pembrolizumab
NCT02643979,DRUG,Ketofol
NCT02643979,DRUG,Propofol
NCT02643979,DRUG,Saline
NCT04198779,DEVICE,APPLI
NCT00171379,DRUG,Enteric-Coated Mycophenolate Sodium
NCT01256879,DRUG,Drug: cimetidine
NCT05009979,DRUG,F18-FDG
NCT05009979,DEVICE,MRI
NCT05009979,DEVICE,CT
NCT05009979,DRUG,F18-DCFPyL
NCT05009979,PROCEDURE,Tumor biopsy
NCT03153579,DRUG,LSD
NCT03153579,DRUG,Placebo
NCT03797079,PROCEDURE,ESP block
NCT03797079,PROCEDURE,TEA
NCT03797079,DEVICE,Catheter insertion
NCT03797079,DRUG,Bupivacaine
NCT05334979,OTHER,Kidney stones Normal controls Consuming a special drink (sodium oxalate) during an all day visit to the University of Chicago research clinic
NCT01529879,DEVICE,New Abutment Connection implant
NCT01529879,DEVICE,Nanotite Certain Tapered implant
NCT01788059,OTHER,injection the mesenchymal stem cell in non union site
NCT00319059,DRUG,systemic administration of 99mTc-HYNIC-Annexin A5
NCT00319059,BEHAVIORAL,10 minutes of ischemic handgripping
NCT02785159,DRUG,IDP-118 Lotion
NCT02785159,DRUG,Tazorac Cream
NCT02785159,DRUG,IDP-118 Vehicle Lotion
NCT02785159,DRUG,IDP-118 Vehicle Cream
NCT01920659,BEHAVIORAL,High Intensity Training (HIT)
NCT01920659,BEHAVIORAL,REHIT
NCT02466659,DEVICE,CIAO therapy Amblyz glasses
NCT06625580,PROCEDURE,transverse thoracic muscle plane and serratus anterior plane block
NCT06625580,PROCEDURE,erector spinae plane block
NCT05053880,DRUG,ACT001
NCT05053880,DRUG,ACT001 + Pembrolizumab
NCT02516280,DEVICE,Cryoton ™
NCT02516280,DEVICE,Control ice bag
NCT05620680,BIOLOGICAL,CD7 CAR-T cells
NCT03618979,BIOLOGICAL,PPP treatment
NCT03618979,BIOLOGICAL,PRP treatment
NCT03618979,BIOLOGICAL,PRP and PL Combo treatment
NCT01382979,BEHAVIORAL,AlcoholEdu for College
NCT02108379,DEVICE,Rhinix Nasal Filters
NCT07541196,DEVICE,PAW-Functionalized Carbopol® 940 Hydrogel
NCT07541196,OTHER,Standard Advanced Wound Care
NCT07138196,DRUG,Adrixetinib
NCT01461096,BIOLOGICAL,Quadrivalent HPV Vaccine
NCT01461096,BIOLOGICAL,Placebo Vaccine for Male Participants Only
NCT01461096,BIOLOGICAL,Placebo Vaccine for Female Participants Only
NCT05119296,DRUG,Pembrolizumab (Keytruda)
NCT01022996,DRUG,Everolimus (RAD001)
NCT05978362,PROCEDURE,Latarjet technique
NCT04765488,PROCEDURE,WashIn /WashOut
NCT06565988,DEVICE,Decoria Voluma
NCT07097688,BIOLOGICAL,"Sodium Hexametaphosphate (SHMP) Inorganic polyphosphates (poly[P]) are linear polymers of orthophosphate (Pi) residues linked by energy-rich phosphoranhydride bonds, Ithas multiple physiological funct"
NCT07087262,DRUG,SNH-119014
NCT07087262,DRUG,Placebo
NCT06906562,DRUG,Pemigatinib
NCT06906562,PROCEDURE,Computed Tomography (CT)
NCT06906562,PROCEDURE,Magnetic Resonance Imaging
NCT06906562,PROCEDURE,Optical Coherence Tomography
NCT06906562,PROCEDURE,Bone Scan
NCT06906562,PROCEDURE,Ophthalmoscopy
NCT03555162,OTHER,fMRI
NCT04155762,OTHER,Pin Suspension System (a prosthetic suspension system)
NCT04155762,OTHER,Vacuum-Assisted Suspension System (a prosthetic suspension system)
NCT02367846,DRUG,Combined Oral Contraceptive (COC)
NCT02367846,DRUG,Contraceptive Vaginal Ring (CVR)
NCT00983346,DRUG,Bortezomib
NCT06627946,PROCEDURE,TAP group
NCT05015946,BEHAVIORAL,Small-sided team handball training
NCT02616146,DRUG,ENG-E2 125 μg/300 μg vaginal ring
NCT02616146,DRUG,LNG-EE 150 μg/30 μg COC
NCT00004446,DRUG,fluoxetine
NCT02292446,DRUG,Ruxolitinib
NCT01979003,DRUG,Fluorescein
NCT06354803,OTHER,proprioceptive training
NCT03141203,DRUG,Romidepsin
NCT03141203,DRUG,Carfilzomib
NCT00209703,DRUG,Oxaliplatin
NCT00209703,DRUG,l-Leucovorin
NCT00209703,DRUG,5-Fluorouracil
NCT06919003,BIOLOGICAL,Berinert
NCT06919003,OTHER,Placebo for Berinert
NCT03064503,BIOLOGICAL,Blood sampling
NCT03064503,DEVICE,MRI
NCT03064503,BIOLOGICAL,Skin auto-fluorescence
NCT06304103,DRUG,AND017
NCT00892203,DRUG,BGG492
NCT00892203,DRUG,Sumatriptan
NCT00892203,DRUG,Placebo
NCT06804603,DRUG,Tradipitant
NCT06804603,DRUG,Placebo
NCT06796803,DRUG,camrelizumab combined with rivoceranib and HAIC
NCT06796803,DRUG,camerlizumab + rivoceranib
NCT01353703,BIOLOGICAL,Infanrix hexa™
NCT00654927,DRUG,Fampridine-SR b.i.d. (Twice Daily)
NCT01116427,BIOLOGICAL,abatacept
NCT01116427,DRUG,Placebo
NCT01554527,PROCEDURE,CPAP treatment
NCT01554527,OTHER,No CPAP treatment
NCT02258061,PROCEDURE,DDD-80
NCT02258061,PROCEDURE,DDD-60
NCT01901861,DRUG,Sitagliptin
NCT01901861,DRUG,Placebo
NCT00287261,DRUG,zoledronic acid
NCT06657261,PROCEDURE,The patient group receiving deep and superficial serratus anterior plane block
NCT06657261,PROCEDURE,The patient group receiving a combination of deep serratus anterior plane block and transverse thoracic muscle plane block
NCT01208961,DRUG,Epanova (4 g) and Lovaza (4 g)
NCT01208961,DRUG,Lovaza (4 g) and Epanova (4 g)
NCT07190742,DRUG,TVAX-008
NCT07190742,DRUG,Placebo
NCT01475942,DIETARY_SUPPLEMENT,Probiotic
NCT01075542,DEVICE,"AcrySof Toric intraocular lens, model SN60TT"
NCT01075542,DEVICE,"AcrySof Monofocal IOL, model SN60AT"
NCT07705542,OTHER,Inflating anorectal catheter balloon to defecatory desired volume during push manoeuvres in biofeedback therapy.
NCT07705542,OTHER,No intervention
NCT01106261,PROCEDURE,Metastasectomy
NCT01106261,PROCEDURE,Active monitoring
NCT01537861,DRUG,Filgrastim
NCT01537861,DRUG,Bortezomib
NCT01537861,DRUG,Carfilzomib
NCT01537861,DRUG,Dexamethasone
NCT01537861,DRUG,Cyclophosphamide
NCT01537861,DRUG,Thalidomide
NCT01537861,DRUG,Lenalidomide
NCT01537861,DRUG,Pomalidomide
NCT00062842,DRUG,Irinotecan
NCT04884386,DEVICE,robot-assisted gait training
NCT04884386,BEHAVIORAL,conventional locomotion therapy
NCT03602586,DRUG,Epacadostat
NCT03602586,BIOLOGICAL,Pembrolizumab
NCT06627270,DRUG,Metronidazole
NCT06627270,OTHER,Chlorhexidine
NCT02842073,DRUG,Naltrexone
NCT02842073,DRUG,Bupropion
NCT06994273,DRUG,Fentanyl
NCT06994273,DRUG,Dexmedetomidine
NCT07368673,DRUG,ruxolitinib cream
NCT07754370,DRUG,Levothyroxine
NCT00844870,BEHAVIORAL,stabilization training
NCT00844870,BEHAVIORAL,auditory training group
NCT02560870,DRUG,Active Comparator:Aloe Vera mouthwash
NCT02560870,DRUG,Active Comparator:Chlorhexidine mouthwash
NCT01551069,DRUG,hydroxychloroquine (Z0188)
NCT01551069,DRUG,Placebo
NCT07007169,DIETARY_SUPPLEMENT,The goal is daily consumption of a minimum of 30 grams of dietary fiber and weekly consumption of a minimum of 30 different plant foods; minimizing the amount of ultra-processed food.
NCT07007169,OTHER,Standard Diet
NCT07603973,DEVICE,Information- and self-management app
NCT07603973,OTHER,Control
NCT05062369,DEVICE,TaskFlow Transcranial Electrical Stimulation device
NCT05062369,BEHAVIORAL,Executive Function Focused Cognitive Training
NCT00180583,DEVICE,Guidant GALILEO Intravascular Radiotherapy System
NCT06656273,BEHAVIORAL,FT LCP
NCT01644773,DRUG,Crizotinib
NCT01644773,DRUG,Dasatinib
NCT07681973,OTHER,Smell Training
NCT02883673,DEVICE,Jada System
NCT06245369,BEHAVIORAL,learning modules (within app)
NCT06245369,BEHAVIORAL,SWITCH app (self-regulation features) - Experimental
NCT06245369,BEHAVIORAL,SWITCH app (self-regulation features) - Comparator
NCT01678469,OTHER,blood sample
NCT00001269,DRUG,IL-3
NCT04640883,BEHAVIORAL,Inclusion of sprints during low-intensity cycling during a 14-day training camp (high training load)
NCT04640883,BEHAVIORAL,Low-intensity cycling during a 14-day training camp (high training load)
NCT04640883,BEHAVIORAL,Recovery for 10 days (low training load)
NCT01230983,DRUG,asparaginase
NCT01230983,DRUG,cytarabine
NCT01230983,DRUG,dexrazoxane hydrochloride
NCT01230983,DRUG,doxorubicin hydrochloride
NCT01230983,DRUG,leucovorin calcium
NCT01230983,DRUG,mercaptopurine
NCT01230983,DRUG,methotrexate
NCT01230983,DRUG,prednisone
NCT01230983,DRUG,therapeutic hydrocortisone
NCT01230983,DRUG,vincristine sulfate
NCT01230983,RADIATION,radiation therapy
NCT04072783,DIAGNOSTIC_TEST,"MRI,DTI, functional MRI"
NCT05939973,DEVICE,g-Cath EZ Delivery Catheter with Snowshoe Suture Anchors
NCT07724873,DRUG,SWA (standardized root extract of Withania somnifera)
NCT04324073,DRUG,Sarilumab
NCT04144673,OTHER,Silver Hydrosol
NCT04144673,OTHER,Placebo
NCT05267769,DRUG,AP707
NCT00374569,PROCEDURE,Gymnastic Routine
NCT02201069,BEHAVIORAL,health coaching
NCT04530669,DEVICE,High Tone Power Therapy
NCT04530669,OTHER,exercise program
NCT03689569,DIETARY_SUPPLEMENT,Resistant starch
NCT03689569,BEHAVIORAL,Exercise
NCT03689569,BEHAVIORAL,Starch
NCT03130569,BEHAVIORAL,Web-based Module Group
NCT01981369,DRUG,Dexmedetomidine
NCT01981369,DRUG,Propofol
NCT01981369,PROCEDURE,Infraclavicular block
NCT03477669,DIETARY_SUPPLEMENT,chamomile/probiotic arm
NCT03477669,DIETARY_SUPPLEMENT,Placebo of chamomile/probiotic arm
NCT02273973,DRUG,Letrozole
NCT02273973,OTHER,Placebo
NCT02273973,DRUG,Taselisib
NCT04581369,OTHER,Care Coordinator Intervention for Direct Intervention Group
NCT04581369,OTHER,Care Coordinator Intervention for Standard of Care Group
NCT04581369,OTHER,Caregiver Intervention
NCT02442869,BEHAVIORAL,Stage 1 Treatment as usual (TAU)
NCT02442869,BEHAVIORAL,Stage 1 CAMS
NCT02442869,BEHAVIORAL,Stage 2 CAMS
NCT02442869,BEHAVIORAL,Stage 2 Dialectical Behavioral Therapy (DBT)
NCT00006183,PROCEDURE,Cardiopulmonary Bypass with Two Different Intra-Operative Hematocrits
NCT00006183,PROCEDURE,Thoracic Surgery
NCT00320983,DRUG,Topotecan
NCT00320983,DRUG,Cisplatin
NCT05346341,PROCEDURE,Minimally invasive techniques
NCT00174941,DRUG,Febuxostat
NCT07509411,DRUG,TNF-α Inhibitor
NCT07509411,PROCEDURE,Frozen Blastocyst Transfer (FBT)
NCT05784311,DRUG,Cefuroxime
NCT05784311,DRUG,Metronidazole
NCT05397171,DRUG,AZD8853
NCT05397171,DRUG,Zirconium-89 crefmirlimab berdoxam
NCT03209271,DRUG,Ringer's Acetate (warm)
NCT03209271,DRUG,Ringer's Acetate (cold)
NCT05676671,PROCEDURE,Applications of self-etching adhesives and dental restorations
NCT02353871,BIOLOGICAL,Botulinum toxin type A
NCT02353871,DRUG,Placebo
NCT02068144,DIETARY_SUPPLEMENT,Cranberry Extract
NCT02068144,OTHER,Placebo
NCT02080871,DEVICE,Stenting of the Common and/or External Iliac Arteries
NCT01739244,DRUG,SYL040012
NCT01739244,DRUG,Placebo
NCT01697644,DRUG,somatropin
NCT06095271,DIAGNOSTIC_TEST,serum Neurofilament Filament Light chain (sNfL) monitoring
NCT01181934,OTHER,A643 (nicotine)
NCT01181934,DRUG,placebo
NCT06635434,DEVICE,AR Pain assessment
NCT06554834,PROCEDURE,CV4 + RR
NCT06554834,PROCEDURE,CV4
NCT06554834,DEVICE,sham ultrasound transducer
NCT06554834,DEVICE,Ultrasound Transducer Sham Procedure
NCT06554834,DEVICE,"EEG/HRV/RSA (Electroencephalography, Heart Rate Variability, Respiratory Sinus Arrhythmia) Monitoring using Infiniti System"
NCT02540434,DEVICE,ROTEM
NCT02540434,OTHER,Cryoprecipitate
NCT02540434,DRUG,RiaSTAP
NCT06601764,OTHER,Circuit Training
NCT06601764,OTHER,Progressive Resistance
NCT06792344,OTHER,anti-CD19 CAR-T cells
NCT06792344,DRUG,anti-CD19 CAR-T cells
NCT03390244,DEVICE,Foldable Capsular Vitreous Body Implant
NCT02754544,PROCEDURE,Direct Electrocortical Stimulation
NCT02754544,OTHER,Electrocorticography
NCT04583644,DEVICE,Fetoscopic Endoluminal Tracheal Occlusion Surgery
NCT04746664,BEHAVIORAL,Nutritional counselling
NCT06765564,DRUG,iPSC-MNP
NCT04981964,PROCEDURE,Exercise training
NCT05117034,DRUG,Morphine
NCT05117034,DRUG,Nacl 0.9%
NCT03850509,DRUG,OPS-2071
NCT03850509,DRUG,Placebo
NCT00170209,DRUG,Isoniazid
NCT00170209,DRUG,Rifampin
NCT02723799,BEHAVIORAL,Hope Promotion Program (HPP)
NCT02723799,OTHER,Standard Treatment Protocol
NCT04095299,RADIATION,50.4 Gy to the tumor and elective volume
NCT04095299,RADIATION,62 Gy to the clinical tumor volume and 50.4 Gy to the elective volume
NCT04095299,DRUG,Capecitabine 825 mg/m2 twice daily on weekdays
NCT04431999,DRUG,Whole blood transfusion
NCT04431999,DRUG,Fractionated blood products transfusion
NCT00520299,DRUG,ADI PEG 20
NCT04312399,PROCEDURE,blood take
NCT03912532,BIOLOGICAL,NGM282
NCT03912532,OTHER,Placebo
NCT00737932,DRUG,Laquinimod
NCT00737932,OTHER,placebo
NCT06980532,DRUG,Glumetinib Combined with Fruquintinib
NCT02764632,PROCEDURE,Digital facilitation
NCT03028532,DRUG,Clomid
NCT07099898,BIOLOGICAL,Ris-Rez
NCT07099898,DRUG,Topotecan
NCT03626298,DRUG,Adapalene
NCT03626298,DRUG,"Nicotinamide, ABA and Zinc PCA"
NCT03626298,DRUG,Placebos
NCT01327898,BEHAVIORAL,empowerment theory-based small group discussion
NCT01327898,BEHAVIORAL,individual resilience counseling
NCT07368998,DRUG,Inavolisib
NCT07368998,DRUG,Fulvestrant
NCT02496663,PROCEDURE,Biospecimen Collection
NCT02496663,PROCEDURE,Computed Tomography
NCT02496663,PROCEDURE,Echocardiography Test
NCT02496663,PROCEDURE,Magnetic Resonance Elastography
NCT02496663,PROCEDURE,Multigated Acquisition Scan
NCT02496663,BIOLOGICAL,Necitumumab
NCT02496663,DRUG,Osimertinib
NCT04346563,OTHER,"Kinesio tape, functional correction technique"
NCT04346563,OTHER,Elastic band strengthening shoulder exercise
NCT07456163,DEVICE,Pre-fabricated standardized titanium abutments
NCT07456163,DEVICE,Customized anatomical zirconia abutments
NCT06982963,BIOLOGICAL,FB102
NCT06982963,OTHER,Placebo
NCT07322263,DRUG,Intravesical Gemcitabine and Docetaxel
NCT02176863,BIOLOGICAL,Flebogamma® 5% DIF
NCT02176863,DRUG,Placebo
NCT02428387,BEHAVIORAL,My Tools 4 Care
NCT03559387,DRUG,ANF-RHO™
NCT03559387,DRUG,Neulasta®
NCT00821587,DRUG,Cyclosporine
NCT00821587,DRUG,Tacrolimus
NCT02382393,OTHER,"Brain Performance Test (BPT, Lumos Labs, Inc)"
NCT02382393,OTHER,Computerized Assessment
NCT05486793,BEHAVIORAL,Written Exposure Therapy (WET)
NCT05486793,BEHAVIORAL,Emotion Focused Supportive Therapy (EFST)
NCT03492593,OTHER,lycopene
NCT03492593,OTHER,beta-carotene
NCT03492593,OTHER,control
NCT06049693,DRUG,Ferrous Gluconate 300 MG
NCT00061893,DRUG,celecoxib
NCT00061893,DRUG,cyclophosphamide
NCT00061893,DRUG,doxorubicin hydrochloride
NCT00061893,DRUG,etoposide
NCT00061893,DRUG,ifosfamide
NCT00061893,DRUG,vinblastine sulfate
NCT00061893,DRUG,vincristine sulfate
NCT00061893,PROCEDURE,conventional surgery
NCT00061893,RADIATION,radiation therapy
NCT00061893,DRUG,MESNA
NCT00061893,DRUG,Filgrastim
NCT02874287,DRUG,Hydroxychloroquine Sulfate Tablets
NCT02874287,DRUG,Placebo Tablets
NCT03248687,OTHER,Follow up
NCT06937593,DRUG,VIS954
NCT06937593,DRUG,Placebo
NCT00970593,DRUG,OAP-189
NCT00970593,DRUG,placebo comparator
NCT07177521,PROCEDURE,Insertion of implants in post-extraction tooth
NCT06348121,DIETARY_SUPPLEMENT,Probiotic
NCT06537921,DRUG,Minocycline 200mg
NCT00203021,DRUG,Glatiramer acetate
NCT01578421,DEVICE,"4 h online hemodiafiltration (FX 100, Polyflux 210, FXCorDiax)"
NCT07225114,DRUG,contrast agent perflutren lipid
NCT07225114,DEVICE,Ultrasound Imaging
NCT01792414,DEVICE,Sham TES
NCT01792414,DEVICE,Active TES
NCT01791114,OTHER,Cold exposure
NCT01791114,OTHER,Cold exposure plus propranolol
NCT01791114,OTHER,Thermoneutral Conditions
NCT01791114,OTHER,Cold water consumption
NCT01791114,OTHER,Tepid water consumption
NCT01791114,OTHER,Exercise
NCT01791114,OTHER,Meal consumption
NCT05984914,BEHAVIORAL,PSAI
NCT05984914,BEHAVIORAL,One day seminar
NCT00602914,DEVICE,MicronJet
NCT01355016,DRUG,MDT-637
NCT07379216,DIETARY_SUPPLEMENT,Placebo sachet
NCT07379216,DIETARY_SUPPLEMENT,Vitamin C and Glutathione Liquid Sachet
NCT06777316,DRUG,CGT4859
NCT00036816,BIOLOGICAL,MART-1 antigen
NCT00036816,BIOLOGICAL,NA17-A antigen
NCT00036816,BIOLOGICAL,gp100 antigen
NCT00036816,BIOLOGICAL,tyrosinase peptide
NCT02956616,DRUG,ketorolac
NCT02956616,OTHER,Chewing Gum
NCT02956616,PROCEDURE,Enhanced Recovery Protocol
NCT05017116,DRUG,RBD1016
NCT05017116,DRUG,Placebo
NCT05017116,DRUG,Entecavir
NCT03416816,DRUG,DSP-0337
NCT03850106,DIETARY_SUPPLEMENT,Placebo
NCT03850106,DIETARY_SUPPLEMENT,Indus810
NCT00815906,DRUG,SBI-087
NCT02726906,BEHAVIORAL,Moderate-aerobic walking
NCT02726906,RADIATION,Positron Emission Tomography (PET) scan
NCT02726906,BEHAVIORAL,Healthy living education
NCT02726906,DEVICE,Physical activity monitor
NCT01599806,DRUG,Ceftazidime - Avibactam ( CAZ-AVI)
NCT01599806,DRUG,Doripenem
NCT01599806,DRUG,Either switch to oral therapy: 500 mg of Ciprofloxacin (oral)
NCT01599806,DRUG,or switch to oral therapy: 800 mg/160 mg of sulfamethoxazole/trimethoprim (oral)
NCT02793284,RADIATION,18F-DCFPyL PET/CT scan
NCT00893984,DRUG,Nebivolol
NCT05307484,OTHER,Serious game
NCT05307484,OTHER,Dengue prevention website
NCT01534884,BIOLOGICAL,rituximab
NCT00271284,DRUG,insulin glulisine / insulin glargine
NCT00271284,DRUG,insulin glulisin / insulin detemir
NCT00210184,DRUG,Irinotecan associated to fluorouracil and leucovorin
NCT05356533,BEHAVIORAL,Drinking to Cope CBT skills
NCT01955733,DRUG,BI 695500
NCT00805233,DRUG,combination ranibizumab + bromfenac
NCT00805233,DRUG,ranibizumab injection alone
NCT00321152,OTHER,6(S)-5-MTHF (a Medical Food)
NCT06715852,BEHAVIORAL,PHYSBI: a 12-week physical exercise program
NCT06715852,BEHAVIORAL,"Modified eHealth Lift: a digital, evidence based lifestyle-intervention for health promotion."
NCT04046952,DEVICE,Statseal with TR Band
NCT04046952,DEVICE,TR band only
NCT00019747,DRUG,thalidomide
NCT00019747,PROCEDURE,adjuvant therapy
NCT00019747,OTHER,Placebo
NCT06953947,PROCEDURE,Costoclavicular block
NCT06953947,PROCEDURE,Interscalene block
NCT06953947,DRUG,Costoclavicular block
NCT06953947,DRUG,Interscalene Nerve Block
NCT05438147,OTHER,CT-100 DiNaMo
NCT05438147,OTHER,Care-as-Usual
NCT02351947,OTHER,upper limb rehabilitation for chronic stroke
NCT00880347,DEVICE,Blood sampling
NCT05676047,BEHAVIORAL,Cognitive Rehabilitation
NCT05676047,OTHER,Education
NCT01261247,DRUG,panobinostat
NCT01261247,OTHER,laboratory biomarker analysis
NCT01261247,GENETIC,western blotting
NCT01261247,GENETIC,DNA analysis
NCT01261247,OTHER,flow cytometry
NCT01261247,OTHER,pharmacological study
NCT01261247,OTHER,immunohistochemistry staining method
NCT07609849,PROCEDURE,Isolated meniscus repair with notch Microfracture
NCT07609849,PROCEDURE,Isolated meniscus repair without notch microfracture
NCT05592249,OTHER,Dual Task MC
NCT05592249,OTHER,Dual Task MM
NCT07195149,DRUG,High-Dose Aspirin 300 mg
NCT07195149,DRUG,DAPT (Low-Dose Aspirin 75 mg + Prasugrel 10 mg)
NCT07195149,DRUG,Low-Dose Aspirin 75 mg
NCT00766649,DRUG,Sirolimus
NCT02589249,DIETARY_SUPPLEMENT,AyuFlex
NCT02589249,DIETARY_SUPPLEMENT,Placebo
NCT00544349,BIOLOGICAL,cetuximab
NCT00544349,DRUG,fluorouracil
NCT00544349,DRUG,leucovorin calcium
NCT00544349,DRUG,oxaliplatin
NCT07558538,DRUG,Recombinant Human Keratinocyte Growth Factor-2 for Inhalation (Lyophilized Powder)
NCT00923338,DEVICE,Surgisis Biodesign (Vesico-vaginal fistula plug)
NCT01159938,DRUG,Lispro
NCT04698538,BEHAVIORAL,JASPER
NCT03968458,BEHAVIORAL,CON
NCT03968458,BEHAVIORAL,EX-30
NCT03968458,BEHAVIORAL,EX-90
NCT00419458,PROCEDURE,inspiratory muscle strength training
NCT02993458,OTHER,DASH diet
NCT02993458,OTHER,Low Na diet
NCT02993458,OTHER,High Na diet
NCT02993458,OTHER,Usual Diet
NCT01766258,DRUG,ODM-101 65mg Carbidopa
NCT01766258,DRUG,ODM-101 105mg Carbidopa
NCT01766258,DRUG,Stalevo
NCT06331858,DEVICE,hip device-assisted concentric abductor strengthening (HDACAS)
NCT06331858,DEVICE,knee device-assisted concentric flexor-extensor strengthening (KDACFES)
NCT02157558,DRUG,Fexofenadine
NCT02157558,DRUG,Telotristat etiprate
NCT04799158,DRUG,Vonoprazan
NCT04799158,DRUG,Placebo
NCT01965158,DRUG,Naldemedine
NCT01965158,DRUG,Placebo
NCT05956158,BEHAVIORAL,Behavioral Treatment
NCT05956158,BEHAVIORAL,Sleep Education Treatment
NCT04952948,OTHER,PILATES Training
NCT00874848,BIOLOGICAL,Imprime PGG Injection
NCT00874848,BIOLOGICAL,Cetuximab
NCT00874848,DRUG,Paclitaxel
NCT00874848,DRUG,Carboplatin
NCT05599048,DRUG,Hyperpolarized 13C-Pyruvate
NCT05599048,PROCEDURE,Magnetic Resonance Imaging (MRI)
NCT05599048,DRUG,"13C,15N-Urea"
NCT04231448,DRUG,"R-CHOP(Rituximab, Cyclophosphamide, Doxorubicin, Vincristine and Prednisone)"
NCT04231448,DRUG,Tucidinostat
NCT04231448,DRUG,Placebo
NCT02862548,DRUG,TAF
NCT02862548,DRUG,TDF
NCT02862548,DRUG,Other approved antivirals
NCT02765048,BEHAVIORAL,GAIN Program
NCT02648048,DRUG,Pirfenidone
NCT02648048,DRUG,Vismodegib
NCT07525648,DRUG,Sevoflurane
NCT07525648,DRUG,Desflurane
NCT04110548,PROCEDURE,Emotion Regulation Task
NCT04110548,PROCEDURE,Craving Regulation Task
NCT02024555,DRUG,Levofloxacin
NCT02024555,DRUG,Ethambutol
NCT02024555,DRUG,Azithromycin
NCT02024555,DRUG,Rifampin
NCT02024555,DRUG,Placebo
NCT02358655,OTHER,Retrospective review of OAC prescription
NCT02358655,OTHER,Prescription of OAC in ED
NCT02358655,OTHER,Community AF clinic
NCT06740526,DRUG,Sibeprenlimab
NCT03129126,DRUG,LP-10
NCT05548426,DRUG,"Group B, Linezolid 10d"
NCT05548426,DRUG,"Group A, Penicillin"
NCT05233826,BIOLOGICAL,COVI-VAC
NCT01999426,OTHER,Airway clearance intervention
NCT07269626,RADIATION,Personalized Ultrafractionated Adaptive Radiotherapy
NCT03075878,DRUG,ALXN1830
NCT07034378,PROCEDURE,Radiofrequency ablation
NCT07034378,PROCEDURE,Extended cryoballoon ablation
NCT07034378,PROCEDURE,Standard cryoballoon ablation
NCT00670878,DRUG,3 x FEC 3 x DOC / Gemcitabine
NCT00670878,DRUG,3 x FEC 3 x DOC
NCT00958685,DIETARY_SUPPLEMENT,ginger
NCT00958685,DIETARY_SUPPLEMENT,placebo
NCT01492985,BIOLOGICAL,Placebos of GTU-multiHIV B and LIPO-5 vaccines
NCT01492985,BIOLOGICAL,GTU-multHIV B vaccine and LIPO-5 vaccine
NCT00931385,DRUG,BI 1744
NCT00931385,DRUG,bi1744
NCT00931385,DRUG,Placebo
NCT00931385,DRUG,Foradil
NCT05959785,PROCEDURE,Basic and light cervical mobilization exercises
NCT05959785,PROCEDURE,Abdominal or diaphragmatic breathing exercises
NCT02662985,DRUG,AIN457 (secukinumab)
NCT02662985,DRUG,Placebo
NCT02640885,DEVICE,Foley's cather ballon
NCT06933043,DRUG,NAV-240
NCT06933043,DRUG,Placebo
NCT05911243,PROCEDURE,Acupressure Therapy
NCT05911243,OTHER,Best Practice
NCT05911243,PROCEDURE,Biospecimen Collection
NCT05911243,OTHER,Questionnaire Administration
NCT06069843,DRUG,IV Ketamine
NCT06947343,PROCEDURE,ACTION OBSERVATION THERAPY
NCT06947343,PROCEDURE,MOTOR RELEARNING PROGRAM
NCT04135443,BEHAVIORAL,3T Tune in! Turn on! Turn up!
NCT04135443,BEHAVIORAL,General Health Materials Website
NCT02057315,DRUG,ELS-M11
NCT02057315,DRUG,Placebo
NCT02778815,OTHER,Kindness for Mums
NCT01828515,DRUG,Vilazodone
NCT01828515,DRUG,Placebo
NCT01828515,DRUG,Hydrocortisone
NCT04983615,DRUG,fentanyl-based sedation
NCT04983615,DRUG,midazolam-based sedation
NCT06235515,OTHER,rehabilitation program
NCT06235515,OTHER,virtual reality
NCT00769535,GENETIC,Polymorphisms of HSP70 and TNF promoter
NCT03854435,OTHER,Heart rate assessment (stethoscope)
NCT03854435,OTHER,Heart assessment (umbilical cord palpation)
NCT04236635,DRUG,Collagenase Clostridium Histolyticum Single Injection Technique
NCT04236635,DRUG,Collagenase Clostridium Histolyticum Multiple Injection Technique
NCT02870608,OTHER,lung and liver elastography measurement of fetus
NCT01067508,OTHER,Fiji Water
NCT06857708,DEVICE,Cytal® Wound Matrix
NCT06857708,DEVICE,MicroMatrix®
NCT01035008,PROCEDURE,Endoscopic Ultrasound (EUS)
NCT04665908,OTHER,Assessment by PT/Orth surgeon
NCT01688908,PROCEDURE,Endoscopic Screening
NCT07652125,BIOLOGICAL,RGL-270 in Combination with PD-1/PD-L1 Inhibitors
NCT07652125,OTHER,Physician's Choice SOC
NCT03238625,DRUG,Lidocaine and sodium bicarbonate
NCT03238625,DRUG,Lidocaine
NCT03238625,DRUG,Sodium cloride 0.9%
NCT02177825,DRUG,Imatinib Mesylate
NCT04123925,DRUG,Nivolumab
NCT01676025,PROCEDURE,PRA
NCT01676025,PROCEDURE,LA
NCT02149225,DRUG,APVAC1 vaccine plus Poly-ICLC and GM-CSF
NCT02149225,DRUG,APVAC2 vaccine plus Poly-ICLC and GM-CSF
NCT05465525,PROCEDURE,Quadratus Lumborum Block Type III
NCT05465525,PROCEDURE,Erector Spinae Plane Block
NCT05465525,OTHER,No Block
NCT01312025,PROCEDURE,conventional laparoscopic cholecystectomy
NCT01312025,PROCEDURE,modified laparoscopic cholecystectomy
NCT02517125,DEVICE,Transoral robotic-assisted surgery with Da Vinci Xi
NCT02344225,DRUG,Caffeine citrate
NCT02344225,DRUG,Ibuprofen
NCT02344225,DRUG,Ketorolac
NCT02592525,BEHAVIORAL,IP-SDM training for health professionals
NCT07098325,DEVICE,retainer with .5 mm thickness
NCT07098325,DEVICE,retainer with 1 mm thickness
NCT04083625,DRUG,carbetocin 100 mcg
NCT04083625,DRUG,placebo
NCT02930876,BEHAVIORAL,Resistance training
NCT03527576,DRUG,Dexamethasone
NCT03527576,DRUG,NaCl 0.0308 MEQ/ML Injectable Solution
NCT07559617,OTHER,Ozonated oil-based cosmetic emulsion
NCT07559617,OTHER,Matched vehicle control
NCT07221617,DRUG,"Methadone, oral"
NCT07221617,DRUG,"Methadone, intravenously"
NCT07512817,BEHAVIORAL,Solution- focused group counseling
NCT01921517,DEVICE,Low Magnitude Mechanical Stimulation
NCT01921517,DEVICE,Sham Low Magnitude Mechanical Stimulation
NCT00115440,RADIATION,Bononophenylalanine (BPA)-based BNCT
NCT02195440,DRUG,PRI-724
NCT00290940,DRUG,CS-917
NCT00290940,DRUG,metformin hydrochloride
NCT00290940,DRUG,pioglitazone
NCT04769440,DRUG,mg sulphate
NCT03724617,DRUG,umbilical cord mesenchymal stem cells combined with collagen scaffold
NCT04482517,OTHER,Density Gradient Centrifugation
NCT04482517,OTHER,Physiological ICSI
NCT04482517,OTHER,Magnetic activated cell sorting
NCT04482517,OTHER,Testicular sperm
NCT03056417,BEHAVIORAL,The Complete Health Improvement Program
NCT03439917,DIETARY_SUPPLEMENT,L-Carnitine tartrate
NCT03439917,DIETARY_SUPPLEMENT,Meal Replacement Drink
NCT03439917,DIETARY_SUPPLEMENT,Maltodextrin
NCT02030717,DRUG,klonidin
NCT02030717,DRUG,epidural anesthesia
NCT03342040,PROCEDURE,Laparoscopic ventral hernia repair with TAP block
NCT03342040,PROCEDURE,Laparoscopic ventral hernia repair without TAP block
NCT03951740,DEVICE,Fitbit Charge 2
NCT03951740,DEVICE,Mio Slice
NCT03951740,DEVICE,Oxycon Mobile
NCT00786344,BEHAVIORAL,Lifestyle Redesign
NCT07304544,BEHAVIORAL,RAM-based nursing
NCT05454644,OTHER,Person-Centred Prescription Model
NCT00539344,DRUG,ANG1005
NCT04023344,DRUG,Humalog Mix25
NCT04023344,DRUG,Insulin Lispro Biphasic 25
NCT04635644,PROCEDURE,Erector Spinae Plane Block
NCT04635644,PROCEDURE,Intrathecal morphine
NCT06619834,BEHAVIORAL,Financial Navigation and Peer Support
NCT06619834,BEHAVIORAL,Financial Navigation Only
NCT06995144,DRUG,Extended Release Torsemide Tablets
NCT06995144,DRUG,Immedate Release Torsemide Tablets
NCT06287944,BIOLOGICAL,Actinium Ac 225-DOTA-Daratumumab
NCT06287944,PROCEDURE,Biospecimen Collection
NCT06287944,PROCEDURE,Bone Marrow Aspiration
NCT06287944,PROCEDURE,Bone Marrow Biopsy
NCT06287944,PROCEDURE,Computed Tomography
NCT06287944,BIOLOGICAL,Daratumumab
NCT06287944,PROCEDURE,Echocardiography
NCT06287944,DRUG,Fludarabine
NCT06287944,PROCEDURE,Hematopoietic Cell Transplantation
NCT06287944,BIOLOGICAL,Indium In 111-DOTA-Daratumumab
NCT06287944,DRUG,Melphalan
NCT06287944,PROCEDURE,Multigated Acquisition Scan
NCT06287944,PROCEDURE,Radionuclide Imaging
NCT06287944,PROCEDURE,Single Photon Emission Computed Tomography
NCT06287944,DRUG,Sirolimus
NCT06287944,DRUG,Tacrolimus
NCT06287944,RADIATION,Total Marrow and Lymphoid Irradiation
NCT07401134,DRUG,"Perineal ice packs, medicated witch-hazel pads, and topical benzocaine spray"
NCT00438334,DEVICE,Programmable directional/omni-directional hearing aid
NCT06959134,BEHAVIORAL,"The intervention will be mainly focused on the lifestyle modification and medication adherence, and self monitoring at home"
NCT07586111,OTHER,A diet containing plant foods
NCT07586111,OTHER,A diet containing different plant foods
NCT03897309,BIOLOGICAL,VXA-G1.1-NN
NCT03897309,BIOLOGICAL,VXA-G2.4-NS
NCT03897309,BIOLOGICAL,Placebo Tablets
NCT04409964,DRUG,Dexmedetomidine Hydrochloride
NCT04409964,DRUG,Lidocaine Hydrochloride
NCT04409964,DRUG,Remifentanil Hydrochloride
NCT03170609,BIOLOGICAL,Multivalent group B streptococcus vaccine
NCT03170609,BIOLOGICAL,Placebo
NCT00198809,DRUG,Biolean + Diet education
NCT00198809,DRUG,Biolean Free + Diet education
NCT00198809,DRUG,Placebo + Diet education
NCT03866109,DRUG,Temferon
NCT02074709,DRUG,Plain bupivacaine
NCT02074709,DRUG,Liposomal bupivacaine
NCT03222609,DRUG,Ruxolitinib
NCT03222609,DRUG,Navitoclax
NCT00240799,DRUG,acetaminophen extended release
NCT00240799,DRUG,placebo
NCT06352099,DIETARY_SUPPLEMENT,"Dietary supplement with micronised diosmin, hesperidin and herbal extracts"
NCT00004799,BIOLOGICAL,whole-cell pertussis vaccine
NCT00004799,BIOLOGICAL,diphtheria-tetanus vaccine
NCT04669899,DRUG,JTX-8064
NCT04669899,DRUG,pimivalimab
NCT06071299,BEHAVIORAL,FCC
NCT06071299,BEHAVIORAL,CCC
NCT01074099,BIOLOGICAL,BMAC
NCT01074099,PROCEDURE,CABG only
NCT06821932,PROCEDURE,Photofunctionalized dental implant surgery
NCT06821932,PROCEDURE,Dental implant surgery
NCT05687032,DRUG,inotuzumab ozogamicin
NCT00314132,BIOLOGICAL,"ChimeriVax-JE, Japanese Encephalitis vaccine"
NCT00314132,BIOLOGICAL,0.9% Saline
NCT00082732,BEHAVIORAL,behavioral dietary intervention
NCT00082732,DIETARY_SUPPLEMENT,dietary intervention
NCT00082732,PROCEDURE,therapeutic dietary intervention
NCT07588932,DRUG,"Telmisartan, Metformin, Cilostazol"
NCT00867932,DRUG,Eculizumab
NCT00002632,DRUG,paclitaxel
NCT00206232,DRUG,Spironolactone
NCT04528732,BEHAVIORAL,Group Cognitive Behavioral Therapy (G-CBT)
NCT04528732,BEHAVIORAL,Multiple Family Group (MFG)
NCT02717663,BEHAVIORAL,Adaptive Goals
NCT02717663,BEHAVIORAL,Static Goals
NCT02717663,BEHAVIORAL,Delayed (non-contingent) Incentives
NCT02717663,BEHAVIORAL,Immediate Micro-Incentives
NCT06986863,OTHER,Always Uniquely Me mobile phone application
NCT05012163,BEHAVIORAL,Reminder
NCT05012163,BEHAVIORAL,Financial incentive
NCT05012163,BEHAVIORAL,Lottery
NCT02809963,DRUG,Eplerenone
NCT02809963,DRUG,Placebo
NCT04546087,DEVICE,Ultrasound
NCT05618587,DRUG,Lithium
NCT05618587,DRUG,Placebo
NCT04569487,PROCEDURE,Biopsy
NCT02637687,DRUG,"Larotrectinib (Vitrakvi, BAY2757556)"
NCT01003093,BIOLOGICAL,50 microgram antigen (Ag85B + ESAT-6)
NCT01003093,BIOLOGICAL,50 microgram antigen (Ag85B + ESAT-6) + 100 nmol KLK + 4 nmol ODN1a
NCT01003093,BIOLOGICAL,50 microgram antigen (Ag85B + ESAT-6) + 500 nmol KLK + 20 nmol ODN1a
NCT06379893,DRUG,Voltaren Gel
NCT02269293,DRUG,Paclitaxel
NCT02269293,DRUG,Carboplatin
NCT02269293,DRUG,Selinexor
NCT05689593,OTHER,Low-intensity ESWT Group
NCT05689593,OTHER,Low-intensity laser Group
NCT05689593,OTHER,Conventional Control Group
NCT07132021,DEVICE,Active taVNS
NCT07132021,DEVICE,Sham taVNS
NCT00000721,DRUG,CD4 Antigens
NCT03138421,DRUG,ABX-1431 HCl
NCT03138421,DRUG,Placebo
NCT05188521,DRUG,Baricitinib (LY3009104) 2 mg
NCT05188521,DRUG,Baricitinib (LY3009104) 4 mg
NCT07431021,BEHAVIORAL,science lesson
NCT07431021,BEHAVIORAL,PE Lesson
NCT02185014,DRUG,Adalimumab
NCT01951014,OTHER,Social Media Education
NCT00697216,BIOLOGICAL,HBV-MPL vaccine 208129
NCT00697216,BIOLOGICAL,Engerix™-B
NCT05763914,BEHAVIORAL,Change in the incidence of hand eczema
NCT05763914,BEHAVIORAL,Change in severity of hand eczema
NCT05763914,BEHAVIORAL,Change in the number of self-reported days with absence from work due to having hand eczema
NCT05763914,BEHAVIORAL,Change in the number of participants being forced to change their job due to having hand eczema
NCT05763914,BEHAVIORAL,Change in The Quality Of Life in in relation to hand eczema
NCT05763914,BEHAVIORAL,Change in the level of knowledge regarding skin care and protection.
NCT06575114,OTHER,Self-determination theory-based health education measures
NCT00855816,BEHAVIORAL,Breathing training
NCT02760316,DRUG,AZD9567 10 mg
NCT02760316,DRUG,AZD9567 20 mg
NCT02760316,DRUG,AZD9567 40 mg
NCT02760316,DRUG,AZD9567 80 mg
NCT02760316,DRUG,Prednisolone 20 mg
NCT02760316,DRUG,AZD9567 125 mg
NCT02760316,DRUG,AZD9567 155 mg
NCT02760316,DRUG,Prednisolone 5 mg
NCT02760316,DRUG,Prednisolone 40 mg
NCT01474616,OTHER,Sit-to-Stand Activity
NCT00594516,DRUG,tapentadol (CG5503) Immediate Release IR
NCT00594516,DRUG,tapentadol (CG5503) Extended Release (ER)
NCT00594516,DRUG,tapentadol (CG5503) Immediate Release (IR)
NCT00753116,DEVICE,Renal Denervation with a catheter-based procedure
NCT00837616,DRUG,17 B estradiol orally
NCT00837616,DRUG,17 B estradiol
NCT01010906,DRUG,Vaniprevir 300 mg
NCT01010906,DRUG,Vaniprevir 200 mg
NCT07028606,PROCEDURE,"Sandwich technique with xenograft, collagen membrane and simultaneous implant placement."
NCT07028606,BIOLOGICAL,"Sandwich technique with (RGD), xenograft, collagen membrane and simultaneous implant placement."
NCT00368706,DRUG,solifenacin succinate
NCT00368706,DRUG,tolterodine
NCT00156806,PROCEDURE,Aloe barbadensis topical application in a moisturizing cream vehicle.
NCT05943106,BIOLOGICAL,Durvalumab
NCT05943106,BIOLOGICAL,BCG
NCT00532506,DRUG,SK-0403
NCT03311906,DRUG,0.8% Hyaluronic Acid
NCT03311906,PROCEDURE,Scaling and Root Planing
NCT00438204,BIOLOGICAL,bevacizumab
NCT00438204,DRUG,gemcitabine hydrochloride
NCT00438204,DRUG,pemetrexed disodium
NCT06501404,DIETARY_SUPPLEMENT,High dose group
NCT06501404,DIETARY_SUPPLEMENT,Low dose group
NCT01820104,DRUG,"lansoprazole, 30 mg per day for 6 days"
NCT06232304,BEHAVIORAL,TEACH
NCT04495504,DRUG,Ropivacaine
NCT00317304,BEHAVIORAL,Mindfulness-based stress reduction
NCT02034604,DRUG,Naftofidil
NCT02034604,DRUG,Tamsulosin
NCT00236184,DRUG,rabeprazole sodium
NCT00236184,OTHER,Placebo
NCT07076784,DRUG,Icariin
NCT07076784,DRUG,Vehicle Control
NCT04154384,BEHAVIORAL,Life Care Specialist (LCS) Intervention
NCT04154384,OTHER,Clinical Coordination with Referrals
NCT04154384,BEHAVIORAL,Pilot Study of Pain Management Strategies
NCT05899933,PROCEDURE,Non-surgical peri-implant therapy
NCT05899933,PROCEDURE,Implantoplasty
NCT05899933,PROCEDURE,Erythritol Air-abrasive device
NCT05899933,PROCEDURE,Prophylaxis
NCT06414733,BIOLOGICAL,Combination of MVF-HER-2 (597-626) and MVF-HER-2 (266-296) emulsified with ISA 720
NCT06704633,DRUG,Sacubitril / Valsartan Oral Tablet
NCT02639533,DRUG,Pregabalin
NCT02639533,OTHER,Placebo
NCT06289933,DRUG,BR3005
NCT06289933,DRUG,BR3005-1
NCT06289933,DRUG,BR3005-2
NCT02094352,DRUG,Ketamine Infusion + Epidural Infusion
NCT02094352,DRUG,Control Group + Epidural infusion
NCT02094352,DRUG,Ketamine Booster Infusion
NCT02094352,DRUG,Control Group Booster Infusion
NCT01436747,DRUG,Paricalcitol
NCT01436747,DRUG,Placebo
NCT06339047,OTHER,Projector Kaleidoscope
NCT06339047,OTHER,Cartoon
NCT07068347,COMBINATION_PRODUCT,VR + lifestyle modification
NCT07068347,COMBINATION_PRODUCT,VR only
NCT07068347,COMBINATION_PRODUCT,Conventional physical therapy + lifestyle modification
NCT07068347,COMBINATION_PRODUCT,Conventional physical therapy only
NCT06290947,DEVICE,BFR Cuffs for Intervention Group
NCT06290947,OTHER,Standard Walking Training Program
NCT07221747,BEHAVIORAL,Standard of Care (SoC)
NCT07221747,BEHAVIORAL,Enhanced continuation support package
NCT06080347,OTHER,Anti-inflammatory Diet
NCT06080347,OTHER,Healthy Diet
NCT00973947,OTHER,questionnaire administration
NCT00973947,RADIATION,3-dimensional conformal radiation therapy
NCT00973947,RADIATION,radiation therapy treatment planning/simulation
NCT07160647,DRUG,Ipalolimab and Tovorilimab
NCT00220649,DRUG,gemcitabine; irinotecan; leucovorin; 5-fluorouracil; oxaliplatin
NCT04638049,OTHER,Collection of human biofluids
NCT04638049,OTHER,Patient reported outcome measures
NCT00446238,BEHAVIORAL,Cognitive Behavioral Therapy
NCT00446238,BEHAVIORAL,Standard of Community Care Treatment
NCT01707238,DEVICE,etafilcon A
NCT01707238,DEVICE,stenfilcon A
NCT07415538,OTHER,Conventional Physiotherap
NCT07415538,OTHER,Conventional Physiotherapy + Mulligan SNAG
NCT07415538,OTHER,Conventional Physiotherapy + Sham SNAG
NCT03227458,OTHER,DHEA
NCT03227458,OTHER,Placebo
NCT03227458,BEHAVIORAL,Exercise
NCT00363038,DRUG,Petrolatum United States Pharmacopeia (USP)
NCT00363038,DRUG,Vitamin K and retinol ointment
NCT00363038,DRUG,Arnica ointment
NCT00363038,DRUG,Vitamin K ointment
NCT01969838,DRUG,Momelotinib
NCT01969838,DRUG,Ruxolitinib
NCT01969838,DRUG,Placebo to match momelotinib
NCT01969838,DRUG,Placebo to match ruxolitinib
NCT02182258,DRUG,BIBF 1120 soft gelatine capsule
NCT02182258,DRUG,BIBF 1120 intravenous solution
NCT02182258,DRUG,Placebo ampoule
NCT02622958,DRUG,PH94B
NCT02622958,OTHER,Placebo
NCT03591458,DRUG,Amitriptyline
NCT03591458,DRUG,Placebo
NCT04928248,OTHER,Diabetes Dashboard integrated with Disease Manager App
NCT04040348,BIOLOGICAL,Approximately 100 million cells allogeneic hMSC
NCT03740048,OTHER,Hemodialysis
NCT03740048,DRUG,Patiromer Oral Product
NCT02638948,DRUG,BMS-986142
NCT02638948,DRUG,Placebo
NCT02638948,DRUG,Methotrexate
NCT06952348,BEHAVIORAL,Stair and brisk walking combined
NCT06952348,BEHAVIORAL,Brisk walking
NCT06952348,BEHAVIORAL,Standard care
NCT05344248,BIOLOGICAL,JS005 (recombinant humanized monoclonal antibody against IL-17A)
NCT05344248,BIOLOGICAL,JS005 placebo
NCT01808755,DIETARY_SUPPLEMENT,D Mannose
NCT01808755,DRUG,trimethoprim/sulfamethoxazole
NCT03195855,OTHER,Manual therapy / joint mobilisations
NCT02151955,BEHAVIORAL,Individual
NCT00169455,BIOLOGICAL,Live attenuated human rotavirus vaccine
NCT02751255,DRUG,all-trans retinoic acid (ATRA)
NCT05491226,DRUG,Pembrolizumab
NCT05491226,RADIATION,Radiation Therapy
NCT05491226,DRUG,Axatilimab
NCT02185326,DRUG,"Growth hormone (Norditropin, Novo nordisk)"
NCT04954326,DRUG,Lyophilized S95014
NCT04954326,DRUG,Liquid S95014
NCT03064126,DEVICE,RANGER™ Paclitaxel Coated Balloon
NCT03064126,DRUG,Paclitaxel
NCT03064126,PROCEDURE,Standard Balloon Angioplasty
NCT02275078,BEHAVIORAL,COPD self-management using an action plan
NCT02275078,DEVICE,Telesystem-Phone self-assessment/reporting system
NCT02275078,OTHER,Nurse case manager support
NCT03183778,DRUG,Patiromer
NCT03183778,DIETARY_SUPPLEMENT,Research Diet Menu
NCT07601178,DRUG,TREATMENT GROUP（QL1706 + anlotinib+ nab-paclitaxel ）
NCT00067678,DRUG,soy protein
NCT01888978,DRUG,Gem-OX
NCT01888978,DRUG,Gem-5FU
NCT01888978,DRUG,Gem-Tax
NCT01888978,DRUG,Modified FOLFOX-6
NCT01888978,DRUG,Ox-Tax
NCT01888978,DRUG,FOLFIRI
NCT01888978,DRUG,Tax-Iri
NCT00387985,DRUG,MOA-728
NCT06672185,DRUG,ARC101
NCT07684885,DEVICE,NIBP Measurement
NCT04350385,OTHER,Agility training
NCT04350385,OTHER,Conventional
NCT01236885,OTHER,computer-assisted intervention
NCT01429285,DRUG,Hydromorphone
NCT01429285,DRUG,Usual care
NCT00906243,BIOLOGICAL,CV9103
NCT03667443,DIETARY_SUPPLEMENT,Myo-inositol + folic a. + α-lactalbumin
NCT03667443,DIETARY_SUPPLEMENT,Myo-inositol + folic a.
NCT01161043,DEVICE,Sensor wear
NCT01365143,PROCEDURE,Robotic Radical Prostatectomy
NCT01365143,PROCEDURE,Open Radical Prostatectomy
NCT05782543,PROCEDURE,Normothermic machine perfusion
NCT06699043,PROCEDURE,nanocrystalline hydroxyapatite in putty form
NCT06699043,PROCEDURE,Demineralized Bone Matrix allograft putty
NCT03870243,DEVICE,Bubble CPAP
NCT03870243,DEVICE,Low flow oxygen
NCT03339843,DRUG,Abemaciclib
NCT01151943,OTHER,Transversus Abdominis Plane (TAP) Block
NCT01151943,OTHER,Incisional Infiltration of Local Anesthetic
NCT00566215,PROCEDURE,Duodenal exclusion plus omentectomy
NCT00566215,PROCEDURE,Duodenal exclusion without omentectomy
NCT04541615,PROCEDURE,Online course with proficiency test
NCT04541615,PROCEDURE,Online course
NCT04541615,PROCEDURE,Standard training group
NCT04541615,PROCEDURE,Apprenticeship group
NCT06912815,BIOLOGICAL,ustekinumab and semi enteral nutrition
NCT06912815,OTHER,Exclusive enteral nutrition
NCT04779515,PROCEDURE,low-pressure pneumoperitoneum
NCT04779515,PROCEDURE,standard-pressure pneumoperitoneum
NCT07495215,BIOLOGICAL,iNeo-Vac-R01
NCT04932915,DRUG,Niclosamide
NCT04932915,DRUG,Placebo
NCT01603615,BIOLOGICAL,Botulinum Toxin Type A
NCT07210515,DRUG,Neridronate
NCT07210515,DRUG,Placebo
NCT05362435,BEHAVIORAL,Physical activity-based wellness programs
NCT05875935,PROCEDURE,ECoG : electrocorticography
NCT01595035,BEHAVIORAL,psychoeducational
NCT05965635,OTHER,Ixodus scapularis nymphs
NCT04438135,OTHER,Repeated open application test
NCT01467908,DEVICE,Navigated transcranial magnetic brain stimulation
NCT06548308,DIAGNOSTIC_TEST,Corneal Incision
NCT06548308,OTHER,Toric Intraocular
NCT03927508,DRUG,r-tPA
NCT03927508,DEVICE,The Bashir™ Endovascular Catheter
NCT07360808,DEVICE,Autologous ADRCs injection Combined with Standard Therapy
NCT07360808,DRUG,Standard Treatment group
NCT02303808,DEVICE,INHALATION WITH PEP DEVICE (Acapella Duet)
NCT04426708,DRUG,HMS5552
NCT04538508,DEVICE,Diathermy
NCT04538508,OTHER,Supervised knee exercises
NCT03971825,DRUG,CC-92252
NCT03971825,OTHER,Placebo
NCT01386125,DRUG,Mometasone Furoate Nasal Spray (MFNS)
NCT01386125,DRUG,Placebo for MFNS
NCT06751225,DEVICE,One week replacement soft contact lenses
NCT03770325,DRUG,Berberine
NCT03770325,DRUG,Placebo
NCT02615925,OTHER,Psychiatry Consultation
NCT03412825,DIETARY_SUPPLEMENT,Egg supplementation
NCT01539525,BEHAVIORAL,Motivational Interview
NCT01539525,OTHER,Treatment as Usual
NCT00390325,DRUG,Sorafenib Tosylate
NCT02612025,BEHAVIORAL,Exercise Training
NCT04780776,DEVICE,UVB treatment
NCT04780776,DEVICE,Sham comparator
NCT01053676,DRUG,"Lanthanum Carbonate (Fosrenol, BAY77-1931) Granule"
NCT01053676,DRUG,"Lanthanum Carbonate (Fosrenol, BAY77-1931) Chewable tablet"
NCT01508676,DRUG,Pennsaid
NCT01508676,DRUG,Placebo (2.3% DMSO solution)
NCT05507476,DRUG,"Desmopressin Acetate Nasal, 10 μg/0.1 ml per spray"
NCT05507476,DRUG,"Epinephrine topical 1:100,000 Nasal Packs"
NCT01534676,PROCEDURE,Transfusion
NCT01534676,BIOLOGICAL,Blood
NCT01534676,PROCEDURE,Chelation therapy
NCT02559076,BEHAVIORAL,Ten Steps leaflet advice for healthy lifestyle
NCT07218276,DEVICE,Functional Training with SepaRRo and NeuRRoFES
NCT05909917,OTHER,Half-Day First Responder Training
NCT01388517,DRUG,Tacrolimus
NCT01388517,DRUG,Calcitriol
NCT01388517,DRUG,Petrolatum
NCT01093417,DRUG,Vitamin D
NCT01093417,OTHER,Placebo
NCT03593317,DRUG,Spironolactone
NCT03593317,DRUG,Placebo
NCT00418717,DRUG,etanercept
NCT01995617,BIOLOGICAL,Placebo
NCT01995617,BIOLOGICAL,GEN-004 Low Dose
NCT01995617,BIOLOGICAL,GEN-004 Low Dose + Adjuvant
NCT01995617,BIOLOGICAL,GEN-004 Mid Dose
NCT01995617,BIOLOGICAL,GEN-004 Mid Dose + Adjuvant
NCT01995617,BIOLOGICAL,GEN-004 High Dose
NCT01995617,BIOLOGICAL,GEN-004 High Dose + Adjuvant
NCT04439240,DRUG,FGFR Inhibitor AZD4547
NCT05289817,DEVICE,Transcutaneous Vagus Nerve Stimulation (t-VNS)
NCT05289817,DEVICE,Transcutaneous Sympathetic Ganglion Electrical Stimulation (t-SES)
NCT05289817,DEVICE,Sham Transcutaneous vagus nerve stimulation (Sham t-VNS)
NCT00561340,DIETARY_SUPPLEMENT,Pediasure
NCT00561340,BEHAVIORAL,Nutritional counseling
NCT03789240,BIOLOGICAL,Rituximab
NCT03789240,DRUG,Copanlisib
NCT03789240,PROCEDURE,Bone Marrow Aspiration/Biopsy
NCT03789240,DIAGNOSTIC_TEST,CT Scans
NCT03789240,DIAGNOSTIC_TEST,18F-FDG-PET/CT Scan15
NCT03789240,DIAGNOSTIC_TEST,Electrocardigram
NCT00983840,OTHER,Family Eats
NCT00276640,DRUG,"vincristine, carboplatin"
NCT00276640,DRUG,"vincristine, carboplatin, etoposide"
NCT00276640,RADIATION,radiation therapy
NCT00817440,OTHER,Exercise
NCT00817440,OTHER,Fasting
NCT00990340,DEVICE,T-jet® containing TevTropin®
NCT00990340,PROCEDURE,TevTropin® needle-syringe injection method
NCT07403240,BEHAVIORAL,Haptonomy
NCT05600140,BEHAVIORAL,Viewing strategy training
NCT01763840,DRUG,Contrast enhanced Ultrasound
NCT04486989,BEHAVIORAL,Cardiovascular Conditioning Protocol
NCT04486989,OTHER,Voice Production Exercises
NCT05989789,DEVICE,Radioactive Seed Implantation
NCT04150068,DRUG,Oral Lenacapavir
NCT04150068,DRUG,Oral Lenacapavir Placebo
NCT04150068,DRUG,Subcutaneous Lenacapavir
NCT04150068,DRUG,Failing ARV Regimen
NCT04150068,DRUG,Optimized Background Regimen (OBR)
NCT01210950,BIOLOGICAL,cell and RPR injection
NCT01759511,DRUG,Simtuzumab
NCT03103711,BEHAVIORAL,Virtual Reality Intervention
NCT05391971,DRUG,Bupivacaine
NCT05391971,DRUG,Saline
NCT01451164,DRUG,OPC-34712
NCT01451164,DRUG,Placebo
NCT00193011,DRUG,Docetaxel
NCT00193011,DRUG,Cyclophosphamide
NCT00193011,DRUG,Methotrexate
NCT00193011,DRUG,5-Fluorouracil
NCT03373071,BIOLOGICAL,CD19-CAR T cell
NCT00595244,DRUG,PB127 for injectable suspension
NCT05821244,BEHAVIORAL,Exercise Timing Groups
NCT00000344,DRUG,Buprenorphine/naloxone
NCT00240071,DRUG,Avastin
NCT00240071,DRUG,Hormonal therapy
NCT04116671,DEVICE,Neuromechanical Gait Assist
NCT05690971,BEHAVIORAL,App
NCT05690971,BEHAVIORAL,Usual Care
NCT05044871,DRUG,Pamiparib
NCT05044871,DRUG,Bevacizumab
NCT05044871,DRUG,Tislelizumab
NCT05044871,DRUG,Nab paclitaxel
NCT05044871,DRUG,Bevacizumab + Nab paclitaxel (intense dose-dense)
NCT00332371,DEVICE,CPFA (Coupled Plasma Filtration Adsorption)
NCT00931944,DRUG,KNS-760704
NCT00014144,DRUG,gefitinib
NCT05854771,OTHER,Single bout of yoga before eccentric exercise
NCT05854771,OTHER,Single bout of yoga after eccentric exercise
NCT03980444,DEVICE,Basket of wire
NCT03980444,PROCEDURE,"control group, no basket"
NCT00762164,DRUG,Vytorin
NCT00762164,DRUG,Simvastatin
NCT00447109,DEVICE,Closed system suction
NCT00467909,BEHAVIORAL,micronutrients
NCT02346409,DEVICE,tACS of the cerebellum
NCT01990209,DRUG,Orteronel
NCT01202409,DRUG,Panitumumab
NCT01094899,RADIATION,Radiography
NCT01094899,OTHER,Urine and Blood sampling
NCT01094899,OTHER,Echography
NCT00494299,DRUG,"Sorafenib (Nexavar, BAY43-9006)"
NCT00494299,DRUG,Placebo
NCT06570499,OTHER,Implant impression
NCT06355999,BEHAVIORAL,Color Feedback
NCT06355999,BEHAVIORAL,Shape Feedback
NCT07366099,DRUG,Diagnostic Test: Al18F-NOTA-LM3
NCT07366099,DRUG,Diagnostic Test: 68Ga-DOTATATE
NCT03133299,DRUG,Glucocorticoids
NCT03133299,DRUG,Vitamin D
NCT02252432,DRUG,Ketamine
NCT02252432,DRUG,Methadone
NCT02252432,DRUG,Ketamine + methadone
NCT04402632,PROCEDURE,Surgical Management
NCT04402632,DEVICE,Onyx™ Liquid Embolic System (LES) Embolization
NCT04402632,OTHER,Observation Only
NCT00357032,DRUG,belinostat
NCT00357032,OTHER,laboratory biomarker analysis
NCT06240832,OTHER,Physical therapy exercise
NCT00151632,DRUG,Mycophenolate mofetil
NCT00151632,DRUG,Tacrolimus
NCT04524832,DRUG,Oral semaglutide
NCT07131098,OTHER,Early Enteral Feeding Protocol
NCT07131098,OTHER,Standard Nutritional Care
NCT04007198,DRUG,EQ001
NCT04007198,DRUG,EQ001 Placebo
NCT05360498,BEHAVIORAL,Adaptive Symptom Management and Survivorship Handbook (SMSH) and Telephone Interpersonal Counseling (TIP-C)
NCT05360498,BEHAVIORAL,NCI Brochure
NCT01258998,DRUG,Akt inhibitor MK2206
NCT01258998,OTHER,laboratory biomarker analysis
NCT06750198,OTHER,Hip focused
NCT06750198,OTHER,Standard rehabilitation
NCT00924898,DRUG,"efavirenz, emtricitabine, and tenofovir"
NCT06594198,DEVICE,Cerebral monitor
NCT00151463,DRUG,sildenafil citrate
NCT04295863,DRUG,Nivolumab Standard
NCT04295863,DRUG,Pembrolizumab Standard
NCT04295863,DRUG,Nivolumab Extended
NCT04295863,DRUG,Pembrolizumab Extended
NCT04116463,BEHAVIORAL,Chronic Disease Self-Management Program (CDSMP)
NCT04116463,BEHAVIORAL,Financial Self-Management Program (FSMP)
NCT02534363,DRUG,Aripiprazole
NCT02534363,DRUG,Quetiapine
NCT02534363,DRUG,Ziprasidone
NCT02534363,BEHAVIORAL,Cognitive battery
NCT03898063,BEHAVIORAL,90 DAYS film
NCT03898063,BEHAVIORAL,HIV pamphlet on disclosure
NCT00290563,DRUG,MK0594
NCT04524663,DRUG,Camostat Mesilate
NCT04524663,DRUG,Placebo
NCT04524663,OTHER,Standard of Care Treatment
NCT04773587,DRUG,Roflumilast Cream 0.15%
NCT04773587,DRUG,Vehicle Cream
NCT01822587,DRUG,"Propranolol, 40 mg"
NCT01822587,DRUG,"Propranolol, 80 mg"
NCT01822587,DRUG,Placebo
NCT06193993,DRUG,Abiraterone Acetate
NCT00406393,DRUG,Tacrolimus
NCT00406393,DRUG,Methotrexate
NCT00406393,DRUG,Sirolimus
NCT00707993,DRUG,Alogliptin
NCT00707993,DRUG,Glipizide
NCT06508021,DRUG,Andecaliximab
NCT06508021,DRUG,Placebo
NCT05026593,DRUG,Carboplatin
NCT05026593,DRUG,Cisplatin
NCT05026593,DRUG,Etoposide
NCT05026593,DRUG,Sintilimab
NCT05026593,DRUG,IBI110
NCT01407393,DEVICE,Glucosanol
NCT01407393,DEVICE,Placebo
NCT05180721,BEHAVIORAL,Use of patient portal for diabetes management
NCT00152321,BEHAVIORAL,"Patients (education, counseling) and Physicians (reminders,1-page guidelines)."
NCT00152321,BEHAVIORAL,Multifaceted intervention
NCT00152321,OTHER,Usual Care
NCT01660321,DRUG,spinosad
NCT03404921,PROCEDURE,ESTD
NCT03404921,PROCEDURE,ESD
NCT02269514,OTHER,Own Brand Cigarette
NCT02269514,OTHER,Electronic Cigarette #1
NCT02269514,OTHER,Electronic Cigarette #2
NCT02269514,OTHER,Electronic Cigarette #3
NCT02269514,OTHER,Leading U.S. Nicotine Gum
NCT03784014,DRUG,Nilotinib
NCT03784014,DRUG,Ceritinib
NCT03784014,DRUG,Capmatinib
NCT03784014,DRUG,Lapatinib
NCT03784014,DRUG,Trametinib
NCT03784014,COMBINATION_PRODUCT,Trametinib and Dabrafenib
NCT03784014,COMBINATION_PRODUCT,Olaparib and Durvalumab
NCT03784014,DRUG,Palbociclib
NCT03784014,DRUG,Glasdegib
NCT03784014,DRUG,TAS-120
NCT03784014,OTHER,Next Generation sequencing exome
NCT00634114,DRUG,Esomeprazole
NCT00634114,DRUG,Omeprazole
NCT03089814,PROCEDURE,ischemic conditioning
NCT01209416,DRUG,Acipimox
NCT01209416,DRUG,Ghrelin
NCT01209416,OTHER,Placebo
NCT03934216,DRUG,BMS-986165
NCT03934216,OTHER,Placebo
NCT06444516,OTHER,FID123300 ocular lubricant
NCT05875116,BEHAVIORAL,Virtual reality
NCT05875116,BEHAVIORAL,Modified constraint-induced movement therapy
NCT05875116,BEHAVIORAL,Usual Physical and Occupational Therapy
NCT03591406,DRUG,Ferric carboxymaltose
NCT03591406,DRUG,Iron sucrose
NCT04473404,DIETARY_SUPPLEMENT,Streptococcus salivarius DB-B5 - 2 billion CFU/day
NCT04473404,DIETARY_SUPPLEMENT,Streptococcus salivarius DB-B5 - 10 billion CFU/day
NCT04473404,OTHER,Placebo
NCT00985504,DRUG,Duloxetine
NCT00985504,DRUG,Escitalopram
NCT02130804,DRUG,Salsalate (4 g/day)
NCT02130804,DRUG,Placebo (4 g/day)
NCT05878704,DRUG,GBT021601
NCT07112404,OTHER,Dry Needling
NCT07112404,OTHER,Dry needling with high-rate PENS
NCT07112404,OTHER,Dry needling with low-rate PENS
NCT00325104,PROCEDURE,Parathyroid hormone testing
NCT00325104,PROCEDURE,Serum calcium testing
NCT02493504,DRUG,Heparin
NCT06759584,DRUG,Dexamethasone
NCT05224284,OTHER,BPA levels
NCT06437184,DIAGNOSTIC_TEST,ODP
NCT02555033,OTHER,Resistance training
NCT02555033,OTHER,Instability resistance training
NCT04349033,BEHAVIORAL,Emotional Disclosure and Brain Education
NCT04349033,BEHAVIORAL,Emotional Disclosure Only
NCT04349033,BEHAVIORAL,Pain Information Control
NCT07753733,PROCEDURE,Flexible Nephroscopy-Assisted Single-Tract PCNL
NCT07753733,PROCEDURE,Conventional Multi-Tract PCNL
NCT06366633,BEHAVIORAL,Web-TIRELESS
NCT04546633,DRUG,KAF156
NCT04546633,DRUG,LUM-SDF
NCT04546633,DRUG,Coartem
NCT02913352,PROCEDURE,Latarjet procedure
NCT02913352,PROCEDURE,Modified Eden-Hybinette
NCT03978052,DIETARY_SUPPLEMENT,EGCG
NCT03978052,DIETARY_SUPPLEMENT,Placebo EGCG
NCT03978052,OTHER,Healthy lifestyle recommendations
NCT03978052,OTHER,Multimodal lifestyle intervention
NCT02184247,DRUG,"anhydrous theophylline, 350 mg"
NCT02184247,DRUG,"anhydrous theophylline, 300 mg"
NCT01305447,BEHAVIORAL,Exercise Behaviour Maintenance
NCT01305447,BEHAVIORAL,Smoking Relapse prevention booklets
NCT01305447,BEHAVIORAL,Contact control
NCT07502547,BEHAVIORAL,Mindfulness meditation
NCT02263547,DRUG,teriflunomide
NCT02263547,DRUG,Colestipol
NCT01981447,DRUG,IV Lacosamide
NCT00123747,PROCEDURE,Positron Emission Tomography (PET) scan Imaging
NCT01861847,DRUG,7-Keto Dehydroepiandrosterone
NCT01861847,DRUG,Placebo
NCT04844047,OTHER,Exercise
NCT06675149,DEVICE,Diacutaneus fibrolysis
NCT06675149,DEVICE,Transcutaneous electrical nerve stimulation
NCT06675149,PROCEDURE,Massage
NCT05048849,BIOLOGICAL,MVC-COV1901(S protein with adjuvant)
NCT04743349,PROCEDURE,Steam inhalations
NCT03761849,DRUG,RO7234292
NCT03761849,DRUG,Placebo
NCT01312649,BEHAVIORAL,Experimental psychology methods (computer tests)
NCT02013349,DEVICE,coronary intervention
NCT03104049,DEVICE,Neuromuscular taping
NCT01364649,DRUG,Vortioxetine
NCT01364649,DRUG,Escitalopram
NCT01364649,DRUG,Placebo
NCT03747549,OTHER,Acupuncture and Home Exercise
NCT03747549,OTHER,Home Exercise Alone
NCT01782638,BEHAVIORAL,deep brain stimulation
NCT06128538,DEVICE,Auricular acupuncture
NCT06128538,BEHAVIORAL,Visual Analog Scale for Pain
NCT06128538,BEHAVIORAL,Roland-Morris Disability Questionnaire
NCT07528638,PROCEDURE,IONM procedure
NCT01115738,DRUG,Prasugrel
NCT01115738,DRUG,Clopidogrel
NCT01115738,DRUG,Placebo
NCT07423338,OTHER,Advanced respiratory monitoring
NCT05308238,BEHAVIORAL,Occupational therapy intervention group
NCT05308238,BEHAVIORAL,Disease management education group
NCT01055938,DRUG,Divalproex Sodium
NCT06379958,DRUG,leramistat 40mg
NCT06379958,DRUG,Itraconazole 200 mg
NCT06379958,DRUG,Phenytoin 100 Mg Oral Capsule
NCT06379958,DRUG,Simvastatin 40mg
NCT06379958,DRUG,Upadacitinib 15 MG
NCT03832348,DEVICE,PET scan imaging
NCT01186848,DEVICE,Combination treatment
NCT01186848,DEVICE,1550-nm erbium-doped fractionated laser
NCT02173158,DRUG,lomitapide
NCT00338858,OTHER,walking and balance performance evaluation
NCT00338858,PROCEDURE,"muscle strength, walking and balance performance"
NCT02773758,OTHER,Stannous Fluoride Dentifrice
NCT02773758,OTHER,Sodium monofluorophosphate Dentifrice
NCT00422058,DRUG,liraglutide
NCT00422058,DRUG,orlistat
NCT00422058,DRUG,placebo
NCT06332755,DRUG,Phase 1a: LB-LR1109
NCT06332755,DRUG,Phase 1b: LB-LR1109 and Atezolizumab
NCT07588555,PROCEDURE,LUSE-TLIF
NCT07588555,PROCEDURE,MIS-TLIF
NCT04575155,BEHAVIORAL,TEAM Strategy
NCT00016926,DRUG,capecitabine
NCT04297826,BEHAVIORAL,Harvest for Health
NCT00126126,OTHER,EBAR Program
NCT00829426,DRUG,Alprazolam Extended-Release 3 mg Tablets
NCT01868126,DRUG,DE-117 ophthalmic solution
NCT01868126,DRUG,latanoprost ophthalmic solution
NCT01868126,OTHER,Placebo
NCT07572578,DIETARY_SUPPLEMENT,Fatigue Product Placebo Control
NCT07572578,DIETARY_SUPPLEMENT,Fatigue Active Product 1
NCT03660826,PROCEDURE,Biospecimen Collection
NCT03660826,PROCEDURE,Bone Marrow Aspirate
NCT03660826,PROCEDURE,Bone Marrow Biopsy
NCT03660826,DRUG,Capivasertib
NCT03660826,DRUG,Cediranib Maleate
NCT03660826,PROCEDURE,Computed Tomography
NCT03660826,BIOLOGICAL,Durvalumab
NCT03660826,PROCEDURE,Echocardiography Test
NCT03660826,PROCEDURE,Multigated Acquisition Scan
NCT03660826,DRUG,Olaparib
NCT00347685,DRUG,tramadol ER
NCT06367985,OTHER,Air Oxygen Concentration CAPA-IVM culture
NCT06367985,OTHER,Low Oxygen Concentration CAPA-IVM culture
NCT02136485,BEHAVIORAL,Mindfulness-based stress reduction (MBSR)
NCT02136485,OTHER,waiting list control
NCT06222385,DIAGNOSTIC_TEST,Device measurements during overnight sleep and morning wake
NCT06222385,DIAGNOSTIC_TEST,Device measurements during overnight wake and morning sleep
NCT05581485,DRUG,Dexmetedomedine infusion
NCT05581485,PROCEDURE,Ultrasound-Guided Superior Laryngeal Nerve Block (SLNB)
NCT04532385,DIETARY_SUPPLEMENT,Green tea extract
NCT04532385,DIETARY_SUPPLEMENT,Placebo
NCT03089385,OTHER,Hypertension tool
NCT01664585,BEHAVIORAL,Training group
NCT01664585,BEHAVIORAL,Control
NCT00988585,DIETARY_SUPPLEMENT,EPA 600
NCT00988585,DIETARY_SUPPLEMENT,EPA 1800
NCT00988585,DIETARY_SUPPLEMENT,Olive Oil
NCT00988585,DIETARY_SUPPLEMENT,DHA
NCT05412615,PROCEDURE,Meniscus Allograft Transplantation with Proximal Row Carpectomy
NCT05412615,PROCEDURE,Proximal Row Carpectomy
NCT03482115,RADIATION,PET examination with radiopharmaceutical drug [18F] DPA-714
NCT03482115,DIAGNOSTIC_TEST,MRI examination
NCT03482115,BIOLOGICAL,Blood samples
NCT01614015,BEHAVIORAL,Supervision
NCT01614015,BEHAVIORAL,Observational Supervision
NCT03177915,DRUG,Hylase
NCT03177915,DRUG,Saline
NCT01361815,DEVICE,H-Coil Deep TMS in combination with SSRIs
NCT01980615,DRUG,Inhaled BGF (PT010) Dose 1
NCT01980615,DRUG,Inhaled BGF (PT010) Dose 2
NCT01980615,DRUG,Inhaled BGF (PT010) Dose 3
NCT01980615,DRUG,Inhaled GFF (PT003)
NCT01980615,DRUG,Inhaled Symbicort Dose 1
NCT01980615,DRUG,Inhaled Symbicort Dose 2
NCT04251715,DRUG,Dexamethasone
NCT04251715,DRUG,Floxuridine
NCT04251715,DEVICE,Implanted Medical Device
NCT04251715,DRUG,Irinotecan
NCT04251715,DRUG,Leucovorin
NCT04251715,DRUG,Oxaliplatin
NCT04251715,OTHER,Quality-of-Life Assessment
NCT05036525,DEVICE,HANBIO BarriGel
NCT03178825,DEVICE,Hybrid Fractional Laser
NCT02722525,PROCEDURE,Magnetic Resonance Imaging
NCT02722525,BEHAVIORAL,Exercise Intervention
NCT02722525,PROCEDURE,Perfusion Magnetic Resonance Imaging
NCT02722525,PROCEDURE,Spectroscopy
NCT02722525,OTHER,Laboratory Biomarker Analysis
NCT00753935,DRUG,enteric-coated aspirin
NCT00753935,DRUG,Chewable aspirin
NCT05478135,DEVICE,NAVIFY Oncology Hub
NCT05201235,DEVICE,MAEVAD
NCT05201235,DEVICE,DeCaLigne
NCT03343535,DEVICE,OCS Lung Preservation
NCT04561635,DIETARY_SUPPLEMENT,Multiple-micronutrients supplement
NCT06077435,DEVICE,AI
NCT05892835,OTHER,Educative
NCT06696508,PROCEDURE,Insitu Spatulation with Pre-Dismembering Ureteropelvic Angle Suturing during laparoscopic pyeloplasty
NCT06696508,PROCEDURE,Classic Laparoscopic Dismembered Pyeloplasty
NCT06514508,DRUG,Motixafortide+G-CSF
NCT06514508,DRUG,Placebo+G-CSF
NCT04617925,DRUG,Belantamab mafodotin
NCT00074425,DRUG,BufferGel
NCT00074425,DRUG,PRO 2000/5 Gel
NCT00074425,DRUG,Placebo gel
NCT06188325,DRUG,Eliglustat
NCT00039208,DRUG,fluorouracil
NCT00039208,DRUG,irinotecan hydrochloride
NCT00039208,DRUG,leucovorin calcium
NCT00039208,DRUG,oxaliplatin
NCT06883708,BEHAVIORAL,iSupport-Malaysia Web-Based Intervention
NCT06883708,BEHAVIORAL,iSupport-Malaysia eBook
NCT02691208,OTHER,Kinesiotherapy
NCT02691208,OTHER,Acupuncture
NCT03486925,DRUG,oxytocin treatment
NCT03486925,DRUG,placebo treatment
NCT00675025,DRUG,Donepezil hydrochloride (Aricept)
NCT00349076,DRUG,5-FU and oxaliplatin
NCT00349076,DRUG,5-FU
NCT07632976,BIOLOGICAL,EA5
NCT00631176,BEHAVIORAL,Just-In-Time Training
NCT01395576,DEVICE,Genu Neurexa orthosis
NCT06264817,DEVICE,MOBIDERM Autofit Armsleeve
NCT06264817,DEVICE,Compressive bandaging
NCT06462417,DRUG,Arbidol
NCT05878717,BIOLOGICAL,Belimumab
NCT05878717,OTHER,Placebo
NCT07037017,BEHAVIORAL,Cognitive-Behavioral Therapy
NCT07690540,BIOLOGICAL,Prospective exploratory cohort
NCT06636240,DIETARY_SUPPLEMENT,Mulberry fruit juice
NCT06636240,OTHER,Mometasone furoate 0.1% cream
NCT01874717,OTHER,Conscious sedation for dental care
NCT01874717,DRUG,midazolam
NCT02529917,DIETARY_SUPPLEMENT,Hemp powder
NCT02529917,DIETARY_SUPPLEMENT,Soy Powder
NCT06947317,PROCEDURE,Arthroscopic anterior talofibular ligament repair
NCT06947317,PROCEDURE,Talar chondral lesion treatment using microfracture technique
NCT06880289,DRUG,"Cisplatin IV on days 1, 22, 43, at a dose of 100 mg/m2"
NCT03808740,DRUG,Atomoxetine
NCT03808740,DRUG,Placebo
NCT02646540,DRUG,Tolvaptan 30 mg + IV Diuretics
NCT02646540,DRUG,Metolazone 5 mg + IV Diuretics
NCT02646540,DRUG,2.5 times the Diuretics Dose
NCT04753840,DEVICE,CRIC
NCT04753840,BEHAVIORAL,MFT
NCT04753840,OTHER,sham CRIC
NCT04753840,OTHER,sham MFT
NCT07209189,DRUG,Toripalimab + Chemotherapy
NCT07209189,DRUG,Toripalimab
NCT07209189,RADIATION,Chemoradiotherapy or radiation
NCT00065689,DEVICE,high-intensity light therapy
NCT03389789,OTHER,Oral glucose solution + maternal holding
NCT03389789,OTHER,Breastfeeding
NCT03389789,OTHER,Oral glucose solution
NCT03389789,OTHER,Oral expressed breastmilk
NCT00191984,DRUG,pemetrexed
NCT00191984,DRUG,irinotecan
NCT07535684,PROCEDURE,Early Essential Newborn Care
NCT07535684,PROCEDURE,Routine Postnatal Care
NCT00598533,DEVICE,Rapamycin + Probucol-eluting stent (ISAR stent)
NCT00598533,DEVICE,polymer based Zotarolimus-eluting stent (Endeavor Resolute)
NCT07047833,BEHAVIORAL,Plyometric Training with Hamstring Strengthening
NCT07047833,BEHAVIORAL,Plyometric Training Only
NCT05248633,RADIATION,radiotherapy
NCT05248633,DRUG,Bortezomib Injection
NCT05248633,DRUG,Lenalidomide
NCT05248633,DRUG,Dexamethasone
NCT01677533,OTHER,Data
NCT01677533,OTHER,Panel Management Support
NCT01677533,OTHER,Education
NCT06357533,DRUG,Datopotamab Deruxtecan
NCT06357533,DRUG,Rilvegostomig
NCT06357533,DRUG,Pembrolizumab
NCT02787252,DEVICE,"Implant procedure, Freedom Spinal Cord Stimulation System"
NCT05600452,OTHER,Heat acclimation
NCT04611152,DRUG,KSI-301
NCT04611152,DRUG,Aflibercept
NCT04611152,OTHER,Sham Procedure
NCT05278052,RADIATION,Local consolidative radiation therapy
NCT05278052,DRUG,Standard maintenance therapy as decided by the treating medical oncologist
NCT05516147,BEHAVIORAL,SAFE at Home
NCT02829047,DEVICE,Vibrating Capsule
NCT02652247,PROCEDURE,molecular analysis of exhaled breath condensate
NCT02652247,PROCEDURE,molecular analysis of mini-bronchoalveolar lavage (BAL) aspirate
NCT02652247,PROCEDURE,molecular analysis of bronchoalveolar lavage (BAL) aspirate
NCT05596747,DRUG,LY3209590
NCT05596747,DRUG,Insulin Glargine
NCT03350347,DRUG,Molidustat (BAY85-3934)
NCT03350347,DRUG,Darbepoetin alfa
NCT01994447,OTHER,Student Enrollment
NCT06028347,BIOLOGICAL,sa-mRNA vaccine Dose 1
NCT06028347,BIOLOGICAL,sa-mRNA vaccine Dose 2
NCT06028347,BIOLOGICAL,sa-mRNA vaccine Dose 3
NCT06028347,BIOLOGICAL,Placebo
NCT03742947,DIAGNOSTIC_TEST,peripartum haemostasis
NCT05239247,OTHER,Mckenzie extension exercise
NCT05239247,OTHER,Eldoa stretch technique
NCT07191249,DRUG,"Mosunetuzumab is a bispecific monoclonal antibody targeting CD20 on B cells and CD3 on T cells, redirecting T cells to eliminate malignant B cells."
NCT06773949,DEVICE,Theta burst stimulation
NCT00606749,DRUG,KC706
NCT06530849,DRUG,GC012F Injection
NCT04875949,PROCEDURE,Immunoabsorption/plasmapheresis procedure
NCT06272149,DRUG,VGN-R08b
NCT03657849,DEVICE,EBUS TBNA
NCT01320449,DRUG,recombinant human erythropoietin
NCT01320449,BEHAVIORAL,Training
NCT01320449,OTHER,Placebo
NCT03656549,DRUG,Pemetrexed + oral folinic acid rescue
NCT00656149,PROCEDURE,Telerehabilitation of hand function
NCT00656149,PROCEDURE,Conventional exercise therapy
NCT03443349,DEVICE,Vibwife One
NCT00942149,DRUG,Daptomycin
NCT00883649,DIETARY_SUPPLEMENT,Hydroeye
NCT00883649,OTHER,Inactive Capsule
NCT05496049,DEVICE,Triburter
NCT05496049,DEVICE,Incentive spirometry
NCT06789549,DRUG,epinephrine nasal drops
NCT06789549,DRUG,oxymetazoline nasal drops
NCT05653349,BIOLOGICAL,Ianalumab
NCT05653349,DRUG,Placebo
NCT05653349,DRUG,Corticosteroids
NCT05791149,DIAGNOSTIC_TEST,saliva tube
NCT04103749,DEVICE,Exalt Model D Single-Use Duodenoscope
NCT04900649,OTHER,chest resistance exercise
NCT04900649,OTHER,chest expansion exercises
NCT05991349,DRUG,IBI129
NCT00894049,DRUG,reduced intensity conditionings
NCT05493449,COMBINATION_PRODUCT,UHT Milk
NCT05493449,COMBINATION_PRODUCT,Flavored Milk
NCT00743249,DEVICE,"MINI MONOKA canalicular stent, 10 mm"
NCT00743249,DEVICE,"MINI MONOKA canalicular stent, 20 mm"
NCT01142349,BEHAVIORAL,Lifestyles A
NCT01142349,BEHAVIORAL,Lifestyles B
NCT01142349,BEHAVIORAL,Lifestyles C
NCT01220349,DEVICE,Echocardiographic 2D strain analysis
NCT05340049,PROCEDURE,Academic behavioral intervention of teachers
NCT05340049,PROCEDURE,Therapy sessions
NCT01107249,DEVICE,Boston Scientific Ultraflex or Wallstent stents
NCT04589949,BIOLOGICAL,ConvP
NCT04589949,BIOLOGICAL,FFP
NCT06446349,OTHER,Brief motivational intervention
NCT06178549,BEHAVIORAL,HPV Self-Sampling
NCT00158249,DRUG,citicoline
NCT00158249,DRUG,placebo
NCT03442049,OTHER,Physiotherapy - Study group
NCT03442049,OTHER,Physiotherapy - control group
NCT05239949,OTHER,Hypopressive exercises
NCT05239949,OTHER,Pelvic floor exercises
NCT02591849,DIETARY_SUPPLEMENT,Glucagon-like peptide-1 (GLP-1)
NCT02591849,OTHER,Isotonic saline
NCT02591849,OTHER,Hyperglycemic clamp
NCT01627249,DRUG,2.0 mg intravitreal aflibercept
NCT01627249,DRUG,1.25 mg intravitreal bevacizumab
NCT01627249,DRUG,0.3 mg intravitreal ranibizumab
NCT00242749,DRUG,"Gefitinib, Cisplatin and Radiotherapy"
NCT01117649,DRUG,HES 10%
NCT01117649,DRUG,HES 6%
NCT01117649,DRUG,balanced electrolyte solution
NCT07063849,BIOLOGICAL,A/Texas
NCT00133549,DRUG,Placebo
NCT00133549,BIOLOGICAL,PNU-IMUNE®23
NCT00133549,BIOLOGICAL,Nine-valent pneumococcal conjugate (PNCRM9)
NCT01867138,DRUG,Cefazolin
NCT01867138,DRUG,Vancomycin
NCT01867138,DRUG,Amikacin
NCT01262638,DRUG,ETC-1002
NCT01262638,DRUG,Placebo
NCT04456738,BEHAVIORAL,Parent Training
NCT04140838,BEHAVIORAL,Acceptance and Commitment Therapy (ACT)
NCT04140838,BEHAVIORAL,Behavioral Activation Therapy for Depression (BATD)
NCT04140838,OTHER,Treatment as Usual (TAU)
NCT00553358,DRUG,Lapatinib
NCT00553358,BIOLOGICAL,Trastuzumab
NCT00553358,DRUG,Paclitaxel
NCT02626858,DEVICE,extra treatment planning CT-scan
NCT06681558,DEVICE,Group Nasal Cannula
NCT06681558,DEVICE,Group Procedural Oxygen Mask
NCT03240848,PROCEDURE,artificial intelligent clinic
NCT03240848,PROCEDURE,normal clinic
NCT03240848,PROCEDURE,experts diagnose
NCT00649558,DRUG,Pioglitazone HCl Tablets 45 mg
NCT00649558,DRUG,Actos® Tablets 45 mg
NCT05376358,DEVICE,MoodRing App
NCT05376358,OTHER,Usual Care
NCT01989455,DRUG,Deferiprone
NCT01989455,DRUG,Placebo
NCT02800226,DEVICE,10Hz
NCT02800226,DEVICE,iTBS
NCT07393126,DIETARY_SUPPLEMENT,Cranberry Phospholipids
NCT07393126,DIETARY_SUPPLEMENT,Placebo
NCT03178526,DRUG,Lovastatin gel
NCT03178526,DRUG,Placebo
NCT00215826,DRUG,Alferon LDO
NCT03936426,DRUG,Cu-64 SARTATE and Cu-67 SARTATE
NCT04124926,DRUG,Vonoprazan
NCT04124926,DRUG,Lansoprazole
NCT04349878,DIAGNOSTIC_TEST,gingival crevicular fluid evaluation
NCT06761378,PROCEDURE,Renal stent
NCT06761378,DEVICE,Flexible uretroscopy
NCT04967378,BEHAVIORAL,HEPPI
NCT01474785,DRUG,human ghrelin
NCT01474785,OTHER,very low calorie diet
NCT01474785,PROCEDURE,Hyperinsulinemic/Euglycemic Clamp
NCT01162785,DRUG,SCH 721015
NCT02311985,OTHER,Coagulogram-based protocol
NCT02311985,OTHER,Thromboelastometry-based protocol
NCT02311985,OTHER,Restrictive strategy
NCT05159778,BIOLOGICAL,Imprime PGG
NCT05159778,BIOLOGICAL,Pembrolizumab
NCT02148185,DRUG,MT-1303
NCT06737185,OTHER,EAFS4T: modification with evolutionary algorithm of tonotopic-based fitting
NCT04547985,DRUG,Naltrexone HCl 50 MG Oral Tablet
NCT04547985,DRUG,Placebo
NCT06724185,DIETARY_SUPPLEMENT,LP28 capsule
NCT06724185,DIETARY_SUPPLEMENT,Placebo Capsule
NCT01046643,DRUG,Estradiol (E2)
NCT01046643,DRUG,Progesterone (P10) x90
NCT01046643,DRUG,Progesterone (P10) x10
NCT00886015,DEVICE,TT Clamp
NCT00886015,PROCEDURE,Standard BLTR Technique
NCT04145115,BIOLOGICAL,Ipilimumab
NCT04145115,PROCEDURE,Magnetic Resonance Imaging
NCT04145115,BIOLOGICAL,Nivolumab
NCT03999515,DRUG,Abiraterone Acetate
NCT03999515,DRUG,Enzalutamide
NCT03999515,DRUG,Erdafitinib
NCT04125615,BEHAVIORAL,Protected Time Intervention
NCT07253415,OTHER,Thoracic spine exercise
NCT00292435,DRUG,Read vine leaf extract (AS 195)
NCT03937635,BIOLOGICAL,Daratumumab
NCT03937635,DRUG,Dexamethasone
NCT03937635,DRUG,Lenalidomide
NCT03937635,OTHER,Quality-of-Life Assessment
NCT03937635,OTHER,Questionnaire Administration
NCT01055535,DRUG,Microplasmin
NCT01284335,DRUG,Gemcitabine
NCT01284335,DRUG,Docetaxel
NCT01284335,DRUG,Temozolomide
NCT01284335,DRUG,Cisplatin
NCT01284335,DRUG,Erlotinib
NCT01284335,DRUG,LY573636
NCT01687608,BIOLOGICAL,AskBio009
NCT04946708,OTHER,Exercise program (virtual/remote)
NCT00777608,DRUG,Comparator: Placebo 5mg (run in)
NCT00777608,DRUG,Donepezil 5 - 10 mg
NCT00777608,DRUG,Comparator: Placebo 5-10 mg
NCT00777608,DRUG,Donepezil 10 mg
NCT01465308,DIETARY_SUPPLEMENT,Honey mouthwash
NCT01465308,OTHER,Normal Saline
NCT00006708,BIOLOGICAL,filgrastim
NCT00006708,BIOLOGICAL,rituximab
NCT00006708,DRUG,carboplatin
NCT00006708,DRUG,etoposide
NCT00006708,DRUG,ifosfamide
NCT07628608,DIETARY_SUPPLEMENT,BP-CBB
NCT07628608,DIETARY_SUPPLEMENT,Placebo
NCT01147276,DRUG,Vildagliptin
NCT00607776,DRUG,"(9587X) Blink Tears, classified as an OTC Drug with the active ingredient being plyethylene glycol 400"
NCT00607776,DRUG,Systane
NCT00536276,DIETARY_SUPPLEMENT,Vitamin D2
NCT00536276,DIETARY_SUPPLEMENT,Vitamin D3
NCT07262476,DRUG,MHB018A injection
NCT01968876,OTHER,Medication Adherence Smartphone App
NCT00581776,DRUG,Bortezomib
NCT00581776,DRUG,Rituximab
NCT00581776,DRUG,Cyclophosphamide
NCT00581776,DRUG,Doxorubicin
NCT00581776,DRUG,Vincristine
NCT00581776,DRUG,Dexamethasone
NCT00115076,DRUG,Efalizumab
NCT07385417,PROCEDURE,AF Ablation
NCT00436917,DRUG,zoledronic acid
NCT00436917,PROCEDURE,Letrozole as adjuvant therapy
NCT04762017,DRUG,OCS-05 +SoC (corticosteroid) IV administration
NCT04762017,OTHER,Placebo + SoC (corticosteroid) IV administration
NCT02061917,OTHER,Tobacco-Heating Cigarette
NCT02061917,OTHER,Snus (Smokeless Tobacco)
NCT02061917,OTHER,Tobacco-Burning Cigarette
NCT07377617,BEHAVIORAL,individualized education
NCT05318417,DEVICE,The Cochlear™ Nucleus® Cochlear Implant (CI) System
NCT05935540,OTHER,ACP-Family
NCT06355440,BEHAVIORAL,Financial Navigation
NCT06355440,OTHER,Usual Care
NCT03712540,DRUG,BMS-986278
NCT03712540,DRUG,Rifampin
NCT02556840,OTHER,insulin therapy
NCT05597540,DRUG,Short antibiotic treatment
NCT05597540,DRUG,Usual antibiotic treatment
NCT04207840,COMBINATION_PRODUCT,Epinephrine (0.125 mg/inhalation)
NCT04207840,COMBINATION_PRODUCT,Epinephrine Injection Auto-Injector (0.3mg/0.3mL)
NCT04207840,COMBINATION_PRODUCT,Albuterol Sulfate (0.09 mg/inhalation)
NCT05195840,BEHAVIORAL,Personalized Treatment for Eating Disorders
NCT05195840,BEHAVIORAL,Cognitive Behavioral Therapy for Eating Disorders
NCT02640989,BIOLOGICAL,"Seasonal trivalent influenza vaccine, Anflu®"
NCT02640989,BIOLOGICAL,"Seasonal trivalent influenza vaccine, VAXIGRIP"
NCT02640989,BIOLOGICAL,"Seasonal trivalent influenza vaccine, Fluarix"
NCT05715489,PROCEDURE,Comparison of pre and postoperative POP-Q values of the patients
NCT05715489,PROCEDURE,Comparison of pre and postoperative PISQ-12 scores of the patients
NCT05731089,PROCEDURE,Phacoemulsification with IVI of aflibercept
NCT02309489,BEHAVIORAL,Partner involvement
NCT06703489,DEVICE,Sphere-9 Catheter with the Affera Mapping and Ablation System
NCT00031889,DRUG,Exemestane
NCT00031889,DRUG,Exemestane+bicalutamide
NCT05936489,DRUG,Aceclidine + Brimonidine
NCT05936489,DRUG,Aceclidine
NCT04847089,DEVICE,Motor imagery BCI training
NCT00437489,DRUG,Inhaled Human Insulin (Exubera)
NCT01803789,DEVICE,Single Kirschner Wire
NCT01803789,DEVICE,Double Kirschner Wire
NCT07289789,PROCEDURE,Pilates Breathing Combined with McKenzie Neck Exercises
NCT07289789,PROCEDURE,McKenzie Neck Exercises with Buteyko Breathing
NCT06011889,DRUG,Etanercept
NCT06011889,DRUG,Placebo
NCT03315689,DRUG,Vehicle
NCT03315689,DRUG,ATI-50002
NCT06072768,DRUG,15-day taper prednisone
NCT06072768,DRUG,150-day taper prednisone
NCT00525668,DRUG,epigallocatechin-gallate (Sunphenon)
NCT00525668,DRUG,placebo
NCT03250468,BEHAVIORAL,CBT-I
NCT04190368,OTHER,Team Clinic Care
NCT04190368,OTHER,Standard Care
NCT04026568,DRUG,4-Aminopyridine
NCT04026568,DRUG,Placebo oral tablet
NCT00450450,PROCEDURE,allogeneic bone marrow transplantation
NCT00450450,OTHER,laboratory biomarker analysis
NCT00450450,BIOLOGICAL,filgrastim
NCT00606450,DRUG,CC-10004
NCT00606450,DRUG,Placebo
NCT01901250,DIETARY_SUPPLEMENT,Xylitol gummy bears
NCT01901250,DIETARY_SUPPLEMENT,Sugar free fiber gummy bears
NCT01901250,BEHAVIORAL,Oral health education
NCT01901250,DEVICE,Fluoride varnish
NCT01901250,DEVICE,Dental sealant
NCT01014650,DRUG,GLYX-13
NCT01014650,DRUG,IV normal saline
NCT02333591,DRUG,GlucagonLikePeptide-1 (7-36)
NCT02333591,DRUG,GlucagonLikePeptide-1 (9-36)
NCT02333591,DRUG,Saline
NCT02069691,DEVICE,virtual reality-cycling training system
NCT01443091,OTHER,application of mother's own colostrum
NCT01443091,OTHER,application of sterile water
NCT07108491,BIOLOGICAL,Balance Training with Stroboscopic Glasses
NCT07108491,BIOLOGICAL,Balance Training without Glasses
NCT05092191,DRUG,Cannabis oil vs placebo
NCT00712491,DRUG,Sirolimus
NCT04260191,DRUG,AMG 910
NCT07273084,BEHAVIORAL,Multidisciplinary Intervention Program for Chronic Non-Cancer Pain
NCT03480984,OTHER,Programmed Intermittent Bolus
NCT03480984,OTHER,Continuous Infusion
NCT00137033,DRUG,Celecoxib
NCT00137033,DRUG,Naproxen
NCT00137033,DRUG,ASA
NCT04984733,DRUG,Temozolomide
NCT04984733,DRUG,Temozolomide 50mg/m2/day
NCT04984733,DRUG,Temozolomide 3 month
NCT04984733,DRUG,Temozolomide 24month
NCT06362252,DRUG,Ifinatamab deruxtecan
NCT06362252,DRUG,Atezolizumab
NCT06362252,DRUG,Carboplatin
NCT02593552,DEVICE,DriveCam
NCT06895733,DRUG,Pazopanib Oral Tablet
NCT06895733,DRUG,Palbociclib
NCT07554833,DEVICE,TMS
NCT06938152,DRUG,Romosozumab followed by Denosumab
NCT06938152,DRUG,Romosozumab and Denosumab Cycle Therapy
NCT01950247,DRUG,Injectafer
NCT01950247,DRUG,SOC
NCT05286047,DIETARY_SUPPLEMENT,Bifidobacterium longum CCFM1029
NCT05286047,DIETARY_SUPPLEMENT,Placebo
NCT02338947,OTHER,Off-pump coronary-artery bypass grafting
NCT02338947,OTHER,On-pump coronary-artery bypass grafting
NCT00600847,DRUG,desloratadine
NCT00600847,DRUG,placebo
NCT06541249,DRUG,Methotrexate (MTX)
NCT01438749,DRUG,Placebo
NCT01438749,DRUG,RO4917838
NCT01438749,DRUG,diazepam
NCT03626649,DEVICE,DiamondTemp Cardiac Ablation System
NCT02837549,OTHER,Occupational therapy treatment
NCT00533949,BIOLOGICAL,Cetuximab
NCT00533949,DRUG,Carboplatin
NCT00533949,DRUG,Paclitaxel
NCT00533949,RADIATION,60 Gy RT
NCT00533949,RADIATION,74 Gy RT
NCT02713438,BEHAVIORAL,Individual Planning
NCT02713438,BEHAVIORAL,Dyadic Planning
NCT02713438,BEHAVIORAL,Collaborative Planning
NCT02713438,BEHAVIORAL,Education
NCT05087238,BEHAVIORAL,CBT
NCT04636138,OTHER,Exercise
NCT01167738,DRUG,capecitabine
NCT01167738,DRUG,cisplatin
NCT01167738,DRUG,epirubicin
NCT01167738,DRUG,gemcitabine
NCT01167738,DRUG,metformin
NCT02162758,DRUG,Dexlansoprazole
NCT02162758,DRUG,Dexlansoprazole Placebo
NCT05694858,COMBINATION_PRODUCT,Lignocaine-loaded maltose microneedle array patch
NCT05694858,DRUG,EMLA 5% patch
NCT01018758,DRUG,Palonosetron
NCT06662058,PROCEDURE,Audiometric Test
NCT06662058,OTHER,Interview
NCT04834258,OTHER,Walking and respiratory training
NCT04834258,OTHER,Respiratory muscle training
NCT00128258,PROCEDURE,Injection of bone marrow cells in the heart
NCT00128258,BIOLOGICAL,Biological bone marrow cell therapy
NCT05937048,BIOLOGICAL,Albumin
NCT05937048,OTHER,Standard of Care
NCT03104348,DIAGNOSTIC_TEST,COPD screening
NCT03827148,OTHER,Pharmaceutical Care
NCT00027248,DRUG,MBI 226
NCT01450748,DRUG,Sodium alginate
NCT01450748,DRUG,Placebo
NCT06785948,DEVICE,active-tDCS
NCT06785948,DEVICE,Sham-tDCS
NCT06821048,BIOLOGICAL,Intraperitoneal infusion of FAST CEA-targeted CAR-T
NCT00467948,DRUG,cefazolin
NCT03171948,BEHAVIORAL,Almond Group
NCT03171948,BEHAVIORAL,Nut Free group
NCT06211348,DEVICE,Genomic Sequencing
NCT01851148,OTHER,osteopathic manipulative treatment
NCT01851148,OTHER,sham treatment
NCT01851148,DRUG,triptans
NCT02959255,DRUG,Esomeprazole
NCT02477826,DRUG,Nivolumab
NCT02477826,DRUG,Ipilimumab
NCT02477826,DRUG,Carboplatin
NCT02477826,DRUG,Cisplatin
NCT02477826,DRUG,Gemcitabine
NCT02477826,DRUG,Pemetrexed
NCT02477826,DRUG,Paclitaxel
NCT01220726,DRUG,Botox
NCT01220726,DRUG,Placebo
NCT06493578,DRUG,VYN201 Gel
NCT06493578,DRUG,Vehicle Gel
NCT03913078,BEHAVIORAL,Group Fitness
NCT03913078,BEHAVIORAL,PlayFit
NCT04098978,OTHER,Pharmacist Drug Therapy Management
NCT02574078,DRUG,Nivolumab
NCT02574078,DRUG,Bevacizumab
NCT02574078,DRUG,Pemetrexed
NCT02574078,OTHER,Best Supportive Care
NCT02574078,DRUG,nab-Paclitaxel
NCT02574078,DRUG,Paclitaxel
NCT02574078,DRUG,Docetaxel
NCT02574078,DRUG,Gemcitabine
NCT02574078,DRUG,Erlotinib
NCT02574078,DRUG,Crizotinib
NCT02574078,DRUG,Carboplatin
NCT00906685,DRUG,bevacizumab
NCT00906685,DRUG,Sham bevacizumab injection
NCT05582785,DIAGNOSTIC_TEST,Hyperfine MRI
NCT07235085,DRUG,Single intravitreal injection of axitinib hydrogel implant followed by a mock (sham) injection procedure at Week 24
NCT07235085,DRUG,Intravitreal injection of axitinib hydrogel implant followed by a second intravitreal injection of the axitinib implant at Week 24
NCT07235085,OTHER,Sham/mock procedure of intravitreal injection followed by a second sham/mock procedure at Week 24
NCT02825485,PROCEDURE,Voiding cystourethrogram
NCT04746885,DIETARY_SUPPLEMENT,DHA
NCT02120443,DEVICE,ivWatch Model 400
NCT02210715,DRUG,Isentress.
NCT02210715,OTHER,Continue usual antiretroviral therapy
NCT03900715,DRUG,Luspatercept
NCT05256615,BEHAVIORAL,30-minute walking intervention
NCT05256615,BEHAVIORAL,10-minute
NCT06827015,BEHAVIORAL,Laughter-Based Anger Reduction Program
NCT00354835,DRUG,Cyclophosphamide
NCT00354835,BIOLOGICAL,Dactinomycin
NCT00354835,DRUG,Irinotecan Hydrochloride
NCT00354835,OTHER,Laboratory Biomarker Analysis
NCT00354835,OTHER,Questionnaire Administration
NCT00354835,RADIATION,Radiation Therapy
NCT00354835,DRUG,Vincristine Sulfate
NCT05617235,DEVICE,Kinesiology taping
NCT05438225,BEHAVIORAL,Automated text message reminder
NCT01266525,DRUG,SAR110894
NCT01266525,DRUG,placebo (for SAR110894)
NCT01266525,DRUG,Donepezil
NCT02844725,DRUG,VVZ-149 injections
NCT02844725,DRUG,Placebo
NCT01634308,DRUG,Novosis(bongros/BMP-2)
NCT01634308,DRUG,Bio-oss
NCT02695225,BEHAVIORAL,Lay-led tobacco abstinence
NCT02695225,BEHAVIORAL,Lay-led promotion of Ohio Quit Line
NCT00633425,DRUG,GLIMEPIRIDE
NCT06382025,OTHER,showing cartoons -storybook
NCT06382025,OTHER,showing cartoons - standard
NCT04418908,DRUG,"Cetrorelix acetate, 0.25 mg/day"
NCT04418908,DRUG,"Estradiol Patch, 0.025 Mg/24 Hours Weekly Transdermal Film, Extended Release"
NCT04418908,DRUG,Placebo patch
NCT06709625,PROCEDURE,Transversus thoracis plane block
NCT06709625,PROCEDURE,Erector spina plane block (ESP)
NCT00148525,BEHAVIORAL,Social Cognitive Theory
NCT00148525,BEHAVIORAL,goal system theory
NCT02648425,DRUG,ASLAN001
NCT02648425,DRUG,cisplatin + capecitabine
NCT02648425,DRUG,cisplatin + 5-fluorouracil (or+ Leucovorin)
NCT07605676,DEVICE,Acupuncture transcutaneous electrical nerve stimulation (Acu-TENS)
NCT07605676,BEHAVIORAL,Resistance exercise training
NCT07605676,DRUG,Ferrous Sulfate
NCT07605676,BEHAVIORAL,Iron-rich diet with vitamin C
NCT07605676,BEHAVIORAL,Avoidance of iron absorption inhibitors
NCT01377376,DRUG,ARQ 197 and Erlotinib
NCT01377376,DRUG,Placebo and Erlotinib
NCT01236976,DEVICE,Therastride Treadmill System
NCT01236976,DEVICE,FES-assisted cycling
NCT01236976,OTHER,Trunk and upper and lower limb exercises
NCT01236976,OTHER,Upper body strength and fitness program
NCT01248676,OTHER,Multi-language Online Patient Education Module in addition to standard Patient Teaching
NCT06914076,COMBINATION_PRODUCT,Structured Psychosocial Counseling
NCT06914076,DIAGNOSTIC_TEST,Standard Care
NCT05611476,BEHAVIORAL,Cognitive Muscular Therapy for low back pain
NCT04717076,BEHAVIORAL,App-based nutritional concept and fitness tracking
NCT04717076,BEHAVIORAL,Nutritional concept with individual nutritional counselling
NCT04717076,BEHAVIORAL,Nutritional concept without individual nutritional counselling
NCT06733376,BEHAVIORAL,Cognitive Processing Therapy
NCT06733376,BEHAVIORAL,Prolonged Exposure
NCT06733376,BEHAVIORAL,Skills Training for Affective and Interpersonal Regulation
NCT03290417,DIETARY_SUPPLEMENT,Vitamin D
NCT03290417,DIETARY_SUPPLEMENT,Omega-3
NCT03290417,DIETARY_SUPPLEMENT,Turmeric
NCT05898217,OTHER,Dairy Milk
NCT05898217,OTHER,Soy Milk
NCT05898217,OTHER,Almond Milk
NCT05898217,OTHER,Oat Milk
NCT01512017,DEVICE,Crystalline cellulose simple occlusive dressing
NCT01512017,DEVICE,Vaseline
NCT00173017,DEVICE,wearing N95 masks
NCT02533089,OTHER,KT intervention
NCT02338089,DRUG,Oxytocin
NCT05203289,DRUG,BI 695501 - higher concentration
NCT05203289,DRUG,BI 695501 - lower concentration
NCT04267289,BEHAVIORAL,Beating the Blues
NCT06309589,DRUG,Vitamin D
NCT06097689,DEVICE,Lab Demo 1.0
NCT07032389,COMBINATION_PRODUCT,Polypill
NCT05958589,DRUG,Caudal block with levobupivacaine
NCT05958589,DRUG,General anesthesia
NCT05958589,PROCEDURE,Inguinal hernioplasty
NCT07317089,DEVICE,RF-CWC
NCT04538989,DRUG,RZ358 Sequential Group Cohort 1
NCT04538989,DRUG,RZ358 Sequential Group Cohort 2
NCT04538989,DRUG,RZ358 Sequential Group Cohort 3
NCT04538989,DRUG,RZ358 Sequential Group Cohort 4
NCT07008989,BEHAVIORAL,Memory replay
NCT02880189,DEVICE,Orbera Intragastric Balloon
NCT02880189,PROCEDURE,Endoscopic Ultrasound Guided Core Liver Biopsy
NCT02050789,BEHAVIORAL,flexible duty hours
NCT03069989,DRUG,GSK3008348
NCT03069989,DRUG,Placebo
NCT03069989,DRUG,[18F]-FBA-A20FMDV2
NCT06886789,BEHAVIORAL,Text Messaging
NCT06886789,BEHAVIORAL,Fully Automated Online Program
NCT06886789,BEHAVIORAL,Low-Intensity Cardiac Rehabilitation Maintenance Program
NCT06886789,BEHAVIORAL,High Intensity Cardiac Rehabilitation Maintenance Program
NCT03638089,BEHAVIORAL,Fall-recovery training
NCT00494468,DRUG,Zolpidem
NCT03962868,PROCEDURE,Experimental procedure : ESD
NCT03962868,PROCEDURE,Comparison procedure: WF-piece meal EMR
NCT04436068,DEVICE,Hyperfine MRI scan
NCT03133468,DRUG,AJM347
NCT03133468,DRUG,Placebo
NCT04013568,OTHER,Exercise
NCT07716150,DEVICE,Custom-Made Standing Platform for Trunk Flexion Isometric Strength Assessment
NCT07229950,DRUG,HRS-7085
NCT07229950,DRUG,Placebo
NCT05786950,DRUG,"compound ipratropium bromide solution (3mg salbutamol and 500μg ipratropium, Boehringer Ingelheim Limited, Germany)"
NCT07084350,DRUG,lactulose
NCT07084350,DRUG,PEG (solution given 4 L)
NCT03537950,DRUG,PLC
NCT03537950,DRUG,CBD
NCT03537950,DRUG,CBDV
NCT05575050,PROCEDURE,Oral Procedure
NCT04802850,OTHER,Mulligan mobilization with movement
NCT02310750,DRUG,PF-06700841 oral solution/suspension
NCT02310750,OTHER,Placebo
NCT02310750,DRUG,PF-06700841 tablet
NCT00005774,DRUG,Early surfactant
NCT00005774,DRUG,Standard practice
NCT00237874,DRUG,Aripiprazole
NCT01879774,OTHER,Neuropsychological and motoric tests
NCT07546474,BEHAVIORAL,Telemedicine-Assisted CPR (TA-CPR)
NCT07546474,BEHAVIORAL,Dispatcher-Assisted CPR (DA-CPR)
NCT04484974,OTHER,Pecan snack
NCT04484974,OTHER,Tortilla chip snack
NCT05101018,DRUG,Romosozumab
NCT05101018,DRUG,Denosumab
NCT05251818,OTHER,acupressure
NCT05251818,OTHER,Control
NCT03019718,OTHER,GSA-Online plus
NCT01273818,DRUG,Gentamicin and cefazolin
NCT01273818,DRUG,Cefazolin
NCT01273818,DRUG,Gentamicin
NCT01060618,OTHER,Maraviroc + Trofile ESTA® (diagnose test)
NCT05833490,OTHER,Repetitive Peripheral Magnetic Stimulation (rPMS)
NCT05833490,OTHER,Sham Priming
NCT04465890,DRUG,ASC22
NCT04465890,DRUG,sodium chloride
NCT05039190,DRUG,HBM9161 Injection (680mg)
NCT05039190,DRUG,Placebo
NCT01995890,DRUG,nepafenac
NCT00095290,DRUG,Ramipril + Irbesartan
NCT00095290,DRUG,Ramipril + Placebo
NCT02523690,DRUG,Lorcaserin
NCT02523690,DRUG,Placebo
NCT01349413,DRUG,Esomeprazole 20mg
NCT01349413,OTHER,Placebo
NCT05600413,DIETARY_SUPPLEMENT,L-Citrulline
NCT05600413,DIETARY_SUPPLEMENT,Placebo
NCT07582913,PROCEDURE,Manual Mask Ventilation
NCT07582913,PROCEDURE,AutoFlow Mechanical Mask Ventilation
NCT05856513,DRUG,ZSP1273
NCT04531813,DRUG,Butenafine HCl 1% (BAY1896425)
NCT04531813,DRUG,Positive Control-Sodium lauryl sulfate (SLS)
NCT04531813,OTHER,Negative Control
NCT04134013,DIETARY_SUPPLEMENT,Combination: Nutrition AND Chiropractic Adjustment
NCT04134013,OTHER,Chiropractic Adjustment: Spinal Manipulation Therapy
NCT00036413,DRUG,TCH346
NCT01277913,DRUG,Vitamin D3
NCT01552213,OTHER,Minimum intervention control group
NCT01552213,OTHER,Treatment for glucose intolerance
NCT00120913,DRUG,Birth control pills
NCT00778713,DRUG,Fosinopril sodium and hydrochlorothiazide 20-12.5 mg tablets
NCT02327013,DRUG,vortioxetine 10 mg tablet
NCT02327013,DRUG,vortioxetine 20 mg tablet
NCT02327013,OTHER,Placebo tablet
NCT03272113,BEHAVIORAL,SKIP-IT
NCT05677113,DRUG,QBECO
NCT05677113,DRUG,Placebo
NCT07001813,DEVICE,socket preserved
NCT07001813,DEVICE,non preserved socket
NCT06960213,DRUG,ADX-324
NCT06960213,DRUG,Placebo
NCT05131113,OTHER,Physical exercise
NCT02688413,DEVICE,MindMotionPRO
NCT02688413,OTHER,Self-Directed Prescribed Exercises
NCT07693413,OTHER,Traditional therapy
NCT07693413,OTHER,virtual reality
NCT02687113,DEVICE,CT/US fusion
NCT04044313,PROCEDURE,Hepatic arterial infusion chemotherapy
NCT04044313,DRUG,Lenvatinib
NCT04044313,DRUG,Toripalimab
NCT00191113,DRUG,Somatropin
NCT00191113,DRUG,Ethinyl estradiol
NCT00191113,DRUG,Medroxyprogesterone acetate
NCT06780813,BEHAVIORAL,Supplemental oxygen therapy
NCT03599713,DRUG,Retifanlimab
NCT01530360,DEVICE,cerebral oximeter
NCT03514160,BEHAVIORAL,Group exercise
NCT06831760,DEVICE,SOC and Type-I Collagen-based Skin Substitute
NCT06831760,DEVICE,SOC and Human Amnion/Chorion Membrane
NCT02152852,BEHAVIORAL,Community Health Worker Intervention
NCT07065552,DRUG,Tirzepatide
NCT05896852,BEHAVIORAL,physical activity
NCT02317952,OTHER,Experimental Extensively Hydrolyzed Formula
NCT02317952,OTHER,Active Comparator Formula
NCT01304147,DRUG,Ketamine
NCT01304147,DRUG,placebo
NCT04162847,DEVICE,SilverCloud Health Intervention
NCT05009849,OTHER,Yoga Exercises
NCT02880449,BEHAVIORAL,Intervention
NCT04508049,DEVICE,qMT-MRI to detect fibrosis.
NCT02907749,DRUG,Spironolactone and carvedilol
NCT02907749,DRUG,Carvedilol
NCT02709538,DRUG,GSP 301 NS
NCT02709538,DRUG,GSP 301 Placebo NS pH 3.7
NCT02709538,DRUG,GSP 301 Placebo NS pH 7.0
NCT01785238,OTHER,renal echography
NCT01785238,OTHER,Blood sampling
NCT01785238,OTHER,collection of an urine sample
NCT01785238,OTHER,Blood pressure measurement
NCT04762238,OTHER,Diacutaneous Fibrolysis
NCT00208338,DEVICE,RESTORE SIS Patch
NCT00208338,PROCEDURE,Rotator cuff repair
NCT03194438,BEHAVIORAL,Urban Zen Integrative Therapy (UZIT)
NCT02784938,BEHAVIORAL,Vocational Empowerment Photovoice (VEP)
NCT03480438,DRUG,Blinatumomab
NCT00367458,DRUG,Atorvastatin
NCT00367458,DRUG,Placebo
NCT05819658,DRUG,GV1001 Placebo
NCT05819658,DRUG,GV1001 0.56mg
NCT05819658,DRUG,GV1001 1.12mg
NCT06646458,OTHER,Healthy Elderly Volunteers
NCT03077048,DRUG,Ketosteril®
NCT05119348,OTHER,STOPCOV
NCT06198348,OTHER,Aerobic Exercise
NCT06198348,OTHER,Aerobic Exercises with Resistance training
NCT06562348,OTHER,Standard of care
NCT06562348,OTHER,ctDNA-RECIST guided palliative systemic treatment
NCT04297748,COMBINATION_PRODUCT,89Zirconium-M7824
NCT04297748,DRUG,M7824
NCT00523848,DRUG,bortezomib
NCT00523848,DRUG,pegylated liposomal doxorubicin hydrochloride
NCT00523848,DRUG,thalidomide
NCT02554955,DRUG,Daclizumab
NCT02554955,DRUG,Mycophenolate mofetil
NCT02554955,DRUG,Silrolimus
NCT03557255,DRUG,Levosimendan
NCT03557255,DRUG,Saline
NCT06436326,DEVICE,Continuous glucose monitor
NCT06436326,BEHAVIORAL,Perinatal nursing care for gestational diabetes
NCT06436326,OTHER,Blood glucose meters (BGM)
NCT00377026,BEHAVIORAL,lifestyle intervention
NCT06735326,DRUG,Fluzoparib
NCT06735326,DRUG,Bevacizumab
NCT06735326,DRUG,Paclitaxel
NCT06735326,DRUG,Carboplatin
NCT06442826,OTHER,Non-invasive auricular stimulation
NCT06442826,OTHER,Sham auricular stimulation (SAS)
NCT02294526,OTHER,Sardine diet
NCT06060626,DRUG,Sedation using only Propofol.
NCT06060626,DRUG,Sedation using combination of Propofol and Fentanyl.
NCT06002126,DIAGNOSTIC_TEST,Xpert HPV
NCT06002126,DIAGNOSTIC_TEST,QIAsure Methylation Test
NCT03862326,BEHAVIORAL,Exercise
NCT05517226,COMBINATION_PRODUCT,Cotadutide
NCT01691378,OTHER,Window to Hope
NCT01691378,OTHER,Waitlist Control
NCT05972278,DRUG,Obicetrapib
NCT03916978,BIOLOGICAL,Autologous PRP intra ovarian infusion
NCT03916978,BIOLOGICAL,Autologous PFP intra ovarian infusion
NCT06550778,BEHAVIORAL,Mindfulness-based emotional regulation intervention
NCT03050385,DEVICE,transcranial direct current stimulation
NCT02479685,PROCEDURE,PKS BILL-PKS PlasmaSORD Versus Conventional surgical techniques
NCT00207285,BEHAVIORAL,Sleep Hygiene Education
NCT00207285,PROCEDURE,Screening and Treatment of Sleep Disorders
NCT07361185,BEHAVIORAL,Sticker reminder
NCT03397485,DIETARY_SUPPLEMENT,Growing milk
NCT03397485,DIETARY_SUPPLEMENT,Fortified milk
NCT03736785,DRUG,LY3209590
NCT03736785,DRUG,Insulin Degludec
NCT06624943,DRUG,biosimilar insulin glargine
NCT05408078,DEVICE,SLEEPexpert
NCT05408078,OTHER,TAU plus sleep monitoring
NCT04745078,OTHER,Caboxy30
NCT04745078,OTHER,Caboxy60
NCT02530385,OTHER,Placebo Capsules
NCT02530385,BIOLOGICAL,FMT Capsules
NCT06972485,PROCEDURE,spinal anesthesia
NCT03835585,DEVICE,Gun lock
NCT03835585,OTHER,Suicide Risk Assessment
NCT03835585,BEHAVIORAL,Safety Planning
NCT03835585,BEHAVIORAL,Lethal Means Counseling
NCT00816985,PROCEDURE,Liposuction
NCT00816985,OTHER,Quality of Life Questionnaires
NCT00439985,BEHAVIORAL,Cognitive Behavioral Therapy
NCT00000743,DRUG,Alvircept sudotox
NCT00000743,DRUG,Zidovudine
NCT06938243,DEVICE,Vagus Nerve Stimulation in early stage
NCT06938243,DEVICE,Vagus Nerve Stimulation in late stage
NCT00625443,DRUG,Blinded (placebo)
NCT00625443,DRUG,Open Label (Avatrombopag tablets)
NCT00625443,DRUG,Blinded (Avatrombopoag tablets)
NCT03974243,DRUG,Chiauranib
NCT03974243,DRUG,Chidamide
NCT06922643,DRUG,Peginterferon Alfa-2A
NCT06922643,DRUG,Ribavirin Oral Product
NCT02689843,DRUG,Cyproterone compound + Spironolactone
NCT02689843,DRUG,Metformin
NCT02689843,DRUG,Pioglitazone
NCT07570043,DIETARY_SUPPLEMENT,Supplement
NCT07570043,OTHER,Placebo
NCT01410643,OTHER,Macronutrient Modification
NCT02546843,DRUG,Rocuronium
NCT02546843,DRUG,Cisatracurium
NCT02546843,DRUG,Nonspecific Neuromuscular Blockade reversal
NCT02546843,DRUG,Specific Neuromuscular Blockade reversal
NCT02546843,DRUG,maintaining the depth of neuromuscular blockade - rocuronium
NCT02546843,DRUG,maintaining the depth of neuromuscular blockade - cisatracurium
NCT04028843,BEHAVIORAL,Healthy Beginnings
NCT04357743,OTHER,Chin supported Arm ergometry with pursed lip breathing
NCT04357743,OTHER,Arm ergometry with pursed lip breathing
NCT06046443,DRUG,LB54640
NCT06046443,DRUG,Placebo
NCT00647543,DRUG,Atorvastatin
NCT00513643,DRUG,insulin aspart
NCT00513643,DRUG,human regular insulin
NCT06683443,BEHAVIORAL,Robotic Joy for All™ pet
NCT05514743,PROCEDURE,"6 minute walk test , Blood pressure monitoring"
NCT04418843,PROCEDURE,Standard Endoscopic Mucosal Resection
NCT04418843,PROCEDURE,Cold Snare Endoscopic Mucosal Resection
NCT06769243,DEVICE,TMS
NCT07534943,PROCEDURE,Root canal treatment
NCT07583043,DIETARY_SUPPLEMENT,AmProt (amaranth protein isolate)
NCT00542243,DRUG,Finasteride
NCT00542243,DRUG,Placebo
NCT03768843,PROCEDURE,Harms technique
NCT00638443,DRUG,Pregabalin
NCT00638443,DRUG,Diphenhydramine
NCT01136915,DRUG,Iopamidol 370
NCT01136915,DRUG,Iodixanol 320
NCT02239315,OTHER,Tumor RNA Disruption Assay™ (RDA)
NCT00802815,DRUG,Etanercept
NCT02230215,DEVICE,Total Knee Arthroplasty with use of Visionaire Patient-Specific Instrumentation
NCT00333515,DRUG,Human Butyrylcholinesterase (HuBChE) derived from human plasma
NCT00333515,DRUG,Placebo: Normal saline
NCT03024515,DRUG,opioids titration
NCT03024515,DRUG,predefined titration steps
NCT06385015,BEHAVIORAL,Tailored DPP Intervention
NCT06171035,OTHER,3D-printed high-fidelity craniofacial manikin model education
NCT06171035,OTHER,Traditional model education
NCT04221035,DRUG,Vincristine
NCT04221035,DRUG,Carboplatin
NCT04221035,DRUG,Etoposide
NCT04221035,DRUG,Vindesine
NCT04221035,DRUG,Dacarbazine
NCT04221035,DRUG,Ifosfamide
NCT04221035,DRUG,Doxorubicin
NCT04221035,DRUG,Busulfan
NCT04221035,DRUG,Melphalan
NCT04221035,DRUG,Thiotepa
NCT04221035,RADIATION,Radiotherapy
NCT04221035,DRUG,Dinutuximab Beta
NCT04221035,DRUG,Cisplatin
NCT04221035,DRUG,Temozolomide 100 MG
NCT04221035,DRUG,Irinotecan
NCT04221035,DRUG,Cyclophosphamid
NCT01821235,DRUG,Neurontin® (gabapentin) batch A
NCT01821235,DRUG,Neurontin® (gabapentin) batch B
NCT01821235,DRUG,Gabasandoz® (gabapentin) batch A
NCT01821235,DRUG,Gabasandoz® (gabapentin) batch B
NCT05582135,DRUG,2 mg morphine sulfate
NCT05582135,DRUG,0.25mg/kg esketamine
NCT05582135,DRUG,0.25mg/kg of esketamine in combination with 2 mg morphine sulfate
NCT05582135,DRUG,0.25mg/kg of esketamine in combination with 1 mg morphine sulfate
NCT01146535,DRUG,Interferon-alpha
NCT01146535,DRUG,Oseltamivir
NCT01146535,OTHER,maltose
NCT06821308,DEVICE,Implant placement
NCT03027908,OTHER,Fluoride Toothpaste 1
NCT03027908,OTHER,Fluoride Toothpaste 2
NCT03096808,RADIATION,Adaptive Radiotherapy
NCT02912208,DRUG,Eltrombopag/Revolade
NCT02912208,OTHER,Placebo
NCT02429908,DEVICE,TM-Ardis Interbody
NCT01226108,DEVICE,Patch
NCT02338908,OTHER,exercise program
NCT02338908,OTHER,TrP-DN
NCT02526108,OTHER,HIFT
NCT05143008,BEHAVIORAL,SMART Intervention
NCT06735625,BIOLOGICAL,Measurement of AHSP concentration
NCT05791825,BEHAVIORAL,Cultivating Healthy Intentional Mindful Educators
NCT05123625,PROCEDURE,Reduce surgical procedures
NCT02042625,PROCEDURE,Nasopharyngeal
NCT00736125,DEVICE,pulsatile saline lavage
NCT00736125,DEVICE,carbon dioxide lavage
NCT01771276,DEVICE,g-Cath Suture Anchor Delivery Catheter
NCT03462576,COMBINATION_PRODUCT,Methacetin Breath Test
NCT03462576,DRUG,Emricasan
NCT03462576,DRUG,Placebo oral capsule
NCT07122076,BIOLOGICAL,GT719 Injection
NCT00006276,DRUG,Micellar Paclitaxel
NCT04749017,DIETARY_SUPPLEMENT,Experimental product consumption
NCT04749017,OTHER,Control product consumption
NCT05785117,DEVICE,Vagal Stimulation
NCT05785117,OTHER,Circuit training program
NCT01098240,DRUG,"CP-601,927"
NCT01098240,OTHER,Placebo
NCT01203540,DRUG,NAABAK eyedrops
NCT01203540,DRUG,Saline eyedrops
NCT05411289,PROCEDURE,acupressure
NCT05411289,PROCEDURE,sham acupressure
NCT03219840,DRUG,Cetylpyridinium Chloride (CPC) 0.09% + Xylitol chewing gum
NCT03219840,DRUG,Xylitol only chewing gum
NCT07054489,OTHER,Beta blocker
NCT02078089,DRUG,Morphine
NCT02078089,DRUG,Oxcarbazepine
NCT01014689,DRUG,Adapalene/ BPO gel with Lymecycline capsules
NCT01014689,DRUG,Adapalene/ BPO vehicle gel with Lymecycline capsules
NCT05177289,DEVICE,Theradome® LH80 pro
NCT05177289,DEVICE,Scalp cooling
NCT02726789,DRUG,REP 2139-Ca
NCT02726789,DRUG,pegylated interferon
NCT02726789,DRUG,entecavir
NCT04770389,DRUG,Obicetrapib 5mg
NCT04770389,DRUG,Ezetimibe 10mg
NCT04770389,OTHER,Placebo
NCT06685289,DRUG,Donafenib
NCT06685289,DRUG,capecitabine
NCT04415489,DEVICE,Office hysteroscopy
NCT00537368,DRUG,CNTO 888
NCT05725668,BEHAVIORAL,dual-task tai ji quan
NCT05725668,BEHAVIORAL,standard tai ji quan
NCT05725668,BEHAVIORAL,stretching
